product_id,category_name,item_sales,units,sold_items,returned_items,refund_amount,excess_refund_items,orders,item_return_rate,sales_share
745,Cat_18,674395,236,87,2,7032,0,87,0.022988505747126436,0.00017618592666250946
8248,Cat_27,653199,237,85,5,16509,1,85,0.058823529411764705,0.0001706484643421504
4738,Cat_24,633367,196,69,9,18997,2,69,0.13043478260869565,0.00016546734749286937
7363,Cat_21,624564,219,84,3,6343,1,84,0.03571428571428571,0.00016316756070262022
9133,Cat_3,620725,216,79,5,14476,0,79,0.06329113924050633,0.00016216462062676354
5485,Cat_13,619073,217,79,2,8049,0,79,0.02531645569620253,0.00016173303505622036
1216,Cat_30,614960,190,75,5,15056,0,75,0.06666666666666667,0.0001606585123857336
5201,Cat_4,610779,218,84,2,3585,0,84,0.023809523809523808,0.00015956622469176206
6302,Cat_10,600997,219,83,3,5911,1,83,0.03614457831325301,0.00015701067381340046
1584,Cat_12,598328,220,79,7,22634,1,79,0.08860759493670886,0.00015631339664162096
3614,Cat_24,596285,210,81,4,5241,0,81,0.04938271604938271,0.00015577966218604
2748,Cat_25,593536,219,90,4,12575,3,90,0.044444444444444446,0.0001550614849866313
6178,Cat_26,592725,196,74,2,871,0,74,0.02702702702702703,0.0001548496109565402
5400,Cat_4,590220,212,77,2,4378,0,77,0.025974025974025976,0.00015419517884140057
7977,Cat_20,589193,208,73,0,0,0,73,0.0,0.00015392687473671059
1895,Cat_18,588227,215,75,8,16950,1,75,0.10666666666666667,0.00015367450690308788
8868,Cat_25,587814,207,74,2,8641,0,74,0.02702702702702703,0.0001535666105104521
1907,Cat_9,587438,201,80,2,5804,1,80,0.025,0.0001534683803805948
6922,Cat_30,586902,203,80,4,8910,1,80,0.05,0.0001533283501954791
15,Cat_19,583698,232,80,5,14355,1,80,0.0625,0.00015249130408892926
6388,Cat_16,581943,214,82,2,5920,2,82,0.024390243902439025,0.00015203280973281349
4907,Cat_4,580192,215,77,2,9181,1,77,0.025974025974025976,0.00015157536037807917
4049,Cat_26,579814,210,81,5,7169,2,81,0.06172839506172839,0.00015147660774753114
6548,Cat_4,574890,187,69,4,14620,1,69,0.057971014492753624,0.0001501902110469533
5053,Cat_21,573921,191,70,3,6799,1,70,0.04285714285714286,0.0001499370594622945
4238,Cat_4,571569,201,79,4,14453,1,79,0.05063291139240506,0.00014932259864999575
7372,Cat_25,571112,210,84,4,12819,3,84,0.047619047619047616,0.00014920320724216387
1097,Cat_27,570199,212,84,5,11382,1,84,0.05952380952380952,0.00014896468567684554
5590,Cat_12,569684,224,82,4,12851,0,82,0.04878048780487805,0.00014883014174898248
1089,Cat_3,569002,208,77,5,16269,0,77,0.06493506493506493,0.00014865196901344348
7623,Cat_21,568618,224,88,6,17375,0,88,0.06818181818181818,0.00014855164888082328
3362,Cat_26,568246,202,75,4,13562,0,75,0.05333333333333334,0.00014845446375234744
1868,Cat_1,566880,197,68,5,9500,0,68,0.07352941176470588,0.00014809759578057868
9952,Cat_8,566549,210,81,4,8295,1,81,0.04938271604938271,0.00014801112191626284
4671,Cat_12,566164,218,85,5,15419,1,85,0.058823529411764705,0.00014791054053329728
7710,Cat_13,564225,205,80,1,1005,0,80,0.0125,0.0001474039761136343
5760,Cat_30,564126,205,74,8,10639,2,74,0.10810810810810811,0.00014737811232944315
2123,Cat_17,562821,189,74,6,14416,1,74,0.08108108108108109,0.00014703718062874168
3519,Cat_30,562617,199,76,2,7274,1,76,0.02631578947368421,0.00014698388555828718
2089,Cat_14,562508,221,79,4,9134,0,79,0.05063291139240506,0.0001469554092706424
9318,Cat_5,561237,210,82,5,19889,2,82,0.06097560975609756,0.00014662336008168332
3987,Cat_19,560898,195,74,5,15055,2,74,0.06756756756756757,0.00014653479621460456
9230,Cat_5,560727,205,81,2,5318,0,81,0.024691358024691357,0.0001464901224055471
8517,Cat_13,560580,199,78,6,18734,1,78,0.07692307692307693,0.00014645171860477844
8892,Cat_13,559804,217,79,6,16812,1,79,0.0759493670886076,0.0001462489883367751
7288,Cat_17,559780,205,79,2,5107,1,79,0.02531645569620253,0.00014624271832848636
1437,Cat_18,559689,216,83,2,8042,1,83,0.024096385542168676,0.00014621894454705812
8933,Cat_15,558342,202,80,4,11315,2,80,0.05,0.00014586704033185132
6932,Cat_2,558276,201,73,3,10455,0,73,0.0410958904109589,0.00014584979780905721
8847,Cat_4,557638,200,78,1,1408,1,78,0.01282051282051282,0.00014568312008871428
2356,Cat_24,557262,207,77,3,5802,0,77,0.03896103896103896,0.00014558488995885697
4015,Cat_6,556797,202,80,4,13346,2,80,0.05,0.0001454634085482622
4664,Cat_23,555660,193,74,6,11539,0,74,0.08108108108108109,0.00014516636690558205
8712,Cat_8,554523,201,81,4,5870,0,81,0.04938271604938271,0.00014486932526290192
113,Cat_19,553137,204,77,4,13357,1,77,0.05194805194805195,0.00014450723228422586
6520,Cat_6,552997,188,71,3,5520,2,71,0.04225352112676056,0.00014447065723587475
1847,Cat_9,552975,202,80,3,3651,1,80,0.0375,0.00014446490972827672
2110,Cat_14,552463,195,78,3,3205,0,78,0.038461538461538464,0.00014433114955144977
3472,Cat_25,552227,195,75,5,12772,2,75,0.06666666666666667,0.0001442694944699436
7784,Cat_7,551247,201,78,4,9390,2,78,0.05128205128205128,0.0001440134691314858
3995,Cat_24,550628,206,79,2,6175,0,79,0.02531645569620253,0.00014385175516770478
2137,Cat_23,550361,204,80,1,2499,1,80,0.0125,0.0001437820013254923
1799,Cat_8,549660,188,64,3,9588,1,64,0.046875,0.00014359886483339133
2866,Cat_30,549465,195,77,6,12429,0,77,0.07792207792207792,0.00014354792101604514
9674,Cat_26,549409,180,72,8,28216,4,72,0.1111111111111111,0.0001435332909967047
804,Cat_10,549277,212,79,4,7823,2,79,0.05063291139240506,0.00014349880595111651
3135,Cat_3,548509,207,73,4,11096,1,73,0.0547945205479452,0.00014329816568587608
407,Cat_20,548425,209,86,8,23984,2,86,0.09302325581395349,0.00014327622065686543
3906,Cat_27,548189,212,76,3,11155,1,76,0.039473684210526314,0.00014321456557535927
7675,Cat_16,546985,195,75,5,15476,2,75,0.06666666666666667,0.00014290002015953965
138,Cat_17,546370,208,80,2,7686,1,79,0.025,0.0001427393511971401
1316,Cat_5,546311,185,69,3,4235,1,69,0.043478260869565216,0.00014272393742676356
4150,Cat_28,546190,202,73,2,5470,0,73,0.0273972602739726,0.00014269232613497437
2537,Cat_10,546136,205,83,1,2892,0,83,0.012048192771084338,0.00014267821861632467
6580,Cat_30,545291,203,83,2,1814,0,83,0.024096385542168676,0.00014245746207449113
7362,Cat_30,545231,179,63,1,8599,1,63,0.015873015873015872,0.00014244178705376923
5198,Cat_13,544606,214,78,2,3605,1,78,0.02564102564102564,0.00014227850558791604
5390,Cat_17,543992,194,70,2,5197,1,70,0.02857142857142857,0.00014211809787586184
8066,Cat_20,543823,191,78,7,17413,2,78,0.08974358974358974,0.00014207394656749514
5960,Cat_9,542941,213,80,3,4907,0,80,0.0375,0.0001418435237628831
7690,Cat_25,542713,208,82,6,16303,1,82,0.07317073170731707,0.00014178395868413987
1661,Cat_19,542495,198,75,3,2093,0,75,0.04,0.00014172700610885026
9264,Cat_2,542293,177,66,1,3772,0,66,0.015151515151515152,0.0001416742335390865
4917,Cat_21,541449,202,79,4,4290,1,79,0.05063291139240506,0.00014145373824759835
6913,Cat_4,541438,196,83,5,16826,2,83,0.060240963855421686,0.00014145086449379932
4533,Cat_10,541084,187,68,6,17020,0,68,0.08823529411764706,0.00014135838187154007
5696,Cat_21,540555,196,77,6,21422,1,77,0.07792207792207792,0.00014122018043884193
7498,Cat_5,540432,215,81,4,9561,2,81,0.04938271604938271,0.00014118804664636203
994,Cat_22,540153,204,79,2,3162,1,79,0.02531645569620253,0.00014111515780000517
8926,Cat_5,540132,200,79,4,9115,0,79,0.05063291139240506,0.0001411096715427525
7206,Cat_23,539544,185,77,1,2655,0,77,0.012987012987012988,0.0001409560563396778
9554,Cat_24,539419,204,78,6,18934,2,78,0.07692307692307693,0.00014092340004650717
5490,Cat_21,539223,197,83,4,7103,1,83,0.04819277108433735,0.0001408721949788156
7302,Cat_15,539126,211,78,1,1209,0,78,0.01282051282051282,0.00014084685369531518
7926,Cat_27,538793,185,69,0,0,0,69,0.0,0.0001407598573303086
3476,Cat_10,538766,194,74,2,5967,1,74,0.02702702702702703,0.00014075280357098374
6105,Cat_23,538653,186,71,6,15772,2,71,0.08450704225352113,0.00014072328228195748
6129,Cat_11,538196,193,74,7,17819,1,74,0.0945945945945946,0.00014060389087412563
8550,Cat_21,537732,193,76,3,5565,0,76,0.039473684210526314,0.0001404826707138762
1121,Cat_25,537371,225,84,2,3316,0,84,0.023809523809523808,0.0001403883593391994
6899,Cat_2,536671,194,75,5,9916,0,75,0.06666666666666667,0.00014020548409744382
3646,Cat_15,536655,211,81,3,5796,1,81,0.037037037037037035,0.00014020130409191797
4364,Cat_29,536292,181,71,2,5931,1,71,0.028169014084507043,0.00014010647021655043
222,Cat_15,536047,222,82,0,0,0,82,0.0,0.00014004246388193598
8039,Cat_5,535778,178,68,6,8739,0,68,0.08823529411764706,0.00013997218753903276
4068,Cat_25,535467,208,76,6,18440,2,76,0.07894736842105263,0.0001398909386816242
1430,Cat_25,535338,203,75,3,7996,0,75,0.04,0.00013985723738707212
983,Cat_6,535225,168,63,0,0,0,63,0.0,0.00013982771609804585
3434,Cat_7,535126,191,71,2,5423,1,71,0.028169014084507043,0.0001398018523138547
6921,Cat_6,534995,191,74,5,7514,1,74,0.06756756756756757,0.00013976762851861186
3968,Cat_20,534870,196,77,1,2952,0,77,0.012987012987012988,0.00013973497222544124
7832,Cat_13,533955,181,72,4,12472,0,72,0.05555555555555555,0.00013949592815943216
3484,Cat_24,533903,189,79,5,10853,1,79,0.06329113924050633,0.00013948234314147315
8989,Cat_20,533877,191,76,4,12375,2,76,0.05263157894736842,0.00013947555063249366
1700,Cat_21,533835,183,71,4,8511,0,71,0.056338028169014086,0.00013946457811798833
362,Cat_19,533361,181,69,5,13205,0,69,0.07246376811594203,0.00013934074545428527
8749,Cat_14,533062,202,78,3,7002,1,78,0.038461538461538464,0.0001392626316010211
3707,Cat_10,532480,195,83,6,12997,1,83,0.07228915662650602,0.0001391105839000186
3229,Cat_3,532458,200,78,2,7226,0,78,0.02564102564102564,0.00013910483639242057
3629,Cat_2,532393,221,85,4,17717,2,85,0.047058823529411764,0.00013908785511997183
6453,Cat_30,532119,183,74,5,15616,1,74,0.06756756756756757,0.00013901627252534178
7458,Cat_14,531593,203,73,3,6141,0,73,0.0410958904109589,0.00013887885484367975
3290,Cat_18,531495,189,74,3,9358,2,74,0.04054054054054054,0.00013885325230983395
1421,Cat_30,531299,192,70,2,5004,2,70,0.02857142857142857,0.0001388020472421424
631,Cat_1,531139,191,75,7,10308,0,75,0.09333333333333334,0.00013876024718688398
8259,Cat_9,531129,168,65,3,10760,2,65,0.046153846153846156,0.0001387576346834303
730,Cat_2,530836,178,67,3,4282,0,67,0.04477611940298507,0.00013868108833223834
8950,Cat_6,530776,195,74,0,0,0,74,0.0,0.00013866541331151644
4361,Cat_16,530662,194,85,7,19449,0,85,0.08235294117647059,0.00013863563077214482
6069,Cat_17,530552,197,71,4,10575,2,71,0.056338028169014086,0.00013860689323415466
163,Cat_29,530201,200,75,5,15206,3,75,0.06666666666666667,0.00013851519436293148
7645,Cat_15,530172,192,79,6,15060,3,79,0.0759493670886076,0.00013850761810291592
2467,Cat_27,529686,199,75,6,17384,2,75,0.08,0.00013838065043506845
2563,Cat_11,529376,191,74,0,0,0,74,0.0,0.00013829966282800528
4011,Cat_11,529219,185,77,7,26994,2,77,0.09090909090909091,0.00013825864652378293
3858,Cat_21,528740,178,68,0,0,0,68,0.0,0.00013813350760835306
5074,Cat_18,528504,207,78,6,15124,3,78,0.07692307692307693,0.0001380718525268469
5304,Cat_14,528491,189,68,1,831,0,68,0.014705882352941176,0.00013806845627235714
490,Cat_19,528349,208,79,4,7149,0,79,0.05063291139240506,0.0001380313587233153
1569,Cat_5,527927,209,83,5,14314,1,83,0.060240963855421686,0.0001379211110775712
580,Cat_30,527731,189,73,9,31879,1,73,0.1232876712328767,0.00013786990600987966
754,Cat_25,527694,208,80,5,10817,1,80,0.0625,0.00013786023974710114
2261,Cat_19,527612,202,76,6,15826,2,76,0.07894736842105263,0.0001378388172187812
2538,Cat_9,527453,202,76,2,2152,0,76,0.02631578947368421,0.00013779727841386815
3188,Cat_1,527366,178,71,2,7876,0,71,0.028169014084507043,0.00013777454963382138
2284,Cat_14,526999,194,74,4,6933,0,74,0.05405405405405406,0.00013767867075707238
6615,Cat_17,526855,211,86,3,8731,1,86,0.03488372093023256,0.0001376410507073398
883,Cat_6,526830,182,74,1,3510,0,74,0.013513513513513514,0.00013763451944870568
8461,Cat_21,526183,195,75,7,22941,1,75,0.09333333333333334,0.00013746549047525443
156,Cat_17,526137,185,73,6,13028,2,73,0.0821917808219178,0.00013745347295936766
7980,Cat_28,526049,175,71,7,20202,0,71,0.09859154929577464,0.00013743048292897553
3500,Cat_7,525636,197,70,4,10198,0,70,0.05714285714285714,0.00013732258653633973
4075,Cat_26,525287,214,83,4,7732,1,83,0.04819277108433735,0.0001372314101658073
7835,Cat_7,525177,195,75,5,10539,1,75,0.06666666666666667,0.00013720267262781714
5470,Cat_5,525153,180,73,5,12744,1,73,0.0684931506849315,0.00013719640261952837
3383,Cat_8,524923,194,73,2,6431,2,73,0.0273972602739726,0.0001371363150400944
6049,Cat_6,524520,195,77,2,4146,1,77,0.025974025974025976,0.00013703103115091225
9551,Cat_9,524305,188,73,4,9399,0,73,0.0547945205479452,0.00013697486232665875
5805,Cat_14,524240,220,83,5,13479,2,83,0.060240963855421686,0.00013695788105421003
852,Cat_4,524027,196,71,3,7493,1,71,0.04225352112676056,0.00013690223473064724
3334,Cat_20,523932,186,72,6,12870,0,72,0.08333333333333333,0.00013687741594783757
9943,Cat_24,523559,194,74,2,5977,1,74,0.02702702702702703,0.00013677996956901637
341,Cat_1,523557,194,75,1,1627,0,75,0.013333333333333334,0.00013677944706832565
4618,Cat_29,523557,195,78,4,8965,2,78,0.05128205128205128,0.00013677944706832565
6864,Cat_25,523551,172,62,5,13168,1,62,0.08064516129032258,0.00013677787956625344
3445,Cat_8,523307,200,74,2,7131,1,74,0.02702702702702703,0.00013671413448198435
6879,Cat_4,523172,202,80,5,14177,1,80,0.0625,0.00013667886568536006
1449,Cat_17,522779,181,66,4,15239,3,66,0.06060606060606061,0.00013657619429963157
6002,Cat_7,522774,183,70,5,18064,1,70,0.07142857142857142,0.00013657488804790475
9446,Cat_28,522439,204,81,5,14451,1,81,0.06172839506172839,0.00013648736918220742
7800,Cat_21,522140,187,75,5,10428,1,75,0.06666666666666667,0.00013640925532894328
7301,Cat_12,522100,178,66,4,8345,1,66,0.06060606060606061,0.00013639880531512866
9450,Cat_29,521906,200,78,1,4764,0,78,0.01282051282051282,0.00013634812274812783
2463,Cat_27,521841,202,77,3,10105,0,77,0.03896103896103896,0.0001363311414756791
900,Cat_8,521556,191,71,5,17323,1,71,0.07042253521126761,0.00013625668512725004
7503,Cat_30,521468,185,69,3,10751,0,69,0.043478260869565216,0.0001362336950968579
8863,Cat_17,521424,197,74,4,6942,1,74,0.05405405405405406,0.00013622220008166185
5185,Cat_12,521263,195,71,1,1759,1,71,0.014084507042253521,0.00013618013877605807
4096,Cat_28,521252,177,73,8,15214,0,73,0.1095890410958904,0.00013617726502225904
1364,Cat_22,520443,177,73,2,1864,0,73,0.0273972602739726,0.00013596591349285866
774,Cat_30,520193,175,68,2,8917,1,68,0.029411764705882353,0.00013590060090651739
2142,Cat_18,519921,194,69,4,10574,2,69,0.057971014492753624,0.00013582954081257806
8631,Cat_3,519919,183,75,5,14587,2,75,0.06666666666666667,0.00013582901831188734
3423,Cat_30,519627,202,81,6,17353,2,81,0.07407407407407407,0.00013575273321104073
6358,Cat_10,519549,197,77,7,13882,1,77,0.09090909090909091,0.00013573235568410224
7483,Cat_22,519407,178,68,5,18349,3,68,0.07352941176470588,0.00013569525813506039
5288,Cat_28,519364,190,73,4,7775,0,73,0.0547945205479452,0.0001356840243702097
6944,Cat_9,518883,193,78,3,8960,0,78,0.038461538461538464,0.00013555836295408907
4272,Cat_13,518818,192,78,4,12535,0,78,0.05128205128205128,0.00013554138168164035
7285,Cat_3,518720,194,76,5,21780,2,76,0.06578947368421052,0.00013551577914779455
8561,Cat_18,518608,193,73,4,8508,1,73,0.0547945205479452,0.00013548651910911367
7934,Cat_21,518412,191,71,2,4327,0,71,0.028169014084507043,0.0001354353140414221
2515,Cat_14,518411,178,68,1,6088,1,68,0.014705882352941176,0.00013543505279107673
181,Cat_15,517703,177,69,5,15236,2,68,0.07246376811594203,0.00013525008754655823
7236,Cat_30,517698,192,77,5,9327,1,77,0.06493506493506493,0.0001352487812948314
7739,Cat_26,517294,194,77,4,12030,3,77,0.05194805194805195,0.0001351432361553039
7136,Cat_1,517287,185,72,5,10636,3,72,0.06944444444444445,0.00013514140740288636
4675,Cat_24,516988,188,68,5,11173,1,68,0.07352941176470588,0.00013506329354962218
5384,Cat_29,516861,183,71,3,7650,0,71,0.04225352112676056,0.00013503011475576082
395,Cat_3,516683,188,64,1,2343,0,64,0.015625,0.0001349836121942858
9254,Cat_8,516503,203,74,6,13843,1,74,0.08108108108108109,0.0001349365871321201
3374,Cat_6,516488,176,67,0,0,0,67,0.0,0.0001349326683769396
4852,Cat_14,516149,194,76,5,10343,1,76,0.06578947368421052,0.00013484410450986085
6387,Cat_4,516065,180,67,2,5365,0,67,0.029850746268656716,0.00013482215948085017
5928,Cat_20,516041,182,70,3,8886,0,70,0.04285714285714286,0.0001348158894725614
1922,Cat_28,516013,188,67,6,13953,1,67,0.08955223880597014,0.00013480857446289117
8721,Cat_17,515743,171,67,5,10260,1,67,0.07462686567164178,0.0001347380368696426
8239,Cat_4,515722,198,73,2,7582,1,73,0.0273972602739726,0.00013473255061238992
8767,Cat_12,515457,202,77,4,21332,2,77,0.05194805194805195,0.0001346633192708682
3299,Cat_13,515299,188,64,1,4086,1,64,0.015625,0.00013462204171630048
547,Cat_28,515273,192,75,5,11045,0,75,0.06666666666666667,0.000134615249207321
9219,Cat_29,515215,207,74,5,11220,2,74,0.06756756756756757,0.0001346000966872898
7275,Cat_11,514894,186,71,2,7002,1,71,0.028169014084507043,0.0001345162353264276
3398,Cat_21,514407,188,74,4,9399,0,74,0.05405405405405406,0.0001343890064082348
9277,Cat_25,514130,177,66,0,0,0,66,0.0,0.00013431664006256867
1980,Cat_9,514089,197,73,1,4961,1,73,0.0136986301369863,0.0001343059287984087
9582,Cat_10,514053,190,70,2,5351,1,70,0.02857142857142857,0.00013429652378597556
9410,Cat_16,514021,192,76,4,9120,0,76,0.05263157894736842,0.00013428816377492387
1222,Cat_19,513899,200,74,8,26371,4,74,0.10810810810810811,0.00013425629123278932
7076,Cat_10,513873,174,70,4,11142,2,70,0.05714285714285714,0.00013424949872380983
1151,Cat_6,513434,164,64,5,8914,2,64,0.078125,0.00013413480982219455
6813,Cat_30,513152,175,72,1,1636,0,72,0.013888888888888888,0.00013406113722480158
6645,Cat_22,512831,178,70,4,9195,2,70,0.05714285714285714,0.00013397727586393938
8522,Cat_23,512767,187,70,4,12466,2,70,0.05714285714285714,0.00013396055584183602
9570,Cat_11,512711,206,78,4,13431,1,78,0.05128205128205128,0.00013394592582249555
7404,Cat_2,512468,176,69,2,7913,1,69,0.028985507246376812,0.00013388244198857184
5251,Cat_3,512432,182,65,2,2570,0,65,0.03076923076923077,0.0001338730369761387
4082,Cat_13,512423,187,72,5,13743,1,72,0.06944444444444445,0.0001338706857230304
4605,Cat_17,512422,171,70,4,10601,0,70,0.05714285714285714,0.00013387042447268505
9910,Cat_8,512406,181,74,0,0,0,74,0.0,0.0001338662444671592
1862,Cat_27,512319,171,66,0,0,0,66,0.0,0.00013384351568711242
5237,Cat_7,512058,195,77,3,11211,1,77,0.03896103896103896,0.00013377532934697212
3610,Cat_4,511755,183,65,4,11612,1,65,0.06153846153846154,0.00013369617049232652
1603,Cat_29,511583,186,79,1,3523,0,79,0.012658227848101266,0.0001336512354329237
643,Cat_13,511399,197,77,4,10533,0,77,0.05194805194805195,0.00013360316536937652
7151,Cat_28,510891,190,66,2,6249,0,66,0.030303030303030304,0.00013347045019393105
471,Cat_5,510851,190,73,1,4155,1,73,0.0136986301369863,0.00013346000018011643
1389,Cat_18,510333,177,69,6,18759,2,69,0.08695652173913043,0.0001333246725012173
9878,Cat_22,510325,196,75,2,4787,0,75,0.02666666666666667,0.00013332258249845437
5621,Cat_20,510276,183,70,2,5461,0,70,0.02857142857142857,0.0001333097812315315
2360,Cat_2,510146,183,77,3,12571,2,77,0.03896103896103896,0.00013327581868663403
1006,Cat_19,509959,183,71,1,1015,0,71,0.014084507042253521,0.00013322696487205076
1192,Cat_10,509687,157,64,4,5793,0,64,0.0625,0.00013315590477811144
4467,Cat_10,509656,200,75,3,8095,1,75,0.04,0.00013314780601740513
7632,Cat_16,509599,191,70,4,14811,2,70,0.05714285714285714,0.0001331329147477193
2858,Cat_20,509336,207,81,10,28941,2,81,0.12345679012345678,0.00013306420590688829
4315,Cat_12,509167,172,63,3,6521,0,63,0.047619047619047616,0.00013302005459852158
8961,Cat_4,509153,198,76,1,1598,0,76,0.013157894736842105,0.00013301639709368645
7501,Cat_19,509114,195,77,3,5967,1,77,0.03896103896103896,0.00013300620833021722
4633,Cat_14,509096,199,72,4,5816,1,72,0.05555555555555555,0.00013300150582400066
7961,Cat_15,508948,184,73,5,14129,1,73,0.0684931506849315,0.00013296284077288662
2341,Cat_8,508908,179,65,5,18267,1,65,0.07692307692307693,0.000132952390759072
4141,Cat_17,508890,178,63,3,8041,0,63,0.047619047619047616,0.00013294768825285544
3840,Cat_25,508864,178,73,4,9628,1,73,0.0547945205479452,0.00013294089574387595
4996,Cat_24,508409,183,69,2,2625,0,69,0.028985507246376812,0.00013282202683673482
3291,Cat_13,508406,194,74,3,8824,1,74,0.04054054054054054,0.0001328212430856987
2581,Cat_15,508323,178,68,2,6293,1,68,0.029411764705882353,0.00013279955930703343
3805,Cat_26,508162,178,73,6,19128,2,73,0.0821917808219178,0.00013275749800142962
4439,Cat_30,507911,202,74,5,15874,2,74,0.06756756756756757,0.000132691924164743
1977,Cat_15,507836,204,76,4,12778,1,76,0.05263157894736842,0.0001326723303888406
3950,Cat_15,507792,194,77,4,8713,0,77,0.05194805194805195,0.00013266083537364455
7119,Cat_12,507791,187,75,2,5685,0,75,0.02666666666666667,0.00013266057412329916
1445,Cat_3,507493,191,77,3,8268,0,77,0.03896103896103896,0.00013258272152038037
5733,Cat_8,507365,197,73,2,5192,0,73,0.0273972602739726,0.00013254928147617362
9399,Cat_5,507295,179,71,2,5344,1,71,0.028169014084507043,0.00013253099395199808
2011,Cat_17,507294,192,74,2,5353,0,74,0.02702702702702703,0.00013253073270165272
6158,Cat_2,507065,202,76,3,11398,0,76,0.039473684210526314,0.0001324709063725641
1062,Cat_18,507021,181,67,4,8581,1,67,0.05970149253731343,0.00013245941135736804
5544,Cat_16,506920,171,58,4,7339,0,58,0.06896551724137931,0.00013243302507248616
3722,Cat_23,506423,191,69,2,7896,2,69,0.028985507246376812,0.0001323031836508397
145,Cat_5,506412,194,76,5,15170,2,76,0.06578947368421052,0.00013230030989704066
328,Cat_21,506359,181,71,4,12589,2,71,0.056338028169014086,0.00013228646362873633
4959,Cat_11,506300,199,80,5,16647,1,80,0.0625,0.00013227104985835979
6078,Cat_13,506240,180,69,6,14751,2,69,0.08695652173913043,0.00013225537483763788
5966,Cat_1,506216,194,73,1,3113,0,73,0.0136986301369863,0.0001322491048293491
9241,Cat_4,506137,208,81,2,5040,1,81,0.024691358024691357,0.00013222846605206526
6236,Cat_15,505596,167,73,4,11810,2,73,0.0547945205479452,0.00013208712961522274
9114,Cat_10,505538,202,75,6,16994,2,75,0.08,0.00013207197709519156
9489,Cat_28,505369,187,70,2,7986,1,70,0.02857142857142857,0.00013202782578682485
492,Cat_29,505216,184,69,5,10388,1,69,0.07246376811594203,0.000131987854483984
394,Cat_20,505202,198,79,1,2981,0,79,0.012658227848101266,0.00013198419697914887
9311,Cat_13,505169,188,76,3,11914,0,76,0.039473684210526314,0.00013197557571775184
7068,Cat_11,505130,188,74,3,5608,0,74,0.04054054054054054,0.00013196538695428258
4391,Cat_21,505100,212,76,3,9374,2,76,0.039473684210526314,0.00013195754944392163
5780,Cat_17,505083,194,79,2,5561,0,79,0.02531645569620253,0.00013195310818805043
13,Cat_30,504797,194,72,3,1844,0,72,0.041666666666666664,0.000131878390589276
2188,Cat_7,504781,187,76,4,10339,0,76,0.05263157894736842,0.00013187421058375018
7911,Cat_23,504781,195,73,6,15305,1,73,0.0821917808219178,0.00013187421058375018
5404,Cat_30,504632,192,74,1,3145,0,74,0.013513513513513514,0.00013183528428229076
3202,Cat_27,504558,181,71,3,12085,2,71,0.04225352112676056,0.00013181595175673375
9884,Cat_14,504399,174,68,0,0,0,68,0.0,0.0001317744129518207
6473,Cat_13,504378,174,72,6,15976,1,72,0.08333333333333333,0.00013176892669456802
764,Cat_14,504311,167,61,3,6802,0,61,0.04918032786885246,0.00013175142292142856
1672,Cat_19,504217,183,70,5,14642,2,70,0.07142857142857142,0.00013172686538896424
430,Cat_27,504195,159,62,3,6760,0,62,0.04838709677419355,0.00013172111788136622
6112,Cat_12,503946,174,68,0,0,0,68,0.0,0.0001316560665453703
442,Cat_15,503838,185,76,3,11666,2,76,0.039473684210526314,0.00013162785150807086
2241,Cat_5,503657,194,71,5,7585,1,71,0.07042253521126761,0.00013158056519555977
1239,Cat_22,503560,213,83,3,9052,1,83,0.03614457831325301,0.00013155522391205935
5604,Cat_11,503555,193,73,3,8658,0,73,0.0410958904109589,0.00013155391766033253
7215,Cat_21,503527,188,69,7,14355,2,69,0.10144927536231885,0.0001315466026506623
9221,Cat_30,503418,168,63,4,11201,0,63,0.06349206349206349,0.0001315181263630175
8051,Cat_11,503375,187,78,3,6702,0,78,0.038461538461538464,0.0001315068925981668
4651,Cat_4,503213,204,77,5,13778,0,77,0.06493506493506493,0.00013146457004221767
5354,Cat_2,503211,170,65,4,10041,1,65,0.06153846153846154,0.00013146404754152692
2684,Cat_25,503059,186,72,4,9886,1,72,0.05555555555555555,0.00013142433748903143
2539,Cat_15,503048,170,64,1,805,0,64,0.015625,0.00013142146373523243
5707,Cat_19,503012,189,68,5,10481,3,68,0.07352941176470588,0.00013141205872279927
2819,Cat_23,502772,173,71,5,10990,0,71,0.07042253521126761,0.00013134935863991164
6374,Cat_17,502429,168,64,3,6383,0,64,0.046875,0.0001312597497714514
2274,Cat_8,502382,179,66,4,3996,1,66,0.06060606060606061,0.00013124747100521926
8559,Cat_13,502250,194,73,3,7276,1,73,0.0410958904109589,0.00013121298595963104
8674,Cat_24,502240,185,69,4,9868,0,69,0.057971014492753624,0.0001312103734561774
5684,Cat_7,502154,185,74,6,13772,0,74,0.08108108108108109,0.000131187905926476
9550,Cat_4,502151,192,81,6,14314,3,81,0.07407407407407407,0.0001311871221754399
7705,Cat_3,502006,181,75,4,10670,0,75,0.05333333333333334,0.00013114924087536195
4490,Cat_30,501851,194,72,2,2433,0,72,0.027777777777777776,0.00013110874707183038
8175,Cat_13,501775,189,72,6,15726,2,72,0.08333333333333333,0.00013108889204558263
1722,Cat_30,501695,181,68,2,4301,0,68,0.029411764705882353,0.00013106799201795342
3691,Cat_21,501590,180,72,4,7463,0,72,0.05555555555555555,0.00013104056073169008
4249,Cat_17,501561,195,75,1,1696,0,75,0.013333333333333334,0.00013103298447167448
1134,Cat_28,501268,188,76,2,4797,0,76,0.02631578947368421,0.0001309564381204825
57,Cat_28,501261,161,62,4,14001,1,62,0.06451612903225806,0.00013095460936806495
6770,Cat_21,501203,176,74,6,11433,1,74,0.08108108108108109,0.00013093945684803377
8348,Cat_29,501129,203,74,6,19026,2,74,0.08108108108108109,0.00013092012432247674
4217,Cat_7,501049,181,76,4,8744,2,76,0.05263157894736842,0.00013089922429484753
9993,Cat_1,501035,197,77,7,18832,2,77,0.09090909090909091,0.00013089556679001243
1312,Cat_25,501035,201,78,3,4676,1,78,0.038461538461538464,0.00013089556679001243
656,Cat_15,500757,196,74,5,13165,3,74,0.06756756756756757,0.00013082293919400092
1438,Cat_25,500425,182,68,1,4890,0,68,0.014705882352941176,0.0001307362040793397
1332,Cat_22,500417,180,73,6,11818,1,73,0.0821917808219178,0.0001307341140765768
2240,Cat_5,500013,184,69,8,15725,2,69,0.11594202898550725,0.00013062856893704928
7456,Cat_26,499745,185,68,4,12683,1,68,0.058823529411764705,0.00013055855384449142
5016,Cat_22,499624,183,68,6,20579,1,68,0.08823529411764706,0.00013052694255270226
4796,Cat_15,499618,173,62,1,1549,0,62,0.016129032258064516,0.00013052537505063005
7966,Cat_26,499609,168,67,3,8933,1,67,0.04477611940298507,0.00013052302379752177
5259,Cat_20,499599,193,77,4,11841,0,77,0.05194805194805195,0.00013052041129406813
2267,Cat_10,499561,191,76,3,8753,1,76,0.039473684210526314,0.00013051048378094426
749,Cat_6,499502,209,79,6,16776,3,79,0.0759493670886076,0.0001304950700105677
6855,Cat_6,499324,196,75,1,4979,1,75,0.013333333333333334,0.0001304485674490927
8596,Cat_10,499162,207,81,4,13411,1,81,0.04938271604938271,0.00013040624489314356
9708,Cat_28,499141,182,69,2,4805,1,69,0.028985507246376812,0.0001304007586358909
9699,Cat_7,499014,172,67,6,14690,1,67,0.08955223880597014,0.00013036757984202953
3835,Cat_7,498932,187,74,5,13437,0,74,0.06756756756756757,0.00013034615731370957
3864,Cat_19,498892,184,68,8,17170,2,68,0.11764705882352941,0.00013033570729989498
6744,Cat_22,498843,179,71,1,116,0,71,0.014084507042253521,0.00013032290603297208
3480,Cat_18,498715,178,72,6,15968,0,72,0.08333333333333333,0.00013028946598876536
3522,Cat_26,498702,186,77,1,213,0,77,0.012987012987012988,0.0001302860697342756
4590,Cat_4,498643,193,76,5,10353,1,76,0.06578947368421052,0.00013027065596389907
2472,Cat_6,498572,201,78,7,16272,3,78,0.08974358974358974,0.00013025210718937814
4594,Cat_13,498427,213,81,4,10206,2,81,0.04938271604938271,0.0001302142258893002
5302,Cat_22,498341,193,71,3,10072,2,71,0.04225352112676056,0.0001301917583595988
682,Cat_9,498234,184,68,6,16457,0,68,0.08823529411764706,0.00013016380457264473
6425,Cat_3,498216,186,76,2,3891,0,76,0.02631578947368421,0.00013015910206642817
4264,Cat_4,497808,164,66,3,9900,0,66,0.045454545454545456,0.0001300525119255192
5047,Cat_27,497717,159,59,5,7699,1,59,0.0847457627118644,0.00013002873814409096
9164,Cat_18,497714,159,67,2,4137,0,67,0.029850746268656716,0.00013002795439305488
9924,Cat_28,497321,178,68,0,0,0,68,0.0,0.00012992528300732637
826,Cat_21,497294,169,65,4,13022,0,65,0.06153846153846154,0.00012991822924800152
8525,Cat_6,497240,196,75,3,6965,1,75,0.04,0.0001299041217293518
29,Cat_18,497171,204,79,5,7776,0,79,0.06329113924050633,0.00012988609545552162
6465,Cat_26,497075,163,69,2,4957,0,69,0.028985507246376812,0.00012986101542236656
8356,Cat_3,496976,156,68,5,8528,0,68,0.07352941176470588,0.0001298351516381754
462,Cat_25,496825,192,67,4,9902,1,67,0.05970149253731343,0.0001297957028360253
9224,Cat_3,496807,190,71,4,3973,1,71,0.056338028169014086,0.0001297910003298087
6933,Cat_6,496792,189,71,1,894,0,71,0.014084507042253521,0.00012978708157462823
8942,Cat_20,496501,181,71,3,6013,1,71,0.04225352112676056,0.00012971105772412698
4929,Cat_25,496475,194,76,6,16941,2,76,0.07894736842105263,0.0001297042652151475
6741,Cat_11,496444,206,80,5,12111,0,80,0.0625,0.00012969616645444116
9777,Cat_10,496400,175,71,5,11023,2,71,0.07042253521126761,0.0001296846714392451
4463,Cat_29,496388,184,71,4,8480,0,71,0.056338028169014086,0.00012968153643510072
7450,Cat_1,496353,184,68,0,0,0,68,0.0,0.00012967239267301295
4649,Cat_7,496195,195,71,3,6639,0,71,0.04225352112676056,0.00012963111511844525
5308,Cat_4,496187,185,70,5,15021,0,70,0.07142857142857142,0.00012962902511568232
8120,Cat_30,496002,191,71,1,3167,0,71,0.014084507042253521,0.00012958069380178977
2906,Cat_13,495935,183,72,1,4308,0,72,0.013888888888888888,0.00012956319002865033
7532,Cat_6,495929,173,65,1,1310,0,65,0.015384615384615385,0.00012956162252657813
2705,Cat_27,495836,181,65,3,8158,1,65,0.046153846153846156,0.00012953732624445917
3193,Cat_11,495791,174,67,4,10788,0,67,0.05970149253731343,0.00012952556997891773
9925,Cat_4,495528,180,75,4,6665,2,75,0.05333333333333334,0.00012945686113808672
2508,Cat_12,495445,191,71,2,6330,1,71,0.028169014084507043,0.0001294351773594214
6173,Cat_21,495302,225,83,3,8197,1,83,0.03614457831325301,0.0001293978185600342
5673,Cat_8,495155,181,76,1,4826,0,76,0.013157894736842105,0.00012935941475926554
9552,Cat_8,495112,191,78,4,9758,1,78,0.05128205128205128,0.00012934818099441482
655,Cat_18,494940,179,69,4,6412,1,69,0.057971014492753624,0.00012930324593501204
2488,Cat_4,494902,173,66,1,2615,0,66,0.015151515151515152,0.00012929331842188816
3111,Cat_23,494880,194,79,5,9959,1,79,0.06329113924050633,0.0001292875709142901
5089,Cat_4,494777,177,69,1,309,0,69,0.014492753623188406,0.00012926066212871752
7605,Cat_10,494728,197,75,5,13942,1,75,0.06666666666666667,0.00012924786086179461
4769,Cat_13,494667,176,71,6,13226,2,71,0.08450704225352113,0.00012923192459072735
3775,Cat_27,494571,180,65,4,9907,0,65,0.06153846153846154,0.0001292068445575723
4442,Cat_3,494411,192,74,5,10040,1,74,0.06756756756756757,0.00012916504450231388
6435,Cat_4,494369,198,79,2,6431,0,79,0.02531645569620253,0.00012915407198780854
189,Cat_13,494250,165,68,2,2970,0,68,0.029411764705882353,0.0001291229831967101
696,Cat_29,494112,200,79,2,7168,1,79,0.02531645569620253,0.0001290869306490497
9116,Cat_6,494049,187,70,2,4902,0,70,0.02857142857142857,0.0001290704718772917
6006,Cat_13,493955,166,68,2,8813,1,68,0.029411764705882353,0.00012904591434482739
4151,Cat_21,493828,178,72,3,7677,1,72,0.041666666666666664,0.00012901273555096602
9686,Cat_15,493825,193,69,1,3983,0,69,0.014492753623188406,0.00012901195179992992
4951,Cat_27,493639,193,75,2,5144,0,75,0.02666666666666667,0.000128963359235692
798,Cat_1,493621,195,75,3,7705,0,75,0.04,0.00012895865672947544
6431,Cat_7,493573,171,69,2,6680,1,69,0.028985507246376812,0.0001289461167128979
4021,Cat_6,493541,181,70,4,12720,1,70,0.05714285714285714,0.00012893775670184623
2197,Cat_30,493343,196,78,1,4447,0,78,0.01282051282051282,0.00012888602913346394
3479,Cat_3,493318,179,74,4,8895,0,74,0.05405405405405406,0.0001288794978748298
944,Cat_6,493299,165,61,4,1670,0,61,0.06557377049180328,0.00012887453411826786
2871,Cat_30,493185,178,66,2,3531,1,66,0.030303030303030304,0.00012884475157889623
8306,Cat_16,493031,185,75,5,11940,2,75,0.06666666666666667,0.00012880451902571002
6355,Cat_26,492998,182,78,3,5730,0,78,0.038461538461538464,0.00012879589776431297
5063,Cat_25,492855,192,76,4,8661,1,76,0.05263157894736842,0.00012875853896492575
9411,Cat_25,492837,178,71,3,7174,0,71,0.04225352112676056,0.0001287538364587092
3678,Cat_2,492592,174,68,6,14864,0,68,0.08823529411764706,0.00012868983012409474
7659,Cat_2,492541,179,68,6,20410,3,68,0.08823529411764706,0.00012867650635648112
9079,Cat_2,492418,194,78,5,11791,1,78,0.0641025641025641,0.00012864437256400119
5355,Cat_19,492204,171,66,2,7399,0,66,0.030303030303030304,0.00012858846499009307
7243,Cat_12,492193,175,67,4,14455,1,67,0.05970149253731343,0.00012858559123629404
4963,Cat_8,492078,166,67,6,11798,0,67,0.08955223880597014,0.00012855554744657706
3565,Cat_15,492058,162,66,3,3919,0,66,0.045454545454545456,0.00012855032243966975
9629,Cat_17,491754,171,66,4,6556,1,66,0.06060606060606061,0.00012847090233467876
5814,Cat_4,491648,188,75,5,13599,2,75,0.06666666666666667,0.00012844320979807006
1628,Cat_21,491536,182,67,3,8146,0,67,0.04477611940298507,0.00012841394975938916
7586,Cat_4,491529,197,75,5,17499,2,75,0.06666666666666667,0.00012841212100697162
7863,Cat_26,491451,166,65,3,10608,1,65,0.046153846153846156,0.00012839174348003312
808,Cat_14,491400,184,68,5,14110,1,68,0.07352941176470588,0.0001283784197124195
1064,Cat_8,491347,169,61,3,9956,1,61,0.04918032786885246,0.00012836457344411514
7008,Cat_2,491231,184,68,1,4104,0,68,0.014705882352941176,0.0001283342684040528
9420,Cat_6,491186,177,68,5,15093,0,68,0.07352941176470588,0.00012832251213851136
3470,Cat_12,491077,196,72,4,14446,2,72,0.05555555555555555,0.00012829403585086656
3136,Cat_29,491014,189,75,2,5439,0,75,0.02666666666666667,0.00012827757707910858
4606,Cat_10,490913,163,64,1,4514,0,64,0.015625,0.0001282511907942267
158,Cat_11,490835,177,66,3,6453,0,66,0.045454545454545456,0.00012823081326728821
6463,Cat_9,490808,196,72,3,7865,0,72,0.041666666666666664,0.00012822375950796337
3654,Cat_5,490784,187,75,1,4968,0,75,0.013333333333333334,0.0001282174894996746
2699,Cat_3,490783,190,75,1,1219,0,75,0.013333333333333334,0.00012821722824932924
1971,Cat_14,490768,176,68,8,23061,1,68,0.11764705882352941,0.00012821330949414875
109,Cat_4,490723,185,75,6,14481,2,75,0.08,0.0001282015532286073
1100,Cat_3,490706,183,71,4,10153,0,71,0.056338028169014086,0.0001281971119727361
1386,Cat_1,490449,191,72,5,4970,0,72,0.06944444444444445,0.0001281299706339773
2520,Cat_9,490362,178,76,5,13794,2,76,0.06578947368421052,0.00012810724185393052
1060,Cat_5,490189,190,73,5,13239,0,73,0.0684931506849315,0.00012806204554418235
3897,Cat_22,490096,187,77,2,6279,2,77,0.025974025974025976,0.0001280377492620634
4209,Cat_30,490034,184,70,4,12002,0,70,0.05714285714285714,0.00012802155174065075
7103,Cat_25,489978,193,79,2,5267,0,79,0.02531645569620253,0.0001280069217213103
3242,Cat_24,489824,188,75,7,18848,2,75,0.09333333333333334,0.00012796668916812407
8170,Cat_19,489807,171,67,3,10586,0,67,0.04477611940298507,0.00012796224791225287
8959,Cat_26,489794,200,76,4,5412,0,76,0.05263157894736842,0.00012795885165776312
5064,Cat_11,489769,194,70,9,27385,2,70,0.12857142857142856,0.000127952320399129
4793,Cat_8,489741,179,67,4,8106,0,67,0.05970149253731343,0.00012794500538945879
7094,Cat_15,489721,185,71,5,12175,2,71,0.07042253521126761,0.00012793978038255148
4326,Cat_15,489711,163,66,2,6136,1,66,0.030303030303030304,0.0001279371678790978
3076,Cat_30,489647,173,71,1,1264,0,71,0.014084507042253521,0.00012792044785699445
7031,Cat_26,489608,196,73,5,4932,0,73,0.0684931506849315,0.0001279102590935252
5768,Cat_17,489607,179,66,4,14034,1,66,0.06060606060606061,0.00012790999784317985
9031,Cat_20,489393,186,69,3,10215,2,69,0.043478260869565216,0.0001278540902692717
8496,Cat_23,489359,160,67,4,7996,0,67,0.05970149253731343,0.0001278452077575293
7092,Cat_6,489330,195,77,6,23184,5,77,0.07792207792207792,0.0001278376314975137
5698,Cat_26,489196,187,74,2,8271,2,74,0.02702702702702703,0.00012780262395123478
6790,Cat_12,489185,168,67,4,8239,1,66,0.05970149253731343,0.00012779975019743578
9208,Cat_16,489006,179,73,4,5972,2,73,0.0547945205479452,0.0001277529863856154
3360,Cat_25,488991,178,71,5,7810,1,71,0.07042253521126761,0.00012774906763043494
1497,Cat_27,488969,190,72,0,0,0,72,0.0,0.0001277433201228369
9876,Cat_4,488908,191,74,4,9016,0,74,0.05405405405405406,0.00012772738385176963
8948,Cat_3,488817,175,65,1,1059,0,65,0.015384615384615385,0.0001277036100703414
279,Cat_1,488766,175,68,3,7575,1,68,0.04411764705882353,0.00012769028630272777
3854,Cat_19,488691,183,72,7,20776,1,72,0.09722222222222222,0.0001276706925268254
3515,Cat_7,488679,205,75,2,6948,1,75,0.02666666666666667,0.00012766755752268103
8062,Cat_6,488589,180,67,3,2189,0,67,0.04477611940298507,0.00012764404499159815
7196,Cat_24,488539,196,72,5,8637,0,72,0.06944444444444445,0.00012763098247432991
837,Cat_24,488480,193,75,4,12617,0,75,0.05333333333333334,0.00012761556870395337
6217,Cat_18,488460,189,68,1,696,0,68,0.014705882352941176,0.00012761034369704606
7341,Cat_19,488447,171,67,6,26628,3,67,0.08955223880597014,0.00012760694744255632
3796,Cat_30,488423,173,64,1,1909,0,64,0.015625,0.00012760067743426755
9034,Cat_24,488337,191,70,4,9784,0,70,0.05714285714285714,0.00012757820990456616
9827,Cat_4,488108,170,65,3,4053,1,65,0.046153846153846156,0.00012751838357547753
9918,Cat_27,488019,167,65,1,4418,0,65,0.015384615384615385,0.00012749513229474003
9973,Cat_15,487955,165,63,1,401,0,63,0.015873015873015872,0.00012747841227263667
7973,Cat_21,487945,171,70,4,7993,0,70,0.05714285714285714,0.00012747579976918303
2889,Cat_28,487925,167,68,2,275,0,68,0.029411764705882353,0.00012747057476227572
9038,Cat_24,487922,180,69,2,3639,0,69,0.028985507246376812,0.00012746979101123962
7499,Cat_15,487894,169,67,1,2123,1,67,0.014925373134328358,0.0001274624760015694
7750,Cat_4,487886,171,61,1,3529,1,61,0.01639344262295082,0.0001274603859988065
7535,Cat_23,487875,188,70,6,15914,3,70,0.08571428571428572,0.00012745751224500746
278,Cat_18,487723,179,69,5,16274,1,69,0.07246376811594203,0.00012741780219251196
1641,Cat_30,487660,194,73,5,17925,2,73,0.0684931506849315,0.00012740134342075396
6090,Cat_3,487638,187,73,3,9667,1,73,0.0410958904109589,0.00012739559591315593
4801,Cat_11,487530,171,66,3,11257,2,66,0.045454545454545456,0.0001273673808758565
9851,Cat_29,487504,187,71,2,3430,0,71,0.028169014084507043,0.000127360588366877
6364,Cat_22,487494,183,70,7,20382,3,70,0.1,0.00012735797586342336
9588,Cat_7,487474,176,71,2,7536,0,71,0.028169014084507043,0.00012735275085651605
6501,Cat_16,487408,171,67,5,7263,2,67,0.07462686567164178,0.00012733550833372194
5027,Cat_23,487383,185,72,6,15695,3,72,0.08333333333333333,0.00012732897707508781
1838,Cat_26,487351,188,74,2,5572,0,74,0.02702702702702703,0.00012732061706403615
8571,Cat_13,487172,179,70,3,9688,2,70,0.04285714285714286,0.00012727385325221578
7455,Cat_29,487160,184,73,7,18378,3,73,0.0958904109589041,0.0001272707182480714
9700,Cat_2,487116,178,74,2,5310,1,74,0.02702702702702703,0.00012725922323287534
7756,Cat_4,486993,201,75,5,11350,1,75,0.06666666666666667,0.00012722708944039543
3969,Cat_11,486924,173,67,3,9259,1,67,0.04477611940298507,0.00012720906316656522
1578,Cat_26,486871,178,70,2,4068,0,70,0.02857142857142857,0.00012719521689826089
8775,Cat_27,486781,186,77,4,12192,0,77,0.05194805194805195,0.00012717170436717803
5643,Cat_14,486587,175,74,4,10835,0,74,0.05405405405405406,0.0001271210218001772
4146,Cat_1,486581,183,62,1,689,0,62,0.016129032258064516,0.000127119454298105
3874,Cat_24,486536,184,69,6,11332,0,69,0.08695652173913043,0.00012710769803256356
7460,Cat_13,486494,204,76,2,5170,1,76,0.02631578947368421,0.00012709672551805825
5376,Cat_7,486462,165,66,5,16967,0,66,0.07575757575757576,0.00012708836550700655
5144,Cat_16,486389,189,75,1,1774,1,75,0.013333333333333334,0.0001270692942317949
6981,Cat_11,486248,186,67,4,9254,0,67,0.05970149253731343,0.0001270324579330984
6755,Cat_9,486133,205,78,4,9358,0,78,0.05128205128205128,0.00012700241414338143
6565,Cat_8,486000,201,78,6,24069,3,78,0.07692307692307693,0.00012696766784744785
1034,Cat_26,485929,174,71,6,12890,2,71,0.08450704225352113,0.00012694911907292695
8969,Cat_17,485858,202,83,5,12627,2,83,0.060240963855421686,0.00012693057029840603
6160,Cat_27,485805,166,74,3,9356,1,74,0.04054054054054054,0.00012691672403010166
256,Cat_4,485779,176,71,4,7347,1,71,0.056338028169014086,0.00012690993152112217
2071,Cat_26,485761,189,74,3,7840,0,74,0.04054054054054054,0.0001269052290149056
7593,Cat_8,485667,182,68,1,2776,0,68,0.014705882352941176,0.00012688067148244127
4051,Cat_24,485651,180,74,3,8317,1,74,0.04054054054054054,0.00012687649147691545
5118,Cat_26,485600,179,71,4,11191,1,71,0.056338028169014086,0.0001268631677093018
2012,Cat_22,485433,178,65,2,7000,0,65,0.03076923076923077,0.00012681953890162585
6941,Cat_27,485325,156,66,4,10688,1,66,0.06060606060606061,0.0001267913238643264
8294,Cat_28,485250,172,63,2,4125,0,62,0.031746031746031744,0.000126771730088424
5757,Cat_8,485240,158,64,3,8445,1,64,0.046875,0.00012676911758497037
6614,Cat_2,485238,196,76,3,9367,1,76,0.039473684210526314,0.00012676859508427965
5712,Cat_1,485105,176,65,2,6606,1,65,0.03076923076923077,0.00012673384878834608
2010,Cat_5,485087,189,75,3,7284,1,75,0.04,0.00012672914628212952
7293,Cat_25,485032,166,60,0,0,0,60,0.0,0.00012671477751313444
9051,Cat_15,485031,165,68,2,1761,0,68,0.029411764705882353,0.00012671451626278908
4079,Cat_29,484946,182,74,3,5924,0,74,0.04054054054054054,0.00012669230998343302
8112,Cat_14,484723,196,69,8,17584,1,69,0.11594202898550725,0.0001266340511564166
8754,Cat_15,484718,176,70,8,28914,3,70,0.11428571428571428,0.00012663274490468977
9004,Cat_22,484682,168,65,4,7660,1,65,0.06153846153846154,0.00012662333989225664
4152,Cat_26,484657,188,73,4,8641,0,73,0.0547945205479452,0.00012661680863362251
7644,Cat_21,484645,179,66,4,10276,0,66,0.06060606060606061,0.00012661367362947813
9386,Cat_9,484588,167,57,2,4806,0,57,0.03508771929824561,0.0001265987823597923
1582,Cat_30,484523,179,72,2,5127,1,72,0.027777777777777776,0.00012658180108734358
5279,Cat_29,484306,195,71,1,1639,0,71,0.014084507042253521,0.00012652510976239936
4210,Cat_4,484270,186,79,6,16399,2,79,0.0759493670886076,0.0001265157047499662
1199,Cat_25,484047,182,78,2,3120,0,78,0.02564102564102564,0.00012645744592294978
8472,Cat_11,483988,156,64,4,16477,2,64,0.0625,0.00012644203215257324
1267,Cat_8,483987,179,70,4,8022,1,70,0.05714285714285714,0.00012644177090222788
4097,Cat_24,483986,200,80,4,4669,0,80,0.05,0.00012644150965188252
5246,Cat_26,483819,188,70,2,4975,1,70,0.02857142857142857,0.00012639788084420654
5964,Cat_25,483756,177,73,2,5526,1,73,0.0273972602739726,0.00012638142207244853
1338,Cat_19,483747,164,62,3,5986,0,62,0.04838709677419355,0.00012637907081934025
2507,Cat_25,483738,187,72,1,2772,0,72,0.013888888888888888,0.00012637671956623197
974,Cat_19,483730,187,76,2,4873,1,76,0.02631578947368421,0.00012637462956346904
7412,Cat_9,483692,195,78,3,6403,0,78,0.038461538461538464,0.00012636470205034517
6070,Cat_13,483538,168,60,4,12959,0,60,0.06666666666666667,0.00012632446949715893
475,Cat_22,483475,172,63,1,1553,0,63,0.015873015873015872,0.00012630801072540093
8061,Cat_28,483430,192,74,5,8467,1,74,0.06756756756756757,0.0001262962544598595
6557,Cat_12,483394,184,71,3,4813,0,71,0.04225352112676056,0.00012628684944742636
5330,Cat_6,483318,189,73,4,6150,1,73,0.0547945205479452,0.0001262669944211786
5846,Cat_26,483225,185,66,3,7341,1,66,0.045454545454545456,0.00012624269813905965
9160,Cat_26,483179,177,71,2,5206,0,71,0.028169014084507043,0.00012623068062317286
4352,Cat_24,483063,168,63,4,14052,1,63,0.06349206349206349,0.00012620037558311052
6698,Cat_28,483016,174,71,4,10591,0,71,0.056338028169014086,0.00012618809681687836
8999,Cat_30,482981,171,71,4,12658,1,71,0.056338028169014086,0.00012617895305479056
5392,Cat_22,482894,190,68,6,16234,2,68,0.08823529411764706,0.0001261562242747438
3852,Cat_6,482892,182,66,1,3968,1,66,0.015151515151515152,0.00012615570177405307
7568,Cat_16,482880,161,64,2,9895,1,64,0.03125,0.00012615256676990868
50,Cat_14,482878,182,70,4,10480,0,69,0.05714285714285714,0.00012615204426921797
9671,Cat_25,482841,178,70,2,5186,1,70,0.02857142857142857,0.00012614237800643945
675,Cat_4,482827,175,71,6,19032,1,71,0.08450704225352113,0.00012613872050160435
2738,Cat_24,482823,190,75,4,11412,0,75,0.05333333333333334,0.00012613767550022288
4020,Cat_20,482814,187,73,5,24583,1,73,0.0684931506849315,0.0001261353242471146
2943,Cat_30,482688,183,70,7,17050,1,70,0.1,0.0001261024067035986
4569,Cat_9,482611,186,69,3,8527,0,69,0.043478260869565216,0.0001260822904270055
5478,Cat_16,482579,202,77,3,11528,3,77,0.03896103896103896,0.0001260739304159538
2384,Cat_8,482546,190,75,3,5831,1,75,0.04,0.00012606530915455674
6591,Cat_4,482520,195,73,4,9410,0,73,0.0547945205479452,0.00012605851664557725
2225,Cat_3,482468,184,68,3,6326,0,68,0.04411764705882353,0.00012604493162761827
8128,Cat_17,482400,181,74,1,1903,1,74,0.013513513513513514,0.00012602716660413345
8521,Cat_23,482342,180,71,3,6538,0,71,0.04225352112676056,0.00012601201408410226
7300,Cat_18,482092,194,74,5,11019,1,74,0.06756756756756757,0.00012594670149776097
5562,Cat_27,482090,181,70,1,2385,1,70,0.014285714285714285,0.00012594617899707025
562,Cat_18,481969,183,70,3,10883,2,70,0.04285714285714286,0.00012591456770528106
9175,Cat_13,481960,173,66,7,18043,1,66,0.10606060606060606,0.00012591221645217278
9602,Cat_12,481880,182,66,2,1906,0,66,0.030303030303030304,0.00012589131642454357
6456,Cat_13,481830,174,70,4,18281,2,70,0.05714285714285714,0.0001258782539072753
1828,Cat_2,481817,180,68,3,7116,0,68,0.04411764705882353,0.00012587485765278556
4537,Cat_5,481696,172,69,3,10028,0,69,0.043478260869565216,0.0001258432463609964
967,Cat_20,481532,192,77,2,6070,0,77,0.025974025974025976,0.00012580040130435652
4791,Cat_13,481468,159,64,3,8920,1,64,0.046875,0.00012578368128225316
3809,Cat_20,481446,206,80,5,9487,1,80,0.0625,0.0001257779337746551
6970,Cat_10,481356,168,65,5,9762,1,65,0.07692307692307693,0.00012575442124357225
7518,Cat_29,481324,169,68,2,7424,1,68,0.029411764705882353,0.00012574606123252056
9852,Cat_9,481288,171,64,3,4477,0,64,0.046875,0.00012573665622008743
7319,Cat_1,481082,175,65,4,8529,2,65,0.06153846153846154,0.0001256828386489422
5332,Cat_6,481067,179,73,8,24533,2,73,0.1095890410958904,0.00012567891989376172
1038,Cat_20,481066,184,72,4,7320,1,72,0.05555555555555555,0.00012567865864341636
6461,Cat_6,480811,173,67,4,3817,0,67,0.05970149253731343,0.00012561203980534827
6148,Cat_30,480768,188,73,3,3610,0,73,0.0410958904109589,0.00012560080604049755
3370,Cat_7,480735,171,66,5,12841,1,66,0.07575757575757576,0.00012559218477910052
8713,Cat_19,480688,153,63,2,2644,0,63,0.031746031746031744,0.00012557990601286837
668,Cat_2,480642,174,65,2,4408,0,65,0.03076923076923077,0.00012556788849698157
588,Cat_20,480630,200,76,2,8736,2,76,0.02631578947368421,0.00012556475349283718
8547,Cat_18,480540,181,72,2,4409,1,72,0.027777777777777776,0.0001255412409617543
8384,Cat_13,480536,187,76,3,9731,2,76,0.039473684210526314,0.00012554019596037284
7630,Cat_22,480518,197,76,2,6610,1,76,0.02631578947368421,0.00012553549345415628
8565,Cat_29,480371,185,65,2,5796,0,65,0.03076923076923077,0.0001254970896533876
748,Cat_17,480219,174,73,4,10532,0,73,0.0547945205479452,0.0001254573796008921
954,Cat_13,480155,170,63,2,3615,0,63,0.031746031746031744,0.00012544065957878874
3343,Cat_1,480114,192,71,3,4465,0,71,0.04225352112676056,0.00012542994831462876
2690,Cat_22,480095,176,68,3,6040,0,68,0.04411764705882353,0.00012542498455806684
46,Cat_9,480010,185,67,7,17963,1,67,0.1044776119402985,0.0001254027782787108
8956,Cat_19,479790,175,65,4,10717,1,65,0.06153846153846154,0.0001253453032027305
6044,Cat_11,479718,173,63,2,4722,1,63,0.031746031746031744,0.00012532649317786417
5422,Cat_26,479695,184,70,4,9842,0,70,0.05714285714285714,0.0001253204844199208
2308,Cat_7,479537,194,74,2,5786,1,74,0.02702702702702703,0.0001252792068653531
8267,Cat_30,479488,175,73,3,5713,0,73,0.0410958904109589,0.0001252664055984302
1373,Cat_1,479470,178,71,3,6745,1,71,0.04225352112676056,0.00012526170309221365
4325,Cat_4,479469,193,77,1,1653,0,77,0.012987012987012988,0.00012526144184186826
7334,Cat_13,479429,170,72,3,7270,1,72,0.041666666666666664,0.00012525099182805367
3680,Cat_10,479363,180,66,3,10276,0,66,0.045454545454545456,0.00012523374930525956
4309,Cat_12,479342,176,76,5,9984,1,76,0.06578947368421052,0.0001252282630480069
8751,Cat_2,479325,177,72,6,12296,3,72,0.08333333333333333,0.0001252238217921357
8707,Cat_10,479293,168,60,3,9684,1,60,0.05,0.00012521546178108402
2757,Cat_21,479225,191,76,5,15226,2,76,0.06578947368421052,0.0001251976967575992
5468,Cat_27,479188,183,77,3,8980,0,77,0.03896103896103896,0.00012518803049482068
9016,Cat_18,479132,184,71,6,15054,0,71,0.08450704225352113,0.00012517340047548021
2712,Cat_22,479116,192,74,6,15898,2,74,0.08108108108108109,0.0001251692204699544
2709,Cat_6,479077,182,72,7,16605,1,72,0.09722222222222222,0.00012515903170648513
5257,Cat_14,479072,171,67,3,10808,1,67,0.04477611940298507,0.0001251577254547583
8163,Cat_9,479050,168,62,2,5148,0,62,0.03225806451612903,0.00012515197794716029
2205,Cat_5,479009,183,68,1,1854,0,68,0.014705882352941176,0.0001251412666830003
5402,Cat_28,478997,161,62,4,6840,0,62,0.06451612903225806,0.00012513813167885592
4957,Cat_11,478954,200,76,4,6941,1,76,0.05263157894736842,0.00012512689791400523
7258,Cat_20,478923,169,68,5,16105,2,68,0.07352941176470588,0.00012511879915329892
8169,Cat_10,478888,172,67,3,3267,1,67,0.04477611940298507,0.00012510965539121115
7213,Cat_30,478855,180,72,3,8683,1,72,0.041666666666666664,0.0001251010341298141
6665,Cat_4,478777,170,66,2,5879,0,66,0.030303030303030304,0.0001250806566028756
8759,Cat_21,478688,173,70,2,4584,0,70,0.02857142857142857,0.0001250574053221381
3028,Cat_13,478656,166,66,1,1726,0,66,0.015151515151515152,0.00012504904531108644
9012,Cat_8,478621,184,72,4,6867,0,72,0.05555555555555555,0.00012503990154899864
8838,Cat_15,478592,177,71,2,6197,1,71,0.028169014084507043,0.00012503232528898305
2791,Cat_21,478525,166,65,0,0,0,65,0.0,0.0001250148215158436
9488,Cat_29,478467,186,70,3,8340,0,70,0.04285714285714286,0.00012499966899581243
4380,Cat_30,478441,169,65,0,0,0,65,0.0,0.00012499287648683294
5627,Cat_24,478417,175,71,3,15033,1,71,0.04225352112676056,0.00012498660647854417
1732,Cat_5,478396,169,60,5,10515,1,60,0.08333333333333333,0.0001249811202212915
6911,Cat_26,478361,196,76,10,28890,3,76,0.13157894736842105,0.00012497197645920373
1993,Cat_20,478333,178,71,2,4916,0,71,0.028169014084507043,0.0001249646614495335
1317,Cat_1,478299,177,73,2,2574,0,73,0.0273972602739726,0.00012495577893779108
1279,Cat_25,478286,170,60,3,7682,0,60,0.05,0.00012495238268330134
7012,Cat_26,478252,191,73,4,6661,1,73,0.0547945205479452,0.00012494350017155893
4645,Cat_3,478152,173,70,4,12714,2,70,0.05714285714285714,0.0001249173751370224
3077,Cat_2,477878,171,67,4,7432,0,67,0.05970149253731343,0.00012484579254239237
1411,Cat_17,477730,161,67,5,11191,1,67,0.07462686567164178,0.00012480712749127833
6445,Cat_14,477676,182,72,1,2700,1,72,0.013888888888888888,0.0001247930199726286
4549,Cat_15,477653,157,62,1,3567,0,62,0.016129032258064516,0.00012478701121468522
4797,Cat_3,477645,168,71,2,781,0,71,0.028169014084507043,0.0001247849212119223
310,Cat_17,477547,166,65,3,8354,0,65,0.046153846153846156,0.00012475931867807652
1640,Cat_27,477475,197,73,2,5555,0,73,0.0273972602739726,0.0001247405086532102
4113,Cat_27,477437,184,67,1,1881,0,67,0.014925373134328358,0.00012473058114008634
5763,Cat_1,477382,171,69,3,8369,1,69,0.043478260869565216,0.00012471621237109126
9767,Cat_28,477343,190,71,5,6754,1,71,0.07042253521126761,0.00012470602360762202
6235,Cat_24,477334,181,76,5,16533,1,76,0.06578947368421052,0.00012470367235451374
8617,Cat_27,477239,180,65,6,19666,3,65,0.09230769230769231,0.00012467885357170407
167,Cat_9,477203,172,74,6,17122,2,74,0.08108108108108109,0.0001246694485592709
3891,Cat_23,477188,185,70,6,20116,2,70,0.08571428571428572,0.00012466552980409042
3333,Cat_28,477150,171,72,0,0,0,72,0.0,0.00012465560229096655
6662,Cat_3,477111,185,73,2,2225,0,73,0.0273972602739726,0.00012464541352749732
4722,Cat_11,477084,166,62,0,0,0,62,0.0,0.00012463835976817247
7766,Cat_20,477077,192,79,4,9186,1,79,0.05063291139240506,0.0001246365310157549
3851,Cat_1,476986,182,65,1,4598,0,65,0.015384615384615385,0.0001246127572343267
1041,Cat_5,476972,161,70,3,7272,0,70,0.04285714285714286,0.00012460909972949156
3683,Cat_11,476949,178,73,3,13243,0,73,0.0410958904109589,0.00012460309097154818
5328,Cat_28,476938,180,72,2,6253,0,72,0.027777777777777776,0.00012460021721774915
1941,Cat_11,476936,180,67,5,12604,1,67,0.07462686567164178,0.00012459969471705843
92,Cat_27,476831,169,62,2,5488,0,62,0.03225806451612903,0.0001245722634307951
2620,Cat_23,476686,161,62,2,5809,1,62,0.03225806451612903,0.00012453438213071714
7734,Cat_23,476620,180,68,2,1365,0,68,0.029411764705882353,0.00012451713960792306
517,Cat_9,476492,169,61,2,7438,1,61,0.03278688524590164,0.0001244836995637163
7157,Cat_27,476444,193,75,4,7394,1,75,0.05333333333333334,0.0001244711595471388
1632,Cat_22,476394,188,75,2,2207,0,75,0.02666666666666667,0.00012445809702987053
1845,Cat_24,476295,181,68,1,3362,0,68,0.014705882352941176,0.0001244322332456794
5015,Cat_10,476292,180,70,4,7101,2,70,0.05714285714285714,0.0001244314494946433
3734,Cat_25,476280,159,61,0,0,0,61,0.0,0.0001244283144904989
4285,Cat_10,476220,178,68,6,17748,1,68,0.08823529411764706,0.000124412639469777
6884,Cat_18,476137,163,70,5,11217,0,70,0.07142857142857142,0.0001243909556911117
1179,Cat_9,476068,193,75,3,9826,2,75,0.04,0.0001243729294172815
634,Cat_4,476068,180,68,7,19534,1,68,0.10294117647058823,0.0001243729294172815
6442,Cat_23,475970,174,66,0,0,0,66,0.0,0.00012434732688343573
7876,Cat_19,475918,163,62,5,13968,2,62,0.08064516129032258,0.00012433374186547673
5278,Cat_5,475758,159,60,3,5496,0,60,0.05,0.0001242919418102183
4966,Cat_23,475701,167,69,7,17113,1,69,0.10144927536231885,0.0001242770505405325
3106,Cat_8,475640,186,76,1,5992,0,76,0.013157894736842105,0.00012426111426946522
1336,Cat_16,475579,200,83,3,11165,0,83,0.03614457831325301,0.00012424517799839796
1710,Cat_3,475550,180,70,1,632,0,70,0.014285714285714285,0.00012423760173838237
1709,Cat_12,475515,192,74,3,7385,0,74,0.04054054054054054,0.0001242284579762946
6571,Cat_18,475513,194,78,3,8256,1,78,0.038461538461538464,0.00012422793547560386
2115,Cat_17,475507,177,70,5,15130,1,70,0.07142857142857142,0.00012422636797353168
2193,Cat_25,475317,169,69,1,592,0,69,0.014492753623188406,0.0001241767304079123
706,Cat_20,475311,187,76,2,4986,1,76,0.02631578947368421,0.0001241751629058401
3690,Cat_21,475305,186,74,5,9056,1,74,0.06756756756756757,0.00012417359540376792
7779,Cat_12,475282,180,69,6,18534,1,69,0.08695652173913043,0.0001241675866458245
625,Cat_10,475104,179,70,0,0,0,70,0.0,0.00012412108408434952
4046,Cat_24,475101,187,79,6,16166,1,79,0.0759493670886076,0.00012412030033331342
7933,Cat_21,475093,186,72,4,8948,1,72,0.05555555555555555,0.00012411821033055052
5640,Cat_16,475072,170,67,2,5118,0,67,0.029850746268656716,0.00012411272407329785
2942,Cat_5,474932,198,76,5,16165,2,76,0.06578947368421052,0.00012407614902494672
6903,Cat_16,474930,194,73,3,5313,2,73,0.0410958904109589,0.000124075626524256
7648,Cat_3,474922,190,67,3,5289,0,67,0.04477611940298507,0.00012407353652149308
2133,Cat_1,474882,168,70,2,5084,1,70,0.02857142857142857,0.00012406308650767848
2821,Cat_21,474833,177,68,3,4194,1,68,0.04411764705882353,0.00012405028524075558
9546,Cat_20,474746,183,71,5,15150,1,71,0.07042253521126761,0.0001240275564607088
7506,Cat_8,474742,178,68,4,8783,0,68,0.058823529411764705,0.00012402651145932735
7951,Cat_23,474662,181,74,4,7250,1,74,0.05405405405405406,0.00012400561143169814
251,Cat_22,474530,174,67,5,13211,2,67,0.07462686567164178,0.00012397112638610995
5506,Cat_1,474516,171,65,1,2847,0,65,0.015384615384615385,0.00012396746888127484
4873,Cat_9,474465,189,69,8,17220,1,69,0.11594202898550725,0.00012395414511366123
9790,Cat_7,474431,190,71,5,12543,2,71,0.07042253521126761,0.00012394526260191881
7020,Cat_9,474427,175,69,2,3519,1,69,0.028985507246376812,0.00012394421760053735
5925,Cat_18,474384,171,61,3,6689,0,61,0.04918032786885246,0.00012393298383568663
5333,Cat_7,474329,176,67,5,21613,2,67,0.07462686567164178,0.00012391861506669155
2257,Cat_24,474318,178,71,6,8698,0,71,0.08450704225352113,0.00012391574131289255
7426,Cat_12,474304,193,75,6,13813,0,75,0.08,0.00012391208380805742
9560,Cat_28,474296,178,70,1,1184,0,70,0.014285714285714285,0.00012390999380529452
771,Cat_19,474251,194,72,0,0,0,72,0.0,0.00012389823753975308
9960,Cat_30,474227,171,66,2,3894,0,66,0.030303030303030304,0.0001238919675314643
7413,Cat_7,474201,167,62,1,2494,0,62,0.016129032258064516,0.00012388517502248482
4482,Cat_20,474128,176,68,4,13120,1,68,0.058823529411764705,0.00012386610374727318
8332,Cat_11,474102,183,77,4,12192,1,77,0.05194805194805195,0.0001238593112382937
4194,Cat_28,473943,178,69,2,1125,0,69,0.028985507246376812,0.00012381777243338063
6019,Cat_15,473788,166,62,6,22475,3,62,0.0967741935483871,0.00012377727862984903
240,Cat_28,473746,183,67,6,8432,0,67,0.08955223880597014,0.0001237663061153437
1564,Cat_26,473694,214,84,4,7698,1,84,0.047619047619047616,0.00012375272109738472
9430,Cat_3,473641,202,74,4,11807,0,74,0.05405405405405406,0.00012373887482908035
7600,Cat_20,473625,160,65,2,7262,1,65,0.03076923076923077,0.0001237346948235545
4343,Cat_14,473620,179,73,1,4763,1,73,0.0136986301369863,0.00012373338857182768
7042,Cat_4,473610,191,74,2,5140,0,74,0.02702702702702703,0.00012373077606837404
5803,Cat_9,473588,193,76,6,13221,2,76,0.07894736842105263,0.00012372502856077602
4224,Cat_26,473559,167,65,4,12256,0,65,0.06153846153846154,0.00012371745230076042
2899,Cat_29,473499,185,73,3,7242,0,73,0.0410958904109589,0.00012370177728003852
8357,Cat_11,473492,181,75,2,5015,1,75,0.02666666666666667,0.00012369994852762096
6184,Cat_18,473482,172,64,6,17257,1,64,0.09375,0.0001236973360241673
2681,Cat_24,473442,172,67,5,10309,0,67,0.07462686567164178,0.0001236868860103527
9702,Cat_22,473440,180,69,1,2404,0,69,0.014492753623188406,0.00012368636350966198
1018,Cat_18,473253,185,74,2,6241,1,74,0.02702702702702703,0.0001236375096950787
2459,Cat_26,473094,163,65,4,11565,1,65,0.06153846153846154,0.00012359597089016563
8982,Cat_25,473045,165,62,2,7849,0,62,0.03225806451612903,0.00012358316962324275
9823,Cat_28,473038,193,70,4,8715,2,70,0.05714285714285714,0.00012358134087082519
6208,Cat_22,473034,188,71,5,10911,2,71,0.07042253521126761,0.00012358029586944372
5528,Cat_12,472922,180,73,5,11935,1,73,0.0684931506849315,0.00012355103583076285
2259,Cat_18,472914,179,75,5,16106,4,75,0.06666666666666667,0.00012354894582799992
5131,Cat_5,472892,166,69,4,6335,0,69,0.057971014492753624,0.0001235431983204019
3246,Cat_21,472880,168,69,2,3121,0,69,0.028985507246376812,0.0001235400633162575
9665,Cat_28,472866,166,61,7,18125,2,61,0.11475409836065574,0.00012353640581142238
2302,Cat_4,472841,184,63,2,3683,0,63,0.031746031746031744,0.00012352987455278825
4699,Cat_12,472782,176,70,2,3691,0,70,0.02857142857142857,0.0001235144607824117
4276,Cat_22,472755,176,63,3,9224,0,63,0.047619047619047616,0.00012350740702308686
9444,Cat_10,472742,184,73,7,23374,3,73,0.0958904109589041,0.00012350401076859712
1647,Cat_4,472714,152,60,2,3832,0,60,0.03333333333333333,0.00012349669575892688
6664,Cat_5,472666,169,72,3,8823,0,72,0.041666666666666664,0.00012348415574234937
3975,Cat_9,472629,174,67,4,7639,0,67,0.05970149253731343,0.00012347448947957085
5530,Cat_24,472628,173,64,5,16897,0,64,0.078125,0.0001234742282292255
2095,Cat_13,472600,184,71,3,7448,1,71,0.04225352112676056,0.00012346691321955526
1474,Cat_21,472471,174,72,3,9339,2,72,0.041666666666666664,0.00012343321192500318
5699,Cat_1,472452,177,67,3,5120,0,67,0.04477611940298507,0.00012342824816844123
3673,Cat_11,472439,181,68,2,6411,1,68,0.029411764705882353,0.00012342485191395148
3344,Cat_28,472397,161,62,2,2347,0,62,0.03225806451612903,0.00012341387939944615
8821,Cat_18,472352,193,76,5,13788,2,76,0.06578947368421052,0.0001234021231339047
325,Cat_17,472308,180,71,1,2411,0,71,0.014084507042253521,0.00012339062811870865
2723,Cat_6,472144,185,70,5,18104,2,70,0.07142857142857142,0.00012334778306206877
7233,Cat_13,472079,188,78,8,22023,6,78,0.10256410256410256,0.00012333080178962005
8497,Cat_3,472061,161,68,3,8508,1,68,0.04411764705882353,0.00012332609928340346
7514,Cat_25,472046,174,67,5,14375,1,67,0.07462686567164178,0.000123322180528223
6218,Cat_17,472018,194,80,3,8231,0,80,0.0375,0.00012331486551855276
5270,Cat_30,471957,162,67,5,16462,3,67,0.07462686567164178,0.0001232989292474855
2810,Cat_9,471859,191,74,2,2941,0,74,0.02702702702702703,0.00012327332671363973
6370,Cat_22,471806,178,71,3,10190,1,71,0.04225352112676056,0.00012325948044533536
7502,Cat_30,471796,169,64,3,6020,0,64,0.046875,0.00012325686794188172
597,Cat_15,471693,180,70,1,5918,0,70,0.014285714285714285,0.0001232299591563091
4062,Cat_15,471676,186,69,4,10883,1,69,0.057971014492753624,0.0001232255179004379
3406,Cat_25,471674,173,68,5,17517,0,68,0.07352941176470588,0.00012322499539974718
8549,Cat_2,471643,197,74,5,13665,0,74,0.06756756756756757,0.00012321689663904084
3836,Cat_1,471623,148,62,1,1453,0,62,0.016129032258064516,0.00012321167163213356
2891,Cat_3,471599,184,74,4,8972,0,74,0.05405405405405406,0.0001232054016238448
1713,Cat_19,471599,189,75,2,9093,2,75,0.02666666666666667,0.0001232054016238448
1047,Cat_7,471549,171,67,2,7109,1,67,0.029850746268656716,0.00012319233910657653
7828,Cat_8,471521,183,73,2,4873,0,73,0.0273972602739726,0.0001231850240969063
3724,Cat_7,471509,178,73,5,9951,0,73,0.0684931506849315,0.00012318188909276194
8662,Cat_11,471438,185,76,3,9841,0,76,0.039473684210526314,0.000123163340318241
7322,Cat_23,471436,176,66,3,7016,2,66,0.045454545454545456,0.00012316281781755026
6409,Cat_4,471276,182,71,4,10486,1,71,0.056338028169014086,0.00012312101776229184
678,Cat_29,471250,190,66,6,19560,2,66,0.09090909090909091,0.00012311422525331235
9203,Cat_14,471238,171,64,0,0,0,64,0.0,0.00012311109024916797
5075,Cat_23,471187,161,61,3,6754,1,61,0.04918032786885246,0.00012309776648155435
1324,Cat_14,471174,185,74,4,12782,2,74,0.05405405405405406,0.0001230943702270646
6281,Cat_5,471166,173,67,5,14289,2,67,0.07462686567164178,0.00012309228022430168
1306,Cat_27,471091,178,70,6,17773,3,70,0.08571428571428572,0.0001230726864483993
9885,Cat_30,471089,173,70,1,3555,0,70,0.014285714285714285,0.00012307216394770858
3917,Cat_23,470973,171,67,5,8389,0,67,0.07462686567164178,0.0001230418589076462
3388,Cat_25,470972,175,69,1,4854,1,69,0.014492753623188406,0.00012304159765730085
8859,Cat_10,470896,179,69,4,7947,0,69,0.057971014492753624,0.0001230217426310531
819,Cat_12,470873,208,76,4,6985,2,76,0.05263157894736842,0.00012301573387310972
4734,Cat_7,470804,192,77,3,9629,1,77,0.03896103896103896,0.0001229977075992795
151,Cat_27,470799,181,68,4,9229,0,68,0.058823529411764705,0.00012299640134755268
8955,Cat_27,470714,177,66,3,8910,1,66,0.045454545454545456,0.00012297419506819665
753,Cat_21,470624,212,80,5,14562,1,80,0.0625,0.0001229506825371138
8746,Cat_12,470590,173,71,4,10721,1,71,0.056338028169014086,0.0001229418000253714
9804,Cat_25,470569,164,63,0,0,0,63,0.0,0.00012293631376811872
2057,Cat_22,470556,168,69,4,10068,1,69,0.057971014492753624,0.00012293291751362898
5704,Cat_18,470554,170,61,7,20469,0,61,0.11475409836065574,0.00012293239501293823
1577,Cat_27,470539,192,77,7,12810,1,77,0.09090909090909091,0.00012292847625775777
8391,Cat_10,470511,178,72,3,10960,0,72,0.041666666666666664,0.00012292116124808754
5813,Cat_23,470477,181,66,1,2279,0,66,0.015151515151515152,0.00012291227873634513
4757,Cat_12,470440,187,78,3,9636,0,78,0.038461538461538464,0.0001229026124735666
7858,Cat_15,470432,182,74,7,16806,1,74,0.0945945945945946,0.0001229005224708037
5697,Cat_3,470413,175,67,3,5385,0,67,0.04477611940298507,0.00012289555871424176
5339,Cat_18,470290,165,66,2,2714,1,66,0.030303030303030304,0.00012286342492176183
2132,Cat_19,470288,170,73,3,7034,0,72,0.0410958904109589,0.00012286290242107111
6111,Cat_19,470266,197,73,7,21221,2,73,0.0958904109589041,0.0001228571549134731
295,Cat_17,470162,185,76,6,14777,2,76,0.07894736842105263,0.0001228299848775551
7928,Cat_1,470132,164,60,2,4133,1,60,0.03333333333333333,0.00012282214736719416
9105,Cat_2,470111,167,62,7,22359,2,62,0.11290322580645161,0.0001228166611099415
7072,Cat_16,470068,175,68,1,4168,0,68,0.014705882352941176,0.0001228054273450908
9108,Cat_6,470010,161,65,0,0,0,65,0.0,0.0001227902748250596
7965,Cat_23,469966,183,65,2,4904,1,65,0.03076923076923077,0.00012277877980986356
5629,Cat_20,469944,193,82,6,13695,1,82,0.07317073170731707,0.0001227730323022655
5255,Cat_9,469935,178,67,8,22013,3,67,0.11940298507462686,0.00012277068104915722
7745,Cat_29,469892,182,74,3,6842,3,74,0.04054054054054054,0.00012275944728430652
2502,Cat_18,469864,178,71,3,8849,1,71,0.04225352112676056,0.0001227521322746363
6057,Cat_8,469786,171,68,3,8962,1,68,0.04411764705882353,0.00012273175474769783
9212,Cat_16,469757,172,63,6,20922,0,63,0.09523809523809523,0.00012272417848768223
7994,Cat_27,469687,180,67,5,7138,1,67,0.07462686567164178,0.00012270589096350667
2854,Cat_7,469673,178,75,1,1038,0,75,0.013333333333333334,0.00012270223345867156
9528,Cat_21,469672,159,60,0,0,0,60,0.0,0.0001227019722083262
8791,Cat_1,469642,163,65,3,4940,0,65,0.046153846153846156,0.00012269413469796525
8037,Cat_29,469635,171,66,5,14692,2,66,0.07575757575757576,0.0001226923059455477
6950,Cat_27,469527,179,66,3,8540,0,66,0.045454545454545456,0.00012266409090824824
3288,Cat_24,469377,172,64,4,7764,1,64,0.0625,0.0001226249033564435
7992,Cat_5,469334,196,70,2,4745,0,70,0.02857142857142857,0.0001226136695915928
8087,Cat_30,469317,174,71,4,12193,1,71,0.056338028169014086,0.0001226092283357216
5564,Cat_3,469270,191,71,2,6294,0,71,0.028169014084507043,0.00012259694956948943
7507,Cat_16,469172,186,75,5,9448,2,75,0.06666666666666667,0.00012257134703564363
4207,Cat_3,469131,184,71,5,7038,1,71,0.07042253521126761,0.00012256063577148368
5599,Cat_30,469059,195,76,2,3424,1,76,0.02631578947368421,0.00012254182574661737
5663,Cat_17,469014,180,73,5,8027,1,73,0.0684931506849315,0.00012253006948107596
128,Cat_24,468979,175,68,0,0,0,68,0.0,0.00012252092571898819
8793,Cat_3,468949,185,72,3,6750,1,72,0.041666666666666664,0.0001225130882086272
5727,Cat_23,468941,164,62,4,13225,2,62,0.06451612903225806,0.0001225109982058643
5986,Cat_11,468932,168,63,0,0,0,63,0.0,0.000122508646952756
37,Cat_12,468830,197,79,2,5675,0,79,0.02531645569620253,0.00012248199941752877
9333,Cat_13,468776,178,69,6,16222,1,69,0.08695652173913043,0.00012246789189887904
8660,Cat_22,468719,153,65,2,8737,0,65,0.03076923076923077,0.00012245300062919325
7489,Cat_20,468691,179,67,4,10231,1,67,0.05970149253731343,0.000122445685619523
1826,Cat_5,468666,180,70,4,9823,1,70,0.05714285714285714,0.00012243915436088888
2972,Cat_6,468663,165,61,3,3271,0,61,0.04918032786885246,0.0001224383706098528
3393,Cat_9,468637,188,72,3,11295,1,72,0.041666666666666664,0.0001224315781008733
5738,Cat_16,468633,179,69,2,5378,1,68,0.028985507246376812,0.00012243053309949183
4261,Cat_26,468625,173,72,4,9037,1,72,0.05555555555555555,0.00012242844309672893
1730,Cat_24,468615,179,71,5,11148,1,71,0.07042253521126761,0.00012242583059327526
4466,Cat_25,468544,180,71,5,8748,0,71,0.07042253521126761,0.00012240728181875434
4376,Cat_17,468537,179,69,2,4503,0,69,0.028985507246376812,0.0001224054530663368
2320,Cat_3,468506,175,66,3,6779,0,66,0.045454545454545456,0.00012239735430563046
881,Cat_23,468489,179,67,5,19364,1,67,0.07462686567164178,0.00012239291304975926
3532,Cat_23,468476,169,66,4,10846,1,66,0.06060606060606061,0.0001223895167952695
3728,Cat_19,468428,170,65,2,7732,2,65,0.03076923076923077,0.000122376976778692
9084,Cat_26,468390,190,70,5,13492,1,70,0.07142857142857142,0.00012236704926556812
9826,Cat_7,468349,158,64,6,18636,2,64,0.09375,0.00012235633800140814
2423,Cat_14,468236,184,67,3,7856,1,67,0.04477611940298507,0.00012232681671238188
421,Cat_26,468187,181,64,1,1266,0,64,0.015625,0.000122314015445459
117,Cat_15,468175,170,68,3,5428,1,68,0.04411764705882353,0.00012231088044131462
4198,Cat_21,468150,174,67,6,19617,0,67,0.08955223880597014,0.0001223043491826805
2547,Cat_12,468075,185,70,4,18094,1,70,0.05714285714285714,0.0001222847554067781
1402,Cat_10,468018,185,69,3,7753,2,69,0.043478260869565216,0.0001222698641370923
995,Cat_21,467978,174,65,2,6947,1,65,0.03076923076923077,0.00012225941412327769
1476,Cat_15,467968,189,76,7,15620,0,76,0.09210526315789473,0.00012225680161982404
2591,Cat_19,467960,184,79,3,11412,1,79,0.0379746835443038,0.00012225471161706112
4026,Cat_1,467951,172,64,3,12187,0,64,0.046875,0.00012225236036395284
6225,Cat_12,467949,198,74,4,8515,1,74,0.05405405405405406,0.0001222518378632621
4041,Cat_1,467896,186,73,3,6114,1,73,0.0410958904109589,0.00012223799159495776
1483,Cat_22,467891,196,78,7,17218,3,78,0.08974358974358974,0.0001222366853432309
6684,Cat_3,467887,180,74,4,11328,1,74,0.05405405405405406,0.00012223564034184948
619,Cat_10,467825,170,62,5,11917,2,62,0.08064516129032258,0.00012221944282043683
5056,Cat_25,467805,187,74,3,8148,0,74,0.04054054054054054,0.00012221421781352952
6362,Cat_12,467793,175,68,3,8701,1,68,0.04411764705882353,0.00012221108280938514
1525,Cat_10,467778,181,71,4,9139,1,71,0.056338028169014086,0.00012220716405420467
2393,Cat_22,467765,151,56,5,11344,0,56,0.08928571428571429,0.00012220376779971493
3859,Cat_6,467673,208,73,6,14099,1,73,0.0821917808219178,0.00012217973276794133
3518,Cat_5,467642,167,63,1,3665,0,63,0.015873015873015872,0.000122171634007235
8976,Cat_3,467640,174,72,4,11539,0,72,0.05555555555555555,0.00012217111150654428
8554,Cat_14,467621,200,78,4,10339,1,78,0.05128205128205128,0.00012216614774998233
9512,Cat_25,467620,187,72,2,4595,0,72,0.027777777777777776,0.00012216588649963697
4688,Cat_6,467509,182,72,3,6793,1,72,0.041666666666666664,0.00012213688771130145
9521,Cat_13,467455,174,69,6,20593,0,69,0.08695652173913043,0.00012212278019265173
1780,Cat_28,467376,173,66,9,21073,1,66,0.13636363636363635,0.00012210214141536788
4417,Cat_25,467277,180,70,5,17398,2,70,0.07142857142857142,0.00012207627763117674
3029,Cat_25,467221,191,78,3,9282,1,78,0.038461538461538464,0.00012206164761183629
3078,Cat_6,467141,172,70,3,10687,0,70,0.04285714285714286,0.00012204074758420708
4972,Cat_3,467082,189,75,5,13057,1,75,0.06666666666666667,0.00012202533381383054
1078,Cat_3,467070,178,69,5,14783,2,69,0.07246376811594203,0.00012202219880968617
9252,Cat_12,467021,177,71,3,8090,2,71,0.04225352112676056,0.00012200939754276327
2491,Cat_28,466975,175,60,2,4147,0,60,0.03333333333333333,0.00012199738002687647
2413,Cat_25,466929,169,66,3,10029,1,66,0.045454545454545456,0.00012198536251098968
573,Cat_20,466849,180,77,3,4904,1,77,0.03896103896103896,0.00012196446248336047
4717,Cat_11,466733,159,62,3,6237,1,62,0.04838709677419355,0.00012193415744329812
6294,Cat_26,466710,172,68,7,25669,2,68,0.10294117647058823,0.00012192814868535472
6872,Cat_16,466706,178,69,4,15644,2,69,0.057971014492753624,0.00012192710368397326
519,Cat_30,466703,164,64,6,14494,0,64,0.09375,0.00012192631993293716
8873,Cat_20,466665,181,76,5,11416,3,76,0.06578947368421052,0.00012191639241981328
6250,Cat_14,466626,183,73,4,15600,1,73,0.0547945205479452,0.00012190620365634405
7529,Cat_1,466561,183,67,4,15696,1,67,0.05970149253731343,0.00012188922238389531
8546,Cat_17,466557,186,77,2,9051,1,77,0.025974025974025976,0.00012188817738251385
47,Cat_26,466492,173,68,4,11811,1,68,0.058823529411764705,0.00012187119611006512
1897,Cat_19,466333,179,67,5,10167,2,67,0.07462686567164178,0.00012182965730515207
6426,Cat_4,466288,174,74,3,6646,0,74,0.04054054054054054,0.00012181790103961064
9597,Cat_5,466287,179,69,1,1372,1,69,0.014492753623188406,0.00012181763978926527
8358,Cat_2,466203,181,67,4,12028,2,67,0.05970149253731343,0.0001217956947602546
2875,Cat_9,466197,193,73,3,10814,2,73,0.0410958904109589,0.0001217941272581824
9900,Cat_1,466192,181,67,4,12789,3,67,0.05970149253731343,0.00012179282100645558
3347,Cat_20,466166,173,69,0,0,0,69,0.0,0.0001217860284974761
4402,Cat_14,466055,160,68,5,12368,1,68,0.07352941176470588,0.00012175702970914056
4126,Cat_18,466023,176,74,3,8110,0,74,0.04054054054054054,0.00012174866969808888
3323,Cat_6,466010,175,70,3,9009,1,70,0.04285714285714286,0.00012174527344359914
3453,Cat_16,465995,174,67,0,0,0,67,0.0,0.00012174135468841866
3189,Cat_25,465894,173,71,2,6828,0,71,0.028169014084507043,0.00012171496840353678
6441,Cat_18,465865,183,75,5,15354,3,75,0.06666666666666667,0.00012170739214352119
3655,Cat_18,465824,185,70,1,1767,0,70,0.014285714285714285,0.00012169668087936123
7736,Cat_30,465778,172,68,2,5547,0,68,0.029411764705882353,0.00012168466336347443
4304,Cat_2,465749,160,64,4,6438,0,64,0.0625,0.00012167708710345884
7304,Cat_6,465741,199,78,5,14163,1,78,0.0641025641025641,0.00012167499710069592
8095,Cat_21,465714,181,70,2,4065,1,70,0.02857142857142857,0.00012166794334137105
924,Cat_21,465712,161,61,1,535,0,61,0.01639344262295082,0.00012166742084068032
8179,Cat_15,465649,188,67,4,11975,2,67,0.05970149253731343,0.00012165096206892233
1471,Cat_3,465647,182,71,3,12289,1,71,0.04225352112676056,0.0001216504395682316
5977,Cat_10,465580,185,78,5,12535,2,78,0.0641025641025641,0.00012163293579509214
5486,Cat_19,465508,170,61,4,14024,1,61,0.06557377049180328,0.00012161412577022585
1403,Cat_16,465505,167,68,3,4739,0,68,0.04411764705882353,0.00012161334201918975
1433,Cat_20,465503,171,65,3,8245,1,65,0.046153846153846156,0.00012161281951849902
2023,Cat_10,465493,173,64,2,7132,1,64,0.03125,0.00012161020701504537
2691,Cat_23,465436,172,66,1,2003,0,66,0.015151515151515152,0.00012159531574535955
1931,Cat_30,465415,171,67,5,5837,2,67,0.07462686567164178,0.0001215898294881069
3675,Cat_10,465397,175,68,3,6737,0,68,0.04411764705882353,0.00012158512698189032
1943,Cat_26,465295,181,67,4,11323,2,67,0.05970149253731343,0.00012155847944666308
8706,Cat_26,465271,188,78,1,4858,0,78,0.01282051282051282,0.00012155220943837431
7836,Cat_20,465238,162,64,0,0,0,64,0.0,0.00012154358817697727
8296,Cat_23,465097,175,67,1,430,0,67,0.014925373134328358,0.00012150675187828078
4491,Cat_10,465072,195,75,2,8066,1,75,0.02666666666666667,0.00012150022061964666
5101,Cat_10,465068,164,69,3,6175,1,69,0.043478260869565216,0.00012149917561826519
8693,Cat_4,465027,176,70,3,7765,1,70,0.04285714285714286,0.00012148846435410522
1744,Cat_22,465023,170,71,3,9431,0,71,0.04225352112676056,0.00012148741935272377
892,Cat_14,464978,163,63,6,9628,1,63,0.09523809523809523,0.00012147566308718233
7268,Cat_23,464921,175,67,4,5126,0,67,0.05970149253731343,0.00012146077181749652
5998,Cat_4,464789,174,67,4,11594,2,67,0.05970149253731343,0.00012142628677190833
7422,Cat_7,464787,169,63,2,4111,0,63,0.031746031746031744,0.0001214257642712176
2969,Cat_1,464779,179,72,1,2782,1,72,0.013888888888888888,0.00012142367426845467
9102,Cat_30,464746,176,70,4,9856,1,70,0.05714285714285714,0.00012141505300705762
4166,Cat_1,464746,184,65,3,10273,1,65,0.046153846153846156,0.00012141505300705762
8879,Cat_21,464703,159,66,4,17268,1,66,0.06060606060606061,0.00012140381924220693
5836,Cat_10,464676,173,72,2,3434,0,72,0.027777777777777776,0.00012139676548288207
2344,Cat_22,464674,165,64,10,24117,1,64,0.15625,0.00012139624298219133
7188,Cat_22,464626,182,67,5,9087,0,67,0.07462686567164178,0.0001213837029656138
8423,Cat_23,464610,178,69,5,17264,1,69,0.07246376811594203,0.00012137952296008797
6878,Cat_17,464521,187,71,6,15534,1,71,0.08450704225352113,0.00012135627167935047
6196,Cat_21,464375,170,65,3,7628,1,65,0.046153846153846156,0.00012131812912892716
671,Cat_22,464319,166,72,2,5247,0,72,0.027777777777777776,0.00012130349910958672
1468,Cat_9,464278,174,66,2,8310,1,66,0.030303030303030304,0.00012129278784542675
3208,Cat_5,464277,178,67,3,8429,1,67,0.04477611940298507,0.00012129252659508139
6858,Cat_14,464267,194,69,6,12507,1,69,0.08695652173913043,0.00012128991409162773
7722,Cat_29,464140,151,67,3,7601,0,67,0.04477611940298507,0.00012125673529776637
7488,Cat_12,464111,192,82,5,9231,0,82,0.06097560975609756,0.00012124915903775077
8035,Cat_20,464065,167,63,3,5058,1,63,0.047619047619047616,0.00012123714152186398
441,Cat_13,464058,170,69,3,7883,1,69,0.043478260869565216,0.00012123531276944642
533,Cat_24,464018,177,71,5,12695,2,71,0.07042253521126761,0.00012122486275563182
6001,Cat_22,464016,161,63,4,6449,1,63,0.06349206349206349,0.00012122434025494109
124,Cat_19,464008,165,62,3,4404,0,62,0.04838709677419355,0.00012122225025217816
8122,Cat_24,463989,176,69,7,21682,4,69,0.10144927536231885,0.00012121728649561623
4092,Cat_30,463985,159,68,2,8574,0,68,0.029411764705882353,0.00012121624149423477
8930,Cat_25,463978,168,70,2,1337,0,70,0.02857142857142857,0.00012121441274181721
6721,Cat_23,463951,153,63,3,9692,1,63,0.047619047619047616,0.00012120735898249235
4494,Cat_10,463926,166,64,2,2273,0,64,0.03125,0.00012120082772385822
4279,Cat_25,463891,183,74,1,3414,1,74,0.013513513513513514,0.00012119168396177045
4621,Cat_11,463848,169,65,2,6936,1,65,0.03076923076923077,0.00012118045019691974
2120,Cat_26,463772,190,72,4,11727,2,72,0.05555555555555555,0.000121160595170672
3693,Cat_11,463767,158,56,5,14941,0,56,0.08928571428571429,0.00012115928891894517
2570,Cat_10,463749,194,77,3,9167,1,77,0.03896103896103896,0.0001211545864127286
3345,Cat_11,463744,194,81,1,2682,1,81,0.012345679012345678,0.00012115328016100178
6836,Cat_28,463731,149,59,2,8318,1,59,0.03389830508474576,0.00012114988390651203
3387,Cat_24,463723,179,69,4,13386,2,69,0.057971014492753624,0.00012114779390374911
5411,Cat_11,463698,187,77,6,16902,3,77,0.07792207792207792,0.00012114126264511498
4950,Cat_26,463661,186,74,3,8488,1,74,0.04054054054054054,0.00012113159638233648
9502,Cat_21,463586,162,61,6,7824,1,61,0.09836065573770492,0.00012111200260643409
1782,Cat_12,463556,176,71,6,23192,3,71,0.08450704225352113,0.00012110416509607314
585,Cat_4,463550,170,71,6,17191,2,71,0.08450704225352113,0.00012110259759400094
8027,Cat_28,463526,173,67,5,19029,1,67,0.07462686567164178,0.00012109632758571217
4710,Cat_10,463471,175,67,3,6450,0,67,0.04477611940298507,0.00012108195881671709
5214,Cat_23,463466,153,59,3,5394,1,59,0.05084745762711865,0.00012108065256499027
2964,Cat_16,463466,168,63,4,5847,0,63,0.06349206349206349,0.00012108065256499027
1146,Cat_1,463434,169,64,4,8523,0,64,0.0625,0.00012107229255393859
6832,Cat_2,463396,189,70,1,1423,0,70,0.014285714285714285,0.00012106236504081472
5830,Cat_27,463323,166,67,3,8370,1,67,0.04477611940298507,0.00012104329376560306
5869,Cat_3,463238,168,65,0,0,0,65,0.0,0.00012102108748624703
3277,Cat_8,463204,170,68,4,13453,2,68,0.058823529411764705,0.00012101220497450461
6931,Cat_23,463159,179,74,4,17392,1,74,0.05405405405405406,0.00012100044870896317
4707,Cat_20,463108,183,74,2,6938,2,74,0.02702702702702703,0.00012098712494134956
9434,Cat_11,463085,169,64,1,788,0,64,0.015625,0.00012098111618340616
5250,Cat_26,463055,179,70,4,4662,1,70,0.05714285714285714,0.0001209732786730452
935,Cat_10,462877,177,70,2,8197,0,70,0.02857142857142857,0.00012092677611157022
8480,Cat_16,462844,172,68,3,8863,1,68,0.04411764705882353,0.00012091815485017317
8068,Cat_28,462839,171,65,5,12875,1,65,0.07692307692307693,0.00012091684859844635
6066,Cat_17,462782,181,70,6,12105,2,70,0.08571428571428572,0.00012090195732876054
2541,Cat_21,462754,168,63,3,7475,0,63,0.047619047619047616,0.0001208946423190903
8881,Cat_21,462749,174,72,3,6427,0,72,0.041666666666666664,0.00012089333606736348
8529,Cat_5,462731,184,70,1,1344,0,70,0.014285714285714285,0.0001208886335611469
4379,Cat_12,462579,187,74,5,12982,1,74,0.06756756756756757,0.0001208489235086514
5532,Cat_20,462518,163,65,2,3669,0,65,0.03076923076923077,0.00012083298723758413
6590,Cat_2,462518,186,69,2,7368,1,69,0.028985507246376812,0.00012083298723758413
9524,Cat_3,462450,170,68,6,11855,2,68,0.08823529411764706,0.00012081522221409931
5598,Cat_17,462434,172,72,4,5868,0,72,0.05555555555555555,0.00012081104220857348
1570,Cat_21,462402,174,68,3,6569,0,68,0.04411764705882353,0.00012080268219752178
6730,Cat_7,462363,177,65,3,7206,1,65,0.046153846153846156,0.00012079249343405255
7406,Cat_11,462279,179,69,3,9376,0,69,0.043478260869565216,0.00012077054840504188
7441,Cat_17,462277,169,66,6,22661,2,66,0.09090909090909091,0.00012077002590435114
2930,Cat_14,462271,183,73,4,10445,1,73,0.0547945205479452,0.00012076845840227895
9385,Cat_26,462224,175,70,2,6981,1,70,0.02857142857142857,0.0001207561796360468
6716,Cat_23,462176,153,66,3,8285,0,66,0.045454545454545456,0.00012074363961946927
1014,Cat_26,462163,160,61,2,2538,0,61,0.03278688524590164,0.00012074024336497952
9045,Cat_4,462161,167,68,2,8596,0,68,0.029411764705882353,0.00012073972086428879
1493,Cat_2,462115,168,66,4,9484,1,66,0.06060606060606061,0.00012072770334840199
7375,Cat_25,462032,174,65,1,1470,0,65,0.015384615384615385,0.00012070601956973669
344,Cat_24,461951,187,77,10,31802,5,77,0.12987012987012986,0.00012068485829176211
7464,Cat_12,461936,166,68,5,13010,1,68,0.07352941176470588,0.00012068093953658164
6427,Cat_14,461894,182,67,6,13440,2,67,0.08955223880597014,0.0001206699670220763
8347,Cat_30,461868,159,61,4,8506,0,61,0.06557377049180328,0.00012066317451309681
2719,Cat_26,461855,182,75,2,2278,0,75,0.02666666666666667,0.00012065977825860707
427,Cat_11,461834,167,65,5,13566,0,65,0.07692307692307693,0.0001206542920013544
2097,Cat_14,461794,192,75,3,8759,0,75,0.04,0.00012064384198753979
9565,Cat_15,461778,167,69,3,5528,0,69,0.043478260869565216,0.00012063966198201395
2863,Cat_17,461694,168,66,1,2634,0,66,0.015151515151515152,0.00012061771695300329
4731,Cat_13,461633,180,69,2,4812,1,69,0.028985507246376812,0.00012060178068193601
3769,Cat_3,461620,191,76,2,2972,0,76,0.02631578947368421,0.00012059838442744626
2631,Cat_10,461618,166,66,4,9791,0,66,0.06060606060606061,0.00012059786192675553
4300,Cat_20,461599,163,69,5,15842,1,69,0.07246376811594203,0.00012059289817019359
5155,Cat_30,461599,164,64,3,8041,1,64,0.046875,0.00012059289817019359
6980,Cat_17,461585,173,68,4,8478,1,68,0.058823529411764705,0.00012058924066535848
3541,Cat_28,461501,201,73,5,10483,0,73,0.0684931506849315,0.00012056729563634781
6290,Cat_17,461439,163,63,3,10851,1,63,0.047619047619047616,0.00012055109811493518
907,Cat_4,461388,166,67,3,3947,0,67,0.04477611940298507,0.00012053777434732155
1391,Cat_13,461368,168,64,5,14513,1,64,0.078125,0.00012053254934041425
5006,Cat_23,461355,196,71,2,8105,0,71,0.028169014084507043,0.00012052915308592451
1435,Cat_12,461353,153,57,2,6145,0,57,0.03508771929824561,0.00012052863058523378
1482,Cat_24,461338,178,69,2,4446,1,69,0.028985507246376812,0.0001205247118300533
209,Cat_3,461323,170,69,3,12371,1,69,0.043478260869565216,0.00012052079307487283
841,Cat_12,461306,180,70,6,14118,1,70,0.08571428571428572,0.00012051635181900161
1387,Cat_26,461257,176,69,5,15920,2,69,0.07246376811594203,0.00012050355055207872
4862,Cat_28,461212,177,72,2,7311,0,72,0.027777777777777776,0.0001204917942865373
1250,Cat_9,461199,172,68,4,8136,0,68,0.058823529411764705,0.00012048839803204755
8909,Cat_3,461191,167,64,1,2534,0,64,0.015625,0.00012048630802928463
6807,Cat_18,461156,183,71,6,20238,0,71,0.08450704225352113,0.00012047716426719684
2621,Cat_25,461135,170,67,5,13723,1,67,0.07462686567164178,0.00012047167800994417
5619,Cat_24,461051,167,65,0,0,0,65,0.0,0.00012044973298093352
1350,Cat_11,461044,178,66,1,3891,0,66,0.015151515151515152,0.00012044790422851595
512,Cat_8,461036,189,71,4,8741,1,71,0.056338028169014086,0.00012044581422575303
5432,Cat_17,460963,178,75,5,13568,0,75,0.06666666666666667,0.00012042674295054138
843,Cat_21,460952,177,64,4,14982,2,64,0.0625,0.00012042386919674237
7310,Cat_19,460888,164,62,8,20423,1,62,0.12903225806451613,0.00012040714917463899
9754,Cat_10,460885,158,62,3,9732,1,62,0.04838709677419355,0.0001204063654236029
9776,Cat_20,460874,169,62,1,4743,0,62,0.016129032258064516,0.00012040349166980389
4121,Cat_5,460855,183,71,4,9736,0,71,0.056338028169014086,0.00012039852791324195
2572,Cat_9,460690,191,73,4,4059,2,73,0.0547945205479452,0.0001203554216062567
7740,Cat_29,460597,190,69,5,13176,1,69,0.07246376811594203,0.00012033112532413774
2016,Cat_4,460578,174,65,3,6093,1,65,0.046153846153846156,0.0001203261615675758
6458,Cat_18,460570,172,64,7,24642,4,64,0.109375,0.00012032407156481288
8966,Cat_6,460545,176,69,1,3614,0,69,0.014492753623188406,0.00012031754030617875
1307,Cat_18,460499,163,70,2,1780,0,70,0.02857142857142857,0.00012030552279029197
8822,Cat_20,460405,150,58,2,4300,0,58,0.034482758620689655,0.00012028096525782764
558,Cat_7,460292,185,67,1,190,0,67,0.014925373134328358,0.00012025144396880138
7485,Cat_21,460191,175,70,2,4443,1,70,0.02857142857142857,0.00012022505768391951
7376,Cat_29,460185,167,70,5,19165,2,70,0.07142857142857142,0.00012022349018184732
938,Cat_3,460153,172,64,1,4606,1,64,0.015625,0.00012021513017079564
9906,Cat_22,460093,181,71,2,6377,1,71,0.028169014084507043,0.00012019945515007372
3595,Cat_7,460052,161,63,5,8263,2,63,0.07936507936507936,0.00012018874388591376
1341,Cat_29,459980,165,60,0,0,0,60,0.0,0.00012016993386104747
5366,Cat_11,459938,176,71,3,6466,1,71,0.04225352112676056,0.00012015896134654214
6071,Cat_10,459910,160,67,2,2533,0,67,0.029850746268656716,0.0001201516463368719
5099,Cat_4,459882,160,65,1,1050,0,65,0.015384615384615385,0.00012014433132720168
7472,Cat_5,459869,164,68,4,11757,2,68,0.058823529411764705,0.00012014093507271194
3893,Cat_14,459861,161,63,3,7923,1,63,0.047619047619047616,0.00012013884506994902
4724,Cat_21,459855,170,71,5,13472,2,71,0.07042253521126761,0.00012013727756787682
7003,Cat_17,459846,191,69,3,9423,1,69,0.043478260869565216,0.00012013492631476854
6040,Cat_22,459823,192,72,4,12188,0,72,0.05555555555555555,0.00012012891755682514
4781,Cat_5,459782,166,60,4,6030,1,60,0.06666666666666667,0.00012011820629266518
9956,Cat_17,459748,184,72,4,7255,1,72,0.05555555555555555,0.00012010932378092275
832,Cat_2,459738,163,69,5,18875,0,69,0.07246376811594203,0.00012010671127746911
5396,Cat_6,459650,174,68,4,14606,2,68,0.058823529411764705,0.00012008372124707698
6747,Cat_2,459606,188,68,3,8465,1,68,0.04411764705882353,0.00012007222623188091
2959,Cat_15,459579,170,65,5,11981,1,65,0.07692307692307693,0.00012006517247255605
2140,Cat_3,459554,163,64,1,1603,0,64,0.015625,0.00012005864121392192
690,Cat_27,459550,185,72,3,2888,0,72,0.041666666666666664,0.00012005759621254047
960,Cat_14,459499,171,67,4,13482,1,67,0.05970149253731343,0.00012004427244492684
9317,Cat_7,459482,175,73,2,5501,1,73,0.0273972602739726,0.00012003983118905563
3745,Cat_7,459472,186,76,6,13995,2,76,0.07894736842105263,0.00012003721868560199
5125,Cat_22,459441,156,58,1,591,0,58,0.017241379310344827,0.00012002911992489567
8615,Cat_30,459437,163,65,0,0,0,65,0.0,0.00012002807492351421
6927,Cat_25,459244,174,69,6,10210,1,69,0.08695652173913043,0.00011997765360685873
9561,Cat_27,459173,176,76,0,0,0,76,0.0,0.00011995910483233782
1429,Cat_10,459107,179,71,4,5696,1,71,0.056338028169014086,0.00011994186230954371
7280,Cat_24,459093,170,63,1,4702,0,63,0.015873015873015872,0.00011993820480470861
2434,Cat_22,459088,170,68,5,12557,1,68,0.07352941176470588,0.00011993689855298177
9933,Cat_12,459080,187,76,4,9646,1,76,0.05263157894736842,0.00011993480855021886
5761,Cat_23,459078,168,60,3,10734,2,60,0.05,0.00011993428604952813
211,Cat_29,459078,178,69,4,15720,2,69,0.057971014492753624,0.00011993428604952813
3005,Cat_19,459073,186,68,3,12449,3,68,0.04411764705882353,0.0001199329797978013
2458,Cat_21,459036,171,64,0,0,0,64,0.0,0.0001199233135350228
1448,Cat_20,458968,169,65,1,2850,0,65,0.015384615384615385,0.00011990554851153796
2039,Cat_13,458949,195,72,3,2138,0,72,0.041666666666666664,0.00011990058475497602
6146,Cat_1,458906,189,74,5,15588,2,74,0.06756756756756757,0.00011988935099012533
6925,Cat_25,458888,176,62,0,0,0,62,0.0,0.00011988464848390876
1879,Cat_19,458868,175,72,1,1182,0,72,0.013888888888888888,0.00011987942347700145
1877,Cat_23,458792,166,67,3,8443,0,67,0.04477611940298507,0.0001198595684507537
2347,Cat_8,458756,160,60,0,0,0,59,0.0,0.00011985016343832056
4721,Cat_23,458701,170,68,3,6313,1,68,0.04411764705882353,0.00011983579466932548
7615,Cat_3,458642,165,66,0,0,0,66,0.0,0.00011982038089894894
2543,Cat_26,458610,169,67,5,11919,1,67,0.07462686567164178,0.00011981202088789726
2321,Cat_25,458608,195,72,3,3982,1,72,0.041666666666666664,0.00011981149838720653
8225,Cat_11,458579,186,77,1,3077,0,77,0.012987012987012988,0.00011980392212719094
1404,Cat_23,458524,169,65,2,5787,1,65,0.03076923076923077,0.00011978955335819585
5261,Cat_11,458507,170,63,1,2603,0,63,0.015873015873015872,0.00011978511210232465
769,Cat_26,458440,163,67,2,7059,0,67,0.029850746268656716,0.00011976760832918518
454,Cat_25,458359,160,66,3,6249,0,66,0.045454545454545456,0.00011974644705121061
9253,Cat_9,458295,165,64,6,22834,1,64,0.09375,0.00011972972702910724
8249,Cat_29,458257,161,65,4,16771,3,65,0.06153846153846154,0.00011971979951598336
4461,Cat_21,458215,176,67,4,9472,0,67,0.05970149253731343,0.00011970882700147803
5022,Cat_27,458164,166,64,2,5046,1,64,0.03125,0.00011969550323386441
1202,Cat_8,458145,165,70,3,10344,1,70,0.04285714285714286,0.00011969053947730247
8418,Cat_28,458093,159,62,4,12571,1,62,0.06451612903225806,0.00011967695445934348
9433,Cat_17,458091,146,61,3,8253,0,61,0.04918032786885246,0.00011967643195865275
1675,Cat_12,458084,170,65,4,11766,0,65,0.06153846153846154,0.0001196746032062352
7407,Cat_20,458055,184,66,7,26551,2,66,0.10606060606060606,0.0001196670269462196
1297,Cat_25,458053,173,66,2,8654,0,66,0.030303030303030304,0.00011966650444552888
1103,Cat_16,458037,177,67,2,2998,0,67,0.029850746268656716,0.00011966232444000304
9185,Cat_4,458000,161,67,2,7821,2,67,0.029850746268656716,0.00011965265817722453
3394,Cat_3,457995,186,72,1,1868,1,72,0.013888888888888888,0.0001196513519254977
6315,Cat_20,457960,198,77,5,13396,1,77,0.06493506493506493,0.00011964220816340992
4576,Cat_12,457898,168,66,8,16001,0,66,0.12121212121212122,0.00011962601064199729
8495,Cat_30,457889,175,73,3,8819,1,73,0.0410958904109589,0.00011962365938888901
7990,Cat_28,457874,180,67,2,4689,0,67,0.029850746268656716,0.00011961974063370853
1875,Cat_7,457859,148,56,5,7993,0,56,0.08928571428571429,0.00011961582187852804
1917,Cat_18,457825,160,60,6,23668,0,60,0.1,0.00011960693936678563
9415,Cat_14,457814,183,78,5,13998,1,78,0.0641025641025641,0.00011960406561298662
8960,Cat_14,457807,173,61,4,10664,0,61,0.06557377049180328,0.00011960223686056907
7491,Cat_24,457798,186,75,3,7020,0,75,0.04,0.00011959988560746078
4169,Cat_21,457757,170,66,3,9200,1,66,0.045454545454545456,0.0001195891743433008
4381,Cat_19,457746,179,72,2,2901,1,72,0.027777777777777776,0.00011958630058950179
9522,Cat_24,457742,177,67,2,9839,2,67,0.029850746268656716,0.00011958525558812033
216,Cat_13,457728,177,69,4,14571,1,69,0.057971014492753624,0.00011958159808328521
581,Cat_29,457710,183,67,2,3967,0,67,0.029850746268656716,0.00011957689557706865
7906,Cat_21,457687,193,71,3,10116,3,71,0.04225352112676056,0.00011957088681912525
3989,Cat_28,457682,174,69,4,3182,0,69,0.057971014492753624,0.00011956958056739842
123,Cat_15,457667,174,71,3,5941,0,71,0.04225352112676056,0.00011956566181221794
5291,Cat_28,457592,154,63,3,10279,0,62,0.047619047619047616,0.00011954606803631556
1031,Cat_2,457501,155,67,6,14597,3,67,0.08955223880597014,0.00011952229425488734
1687,Cat_7,457499,194,72,5,16445,2,72,0.06944444444444445,0.00011952177175419661
7025,Cat_3,457468,183,76,4,7451,2,76,0.05263157894736842,0.00011951367299349029
5356,Cat_13,457376,162,65,4,7089,0,65,0.06153846153846154,0.00011948963796171669
7650,Cat_16,457324,179,74,1,4926,1,74,0.013513513513513514,0.00011947605294375771
5672,Cat_20,457304,182,69,3,4935,0,69,0.043478260869565216,0.0001194708279368504
8834,Cat_12,457304,169,60,2,6453,1,60,0.03333333333333333,0.0001194708279368504
2065,Cat_13,457268,187,71,2,4267,0,71,0.028169014084507043,0.00011946142292441726
81,Cat_22,457247,182,73,2,8787,0,73,0.0273972602739726,0.0001194559366671646
8823,Cat_23,457200,211,87,3,9924,0,87,0.034482758620689655,0.00011944365790093244
7342,Cat_24,457178,208,77,3,6944,0,77,0.03896103896103896,0.0001194379103933344
3351,Cat_14,457144,185,66,3,11785,2,66,0.045454545454545456,0.00011942902788159198
4539,Cat_5,457132,170,64,0,0,0,64,0.0,0.00011942589287744761
8125,Cat_12,457100,167,70,3,10371,1,70,0.04285714285714286,0.00011941753286639592
7044,Cat_14,457010,162,65,4,9470,1,65,0.06153846153846154,0.00011939402033531307
2720,Cat_14,456996,171,60,2,9478,1,60,0.03333333333333333,0.00011939036283047795
6936,Cat_5,456985,170,67,1,4647,1,67,0.014925373134328358,0.00011938748907667894
2853,Cat_27,456960,182,71,7,18190,2,71,0.09859154929577464,0.0001193809578180448
7746,Cat_30,456919,164,67,2,5986,0,67,0.029850746268656716,0.00011937024655388484
4170,Cat_27,456908,172,67,4,9070,0,67,0.05970149253731343,0.00011936737280008582
393,Cat_9,456893,177,69,3,3567,0,69,0.043478260869565216,0.00011936345404490534
4598,Cat_14,456870,164,67,3,6255,0,67,0.04477611940298507,0.00011935744528696194
4318,Cat_19,456726,149,64,3,8597,0,64,0.046875,0.00011931982523722937
9145,Cat_5,456702,175,68,5,12828,1,68,0.07352941176470588,0.00011931355522894061
556,Cat_3,456697,185,68,3,8665,1,68,0.04411764705882353,0.00011931224897721378
6631,Cat_13,456682,177,67,0,0,0,67,0.0,0.0001193083302220333
4810,Cat_16,456675,178,65,2,6589,1,65,0.03076923076923077,0.00011930650146961575
8924,Cat_3,456492,170,65,3,9675,0,65,0.046153846153846156,0.00011925869265641393
4311,Cat_18,456312,174,71,3,6346,2,71,0.04225352112676056,0.00011921166759424821
2364,Cat_21,456256,161,68,5,10547,1,68,0.07352941176470588,0.00011919703757490776
9994,Cat_5,456171,177,72,2,9814,1,72,0.027777777777777776,0.00011917483129555173
6419,Cat_8,456147,167,62,4,14183,2,62,0.06451612903225806,0.00011916856128726296
5439,Cat_1,456131,165,67,3,3897,0,67,0.04477611940298507,0.00011916438128173713
1091,Cat_9,456125,169,67,3,6745,1,67,0.04477611940298507,0.00011916281377966493
5229,Cat_24,456110,175,73,0,0,0,73,0.0,0.00011915889502448446
6269,Cat_15,456020,208,73,5,9646,2,73,0.0684931506849315,0.00011913538249340159
4094,Cat_27,456000,188,73,3,7447,2,73,0.0410958904109589,0.0001191301574864943
479,Cat_22,455963,170,66,6,18460,2,66,0.09090909090909091,0.00011912049122371578
6318,Cat_29,455917,193,72,2,3311,1,72,0.027777777777777776,0.00011910847370782898
1678,Cat_27,455905,176,68,1,3277,1,68,0.014705882352941176,0.00011910533870368461
4570,Cat_4,455890,161,66,4,7144,1,66,0.06060606060606061,0.00011910141994850412
6998,Cat_24,455857,191,76,4,12220,2,76,0.05263157894736842,0.00011909279868710708
244,Cat_1,455842,175,69,6,20482,1,69,0.08695652173913043,0.00011908887993192661
3365,Cat_30,455828,161,62,3,6681,1,62,0.04838709677419355,0.00011908522242709149
2919,Cat_21,455748,179,67,4,7519,3,67,0.05970149253731343,0.00011906432239946228
9970,Cat_22,455704,155,68,6,21316,2,68,0.08823529411764706,0.00011905282738426621
7658,Cat_25,455680,160,62,1,1728,0,62,0.016129032258064516,0.00011904655737597746
7305,Cat_18,455674,173,66,7,20104,4,66,0.10606060606060606,0.00011904498987390526
5081,Cat_6,455665,161,62,4,11495,1,62,0.06451612903225806,0.00011904263862079698
5209,Cat_22,455663,169,74,1,3194,0,74,0.013513513513513514,0.00011904211612010625
4440,Cat_26,455638,176,67,4,12842,2,67,0.05970149253731343,0.00011903558486147212
6170,Cat_7,455600,172,66,2,3582,0,66,0.030303030303030304,0.00011902565734834825
4824,Cat_20,455560,187,67,5,11990,1,67,0.07462686567164178,0.00011901520733453364
5199,Cat_29,455553,188,79,4,21755,3,79,0.05063291139240506,0.00011901337858211609
8566,Cat_8,455523,185,74,7,15845,1,74,0.0945945945945946,0.00011900554107175513
8941,Cat_24,455507,191,78,3,4320,1,78,0.038461538461538464,0.00011900136106622929
2200,Cat_12,455489,161,62,1,1108,0,62,0.016129032258064516,0.00011899665856001271
9915,Cat_22,455484,169,62,5,8291,3,62,0.08064516129032258,0.00011899535230828589
6399,Cat_14,455483,159,66,0,0,0,66,0.0,0.00011899509105794052
5083,Cat_7,455443,194,70,2,3388,1,70,0.02857142857142857,0.00011898464104412592
1027,Cat_21,455400,160,64,6,14684,2,64,0.09375,0.00011897340727927522
2778,Cat_6,455348,167,62,1,4565,0,62,0.016129032258064516,0.00011895982226131623
1982,Cat_20,455332,166,68,1,865,0,68,0.014705882352941176,0.0001189556422557904
4573,Cat_3,455298,171,66,1,2423,0,66,0.015151515151515152,0.00011894675974404798
8389,Cat_18,455288,167,67,0,0,0,67,0.0,0.00011894414724059433
2219,Cat_13,455195,170,68,1,2602,0,68,0.014705882352941176,0.00011891985095847537
9477,Cat_21,455192,166,66,3,8402,0,66,0.045454545454545456,0.00011891906720743927
8773,Cat_2,455160,169,64,4,12166,1,64,0.0625,0.00011891070719638759
953,Cat_21,455127,173,65,1,1989,0,65,0.015384615384615385,0.00011890208593499055
9957,Cat_11,455107,175,67,1,4098,0,67,0.014925373134328358,0.00011889686092808324
7880,Cat_17,455091,160,62,3,5880,0,62,0.04838709677419355,0.00011889268092255739
4258,Cat_9,455015,149,61,5,10827,1,61,0.08196721311475409,0.00011887282589630964
5050,Cat_25,454985,174,66,2,5312,0,66,0.030303030303030304,0.0001188649883859487
975,Cat_7,454968,153,57,4,13167,2,57,0.07017543859649122,0.00011886054713007749
727,Cat_15,454960,174,67,3,7903,1,67,0.04477611940298507,0.00011885845712731456
1063,Cat_7,454931,177,67,1,4245,1,67,0.014925373134328358,0.00011885088086729899
741,Cat_4,454916,178,69,2,6862,1,69,0.028985507246376812,0.0001188469621121185
5583,Cat_9,454897,177,75,5,14667,2,75,0.06666666666666667,0.00011884199835555656
7142,Cat_23,454862,176,72,3,10725,2,72,0.041666666666666664,0.00011883285459346879
3046,Cat_3,454807,165,63,4,15768,2,63,0.06349206349206349,0.00011881848582447371
6560,Cat_25,454762,170,66,3,3417,0,66,0.045454545454545456,0.00011880672955893227
7774,Cat_23,454732,160,61,3,7564,0,61,0.04918032786885246,0.00011879889204857132
6799,Cat_18,454697,174,64,1,1288,0,64,0.015625,0.00011878974828648355
8271,Cat_5,454666,186,72,2,8385,0,72,0.027777777777777776,0.00011878164952577723
7732,Cat_26,454665,170,70,3,8193,2,70,0.04285714285714286,0.00011878138827543185
488,Cat_14,454575,162,64,3,6394,0,64,0.046875,0.000118757875744349
493,Cat_26,454568,190,72,11,34068,4,72,0.1527777777777778,0.00011875604699193144
4161,Cat_12,454559,175,69,2,8439,2,69,0.028985507246376812,0.00011875369573882315
6842,Cat_28,454551,171,64,2,8137,1,64,0.03125,0.00011875160573606023
1478,Cat_19,454539,177,64,1,3076,0,64,0.015625,0.00011874847073191586
884,Cat_19,454512,164,61,1,2914,0,61,0.01639344262295082,0.000118741416972591
661,Cat_13,454480,180,72,4,12003,0,72,0.05555555555555555,0.00011873305696153932
9156,Cat_11,454473,173,69,8,14880,3,69,0.11594202898550725,0.00011873122820912175
9697,Cat_30,454459,166,63,2,4720,1,63,0.031746031746031744,0.00011872757070428665
1876,Cat_4,454417,162,60,3,11968,1,60,0.05,0.00011871659818978131
6073,Cat_23,454410,177,69,2,9182,0,69,0.028985507246376812,0.00011871476943736375
2665,Cat_8,454399,181,74,3,7125,0,74,0.04054054054054054,0.00011871189568356473
6847,Cat_8,454362,188,75,5,5953,1,75,0.06666666666666667,0.00011870222942078623
5319,Cat_27,454330,193,74,5,16272,2,74,0.06756756756756757,0.00011869386940973455
4060,Cat_11,454304,173,68,5,18257,1,68,0.07352941176470588,0.00011868707690075505
9456,Cat_30,454299,182,67,1,1663,0,67,0.014925373134328358,0.00011868577064902823
5509,Cat_20,454275,157,69,3,5119,0,69,0.043478260869565216,0.00011867950064073946
7125,Cat_14,454235,165,66,5,14047,1,66,0.07575757575757576,0.00011866905062692485
9069,Cat_10,454219,164,61,2,3565,0,61,0.03278688524590164,0.00011866487062139902
28,Cat_9,454132,178,70,1,556,1,70,0.014285714285714285,0.00011864214184135226
187,Cat_2,454124,151,60,6,18742,1,60,0.1,0.00011864005183858933
1325,Cat_14,454116,169,65,3,12642,0,65,0.046153846153846156,0.00011863796183582641
3097,Cat_20,454083,161,66,1,1409,0,66,0.015151515151515152,0.00011862934057442935
7545,Cat_25,454074,157,57,4,10777,0,57,0.07017543859649122,0.00011862698932132107
7525,Cat_21,454067,152,59,2,3441,0,59,0.03389830508474576,0.00011862516056890352
2936,Cat_22,453888,170,60,4,10124,0,60,0.06666666666666667,0.00011857839675708316
5923,Cat_6,453855,159,61,5,10468,1,61,0.08196721311475409,0.00011856977549568611
7931,Cat_8,453807,186,77,4,13037,2,77,0.05194805194805195,0.00011855723547910858
847,Cat_22,453787,158,62,6,15588,0,62,0.0967741935483871,0.00011855201047220128
2371,Cat_27,453777,180,66,1,1060,0,66,0.015151515151515152,0.00011854939796874763
4228,Cat_20,453721,184,72,4,10609,1,72,0.05555555555555555,0.00011853476794940719
239,Cat_7,453690,169,68,5,6603,0,68,0.07352941176470588,0.00011852666918870087
7723,Cat_28,453662,169,68,1,1910,0,68,0.014705882352941176,0.00011851935417903065
155,Cat_8,453635,158,59,3,10972,0,59,0.05084745762711865,0.00011851230041970579
8858,Cat_15,453619,178,69,5,15800,1,69,0.07246376811594203,0.00011850812041417994
1715,Cat_16,453581,154,66,6,13472,2,66,0.09090909090909091,0.00011849819290105607
8108,Cat_16,453570,181,71,1,2791,0,71,0.014084507042253521,0.00011849531914725705
7817,Cat_6,453500,169,64,3,8011,0,64,0.046875,0.0001184770316230815
206,Cat_22,453491,169,70,1,2277,0,70,0.014285714285714285,0.00011847468036997321
262,Cat_21,453450,173,70,6,16410,0,70,0.08571428571428572,0.00011846396910581324
6163,Cat_25,453430,169,71,2,3293,0,71,0.028169014084507043,0.00011845874409890594
6093,Cat_15,453429,177,74,8,18017,3,74,0.10810810810810811,0.00011845848284856057
3751,Cat_7,453409,175,65,3,1705,0,65,0.046153846153846156,0.00011845325784165327
2311,Cat_22,453392,165,65,3,11634,2,65,0.046153846153846156,0.00011844881658578207
334,Cat_21,453327,187,74,5,12401,1,74,0.06756756756756757,0.00011843183531333333
1451,Cat_16,453276,170,60,2,5109,0,60,0.03333333333333333,0.00011841851154571971
1481,Cat_18,453255,203,78,3,5381,0,78,0.038461538461538464,0.00011841302528846705
8705,Cat_28,453213,175,72,2,9333,1,72,0.027777777777777776,0.00011840205277396171
2687,Cat_26,453192,172,64,4,10087,2,64,0.0625,0.00011839656651670904
375,Cat_10,453174,170,67,7,19550,1,67,0.1044776119402985,0.00011839186401049246
2864,Cat_23,453132,180,71,3,8446,1,70,0.04225352112676056,0.00011838089149598713
8852,Cat_16,453114,178,66,3,9822,0,66,0.045454545454545456,0.00011837618898977056
292,Cat_12,453108,171,68,3,12425,2,68,0.04411764705882353,0.00011837462148769837
4938,Cat_3,453105,164,60,1,960,0,60,0.016666666666666666,0.00011837383773666227
3239,Cat_20,453098,162,61,4,6883,2,61,0.06557377049180328,0.00011837200898424472
6636,Cat_25,453036,156,61,2,6501,1,61,0.03278688524590164,0.00011835581146283208
1161,Cat_1,452883,161,64,2,1899,0,64,0.03125,0.00011831584015999121
7879,Cat_12,452869,165,68,3,11939,0,68,0.04411764705882353,0.00011831218265515611
2501,Cat_13,452862,156,66,2,5020,1,66,0.030303030303030304,0.00011831035390273855
6929,Cat_19,452831,178,74,1,2744,0,74,0.013513513513513514,0.00011830225514203222
7903,Cat_21,452753,163,67,6,15944,1,67,0.08955223880597014,0.00011828187761509374
5743,Cat_3,452735,169,72,2,2206,1,72,0.027777777777777776,0.00011827717510887718
7927,Cat_8,452701,183,74,2,5509,1,74,0.02702702702702703,0.00011826829259713477
8110,Cat_11,452684,176,69,6,19215,3,69,0.08695652173913043,0.00011826385134126356
9043,Cat_16,452633,177,68,3,8233,2,68,0.04411764705882353,0.00011825052757364994
6814,Cat_1,452624,187,74,5,14718,1,74,0.06756756756756757,0.00011824817632054165
9379,Cat_15,452551,171,71,3,7632,2,71,0.04225352112676056,0.00011822910504533
2144,Cat_21,452535,166,63,4,13599,2,63,0.06349206349206349,0.00011822492503980415
2951,Cat_20,452307,182,69,5,15360,3,69,0.07246376811594203,0.00011816535996106091
5939,Cat_29,452288,160,62,2,3796,1,62,0.03225806451612903,0.00011816039620449897
9366,Cat_25,452277,170,63,1,3573,0,63,0.015873015873015872,0.00011815752245069996
5647,Cat_26,452248,171,60,3,3348,0,60,0.05,0.00011814994619068437
2442,Cat_15,452215,175,75,10,17636,5,75,0.13333333333333333,0.00011814132492928731
5383,Cat_25,452177,167,63,2,8045,0,63,0.031746031746031744,0.00011813139741616344
5446,Cat_16,452134,158,61,1,4848,0,61,0.01639344262295082,0.00011812016365131274
2569,Cat_8,452118,157,62,5,10587,0,62,0.08064516129032258,0.0001181159836457869
7743,Cat_11,452094,167,64,4,9047,2,64,0.0625,0.00011810971363749814
9324,Cat_24,452074,166,69,2,9586,1,68,0.028985507246376812,0.00011810448863059083
4921,Cat_23,452061,172,71,7,22975,3,71,0.09859154929577464,0.00011810109237610109
5875,Cat_8,452058,190,72,3,6452,1,72,0.041666666666666664,0.000118100308625065
1785,Cat_4,452047,156,65,3,14064,0,65,0.046153846153846156,0.00011809743487126598
5324,Cat_15,452042,163,64,1,3951,1,64,0.015625,0.00011809612861953915
349,Cat_25,451993,177,64,2,4800,1,64,0.03125,0.00011808332735261626
5271,Cat_9,451936,185,70,6,9885,2,70,0.08571428571428572,0.00011806843608293045
5908,Cat_24,451930,194,78,8,15036,0,78,0.10256410256410256,0.00011806686858085826
1516,Cat_22,451849,158,68,4,11716,2,68,0.058823529411764705,0.00011804570730288369
5653,Cat_4,451789,167,66,1,3047,0,66,0.015151515151515152,0.00011803003228216177
3597,Cat_17,451769,160,65,1,3413,0,65,0.015384615384615385,0.00011802480727525448
5812,Cat_16,451733,168,69,5,17318,2,69,0.07246376811594203,0.00011801540226282133
3455,Cat_1,451692,166,72,3,8087,2,72,0.041666666666666664,0.00011800469099866136
3165,Cat_28,451682,175,64,3,8229,2,64,0.046875,0.0001180020784952077
9478,Cat_26,451661,167,69,1,1086,0,69,0.014492753623188406,0.00011799659223795505
3921,Cat_2,451649,183,69,4,11805,2,69,0.057971014492753624,0.00011799345723381066
7370,Cat_17,451626,160,63,0,0,0,63,0.0,0.00011798744847586726
4559,Cat_4,451595,159,67,1,270,0,67,0.014925373134328358,0.00011797934971516094
1140,Cat_28,451577,163,63,7,16092,1,63,0.1111111111111111,0.00011797464720894438
4654,Cat_3,451536,160,61,2,4449,0,61,0.03278688524590164,0.0001179639359447844
9194,Cat_16,451481,167,63,5,11308,1,63,0.07936507936507936,0.00011794956717578932
4523,Cat_19,451477,162,60,3,6642,1,59,0.05,0.00011794852217440786
9619,Cat_21,451473,204,78,6,13272,3,78,0.07692307692307693,0.0001179474771730264
6968,Cat_18,451465,169,65,1,2215,0,65,0.015384615384615385,0.00011794538717026348
5872,Cat_26,451448,190,79,4,15092,1,79,0.05063291139240506,0.00011794094591439226
3562,Cat_26,451404,173,72,0,0,0,72,0.0,0.00011792945089919621
9390,Cat_10,451307,181,71,3,5700,1,71,0.04225352112676056,0.0001179041096156958
7643,Cat_4,451302,169,65,5,10975,0,65,0.07692307692307693,0.00011790280336396896
1266,Cat_3,451297,178,70,5,7572,0,70,0.07142857142857142,0.00011790149711224214
7416,Cat_28,451297,184,71,3,8357,0,71,0.04225352112676056,0.00011790149711224214
9475,Cat_1,451272,170,74,3,3946,0,74,0.04054054054054054,0.00011789496585360801
1138,Cat_5,451172,163,67,5,16131,3,67,0.07462686567164178,0.0001178688408190715
6304,Cat_28,451129,197,73,5,13500,1,73,0.0684931506849315,0.0001178576070542208
9124,Cat_28,451110,187,71,3,5205,0,71,0.04225352112676056,0.00011785264329765886
8468,Cat_5,451065,175,65,6,12009,0,65,0.09230769230769231,0.00011784088703211743
6670,Cat_22,451054,171,67,4,8677,1,67,0.05970149253731343,0.00011783801327831842
485,Cat_1,451048,176,72,4,9916,1,72,0.05555555555555555,0.00011783644577624623
1654,Cat_26,451010,171,66,4,9894,0,66,0.06060606060606061,0.00011782651826312235
7854,Cat_25,450945,174,74,6,17076,2,74,0.08108108108108109,0.00011780953699067362
5497,Cat_13,450930,180,70,2,3668,0,70,0.02857142857142857,0.00011780561823549314
190,Cat_15,450908,181,74,4,10071,2,74,0.05405405405405406,0.0001177998707278951
5034,Cat_9,450894,175,63,0,0,0,63,0.0,0.00011779621322306
874,Cat_14,450893,158,62,2,3922,0,62,0.03225806451612903,0.00011779595197271463
3143,Cat_30,450876,174,70,3,8397,1,70,0.04285714285714286,0.00011779151071684342
8657,Cat_17,450855,177,76,3,6179,1,76,0.039473684210526314,0.00011778602445959075
4428,Cat_4,450854,163,56,2,4296,0,56,0.03571428571428571,0.0001177857632092454
294,Cat_22,450837,173,65,2,3875,0,65,0.03076923076923077,0.00011778132195337419
447,Cat_23,450773,170,69,0,0,0,69,0.0,0.00011776460193127081
9075,Cat_24,450766,168,65,5,10647,0,65,0.07692307692307693,0.00011776277317885326
9173,Cat_4,450747,177,68,7,15782,1,68,0.10294117647058823,0.00011775780942229132
2977,Cat_2,450705,182,71,2,2517,0,71,0.028169014084507043,0.00011774683690778599
133,Cat_16,450619,182,66,7,19397,3,66,0.10606060606060606,0.00011772436937808458
7543,Cat_17,450576,179,73,4,13623,1,73,0.0547945205479452,0.00011771313561323389
3099,Cat_4,450542,171,69,5,9574,1,69,0.07246376811594203,0.00011770425310149148
9152,Cat_22,450536,166,63,3,10020,1,62,0.047619047619047616,0.00011770268559941928
1881,Cat_17,450500,154,65,2,9124,1,65,0.03076923076923077,0.00011769328058698614
7217,Cat_16,450494,191,75,6,14309,2,75,0.08,0.00011769171308491395
2913,Cat_6,450462,157,68,2,1518,0,68,0.029411764705882353,0.00011768335307386227
3820,Cat_9,450460,167,66,0,0,0,66,0.0,0.00011768283057317154
8977,Cat_30,450451,175,74,2,9072,1,74,0.02702702702702703,0.00011768047932006325
24,Cat_18,450348,170,69,7,11525,0,69,0.10144927536231885,0.00011765357053449064
7798,Cat_24,450290,178,65,3,6740,0,65,0.046153846153846156,0.00011763841801445946
1583,Cat_29,450288,172,64,0,0,0,64,0.0,0.00011763789551376873
5837,Cat_11,450263,181,71,2,5374,0,71,0.028169014084507043,0.0001176313642551346
4971,Cat_10,450256,192,71,0,0,0,71,0.0,0.00011762953550271705
7993,Cat_29,450245,166,70,5,9634,1,70,0.07142857142857142,0.00011762666174891803
6902,Cat_12,450200,158,64,1,2894,0,64,0.015625,0.00011761490548337661
3703,Cat_6,450185,172,67,1,216,0,67,0.014925373134328358,0.00011761098672819612
5311,Cat_10,450168,175,69,4,8679,0,69,0.057971014492753624,0.00011760654547232491
9669,Cat_28,450167,160,66,2,8163,1,66,0.030303030303030304,0.00011760628422197955
6964,Cat_28,450107,168,59,3,9891,2,59,0.05084745762711865,0.00011759060920125764
7335,Cat_28,450066,167,72,1,4240,0,72,0.013888888888888888,0.00011757989793709768
5916,Cat_25,449809,158,61,2,7511,1,61,0.03278688524590164,0.00011751275659833884
1860,Cat_28,449792,176,71,2,6475,1,71,0.028169014084507043,0.00011750831534246763
3937,Cat_28,449778,183,71,3,11797,2,71,0.04225352112676056,0.00011750465783763252
3794,Cat_30,449736,156,65,3,5558,0,65,0.046153846153846156,0.00011749368532312718
3154,Cat_23,449712,143,57,3,4535,1,57,0.05263157894736842,0.00011748741531483842
5634,Cat_21,449655,162,63,4,9982,0,63,0.06349206349206349,0.00011747252404515261
2367,Cat_25,449648,174,65,4,12909,1,65,0.06153846153846154,0.00011747069529273506
7852,Cat_29,449636,173,64,3,12153,1,64,0.046875,0.00011746756028859067
7231,Cat_25,449635,153,67,8,18736,2,67,0.11940298507462686,0.00011746729903824532
8704,Cat_28,449629,176,64,3,6231,1,64,0.046875,0.00011746573153617312
7562,Cat_15,449609,161,59,1,2456,0,59,0.01694915254237288,0.00011746050652926581
4367,Cat_29,449538,168,64,2,3407,1,64,0.03125,0.00011744195775474489
6811,Cat_3,449532,192,73,1,3639,0,73,0.0136986301369863,0.00011744039025267271
271,Cat_12,449526,186,67,5,10123,1,67,0.07462686567164178,0.00011743882275060051
9639,Cat_10,449507,179,74,4,18266,2,74,0.05405405405405406,0.00011743385899403858
1634,Cat_28,449478,157,67,5,16801,1,67,0.07462686567164178,0.00011742628273402299
5678,Cat_4,449437,171,64,4,15458,2,64,0.0625,0.00011741557146986302
6063,Cat_7,449423,173,71,4,11006,0,71,0.056338028169014086,0.0001174119139650279
7278,Cat_21,449396,167,69,1,4961,1,69,0.014492753623188406,0.00011740486020570304
3578,Cat_6,449335,176,72,3,10595,0,72,0.041666666666666664,0.00011738892393463577
3147,Cat_20,449323,188,73,8,16113,1,73,0.1095890410958904,0.0001173857889304914
5001,Cat_1,449284,149,58,1,1646,0,58,0.017241379310344827,0.00011737560016702215
2468,Cat_8,449094,178,72,6,14884,3,72,0.08333333333333333,0.00011732596260140278
9030,Cat_18,449050,168,67,3,10186,1,67,0.04477611940298507,0.00011731446758620671
5112,Cat_17,449033,162,68,2,2873,0,68,0.029411764705882353,0.00011731002633033551
1561,Cat_18,449002,181,70,3,10277,0,70,0.04285714285714286,0.00011730192756962919
4623,Cat_16,448932,165,62,3,7470,0,62,0.04838709677419355,0.00011728364004545363
5834,Cat_30,448881,191,74,4,10000,0,74,0.05405405405405406,0.00011727031627784001
6955,Cat_26,448879,173,71,2,2088,0,71,0.028169014084507043,0.00011726979377714928
4807,Cat_19,448878,156,61,5,8964,0,61,0.08196721311475409,0.00011726953252680391
2611,Cat_26,448878,180,69,2,8616,0,69,0.028985507246376812,0.00011726953252680391
624,Cat_30,448868,180,71,6,19544,3,71,0.08450704225352113,0.00011726692002335027
9280,Cat_2,448844,148,59,1,3110,0,59,0.01694915254237288,0.0001172606500150615
2209,Cat_3,448827,158,62,3,6888,0,62,0.04838709677419355,0.00011725620875919029
164,Cat_11,448826,168,64,2,7499,1,64,0.03125,0.00011725594750884493
5584,Cat_8,448805,167,63,3,4864,0,63,0.047619047619047616,0.00011725046125159226
1466,Cat_15,448764,172,71,7,20760,2,71,0.09859154929577464,0.00011723974998743229
8899,Cat_7,448698,181,68,6,10150,1,68,0.08823529411764706,0.00011722250746463819
7168,Cat_6,448688,176,67,2,3124,1,67,0.029850746268656716,0.00011721989496118454
1102,Cat_11,448634,184,75,2,5544,1,75,0.02666666666666667,0.00011720578744253483
1033,Cat_28,448619,181,66,2,7217,0,66,0.030303030303030304,0.00011720186868735435
8071,Cat_25,448615,174,64,5,9991,1,64,0.078125,0.00011720082368597289
6687,Cat_19,448566,156,60,4,11066,2,60,0.06666666666666667,0.00011718802241904999
2727,Cat_1,448548,151,62,5,13686,1,62,0.08064516129032258,0.00011718331991283343
7390,Cat_22,448471,181,70,3,6536,0,70,0.04285714285714286,0.0001171632036362403
6978,Cat_10,448455,183,71,3,7274,2,71,0.04225352112676056,0.00011715902363071447
6361,Cat_3,448385,176,69,3,7700,0,69,0.043478260869565216,0.00011714073610653892
1626,Cat_22,448358,161,61,3,14066,2,61,0.04918032786885246,0.00011713368234721406
8451,Cat_5,448333,173,66,6,13499,3,66,0.09090909090909091,0.00011712715108857993
8988,Cat_11,448327,169,65,3,11306,0,65,0.046153846153846156,0.00011712558358650773
1694,Cat_16,448282,176,66,1,2808,0,66,0.015151515151515152,0.00011711382732096631
711,Cat_15,448277,167,70,3,9715,0,70,0.04285714285714286,0.00011711252106923947
3747,Cat_8,448249,176,70,1,1253,0,70,0.014285714285714285,0.00011710520605956925
3131,Cat_24,448247,174,70,1,1541,0,70,0.014285714285714285,0.00011710468355887852
3074,Cat_16,448170,174,65,4,13635,2,65,0.06153846153846154,0.00011708456728228542
97,Cat_3,448033,180,76,7,8819,0,76,0.09210526315789473,0.0001170487759849704
9555,Cat_8,447980,170,67,5,13558,3,67,0.07462686567164178,0.00011703492971666603
5496,Cat_15,447863,166,59,2,3165,2,59,0.03389830508474576,0.00011700436342625832
9100,Cat_5,447854,175,68,3,4938,0,68,0.04411764705882353,0.00011700201217315004
6996,Cat_26,447802,195,79,8,23579,3,79,0.10126582278481013,0.00011698842715519105
1164,Cat_8,447782,179,76,6,17453,1,76,0.07894736842105263,0.00011698320214828375
7490,Cat_13,447773,166,63,2,3760,0,63,0.031746031746031744,0.00011698085089517545
1853,Cat_8,447712,163,60,1,4218,0,60,0.016666666666666666,0.00011696491462410818
541,Cat_24,447650,171,65,0,0,0,65,0.0,0.00011694871710269555
9793,Cat_27,447637,174,75,1,164,0,75,0.013333333333333334,0.0001169453208482058
6048,Cat_10,447630,175,66,2,5403,0,66,0.030303030303030304,0.00011694349209578824
4891,Cat_16,447621,182,66,4,10728,2,66,0.06060606060606061,0.00011694114084267996
3284,Cat_20,447576,165,66,2,4993,1,66,0.030303030303030304,0.00011692938457713853
7308,Cat_16,447549,158,66,2,8880,1,66,0.030303030303030304,0.00011692233081781367
4506,Cat_10,447548,156,63,10,22656,1,63,0.15873015873015872,0.00011692206956746831
3865,Cat_3,447491,174,73,3,9166,1,73,0.0410958904109589,0.0001169071782977825
9418,Cat_10,447474,158,61,3,8969,1,61,0.04918032786885246,0.00011690273704191128
2419,Cat_24,447438,175,63,1,3296,0,63,0.015873015873015872,0.00011689333202947814
4298,Cat_15,447416,169,66,3,9088,0,66,0.045454545454545456,0.00011688758452188011
1911,Cat_6,447358,172,64,3,2359,0,64,0.046875,0.00011687243200184893
1836,Cat_11,447314,168,69,6,17522,3,69,0.08695652173913043,0.00011686093698665287
3992,Cat_19,447310,178,69,2,7679,1,69,0.028985507246376812,0.00011685989198527141
8194,Cat_7,447282,179,75,4,4671,2,75,0.05333333333333334,0.00011685257697560118
7996,Cat_11,447260,169,65,3,7736,1,65,0.046153846153846156,0.00011684682946800315
381,Cat_6,447197,189,73,1,4484,0,73,0.0136986301369863,0.00011683037069624515
5577,Cat_5,447187,177,75,3,5519,0,75,0.04,0.0001168277581927915
5708,Cat_10,447173,171,66,3,7161,1,66,0.045454545454545456,0.00011682410068795639
1428,Cat_9,447062,164,63,5,12638,0,63,0.07936507936507936,0.00011679510189962086
6299,Cat_8,447057,168,64,3,6576,0,64,0.046875,0.00011679379564789404
9926,Cat_16,446968,149,62,6,15388,0,62,0.0967741935483871,0.00011677054436715653
6274,Cat_25,446966,182,67,3,8978,1,67,0.04477611940298507,0.00011677002186646581
7381,Cat_20,446964,168,70,2,711,0,70,0.02857142857142857,0.00011676949936577508
1284,Cat_11,446878,159,64,2,4160,0,64,0.03125,0.00011674703183607368
9171,Cat_27,446853,158,63,2,3238,1,63,0.031746031746031744,0.00011674050057743955
961,Cat_18,446804,175,67,2,5568,1,67,0.029850746268656716,0.00011672769931051666
9499,Cat_6,446758,173,66,3,10899,1,66,0.045454545454545456,0.00011671568179462986
5046,Cat_13,446681,173,70,2,8752,1,70,0.02857142857142857,0.00011669556551803674
4874,Cat_16,446634,163,65,3,10527,0,65,0.046153846153846156,0.00011668328675180459
5990,Cat_22,446554,159,63,3,4540,1,63,0.047619047619047616,0.00011666238672417538
9801,Cat_9,446529,174,67,2,7947,0,67,0.029850746268656716,0.00011665585546554125
408,Cat_4,446427,167,64,4,6757,1,64,0.0625,0.00011662920793031401
9067,Cat_30,446387,190,78,2,4373,1,78,0.02564102564102564,0.0001166187579164994
8612,Cat_22,446358,174,67,2,2487,0,67,0.029850746268656716,0.00011661118165648381
4587,Cat_30,446352,169,67,4,16892,1,67,0.05970149253731343,0.00011660961415441162
929,Cat_22,446327,166,67,1,3397,0,67,0.014925373134328358,0.00011660308289577749
7423,Cat_16,446322,171,69,3,8365,2,69,0.043478260869565216,0.00011660177664405067
8692,Cat_27,446318,168,69,2,2773,1,69,0.028985507246376812,0.00011660073164266921
9611,Cat_29,446293,164,63,1,3865,1,63,0.015873015873015872,0.00011659420038403508
9242,Cat_26,446290,164,71,5,12713,0,71,0.07042253521126761,0.00011659341663299899
1929,Cat_24,446289,188,74,0,0,0,74,0.0,0.00011659315538265362
6856,Cat_23,446287,175,72,4,15967,1,72,0.05555555555555555,0.00011659263288196289
6768,Cat_12,446273,186,72,5,13161,1,72,0.06944444444444445,0.00011658897537712778
1020,Cat_12,446173,185,80,2,1695,0,80,0.025,0.00011656285034259126
2470,Cat_29,446156,176,63,5,14896,1,63,0.07936507936507936,0.00011655840908672006
6583,Cat_18,446156,161,68,1,2703,0,68,0.014705882352941176,0.00011655840908672006
602,Cat_12,446132,160,63,3,5116,0,63,0.047619047619047616,0.0001165521390784313
1962,Cat_22,446097,154,62,5,11255,1,62,0.08064516129032258,0.00011654299531634351
7620,Cat_20,446093,167,66,2,10792,2,66,0.030303030303030304,0.00011654195031496205
6418,Cat_16,446052,175,69,7,19274,0,69,0.10144927536231885,0.00011653123905080209
2504,Cat_9,446049,179,65,6,20176,1,65,0.09230769230769231,0.000116530455299766
6012,Cat_16,446032,172,69,5,12234,0,69,0.07246376811594203,0.00011652601404389478
7401,Cat_24,446027,161,64,3,9316,1,64,0.046875,0.00011652470779216796
5540,Cat_15,445987,159,64,1,2630,0,64,0.015625,0.00011651425777835335
7708,Cat_10,445957,179,68,1,802,0,68,0.014705882352941176,0.0001165064202679924
4105,Cat_25,445939,180,68,6,16173,2,68,0.08823529411764706,0.00011650171776177582
105,Cat_6,445838,173,70,7,16047,0,70,0.1,0.00011647533147689395
4977,Cat_3,445799,193,80,4,12138,1,80,0.05,0.00011646514271342471
4709,Cat_6,445782,173,63,5,11495,1,63,0.07936507936507936,0.00011646070145755351
7440,Cat_5,445737,177,67,4,15376,0,67,0.05970149253731343,0.00011644894519201208
3616,Cat_30,445729,159,62,6,9961,0,62,0.0967741935483871,0.00011644685518924916
9118,Cat_24,445725,165,62,3,7284,0,62,0.04838709677419355,0.0001164458101878677
6198,Cat_3,445698,164,69,3,8449,1,69,0.043478260869565216,0.00011643875642854284
2882,Cat_28,445687,178,67,0,0,0,67,0.0,0.00011643588267474382
3415,Cat_13,445616,142,56,2,1674,0,56,0.03571428571428571,0.0001164173339002229
4008,Cat_16,445557,181,72,3,8315,0,72,0.041666666666666664,0.00011640192012984635
9493,Cat_4,445500,171,64,6,13171,1,64,0.09375,0.00011638702886016054
5284,Cat_8,445474,182,70,3,11221,1,70,0.04285714285714286,0.00011638023635118105
5086,Cat_18,445455,171,64,6,12488,1,64,0.09375,0.00011637527259461911
2843,Cat_17,445442,168,63,1,4940,0,63,0.015873015873015872,0.00011637187634012937
1737,Cat_11,445442,162,69,4,9365,1,69,0.057971014492753624,0.00011637187634012937
4335,Cat_17,445435,150,55,2,3330,0,55,0.03636363636363636,0.0001163700475877118
4542,Cat_29,445387,169,66,4,6125,0,66,0.06060606060606061,0.00011635750757113429
9063,Cat_19,445344,158,64,5,19204,1,64,0.078125,0.00011634627380628358
7061,Cat_12,445297,182,70,6,21394,3,70,0.08571428571428572,0.00011633399504005143
5450,Cat_25,445282,178,69,3,9473,2,69,0.043478260869565216,0.00011633007628487095
2877,Cat_23,445273,172,67,5,12896,3,67,0.07462686567164178,0.00011632772503176265
875,Cat_29,445266,207,81,2,6850,0,81,0.024691358024691357,0.0001163258962793451
7633,Cat_7,445253,183,71,3,8153,0,71,0.04225352112676056,0.00011632250002485536
3021,Cat_12,445224,155,60,3,12043,3,60,0.05,0.00011631492376483977
7913,Cat_19,445192,152,57,1,2406,0,57,0.017543859649122806,0.00011630656375378809
687,Cat_20,445180,180,71,5,14679,2,71,0.07042253521126761,0.0001163034287496437
9942,Cat_12,445161,175,62,4,9945,0,62,0.06451612903225806,0.00011629846499308176
7849,Cat_15,445147,188,72,1,2481,1,72,0.013888888888888888,0.00011629480748824666
9484,Cat_6,445036,165,67,4,12146,0,67,0.05970149253731343,0.00011626580869991113
9935,Cat_18,445002,184,70,2,4179,0,70,0.02857142857142857,0.00011625692618816871
701,Cat_18,444963,167,71,0,0,0,71,0.0,0.00011624673742469947
5159,Cat_25,444960,161,64,2,3793,0,64,0.03125,0.00011624595367366338
9862,Cat_13,444959,152,60,2,1861,0,60,0.03333333333333333,0.00011624569242331802
5511,Cat_15,444957,169,73,1,1577,0,73,0.0136986301369863,0.00011624516992262729
6526,Cat_14,444946,153,67,2,5265,1,67,0.029850746268656716,0.00011624229616882826
3251,Cat_19,444931,160,57,3,6842,0,57,0.05263157894736842,0.00011623837741364779
4843,Cat_10,444914,157,65,2,4483,1,65,0.03076923076923077,0.00011623393615777658
1246,Cat_6,444912,183,69,1,311,0,69,0.014492753623188406,0.00011623341365708585
9797,Cat_28,444862,164,69,4,11089,0,69,0.057971014492753624,0.0001162203511398176
1733,Cat_2,444851,179,67,3,11293,0,67,0.04477611940298507,0.00011621747738601858
5142,Cat_9,444846,166,64,5,12220,0,64,0.078125,0.00011621617113429176
8512,Cat_21,444846,164,68,3,6204,1,68,0.04411764705882353,0.00011621617113429176
6656,Cat_2,444797,174,69,4,14658,3,69,0.057971014492753624,0.00011620336986736887
644,Cat_18,444795,156,61,2,1027,0,61,0.03278688524590164,0.00011620284736667814
964,Cat_30,444780,163,62,5,15365,2,62,0.08064516129032258,0.00011619892861149766
9244,Cat_28,444760,173,66,1,4876,1,66,0.015151515151515152,0.00011619370360459035
7415,Cat_10,444715,175,67,2,8176,1,67,0.029850746268656716,0.00011618194733904893
8060,Cat_22,444691,151,59,3,6724,0,59,0.05084745762711865,0.00011617567733076016
6278,Cat_16,444686,176,72,4,14043,3,72,0.05555555555555555,0.00011617437107903334
2465,Cat_7,444650,176,69,4,9457,0,69,0.057971014492753624,0.00011616496606660019
6895,Cat_17,444612,189,72,3,10270,2,72,0.041666666666666664,0.00011615503855347632
8663,Cat_6,444578,171,64,6,13976,0,64,0.09375,0.0001161461560417339
2679,Cat_24,444573,175,64,1,4400,1,64,0.015625,0.00011614484979000707
802,Cat_11,444532,174,65,5,9811,1,65,0.07692307692307693,0.00011613413852584711
8842,Cat_20,444506,174,66,6,14918,1,66,0.09090909090909091,0.00011612734601686762
7617,Cat_3,444433,139,56,4,8944,1,56,0.07142857142857142,0.00011610827474165596
311,Cat_20,444430,179,66,1,3279,0,66,0.015151515151515152,0.00011610749099061987
8405,Cat_14,444428,172,66,5,17423,0,66,0.07575757575757576,0.00011610696848992914
3659,Cat_30,444304,150,55,1,1287,0,55,0.01818181818181818,0.00011607457344710386
2939,Cat_24,444302,169,61,4,7352,1,61,0.06557377049180328,0.00011607405094641313
4245,Cat_29,444287,159,62,3,9318,1,62,0.04838709677419355,0.00011607013219123266
5434,Cat_10,444284,171,63,1,4646,0,63,0.015873015873015872,0.00011606934844019655
6997,Cat_6,444274,170,67,1,1238,1,67,0.014925373134328358,0.00011606673593674291
6772,Cat_25,444211,182,72,5,12358,0,72,0.06944444444444445,0.00011605027716498491
4665,Cat_29,444161,162,67,5,9974,0,67,0.07462686567164178,0.00011603721464771665
1620,Cat_15,444140,164,63,2,5809,1,63,0.031746031746031744,0.00011603172839046398
7169,Cat_29,444138,161,59,1,474,0,59,0.01694915254237288,0.00011603120588977325
1175,Cat_9,444130,164,66,0,0,0,66,0.0,0.00011602911588701033
3129,Cat_5,444099,195,72,5,6511,0,72,0.06944444444444445,0.00011602101712630402
8277,Cat_5,444095,176,67,4,13967,1,67,0.05970149253731343,0.00011601997212492255
890,Cat_4,444064,151,59,3,9814,0,59,0.05084745762711865,0.00011601187336421623
6123,Cat_19,444044,164,69,4,13643,2,69,0.057971014492753624,0.00011600664835730894
679,Cat_23,444042,162,58,3,10101,0,58,0.05172413793103448,0.0001160061258566182
8685,Cat_25,444012,186,71,2,2774,1,71,0.028169014084507043,0.00011599828834625724
6350,Cat_7,444010,170,72,5,8097,1,72,0.06944444444444445,0.00011599776584556651
3674,Cat_30,444007,161,63,4,15061,1,63,0.06349206349206349,0.00011599698209453042
7101,Cat_11,443966,178,77,6,13148,2,77,0.07792207792207792,0.00011598627083037046
5711,Cat_17,443952,188,69,2,3317,0,69,0.028985507246376812,0.00011598261332553534
6910,Cat_5,443896,155,64,6,13309,2,64,0.09375,0.00011596798330619489
8040,Cat_21,443859,164,65,3,7844,1,65,0.046153846153846156,0.00011595831704341639
2729,Cat_26,443807,146,60,0,0,0,60,0.0,0.0001159447320254574
2000,Cat_7,443797,160,65,4,5272,1,65,0.06153846153846154,0.00011594211952200374
7085,Cat_20,443795,165,64,1,3712,0,64,0.015625,0.00011594159702131301
5204,Cat_14,443784,166,66,7,11934,3,66,0.10606060606060606,0.000115938723267514
3210,Cat_27,443775,165,63,3,7584,1,63,0.047619047619047616,0.00011593637201440571
6759,Cat_13,443723,184,68,1,4699,0,68,0.014705882352941176,0.00011592278699644672
125,Cat_16,443657,165,62,1,887,0,62,0.016129032258064516,0.00011590554447365263
699,Cat_3,443656,190,68,2,6665,2,68,0.029411764705882353,0.00011590528322330726
8482,Cat_3,443651,167,65,3,8230,2,65,0.046153846153846156,0.00011590397697158044
5950,Cat_5,443581,170,66,3,9153,0,66,0.045454545454545456,0.00011588568944740488
8229,Cat_10,443533,172,65,6,10919,0,65,0.09230769230769231,0.00011587314943082735
4317,Cat_16,443490,155,66,0,0,0,66,0.0,0.00011586191566597666
177,Cat_20,443469,157,60,2,4094,0,60,0.03333333333333333,0.00011585642940872399
487,Cat_22,443458,166,72,2,6726,1,72,0.027777777777777776,0.00011585355565492498
5753,Cat_4,443432,183,72,1,2573,0,72,0.013888888888888888,0.00011584676314594547
1220,Cat_13,443371,170,70,4,10154,1,70,0.05714285714285714,0.0001158308268748782
5147,Cat_5,443341,147,66,4,8991,0,66,0.06060606060606061,0.00011582298936451725
7910,Cat_16,443314,177,69,2,6279,1,69,0.028985507246376812,0.00011581593560519239
4172,Cat_21,443284,175,73,4,12392,4,73,0.0547945205479452,0.00011580809809483144
7555,Cat_15,443250,150,58,4,10872,2,58,0.06896551724137931,0.00011579921558308903
7029,Cat_29,443211,164,63,2,5613,1,63,0.031746031746031744,0.00011578902681961978
3931,Cat_22,443154,183,72,1,1365,0,72,0.013888888888888888,0.00011577413554993397
2790,Cat_10,443136,173,69,5,15876,1,69,0.07246376811594203,0.0001157694330437174
522,Cat_9,443076,178,66,3,7737,0,66,0.045454545454545456,0.00011575375802299549
5641,Cat_30,443040,173,66,2,4944,0,66,0.030303030303030304,0.00011574435301056235
9869,Cat_8,443038,157,57,3,9053,0,57,0.05263157894736842,0.00011574383050987161
5885,Cat_29,443029,173,69,1,3679,0,69,0.014492753623188406,0.00011574147925676333
9308,Cat_3,443028,149,60,2,3751,0,60,0.03333333333333333,0.00011574121800641797
6512,Cat_4,443019,172,66,2,6081,1,66,0.030303030303030304,0.00011573886675330968
3072,Cat_27,442969,163,61,4,11315,1,61,0.06557377049180328,0.00011572580423604143
434,Cat_24,442939,167,69,3,12310,1,69,0.043478260869565216,0.00011571796672568047
5454,Cat_5,442867,171,68,2,5947,0,68,0.029411764705882353,0.00011569915670081418
3584,Cat_25,442855,151,56,6,16720,0,56,0.10714285714285714,0.00011569602169666981
9292,Cat_9,442845,171,62,3,5731,2,62,0.04838709677419355,0.00011569340919321615
9932,Cat_17,442839,170,69,3,8015,1,69,0.043478260869565216,0.00011569184169114396
7812,Cat_14,442828,175,65,4,13083,1,65,0.06153846153846154,0.00011568896793734495
5794,Cat_9,442819,172,68,6,18126,1,68,0.08823529411764706,0.00011568661668423665
369,Cat_12,442777,191,74,3,10968,1,74,0.04054054054054054,0.00011567564416973133
3315,Cat_5,442701,174,67,5,7960,1,67,0.07462686567164178,0.00011565578914348357
9285,Cat_11,442700,168,70,2,5823,2,70,0.02857142857142857,0.00011565552789313821
7701,Cat_20,442685,177,67,6,14403,1,67,0.08955223880597014,0.00011565160913795773
811,Cat_21,442682,167,61,1,3307,0,61,0.01639344262295082,0.00011565082538692163
7813,Cat_2,442674,165,61,4,11937,1,61,0.06557377049180328,0.00011564873538415872
6521,Cat_24,442662,166,63,2,4682,1,63,0.031746031746031744,0.00011564560038001433
7045,Cat_7,442657,187,74,0,0,0,74,0.0,0.00011564429412828751
5515,Cat_23,442610,168,67,1,4628,0,67,0.014925373134328358,0.00011563201536205534
5930,Cat_11,442521,168,68,2,7423,2,68,0.029411764705882353,0.00011560876408131785
9618,Cat_22,442502,163,64,2,4089,0,64,0.03125,0.00011560380032475591
4531,Cat_1,442461,195,81,1,1228,0,81,0.012345679012345678,0.00011559308906059595
7396,Cat_17,442461,167,64,5,19080,0,64,0.078125,0.00011559308906059595
7069,Cat_26,442442,169,69,2,8001,0,69,0.028985507246376812,0.00011558812530403401
7158,Cat_27,442428,172,71,3,7110,1,71,0.04225352112676056,0.0001155844677991989
4525,Cat_20,442409,197,78,4,13407,3,78,0.05128205128205128,0.00011557950404263696
9792,Cat_23,442400,177,70,6,18009,2,70,0.08571428571428572,0.00011557715278952868
6831,Cat_11,442362,170,64,1,2083,0,64,0.015625,0.0001155672252764048
7237,Cat_19,442361,170,68,6,20074,2,68,0.08823529411764706,0.00011556696402605943
3024,Cat_19,442358,164,65,1,3797,0,65,0.015384615384615385,0.00011556618027502334
5921,Cat_28,442339,166,57,1,3505,0,57,0.017543859649122806,0.0001155612165184614
4332,Cat_17,442310,168,63,7,17641,3,63,0.1111111111111111,0.00011555364025844581
2693,Cat_6,442273,155,62,3,11945,0,62,0.04838709677419355,0.0001155439739956673
844,Cat_17,442256,173,67,2,4157,1,67,0.029850746268656716,0.00011553953273979609
9452,Cat_16,442255,157,64,3,5124,1,64,0.046875,0.00011553927148945073
6394,Cat_27,442253,172,65,5,14952,1,65,0.07692307692307693,0.00011553874898876
620,Cat_12,442241,150,56,2,3858,0,56,0.03571428571428571,0.00011553561398461562
2911,Cat_25,442208,151,64,4,13244,2,64,0.0625,0.00011552699272321858
5639,Cat_11,442202,175,62,3,5152,0,62,0.04838709677419355,0.00011552542522114638
6530,Cat_22,442188,162,66,3,9975,1,66,0.045454545454545456,0.00011552176771631127
9225,Cat_26,442184,159,63,7,18077,4,63,0.1111111111111111,0.0001155207227149298
411,Cat_13,442133,155,59,2,2118,0,59,0.03389830508474576,0.00011550739894731619
9805,Cat_13,442062,167,73,3,3381,1,73,0.0410958904109589,0.00011548885017279526
7099,Cat_7,442060,168,62,4,7485,1,62,0.06451612903225806,0.00011548832767210453
7109,Cat_9,442050,162,67,2,2443,0,67,0.029850746268656716,0.00011548571516865089
1348,Cat_24,442044,161,63,3,6107,1,63,0.047619047619047616,0.00011548414766657869
7944,Cat_9,442002,154,68,5,8698,0,68,0.07352941176470588,0.00011547317515207336
6958,Cat_23,441978,158,61,5,11058,1,61,0.08196721311475409,0.0001154669051437846
4577,Cat_5,441976,175,71,1,2166,0,71,0.014084507042253521,0.00011546638264309387
8832,Cat_12,441956,168,68,3,7250,0,68,0.04411764705882353,0.00011546115763618656
750,Cat_11,441951,173,66,1,3134,1,66,0.015151515151515152,0.00011545985138445974
2076,Cat_10,441899,164,62,2,6590,1,62,0.03225806451612903,0.00011544626636650075
2818,Cat_5,441881,165,68,2,1824,0,68,0.029411764705882353,0.00011544156386028418
4687,Cat_24,441874,164,64,2,4802,0,64,0.03125,0.00011543973510786662
4765,Cat_19,441719,162,65,4,10056,1,65,0.06153846153846154,0.00011539924130433503
3879,Cat_4,441664,183,71,5,16622,1,71,0.07042253521126761,0.00011538487253533995
8024,Cat_22,441659,155,67,2,1152,0,67,0.029850746268656716,0.00011538356628361312
4660,Cat_21,441639,172,72,5,16505,0,72,0.06944444444444445,0.00011537834127670582
6534,Cat_5,441614,179,68,2,1896,0,68,0.029411764705882353,0.00011537181001807169
5296,Cat_11,441503,171,70,3,11387,0,70,0.04285714285714286,0.00011534281122973616
4063,Cat_12,441494,161,61,3,4130,0,61,0.04918032786885246,0.00011534045997662788
2716,Cat_10,441490,163,62,3,10451,1,62,0.04838709677419355,0.00011533941497524641
8139,Cat_25,441480,163,65,5,15847,2,65,0.07692307692307693,0.00011533680247179276
210,Cat_5,441476,178,66,2,6206,0,66,0.030303030303030304,0.0001153357574704113
2876,Cat_23,441428,150,60,4,11600,0,60,0.06666666666666667,0.00011532321745383378
7768,Cat_1,441359,160,63,6,12252,2,63,0.09523809523809523,0.00011530519118000359
5826,Cat_27,441337,188,71,2,4974,0,71,0.028169014084507043,0.00011529944367240555
4111,Cat_20,441325,164,63,3,9599,0,63,0.047619047619047616,0.00011529630866826117
6660,Cat_26,441301,177,73,7,10464,0,73,0.0958904109589041,0.0001152900386599724
7785,Cat_17,441262,155,67,0,0,0,67,0.0,0.00011527984989650317
4732,Cat_14,441259,182,67,2,1974,0,67,0.029850746268656716,0.00011527906614546707
8285,Cat_21,441244,167,69,1,1497,0,69,0.014492753623188406,0.00011527514739028659
9899,Cat_24,441208,151,59,3,6912,0,59,0.05084745762711865,0.00011526574237785345
8958,Cat_2,441161,159,62,2,3929,1,62,0.03225806451612903,0.00011525346361162129
4795,Cat_30,441118,185,72,5,11470,1,72,0.06944444444444445,0.0001152422298467706
4027,Cat_9,441095,161,66,4,13443,2,66,0.06060606060606061,0.0001152362210888272
150,Cat_14,441056,161,66,2,1588,0,66,0.030303030303030304,0.00011522603232535795
6653,Cat_5,441055,152,68,2,5684,0,68,0.029411764705882353,0.00011522577107501259
169,Cat_18,441029,180,74,2,6049,2,74,0.02702702702702703,0.00011521897856603309
4320,Cat_18,440981,167,59,1,222,0,59,0.01694915254237288,0.00011520643854945557
4401,Cat_29,440836,179,71,7,24790,3,71,0.09859154929577464,0.00011516855724937763
6301,Cat_8,440829,159,64,5,11402,0,64,0.078125,0.00011516672849696008
5306,Cat_8,440769,176,69,1,1503,0,69,0.014492753623188406,0.00011515105347623816
3400,Cat_10,440711,161,57,4,10372,1,57,0.07017543859649122,0.000115135900956207
3834,Cat_24,440702,183,70,4,17060,1,70,0.05714285714285714,0.0001151335497030987
3885,Cat_12,440676,171,66,1,1105,0,66,0.015151515151515152,0.00011512675719411921
2616,Cat_23,440675,187,70,2,4857,0,70,0.02857142857142857,0.00011512649594377384
8912,Cat_26,440657,151,57,2,5243,0,57,0.03508771929824561,0.00011512179343755727
6758,Cat_20,440649,176,72,3,8384,0,72,0.041666666666666664,0.00011511970343479435
6606,Cat_17,440611,166,69,2,8123,0,69,0.028985507246376812,0.00011510977592167047
2518,Cat_3,440592,160,62,5,10865,0,62,0.08064516129032258,0.00011510481216510854
8861,Cat_3,440590,185,70,4,14486,0,70,0.05714285714285714,0.0001151042896644178
4388,Cat_20,440572,184,69,4,11405,1,69,0.057971014492753624,0.00011509958715820124
134,Cat_26,440542,181,72,5,11623,2,72,0.06944444444444445,0.00011509174964784028
7129,Cat_3,440541,170,65,3,5883,0,65,0.046153846153846156,0.00011509148839749492
6092,Cat_12,440536,176,63,4,9231,2,63,0.06349206349206349,0.0001150901821457681
2212,Cat_5,440525,173,66,2,4144,0,66,0.030303030303030304,0.00011508730839196907
6109,Cat_29,440478,160,61,3,6959,0,61,0.04918032786885246,0.00011507502962573691
9358,Cat_13,440467,152,65,1,2530,0,65,0.015384615384615385,0.0001150721558719379
1,Cat_9,440464,174,69,3,6899,1,69,0.043478260869565216,0.0001150713721209018
6414,Cat_3,440453,166,71,4,11568,2,71,0.056338028169014086,0.00011506849836710278
3260,Cat_9,440451,164,63,6,22143,1,63,0.09523809523809523,0.00011506797586641205
5233,Cat_1,440419,181,73,4,12068,2,73,0.0547945205479452,0.00011505961585536037
1774,Cat_10,440399,157,57,2,5299,1,57,0.03508771929824561,0.00011505439084845308
865,Cat_17,440386,180,67,5,19890,4,67,0.07462686567164178,0.00011505099459396332
7825,Cat_7,440352,182,68,6,19988,2,68,0.08823529411764706,0.0001150421120822209
5029,Cat_24,440327,171,61,4,7590,0,61,0.06557377049180328,0.00011503558082358678
4130,Cat_15,440286,170,67,1,1108,0,67,0.014925373134328358,0.00011502486955942681
1385,Cat_9,440268,181,73,3,10171,2,73,0.0410958904109589,0.00011502016705321023
5480,Cat_6,440236,170,70,5,15899,2,70,0.07142857142857142,0.00011501180704215855
9880,Cat_9,440230,173,63,2,3900,2,63,0.031746031746031744,0.00011501023954008636
435,Cat_25,440213,149,57,4,14430,1,57,0.07017543859649122,0.00011500579828421515
9537,Cat_24,440176,162,63,3,7347,1,63,0.047619047619047616,0.00011499613202143665
2189,Cat_16,440123,165,66,6,15132,1,66,0.09090909090909091,0.0001149822857531323
3920,Cat_27,440120,170,69,4,13778,1,69,0.057971014492753624,0.0001149815020020962
4661,Cat_24,440100,176,75,8,21115,1,75,0.10666666666666667,0.0001149762769951889
3568,Cat_7,440078,165,63,2,6031,1,63,0.031746031746031744,0.00011497052948759086
2469,Cat_3,440075,170,71,3,9162,1,71,0.04225352112676056,0.00011496974573655477
6101,Cat_8,440061,195,80,4,10620,2,80,0.05,0.00011496608823171966
8871,Cat_25,440049,182,73,2,4968,0,73,0.0273972602739726,0.00011496295322757528
147,Cat_20,439972,166,64,1,189,0,64,0.015625,0.00011494283695098216
6332,Cat_21,439943,166,68,2,9236,0,68,0.029411764705882353,0.00011493526069096657
8864,Cat_19,439918,162,66,3,6084,0,66,0.045454545454545456,0.00011492872943233244
8697,Cat_5,439901,161,60,5,14706,1,60,0.08333333333333333,0.00011492428817646124
3492,Cat_13,439897,178,67,1,603,0,67,0.014925373134328358,0.00011492324317507977
8498,Cat_12,439894,161,64,4,8879,1,64,0.0625,0.00011492245942404368
196,Cat_1,439883,161,60,3,8642,2,60,0.05,0.00011491958567024467
4005,Cat_7,439849,148,58,3,8090,1,58,0.05172413793103448,0.00011491070315850226
6891,Cat_25,439777,161,63,4,19192,2,63,0.06349206349206349,0.00011489189313363597
3316,Cat_1,439748,182,73,5,8718,2,73,0.0684931506849315,0.00011488431687362038
8453,Cat_23,439723,176,69,2,3710,0,69,0.028985507246376812,0.00011487778561498625
7294,Cat_4,439657,172,63,0,0,0,63,0.0,0.00011486054309219216
9839,Cat_12,439551,157,64,3,4895,0,64,0.046875,0.00011483285055558344
4069,Cat_25,439535,159,67,2,4423,0,67,0.029850746268656716,0.00011482867055005761
5158,Cat_5,439534,174,70,5,13173,2,70,0.07142857142857142,0.00011482840929971224
9283,Cat_26,439505,186,68,4,9187,1,68,0.058823529411764705,0.00011482083303969665
4935,Cat_3,439477,160,62,2,5440,0,62,0.03225806451612903,0.00011481351803002643
5408,Cat_6,439428,169,68,4,8334,0,68,0.058823529411764705,0.00011480071676310354
8199,Cat_6,439402,169,67,2,4868,0,67,0.029850746268656716,0.00011479392425412405
238,Cat_11,439374,161,65,4,10628,1,65,0.06153846153846154,0.00011478660924445382
3557,Cat_21,439356,164,65,6,16412,1,65,0.09230769230769231,0.00011478190673823725
8701,Cat_27,439332,161,66,2,6525,0,66,0.030303030303030304,0.00011477563672994848
8670,Cat_27,439325,153,64,3,3409,0,64,0.046875,0.00011477380797753093
22,Cat_10,439305,174,63,2,4466,0,63,0.031746031746031744,0.00011476858297062363
939,Cat_16,439236,174,67,4,9933,0,67,0.05970149253731343,0.00011475055669679344
9991,Cat_10,439228,164,66,4,7707,0,66,0.06060606060606061,0.00011474846669403051
9141,Cat_17,439227,174,65,4,15190,1,65,0.06153846153846154,0.00011474820544368516
6156,Cat_18,439224,159,62,4,10944,0,62,0.06451612903225806,0.00011474742169264905
1536,Cat_20,439213,166,66,3,6949,0,66,0.045454545454545456,0.00011474454793885004
3587,Cat_10,439142,139,54,2,7074,0,54,0.037037037037037035,0.00011472599916432911
1648,Cat_2,439131,185,69,4,7997,0,69,0.057971014492753624,0.0001147231254105301
4552,Cat_21,439062,165,69,6,16987,2,69,0.08695652173913043,0.0001147050991366999
2127,Cat_22,439053,187,67,6,15362,2,67,0.08955223880597014,0.00011470274788359162
694,Cat_20,439027,166,65,1,2304,0,65,0.015384615384615385,0.00011469595537461213
7224,Cat_5,439009,183,71,3,7983,2,71,0.04225352112676056,0.00011469125286839555
114,Cat_5,438995,160,64,5,14869,0,64,0.078125,0.00011468759536356045
712,Cat_20,438967,162,66,3,8905,1,66,0.045454545454545456,0.00011468028035389022
6769,Cat_11,438883,190,72,4,9271,1,72,0.05555555555555555,0.00011465833532487954
4744,Cat_10,438872,161,64,4,10875,1,64,0.0625,0.00011465546157108053
8055,Cat_1,438859,162,66,0,0,0,66,0.0,0.00011465206531659079
8185,Cat_11,438823,161,64,4,8002,0,64,0.0625,0.00011464266030415764
9706,Cat_19,438815,166,66,2,6805,0,66,0.030303030303030304,0.00011464057030139472
6,Cat_17,438794,177,70,2,4380,0,70,0.02857142857142857,0.00011463508404414205
2394,Cat_18,438777,180,72,3,8547,1,72,0.041666666666666664,0.00011463064278827084
8292,Cat_14,438773,151,59,3,3520,0,59,0.05084745762711865,0.00011462959778688938
6030,Cat_29,438773,175,68,2,3299,1,68,0.029411764705882353,0.00011462959778688938
7387,Cat_21,438748,155,63,4,6336,0,63,0.06349206349206349,0.00011462306652825525
4080,Cat_1,438706,181,73,4,11041,3,73,0.0547945205479452,0.00011461209401374993
8743,Cat_17,438672,162,66,5,16016,1,66,0.07575757575757576,0.0001146032115020075
7113,Cat_30,438671,168,71,6,12666,2,71,0.08450704225352113,0.00011460295025166215
5313,Cat_18,438633,176,66,2,1775,0,66,0.030303030303030304,0.00011459302273853827
6367,Cat_16,438632,140,56,6,18788,1,56,0.10714285714285714,0.0001145927614881929
5419,Cat_25,438590,161,64,2,6202,0,64,0.03125,0.00011458178897368756
6124,Cat_29,438565,155,60,1,3088,1,60,0.016666666666666666,0.00011457525771505345
5674,Cat_10,438564,178,60,3,7733,0,60,0.05,0.00011457499646470807
3161,Cat_14,438563,164,64,2,3464,0,64,0.03125,0.00011457473521436272
9517,Cat_11,438521,167,67,4,8156,1,67,0.05970149253731343,0.00011456376269985738
608,Cat_14,438468,172,66,2,4955,0,66,0.030303030303030304,0.00011454991643155303
8952,Cat_19,438465,168,66,3,5737,0,66,0.045454545454545456,0.00011454913268051693
3645,Cat_10,438449,170,63,3,9866,1,63,0.047619047619047616,0.00011454495267499109
685,Cat_9,438419,167,66,5,8388,1,66,0.07575757575757576,0.00011453711516463013
7323,Cat_22,438401,178,73,2,6014,1,73,0.0273972602739726,0.00011453241265841356
4025,Cat_7,438361,180,67,4,8192,0,67,0.05970149253731343,0.00011452196264459896
3804,Cat_8,438343,162,70,3,4901,1,70,0.04285714285714286,0.00011451726013838238
4429,Cat_2,438324,156,61,0,0,0,61,0.0,0.00011451229638182044
8688,Cat_29,438310,153,60,3,3878,0,60,0.05,0.00011450863887698534
2988,Cat_24,438301,159,59,3,7310,0,59,0.05084745762711865,0.00011450628762387704
822,Cat_27,438245,160,63,3,8096,1,63,0.047619047619047616,0.0001144916576045366
7389,Cat_19,438215,176,66,4,15031,1,66,0.06060606060606061,0.00011448382009417566
5752,Cat_3,438202,185,71,2,8334,1,71,0.028169014084507043,0.0001144804238396859
2112,Cat_19,438200,153,56,4,8955,1,56,0.07142857142857142,0.00011447990133899517
9495,Cat_25,438173,174,72,5,15517,0,72,0.06944444444444445,0.00011447284757967032
6261,Cat_5,438168,167,63,2,2370,1,63,0.031746031746031744,0.00011447154132794349
2268,Cat_11,438163,174,68,3,7383,1,68,0.04411764705882353,0.00011447023507621666
8290,Cat_8,438143,174,68,2,3075,1,68,0.029411764705882353,0.00011446501006930936
8753,Cat_30,438119,161,68,5,11515,0,68,0.07352941176470588,0.0001144587400610206
6366,Cat_6,438110,156,65,1,1536,0,65,0.015384615384615385,0.00011445638880791232
9587,Cat_7,438109,164,62,2,2662,1,62,0.03225806451612903,0.00011445612755756694
7325,Cat_29,438096,156,62,4,9202,2,62,0.06451612903225806,0.0001144527313030772
7277,Cat_30,438082,172,74,3,8077,1,74,0.04054054054054054,0.0001144490737982421
1855,Cat_5,438035,149,55,4,9973,0,55,0.07272727272727272,0.00011443679503200993
9056,Cat_14,438007,159,65,4,10186,1,65,0.06153846153846154,0.0001144294800223397
9716,Cat_22,437984,159,60,2,7395,1,60,0.03333333333333333,0.00011442347126439631
90,Cat_3,437955,159,61,3,9535,2,61,0.04918032786885246,0.00011441589500438072
9085,Cat_15,437950,162,63,1,4822,0,63,0.015873015873015872,0.0001144145887526539
2454,Cat_6,437949,178,65,4,11154,1,65,0.06153846153846154,0.00011441432750230852
1330,Cat_24,437947,165,62,3,9711,0,62,0.04838709677419355,0.00011441380500161779
8558,Cat_20,437938,174,70,3,6773,1,70,0.04285714285714286,0.00011441145374850951
4263,Cat_3,437888,173,71,6,18842,0,71,0.08450704225352113,0.00011439839123124125
7328,Cat_10,437853,161,56,2,2563,0,56,0.03571428571428571,0.00011438924746915348
4131,Cat_3,437831,157,62,4,5025,0,62,0.06451612903225806,0.00011438349996155544
7447,Cat_2,437825,176,64,3,8597,0,64,0.046875,0.00011438193245948326
8884,Cat_2,437789,173,65,1,4925,0,65,0.015384615384615385,0.00011437252744705012
2806,Cat_12,437779,153,59,5,9539,0,59,0.0847457627118644,0.00011436991494359646
8519,Cat_11,437774,145,54,2,4701,0,54,0.037037037037037035,0.00011436860869186963
4454,Cat_21,437728,169,65,6,17722,1,65,0.09230769230769231,0.00011435659117598284
1846,Cat_7,437713,173,67,7,17338,2,67,0.1044776119402985,0.00011435267242080235
7290,Cat_1,437692,179,71,2,2185,1,71,0.028169014084507043,0.0001143471861635497
7432,Cat_20,437685,185,73,5,11342,1,73,0.0684931506849315,0.00011434535741113213
2600,Cat_15,437679,176,68,1,3249,0,68,0.014705882352941176,0.00011434378990905994
5166,Cat_20,437651,155,65,6,14171,1,65,0.09230769230769231,0.00011433647489938972
9148,Cat_1,437615,177,65,4,13140,1,65,0.06153846153846154,0.00011432706988695658
7481,Cat_29,437608,181,71,3,8818,1,71,0.04225352112676056,0.00011432524113453903
2471,Cat_21,437607,155,60,4,10346,1,60,0.06666666666666667,0.00011432497988419365
8684,Cat_16,437599,166,67,6,13238,1,67,0.08955223880597014,0.00011432288988143073
6595,Cat_27,437583,156,64,6,18414,0,64,0.09375,0.0001143187098759049
4455,Cat_1,437561,165,59,1,1208,1,59,0.01694915254237288,0.00011431296236830686
8576,Cat_20,437415,158,60,4,7943,2,60,0.06666666666666667,0.00011427481981788355
4729,Cat_12,437411,184,70,2,3268,1,70,0.02857142857142857,0.00011427377481650209
9879,Cat_7,437374,156,66,3,10273,1,66,0.045454545454545456,0.00011426410855372359
3875,Cat_3,437368,166,66,3,7437,1,66,0.045454545454545456,0.0001142625410516514
7442,Cat_29,437292,174,69,4,8248,1,69,0.057971014492753624,0.00011424268602540365
7048,Cat_27,437286,172,69,1,794,1,69,0.014492753623188406,0.00011424111852333146
8592,Cat_12,437282,171,71,4,9625,1,71,0.056338028169014086,0.00011424007352194999
9518,Cat_29,437261,172,65,3,3436,0,65,0.046153846153846156,0.00011423458726469733
4061,Cat_2,437253,166,66,3,8337,3,66,0.045454545454545456,0.0001142324972619344
8709,Cat_23,437245,156,59,8,16752,0,59,0.13559322033898305,0.00011423040725917148
6609,Cat_5,437222,166,62,3,7986,0,62,0.04838709677419355,0.00011422439850122809
7004,Cat_23,437215,192,71,3,8841,1,71,0.04225352112676056,0.00011422256974881053
1425,Cat_24,437205,167,62,4,10137,0,62,0.06451612903225806,0.00011421995724535689
9940,Cat_11,437194,163,63,7,17845,1,63,0.1111111111111111,0.00011421708349155786
347,Cat_22,437132,178,67,3,9938,1,67,0.04477611940298507,0.00011420088597014523
6546,Cat_8,437110,160,63,4,10907,1,63,0.06349206349206349,0.00011419513846254719
9928,Cat_20,437106,171,65,1,4915,0,65,0.015384615384615385,0.00011419409346116574
5023,Cat_6,437098,169,66,2,8984,1,66,0.030303030303030304,0.00011419200345840281
6283,Cat_6,437084,168,70,2,5776,0,70,0.02857142857142857,0.0001141883459535677
2044,Cat_28,437071,154,64,3,7416,1,64,0.046875,0.00011418494969907795
5559,Cat_6,437061,140,57,2,4518,1,57,0.03508771929824561,0.0001141823371956243
3806,Cat_23,437052,182,73,4,9992,1,73,0.0547945205479452,0.00011417998594251602
4868,Cat_15,436940,177,73,4,7479,1,73,0.0547945205479452,0.00011415072590383513
2401,Cat_23,436897,175,68,4,6065,0,68,0.058823529411764705,0.00011413949213898442
232,Cat_2,436872,181,70,3,6246,0,70,0.04285714285714286,0.0001141329608803503
4306,Cat_19,436837,161,63,1,1466,0,63,0.015873015873015872,0.00011412381711826252
2272,Cat_14,436824,194,72,7,14073,1,72,0.09722222222222222,0.00011412042086377277
6802,Cat_20,436770,164,61,5,14805,1,61,0.08196721311475409,0.00011410631334512305
7908,Cat_8,436759,186,72,3,8586,1,72,0.041666666666666664,0.00011410343959132404
7041,Cat_12,436757,141,60,5,12348,1,60,0.08333333333333333,0.0001141029170906333
1871,Cat_18,436756,177,72,5,9705,1,72,0.06944444444444445,0.00011410265584028795
6182,Cat_3,436742,168,68,2,3763,0,68,0.029411764705882353,0.00011409899833545283
9958,Cat_28,436708,155,59,1,3187,0,59,0.01694915254237288,0.00011409011582371042
9846,Cat_26,436707,154,60,4,13108,0,60,0.06666666666666667,0.00011408985457336505
3180,Cat_22,436662,171,67,4,8338,0,67,0.05970149253731343,0.00011407809830782362
3108,Cat_1,436652,165,68,3,6971,2,68,0.04411764705882353,0.00011407548580436997
3686,Cat_27,436647,171,62,3,6412,1,62,0.04838709677419355,0.00011407417955264315
4256,Cat_19,436579,175,67,2,3113,1,67,0.029850746268656716,0.00011405641452915832
9226,Cat_22,436561,167,65,4,8788,0,65,0.06153846153846154,0.00011405171202294174
8845,Cat_2,436549,175,69,3,3665,0,69,0.043478260869565216,0.00011404857701879736
3170,Cat_18,436548,161,63,2,4368,0,63,0.031746031746031744,0.000114048315768452
5338,Cat_18,436508,190,74,2,3698,1,74,0.02702702702702703,0.00011403786575463739
5940,Cat_20,436492,168,69,2,4232,0,69,0.028985507246376812,0.00011403368574911155
3915,Cat_4,436484,173,71,0,0,0,71,0.0,0.00011403159574634864
4378,Cat_10,436483,174,67,3,6388,0,67,0.04477611940298507,0.00011403133449600326
2722,Cat_20,436462,190,73,4,9539,2,73,0.0547945205479452,0.0001140258482387506
4195,Cat_21,436461,167,64,6,18227,2,64,0.09375,0.00011402558698840524
5386,Cat_14,436458,173,62,4,10217,3,62,0.06451612903225806,0.00011402480323736913
2672,Cat_9,436453,183,75,5,6516,2,75,0.06666666666666667,0.00011402349698564231
6436,Cat_14,436447,192,78,2,2541,1,78,0.02564102564102564,0.00011402192948357012
821,Cat_17,436407,158,61,5,15276,3,61,0.08196721311475409,0.00011401147946975551
5482,Cat_5,436361,158,62,6,17487,0,62,0.0967741935483871,0.00011399946195386872
7298,Cat_9,436359,146,60,2,2692,1,60,0.03333333333333333,0.00011399893945317799
6259,Cat_12,436350,175,66,3,8771,2,66,0.045454545454545456,0.0001139965882000697
8738,Cat_6,436339,159,63,7,19886,3,63,0.1111111111111111,0.00011399371444627069
6648,Cat_28,436338,173,68,4,12723,1,68,0.058823529411764705,0.00011399345319592532
2737,Cat_22,436321,149,65,6,11765,2,65,0.09230769230769231,0.00011398901194005411
7564,Cat_26,436316,163,64,1,4702,0,64,0.015625,0.00011398770568832729
9199,Cat_2,436295,165,64,2,5126,0,64,0.03125,0.00011398221943107462
4991,Cat_19,436287,151,64,2,7840,1,64,0.03125,0.0001139801294283117
1273,Cat_7,436215,167,67,3,7143,1,67,0.04477611940298507,0.00011396131940344541
6177,Cat_27,436202,156,69,7,12260,1,69,0.10144927536231885,0.00011395792314895567
9504,Cat_12,436195,168,64,1,2224,0,64,0.015625,0.0001139560943965381
7954,Cat_12,436178,165,67,3,10530,2,67,0.04477611940298507,0.0001139516531406669
7679,Cat_4,436175,170,69,2,2720,0,69,0.028985507246376812,0.00011395086938963081
1298,Cat_15,436174,172,59,1,2827,0,59,0.01694915254237288,0.00011395060813928544
2498,Cat_18,436141,161,62,0,0,0,62,0.0,0.0001139419868778884
1158,Cat_26,436114,151,64,2,6118,1,64,0.03125,0.00011393493311856353
4629,Cat_10,436104,163,66,2,3826,0,66,0.030303030303030304,0.00011393232061510988
5363,Cat_9,436100,164,62,4,17652,0,62,0.06451612903225806,0.00011393127561372842
9388,Cat_13,436097,168,67,4,19868,1,67,0.05970149253731343,0.00011393049186269233
6588,Cat_26,436000,164,68,2,2942,0,68,0.029411764705882353,0.00011390515057919191
9661,Cat_27,435983,169,68,4,7808,2,68,0.058823529411764705,0.0001139007093233207
3157,Cat_11,435958,159,67,2,5346,2,67,0.029850746268656716,0.00011389417806468658
3957,Cat_30,435957,158,70,4,14801,2,70,0.05714285714285714,0.00011389391681434122
6713,Cat_29,435831,167,62,4,13066,1,62,0.06451612903225806,0.00011386099927082521
7364,Cat_22,435803,158,64,0,0,0,64,0.0,0.00011385368426115499
1154,Cat_27,435761,166,62,5,6062,0,62,0.08064516129032258,0.00011384271174664965
7907,Cat_11,435756,175,73,6,15617,2,73,0.0821917808219178,0.00011384140549492282
5785,Cat_7,435739,173,66,5,13899,0,66,0.07575757575757576,0.00011383696423905161
4290,Cat_15,435732,178,73,1,2481,1,73,0.0136986301369863,0.00011383513548663406
5397,Cat_14,435724,157,65,2,9193,1,65,0.03076923076923077,0.00011383304548387114
3073,Cat_23,435721,166,69,4,9041,1,69,0.057971014492753624,0.00011383226173283505
6228,Cat_4,435711,166,66,2,4575,0,66,0.030303030303030304,0.0001138296492293814
700,Cat_18,435675,157,67,1,4328,0,67,0.014925373134328358,0.00011382024421694825
1955,Cat_17,435671,171,69,5,17252,2,69,0.07246376811594203,0.00011381919921556679
7350,Cat_10,435655,180,67,4,9866,0,67,0.05970149253731343,0.00011381501921004094
1133,Cat_19,435626,160,66,2,6414,1,66,0.030303030303030304,0.00011380744295002536
957,Cat_5,435619,163,66,6,10129,1,66,0.09090909090909091,0.0001138056141976078
3295,Cat_15,435616,176,69,1,4251,1,69,0.014492753623188406,0.00011380483044657171
9460,Cat_9,435610,178,69,5,11502,2,69,0.07246376811594203,0.00011380326294449952
6108,Cat_28,435596,157,67,2,5359,0,67,0.029850746268656716,0.0001137996054396644
7546,Cat_12,435582,161,66,3,6236,0,66,0.045454545454545456,0.0001137959479348293
297,Cat_4,435582,177,69,1,3380,0,69,0.014492753623188406,0.0001137959479348293
8491,Cat_2,435514,147,60,2,5911,1,60,0.03333333333333333,0.00011377818291134446
2041,Cat_24,435509,168,68,0,0,0,68,0.0,0.00011377687665961764
6275,Cat_1,435435,167,66,2,8115,1,66,0.030303030303030304,0.00011375754413406062
1627,Cat_17,435424,155,60,1,1822,1,60,0.016666666666666666,0.0001137546703802616
63,Cat_22,435416,180,69,7,23338,4,69,0.10144927536231885,0.00011375258037749868
6643,Cat_2,435413,177,67,3,5349,0,67,0.04477611940298507,0.00011375179662646259
6451,Cat_3,435397,151,58,4,10163,0,58,0.06896551724137931,0.00011374761662093675
4390,Cat_14,435386,171,67,2,4308,0,67,0.029850746268656716,0.00011374474286713773
5721,Cat_2,435383,176,67,7,24520,3,67,0.1044776119402985,0.00011374395911610163
7976,Cat_30,435375,169,64,4,12024,2,64,0.0625,0.0001137418691133387
9469,Cat_22,435331,165,64,5,8240,0,64,0.078125,0.00011373037409814265
8673,Cat_8,435307,171,65,4,12342,1,65,0.06153846153846154,0.00011372410408985388
126,Cat_29,435299,154,64,1,2661,0,64,0.015625,0.00011372201408709096
306,Cat_21,435270,162,65,4,12591,1,65,0.06153846153846154,0.00011371443782707538
6253,Cat_4,435235,151,53,3,3056,0,53,0.05660377358490566,0.0001137052940649876
6600,Cat_3,435231,173,63,6,18449,1,63,0.09523809523809523,0.00011370424906360613
5028,Cat_28,435217,174,61,4,10367,1,61,0.06557377049180328,0.00011370059155877103
5344,Cat_22,435214,175,68,6,16679,1,67,0.08823529411764706,0.00011369980780773493
1248,Cat_27,435195,184,72,4,9038,2,72,0.05555555555555555,0.00011369484405117299
9428,Cat_7,435152,159,66,6,19447,1,66,0.09090909090909091,0.0001136836102863223
3839,Cat_11,435123,148,54,2,4122,0,54,0.037037037037037035,0.0001136760340263067
9362,Cat_4,435120,181,68,0,0,0,68,0.0,0.00011367525027527061
4914,Cat_3,435119,149,58,1,3583,0,58,0.017241379310344827,0.00011367498902492524
8279,Cat_11,435111,179,66,0,0,0,66,0.0,0.00011367289902216232
9472,Cat_6,435092,173,73,6,16543,0,73,0.0821917808219178,0.00011366793526560038
300,Cat_11,435071,178,67,3,8534,1,67,0.04477611940298507,0.00011366244900834771
8715,Cat_13,435000,159,69,4,6875,0,69,0.057971014492753624,0.0001136439002338268
6918,Cat_30,434990,158,62,2,3596,0,62,0.03225806451612903,0.00011364128773037314
7198,Cat_28,434982,171,65,4,14079,1,65,0.06153846153846154,0.00011363919772761022
5601,Cat_2,434982,174,67,1,2101,0,67,0.014925373134328358,0.00011363919772761022
6757,Cat_9,434955,155,61,2,2193,0,61,0.03278688524590164,0.00011363214396828536
4962,Cat_29,434898,166,62,3,8582,1,62,0.04838709677419355,0.00011361725269859955
3637,Cat_26,434873,163,66,3,7747,0,66,0.045454545454545456,0.00011361072143996542
2583,Cat_2,434846,167,65,5,12526,1,65,0.07692307692307693,0.00011360366768064057
5025,Cat_18,434845,165,65,4,8530,0,65,0.06153846153846154,0.0001136034064302952
4641,Cat_24,434807,157,59,3,11841,2,59,0.05084745762711865,0.00011359347891717132
6450,Cat_24,434770,170,70,2,8595,1,70,0.02857142857142857,0.00011358381265439282
7827,Cat_5,434769,189,69,6,16138,1,69,0.08695652173913043,0.00011358355140404745
725,Cat_21,434760,174,71,3,10046,1,71,0.04225352112676056,0.00011358120015093917
1690,Cat_20,434755,153,53,1,1616,0,53,0.018867924528301886,0.00011357989389921233
8397,Cat_4,434718,165,70,3,10284,2,70,0.04285714285714286,0.00011357022763643383
1171,Cat_16,434713,183,75,7,22286,3,75,0.09333333333333334,0.000113568921384707
3452,Cat_24,434683,156,67,4,9599,1,67,0.05970149253731343,0.00011356108387434605
463,Cat_18,434679,167,70,2,380,0,70,0.02857142857142857,0.00011356003887296458
9987,Cat_13,434679,163,63,3,6336,1,63,0.047619047619047616,0.00011356003887296458
5651,Cat_12,434679,160,67,5,16828,2,67,0.07462686567164178,0.00011356003887296458
6326,Cat_4,434654,167,70,5,5780,1,70,0.07142857142857142,0.00011355350761433045
308,Cat_3,434605,154,59,2,5078,0,59,0.03389830508474576,0.00011354070634740757
3600,Cat_21,434599,148,57,5,16779,1,57,0.08771929824561403,0.00011353913884533537
8506,Cat_29,434599,162,63,6,15751,2,63,0.09523809523809523,0.00011353913884533537
2150,Cat_30,434570,171,72,4,14194,2,72,0.05555555555555555,0.0001135315625853198
2237,Cat_24,434569,171,69,3,6704,0,69,0.043478260869565216,0.00011353130133497442
9284,Cat_3,434524,158,67,3,10369,1,67,0.04477611940298507,0.000113519545069433
835,Cat_8,434509,164,65,3,8582,2,65,0.046153846153846156,0.00011351562631425252
1503,Cat_12,434454,164,63,3,9737,1,63,0.047619047619047616,0.00011350125754525744
6959,Cat_24,434412,172,70,1,1959,0,70,0.014285714285714285,0.0001134902850307521
1609,Cat_16,434395,176,66,1,3282,1,66,0.015151515151515152,0.0001134858437748809
8184,Cat_9,434388,178,66,5,11321,1,66,0.07575757575757576,0.00011348401502246333
3256,Cat_21,434370,152,62,3,5838,0,62,0.04838709677419355,0.00011347931251624677
8785,Cat_2,434368,151,63,1,1068,0,63,0.015873015873015872,0.00011347879001555604
762,Cat_20,434353,167,73,2,5233,2,73,0.0273972602739726,0.00011347487126037556
99,Cat_10,434345,175,67,2,3297,0,66,0.029850746268656716,0.00011347278125761264
6691,Cat_17,434339,147,63,2,5955,1,63,0.031746031746031744,0.00011347121375554045
3503,Cat_23,434327,172,62,1,5059,1,62,0.016129032258064516,0.00011346807875139606
9765,Cat_12,434321,163,63,2,4741,0,63,0.031746031746031744,0.00011346651124932388
185,Cat_15,434280,167,64,6,17937,2,64,0.09375,0.0001134557999851639
2359,Cat_13,434240,169,63,3,7991,0,63,0.047619047619047616,0.0001134453499713493
9544,Cat_21,434216,166,65,4,12385,0,65,0.06153846153846154,0.00011343907996306054
7242,Cat_11,434215,176,69,6,12357,0,69,0.08695652173913043,0.00011343881871271517
7087,Cat_24,434204,173,66,4,4280,1,66,0.06060606060606061,0.00011343594495891616
5586,Cat_26,434195,157,61,5,15130,3,61,0.08196721311475409,0.00011343359370580787
1653,Cat_17,434179,180,71,3,8689,1,71,0.04225352112676056,0.00011342941370028203
716,Cat_16,434161,158,60,4,12155,0,60,0.06666666666666667,0.00011342471119406546
2350,Cat_27,434139,155,60,5,6353,1,60,0.08333333333333333,0.00011341896368646742
2688,Cat_24,434126,167,68,4,9995,1,68,0.058823529411764705,0.00011341556743197768
7253,Cat_8,434123,161,58,6,17471,1,58,0.10344827586206896,0.00011341478368094159
9576,Cat_16,434087,187,69,2,8153,0,69,0.028985507246376812,0.00011340537866850844
3294,Cat_12,434076,176,66,4,9939,2,66,0.06060606060606061,0.00011340250491470942
8205,Cat_4,434051,179,72,3,8591,2,72,0.041666666666666664,0.00011339597365607529
4760,Cat_26,434039,154,58,3,10024,0,58,0.05172413793103448,0.00011339283865193092
3581,Cat_26,434024,166,67,2,7517,1,67,0.029850746268656716,0.00011338891989675044
3849,Cat_7,434024,170,64,1,2847,0,64,0.015625,0.00011338891989675044
2032,Cat_20,434005,169,66,3,9151,2,66,0.045454545454545456,0.0001133839561401885
5467,Cat_16,433999,179,68,5,13243,1,68,0.07352941176470588,0.00011338238863811631
854,Cat_28,433986,181,70,3,10415,0,70,0.04285714285714286,0.00011337899238362657
3264,Cat_30,433956,164,63,4,11065,1,63,0.06349206349206349,0.0001133711548732656
2109,Cat_14,433911,175,69,4,11267,1,69,0.057971014492753624,0.00011335939860772418
7343,Cat_5,433902,159,62,3,13716,2,62,0.04838709677419355,0.0001133570473546159
3814,Cat_26,433894,148,64,3,6896,0,64,0.046875,0.00011335495735185297
7399,Cat_16,433861,161,66,6,19387,2,66,0.09090909090909091,0.00011334633609045592
8675,Cat_11,433842,167,67,3,8658,0,67,0.04477611940298507,0.00011334137233389398
8148,Cat_5,433823,161,62,4,10929,1,62,0.06451612903225806,0.00011333640857733204
5802,Cat_17,433802,166,65,2,4717,0,65,0.03076923076923077,0.00011333092232007937
9969,Cat_22,433780,192,78,2,3605,1,78,0.02564102564102564,0.00011332517481248135
1518,Cat_20,433754,158,63,5,11686,0,63,0.07936507936507936,0.00011331838230350186
584,Cat_15,433704,169,65,3,8452,0,65,0.046153846153846156,0.0001133053197862336
956,Cat_1,433671,163,57,1,1312,0,57,0.017543859649122806,0.00011329669852483655
9966,Cat_20,433613,156,58,1,4579,0,58,0.017241379310344827,0.00011328154600480538
9950,Cat_6,433609,191,76,2,8881,0,75,0.02631578947368421,0.00011328050100342391
7032,Cat_26,433552,175,71,6,17940,1,71,0.08450704225352113,0.0001132656097337381
6126,Cat_7,433542,164,67,3,6608,1,67,0.04477611940298507,0.00011326299723028445
4127,Cat_13,433540,156,60,1,2671,0,60,0.016666666666666666,0.00011326247472959372
7176,Cat_25,433520,177,63,1,2681,1,63,0.015873015873015872,0.00011325724972268642
1235,Cat_26,433492,165,65,2,4797,1,65,0.03076923076923077,0.00011324993471301619
574,Cat_20,433471,162,62,2,4505,0,62,0.03225806451612903,0.00011324444845576352
7807,Cat_16,433437,156,67,3,6997,0,67,0.04477611940298507,0.00011323556594402111
8161,Cat_8,433407,168,64,2,5774,1,64,0.03125,0.00011322772843366016
5620,Cat_7,433364,158,65,3,9273,2,65,0.046153846153846156,0.00011321649466880946
5527,Cat_2,433350,172,63,3,6428,1,63,0.047619047619047616,0.00011321283716397435
5985,Cat_10,433343,166,64,4,9122,1,64,0.0625,0.0001132110084115568
1608,Cat_12,433318,165,60,3,9632,0,60,0.05,0.00011320447715292266
1055,Cat_2,433308,158,63,4,7159,1,63,0.06349206349206349,0.00011320186464946901
5637,Cat_7,433296,161,67,3,8797,2,67,0.04477611940298507,0.00011319872964532462
9093,Cat_19,433295,160,67,2,3905,0,67,0.029850746268656716,0.00011319846839497927
192,Cat_20,433294,174,70,3,6361,0,70,0.04285714285714286,0.0001131982071446339
9490,Cat_23,433273,161,65,3,5059,1,65,0.046153846153846156,0.00011319272088738123
3066,Cat_7,433225,163,65,8,24915,2,65,0.12307692307692308,0.00011318018087080371
8072,Cat_13,433215,177,69,4,8874,0,69,0.057971014492753624,0.00011317756836735006
2457,Cat_5,433178,138,55,3,5006,0,55,0.05454545454545454,0.00011316790210457154
1979,Cat_30,433178,163,60,2,4065,0,60,0.03333333333333333,0.00011316790210457154
7894,Cat_22,433136,156,61,1,2548,0,61,0.01639344262295082,0.0001131569295900662
5329,Cat_24,433111,166,70,5,7266,1,70,0.07142857142857142,0.00011315039833143209
1015,Cat_17,433106,176,66,2,4875,1,66,0.030303030303030304,0.00011314909207970525
2005,Cat_6,433054,147,58,5,20307,3,58,0.08620689655172414,0.00011313550706174628
2256,Cat_8,433039,171,63,3,5773,0,63,0.047619047619047616,0.00011313158830656579
4778,Cat_12,433029,152,57,3,7818,0,57,0.05263157894736842,0.00011312897580311215
6359,Cat_13,433019,138,51,1,1612,1,51,0.0196078431372549,0.00011312636329965849
6991,Cat_7,432944,184,74,0,0,0,74,0.0,0.0001131067695237561
9913,Cat_1,432898,155,68,5,13436,1,68,0.07352941176470588,0.00011309475200786932
3146,Cat_10,432863,158,64,4,11608,1,64,0.0625,0.00011308560824578153
9375,Cat_10,432840,166,63,2,5891,1,63,0.031746031746031744,0.00011307959948783813
1727,Cat_26,432837,166,69,4,9849,2,69,0.057971014492753624,0.00011307881573680204
4783,Cat_8,432830,172,63,3,7156,2,63,0.047619047619047616,0.00011307698698438448
6729,Cat_3,432825,174,71,4,7897,0,71,0.056338028169014086,0.00011307568073265766
1981,Cat_21,432804,161,63,3,7241,0,63,0.047619047619047616,0.00011307019447540499
7060,Cat_4,432777,154,64,1,4899,0,64,0.015625,0.00011306314071608013
7163,Cat_12,432743,162,62,3,9312,1,62,0.04838709677419355,0.00011305425820433772
4501,Cat_13,432742,165,65,2,4405,0,65,0.03076923076923077,0.00011305399695399236
4754,Cat_26,432714,176,69,7,17517,1,69,0.10144927536231885,0.00011304668194432213
3988,Cat_26,432709,166,60,3,9582,0,60,0.05,0.0001130453756925953
1643,Cat_3,432635,171,63,1,1198,0,63,0.015873015873015872,0.00011302604316703829
246,Cat_12,432608,174,69,3,9758,1,69,0.043478260869565216,0.00011301898940771343
9216,Cat_5,432561,175,70,3,7649,1,70,0.04285714285714286,0.00011300671064148127
6977,Cat_9,432560,164,68,3,6224,0,68,0.04411764705882353,0.0001130064493911359
4856,Cat_16,432543,156,59,1,409,0,59,0.01694915254237288,0.00011300200813526469
6437,Cat_29,432536,160,62,4,6677,0,62,0.06451612903225806,0.00011300017938284714
285,Cat_3,432535,159,64,4,10512,0,64,0.0625,0.00011299991813250177
2998,Cat_21,432510,158,60,1,3073,1,60,0.016666666666666666,0.00011299338687386765
8090,Cat_11,432499,158,62,1,4133,0,62,0.016129032258064516,0.00011299051312006863
9298,Cat_10,432479,165,71,1,4816,1,71,0.014084507042253521,0.00011298528811316133
433,Cat_8,432470,172,66,2,2190,0,66,0.030303030303030304,0.00011298293686005305
6697,Cat_19,432447,167,65,3,10126,2,65,0.046153846153846156,0.00011297692810210965
6162,Cat_29,432424,158,62,3,6661,1,62,0.04838709677419355,0.00011297091934416625
5523,Cat_23,432404,171,62,3,4500,0,62,0.04838709677419355,0.00011296569433725894
175,Cat_11,432348,182,67,2,3948,0,67,0.029850746268656716,0.0001129510643179185
5901,Cat_29,432331,166,64,4,6143,1,64,0.0625,0.0001129466230620473
4205,Cat_18,432286,164,63,1,3392,1,63,0.015873015873015872,0.00011293486679650586
4900,Cat_2,432271,151,57,2,8776,0,57,0.03508771929824561,0.00011293094804132538
3574,Cat_10,432270,166,57,5,15675,0,57,0.08771929824561403,0.00011293068679098002
1712,Cat_27,432254,167,66,3,4504,0,66,0.045454545454545456,0.00011292650678545417
9855,Cat_7,432149,170,69,3,12042,0,69,0.043478260869565216,0.00011289907549919083
9895,Cat_29,432132,164,69,4,11756,1,69,0.057971014492753624,0.00011289463424331963
94,Cat_12,432099,161,68,3,8819,1,68,0.04411764705882353,0.00011288601298192259
8189,Cat_27,432061,150,60,5,16932,1,60,0.08333333333333333,0.00011287608546879871
4683,Cat_29,432048,155,63,3,7153,1,63,0.047619047619047616,0.00011287268921430896
2062,Cat_18,432006,158,64,2,6853,0,64,0.03125,0.00011286171669980362
8413,Cat_27,431982,148,61,3,10000,0,61,0.04918032786885246,0.00011285544669151486
4808,Cat_2,431964,154,58,2,5461,0,58,0.034482758620689655,0.0001128507441852983
1671,Cat_6,431964,173,74,3,7684,2,74,0.04054054054054054,0.0001128507441852983
332,Cat_28,431962,164,68,4,7098,0,68,0.058823529411764705,0.00011285022168460757
7895,Cat_19,431901,166,64,6,14637,3,64,0.09375,0.00011283428541354029
5922,Cat_12,431900,177,68,6,10542,1,68,0.08823529411764706,0.00011283402416319492
426,Cat_3,431871,170,69,2,2196,0,69,0.028985507246376812,0.00011282644790317933
2822,Cat_16,431801,153,64,0,0,0,64,0.0,0.00011280816037900377
4447,Cat_20,431765,168,66,4,16409,1,66,0.06060606060606061,0.00011279875536657063
9028,Cat_30,431745,160,63,3,9630,0,63,0.047619047619047616,0.00011279353035966333
3719,Cat_12,431735,154,59,2,2371,0,59,0.03389830508474576,0.00011279091785620968
2900,Cat_4,431735,163,63,2,5230,1,63,0.031746031746031744,0.00011279091785620968
5300,Cat_17,431714,180,66,2,6494,0,66,0.030303030303030304,0.00011278543159895701
1204,Cat_7,431704,163,66,4,7839,1,66,0.06060606060606061,0.00011278281909550336
7459,Cat_16,431666,155,56,3,8088,0,56,0.05357142857142857,0.00011277289158237948
7162,Cat_22,431660,159,60,2,6298,2,60,0.03333333333333333,0.00011277132408030729
7318,Cat_11,431595,162,68,4,11710,0,68,0.058823529411764705,0.00011275434280785857
6054,Cat_14,431567,168,67,6,10465,1,67,0.08955223880597014,0.00011274702779818834
3446,Cat_25,431562,170,67,6,14862,1,67,0.08955223880597014,0.00011274572154646151
3617,Cat_28,431559,141,52,2,6798,1,52,0.038461538461538464,0.00011274493779542541
6310,Cat_22,431543,142,56,1,855,0,56,0.017857142857142856,0.00011274075778989958
4469,Cat_25,431520,166,63,2,9348,1,63,0.031746031746031744,0.00011273474903195618
8305,Cat_11,431497,174,73,7,20008,1,73,0.0958904109589041,0.00011272874027401278
5995,Cat_23,431477,158,62,0,0,0,62,0.0,0.00011272351526710548
9380,Cat_8,431462,176,73,3,4967,1,73,0.0410958904109589,0.000112719596511925
738,Cat_27,431451,163,67,1,1164,0,67,0.014925373134328358,0.00011271672275812598
2194,Cat_28,431444,154,60,3,8446,1,60,0.05,0.00011271489400570843
3485,Cat_7,431410,164,66,1,2711,0,66,0.015151515151515152,0.00011270601149396602
1864,Cat_20,431361,152,62,4,7321,1,62,0.06451612903225806,0.00011269321022704313
6390,Cat_29,431348,164,65,5,13419,0,65,0.07692307692307693,0.00011268981397255337
4517,Cat_30,431304,173,66,4,9509,3,66,0.06060606060606061,0.0001126783189573573
2921,Cat_13,431294,171,68,1,3793,0,68,0.014705882352941176,0.00011267570645390366
5847,Cat_29,431286,164,64,2,4510,1,64,0.03125,0.00011267361645114074
4672,Cat_6,431271,157,60,2,7250,0,60,0.03333333333333333,0.00011266969769596027
5713,Cat_8,431191,153,57,0,0,0,57,0.0,0.00011264879766833106
9002,Cat_29,431152,170,69,4,10340,1,69,0.057971014492753624,0.00011263860890486181
2588,Cat_14,431104,167,65,2,1772,0,65,0.03076923076923077,0.0001126260688882843
9513,Cat_28,431073,174,66,1,4423,0,66,0.015151515151515152,0.00011261797012757797
2609,Cat_2,431068,174,72,1,1985,0,71,0.013888888888888888,0.00011261666387585115
4398,Cat_3,431052,171,64,5,15037,0,64,0.078125,0.0001126124838703253
7378,Cat_20,431048,163,67,1,624,0,67,0.014925373134328358,0.00011261143886894384
5669,Cat_29,431030,173,68,3,5358,0,68,0.04411764705882353,0.00011260673636272728
5327,Cat_25,431025,167,67,2,6983,2,67,0.029850746268656716,0.00011260543011100044
6082,Cat_3,431019,169,62,3,8553,0,62,0.04838709677419355,0.00011260386260892825
1717,Cat_30,430980,157,65,4,9193,2,65,0.06153846153846154,0.00011259367384545902
1808,Cat_12,430974,160,57,3,7666,0,57,0.05263157894736842,0.00011259210634338682
7185,Cat_13,430964,144,54,3,12806,2,54,0.05555555555555555,0.00011258949383993317
976,Cat_18,430955,158,63,3,10305,2,63,0.047619047619047616,0.00011258714258682489
6912,Cat_15,430924,164,69,3,7299,1,69,0.043478260869565216,0.00011257904382611856
779,Cat_3,430913,177,66,6,13088,1,66,0.09090909090909091,0.00011257617007231955
7519,Cat_25,430854,167,63,2,3797,0,63,0.031746031746031744,0.00011256075630194301
919,Cat_8,430838,191,78,8,14079,0,78,0.10256410256410256,0.00011255657629641716
785,Cat_16,430820,163,62,5,13315,2,62,0.08064516129032258,0.0001125518737902006
5661,Cat_26,430815,164,66,2,2407,0,66,0.030303030303030304,0.00011255056753847378
2098,Cat_8,430805,162,67,6,14768,3,67,0.08955223880597014,0.00011254795503502012
8965,Cat_25,430794,153,62,4,11089,1,62,0.06451612903225806,0.00011254508128122111
9714,Cat_22,430791,154,59,2,3657,0,59,0.03389830508474576,0.000112544297530185
2106,Cat_15,430788,165,63,4,12314,1,63,0.06349206349206349,0.00011254351377914891
3177,Cat_15,430785,173,65,1,4798,0,65,0.015384615384615385,0.00011254273002811281
9514,Cat_16,430731,156,59,2,4973,0,59,0.03389830508474576,0.0001125286225094631
9927,Cat_26,430684,151,61,3,4969,1,61,0.04918032786885246,0.00011251634374323093
3997,Cat_22,430643,155,61,3,8561,0,61,0.04918032786885246,0.00011250563247907097
8659,Cat_23,430593,155,54,4,11777,1,54,0.07407407407407407,0.00011249256996180271
8841,Cat_24,430535,155,63,2,6188,0,63,0.031746031746031744,0.00011247741744177154
2675,Cat_23,430451,162,66,1,1679,0,66,0.015151515151515152,0.00011245547241276087
4400,Cat_9,430430,157,64,2,4417,0,64,0.03125,0.0001124499861555082
6393,Cat_7,430415,155,65,1,1623,0,65,0.015384615384615385,0.00011244606740032772
3534,Cat_16,430403,180,71,1,2332,0,71,0.014084507042253521,0.00011244293239618334
9506,Cat_29,430378,170,60,1,5898,0,60,0.016666666666666666,0.00011243640113754921
640,Cat_19,430364,149,61,3,12078,1,61,0.04918032786885246,0.0001124327436327141
4828,Cat_14,430348,161,65,3,9514,1,65,0.046153846153846156,0.00011242856362718826
1485,Cat_19,430316,163,65,2,6876,1,65,0.03076923076923077,0.00011242020361613658
7150,Cat_21,430314,171,69,1,943,0,69,0.014492753623188406,0.00011241968111544585
2663,Cat_19,430269,202,75,6,26700,2,75,0.08,0.00011240792484990442
3030,Cat_2,430217,167,59,3,9824,0,59,0.05084745762711865,0.00011239433983194543
5788,Cat_13,430213,162,63,2,8321,0,63,0.031746031746031744,0.00011239329483056397
9196,Cat_6,430213,170,71,0,0,0,71,0.0,0.00011239329483056397
3401,Cat_20,430207,170,66,2,8154,2,66,0.030303030303030304,0.00011239172732849177
7454,Cat_22,430187,170,68,3,6651,0,68,0.04411764705882353,0.00011238650232158448
538,Cat_15,430173,172,68,3,8224,1,68,0.04411764705882353,0.00011238284481674936
330,Cat_11,430136,150,58,2,4188,0,58,0.034482758620689655,0.00011237317855397085
8991,Cat_24,430123,155,63,7,23266,1,63,0.1111111111111111,0.0001123697822994811
5440,Cat_12,430104,166,65,5,9119,2,65,0.07692307692307693,0.00011236481854291917
5717,Cat_1,430087,191,73,1,1743,1,73,0.0136986301369863,0.00011236037728704796
4345,Cat_15,430063,174,73,3,7668,1,73,0.0410958904109589,0.0001123541072787592
4055,Cat_8,429998,164,65,4,9806,0,65,0.06153846153846154,0.00011233712600631047
5092,Cat_11,429978,171,61,2,2890,1,61,0.03278688524590164,0.00011233190099940317
1070,Cat_10,429933,154,62,4,7669,1,62,0.06451612903225806,0.00011232014473386173
4820,Cat_18,429871,168,68,4,11673,2,68,0.058823529411764705,0.0001123039472124491
5909,Cat_23,429856,148,60,2,6086,0,60,0.03333333333333333,0.00011230002845726862
5911,Cat_30,429849,154,58,1,1757,0,58,0.017241379310344827,0.00011229819970485106
6784,Cat_3,429832,173,65,4,3757,0,65,0.06153846153846154,0.00011229375844897985
7437,Cat_21,429781,150,61,5,14295,0,61,0.08196721311475409,0.00011228043468136623
3878,Cat_10,429777,142,56,4,14786,0,56,0.07142857142857142,0.00011227938967998477
1360,Cat_6,429773,170,65,4,18498,2,65,0.06153846153846154,0.00011227834467860331
6907,Cat_13,429731,175,71,1,4145,0,71,0.014084507042253521,0.00011226737216409798
6407,Cat_4,429731,163,63,2,6743,1,63,0.031746031746031744,0.00011226737216409798
4089,Cat_14,429727,166,63,3,6028,0,63,0.047619047619047616,0.00011226632716271651
6234,Cat_12,429719,149,61,3,6653,0,61,0.04918032786885246,0.0001122642371599536
4129,Cat_3,429710,150,62,3,9551,1,62,0.04838709677419355,0.00011226188590684531
5276,Cat_11,429710,166,64,3,6158,0,64,0.046875,0.00011226188590684531
5117,Cat_11,429694,145,59,4,12726,0,59,0.06779661016949153,0.00011225770590131947
7886,Cat_23,429694,173,67,4,12834,0,67,0.05970149253731343,0.00011225770590131947
7741,Cat_18,429643,170,65,1,4615,0,65,0.015384615384615385,0.00011224438213370585
6190,Cat_21,429607,169,66,4,10825,2,66,0.06060606060606061,0.00011223497712127271
9769,Cat_24,429544,187,73,7,21495,1,73,0.0958904109589041,0.00011221851834951471
2324,Cat_27,429520,160,59,2,5646,0,59,0.03389830508474576,0.00011221224834122594
7434,Cat_2,429514,163,64,4,10031,1,64,0.0625,0.00011221068083915374
4179,Cat_11,429488,161,59,2,4599,0,59,0.03389830508474576,0.00011220388833017425
3211,Cat_18,429486,155,62,3,9027,1,62,0.04838709677419355,0.00011220336582948352
3887,Cat_28,429484,191,72,3,8125,0,72,0.041666666666666664,0.00011220284332879279
1565,Cat_26,429470,178,68,3,12358,1,68,0.04411764705882353,0.00011219918582395769
2081,Cat_15,429389,171,64,1,4989,1,64,0.015625,0.00011217802454598311
6243,Cat_11,429313,153,69,1,3625,0,69,0.014492753623188406,0.00011215816951973536
2811,Cat_19,429286,168,69,9,26449,3,69,0.13043478260869565,0.0001121511157604105
3635,Cat_18,429261,165,63,6,18010,4,63,0.09523809523809523,0.00011214458450177637
3441,Cat_13,429257,164,62,3,7792,0,62,0.04838709677419355,0.00011214353950039492
1498,Cat_30,429255,166,64,3,9556,1,64,0.046875,0.00011214301699970419
1524,Cat_19,429201,157,62,4,5950,2,62,0.06451612903225806,0.00011212890948105447
6192,Cat_6,429156,156,64,5,13879,1,64,0.078125,0.00011211715321551304
9180,Cat_17,429110,167,66,3,9948,1,66,0.045454545454545456,0.00011210513569962624
5249,Cat_7,429102,153,62,3,11170,0,62,0.04838709677419355,0.00011210304569686332
6926,Cat_20,429090,172,70,4,11199,0,70,0.05714285714285714,0.00011209991069271893
1453,Cat_25,429048,166,65,4,8900,0,65,0.06153846153846154,0.0001120889381782136
5648,Cat_7,429046,173,64,2,4750,0,64,0.03125,0.00011208841567752287
8177,Cat_21,429028,155,64,6,14792,1,64,0.09375,0.0001120837131713063
4200,Cat_21,429020,158,66,2,4027,0,66,0.030303030303030304,0.00011208162316854338
3148,Cat_26,429009,180,76,1,4725,1,76,0.013157894736842105,0.00011207874941474437
9807,Cat_4,428919,178,70,4,7124,0,70,0.05714285714285714,0.0001120552368836615
5060,Cat_11,428908,156,62,4,4052,1,62,0.06451612903225806,0.00011205236312986249
1829,Cat_3,428893,164,64,5,16903,1,64,0.078125,0.00011204844437468201
4585,Cat_30,428858,156,58,3,7578,1,58,0.05172413793103448,0.00011203930061259423
3171,Cat_30,428855,168,66,3,5743,1,66,0.045454545454545456,0.00011203851686155814
5183,Cat_8,428852,177,77,4,12258,1,77,0.05194805194805195,0.00011203773311052203
2726,Cat_23,428803,179,67,2,3509,1,67,0.029850746268656716,0.00011202493184359915
4074,Cat_25,428787,161,63,3,4406,0,63,0.047619047619047616,0.00011202075183807331
6969,Cat_18,428774,166,67,2,4229,0,67,0.029850746268656716,0.00011201735558358356
1108,Cat_3,428768,171,67,2,5410,0,67,0.029850746268656716,0.00011201578808151138
4289,Cat_5,428742,176,65,3,3474,0,65,0.046153846153846156,0.00011200899557253187
2888,Cat_9,428710,172,64,4,11175,2,64,0.0625,0.00011200063556148019
5418,Cat_27,428693,148,60,1,1277,0,60,0.016666666666666666,0.00011199619430560899
460,Cat_24,428665,163,70,4,5144,0,70,0.05714285714285714,0.00011198887929593877
4880,Cat_15,428616,175,65,5,17467,1,65,0.07692307692307693,0.00011197607802901587
4158,Cat_17,428593,163,61,3,10253,0,61,0.04918032786885246,0.00011197006927107248
5194,Cat_21,428589,181,62,0,0,0,62,0.0,0.00011196902426969102
4813,Cat_16,428567,161,58,1,2299,0,58,0.017241379310344827,0.00011196327676209298
2708,Cat_16,428547,175,67,3,7383,0,67,0.04477611940298507,0.00011195805175518568
6862,Cat_18,428525,178,63,2,4893,0,63,0.031746031746031744,0.00011195230424758764
2903,Cat_11,428498,170,64,5,11042,1,64,0.078125,0.00011194525048826278
1789,Cat_24,428461,173,67,1,4880,0,67,0.014925373134328358,0.00011193558422548428
2961,Cat_12,428432,168,70,6,11190,0,70,0.08571428571428572,0.00011192800796546869
9073,Cat_9,428422,180,72,3,8094,0,72,0.041666666666666664,0.00011192539546201503
6937,Cat_12,428408,153,62,1,1049,0,62,0.016129032258064516,0.00011192173795717993
2829,Cat_3,428399,159,65,3,4291,1,65,0.046153846153846156,0.00011191938670407165
6628,Cat_24,428385,162,64,4,6000,0,64,0.0625,0.00011191572919923653
3337,Cat_14,428334,156,63,3,9288,1,63,0.047619047619047616,0.00011190240543162291
6561,Cat_26,428316,152,60,5,17268,0,60,0.08333333333333333,0.00011189770292540633
628,Cat_25,428300,167,70,2,1830,1,70,0.02857142857142857,0.0001118935229198805
7619,Cat_6,428270,172,62,9,26128,2,62,0.14516129032258066,0.00011188568540951954
673,Cat_8,428259,166,60,2,8358,0,60,0.03333333333333333,0.00011188281165572052
2564,Cat_29,428250,171,71,2,3750,1,71,0.028169014084507043,0.00011188046040261224
6448,Cat_6,428215,161,62,3,8334,3,62,0.04838709677419355,0.00011187131664052446
7197,Cat_29,428188,151,64,3,5009,0,64,0.046875,0.0001118642628811996
4631,Cat_7,428185,160,60,4,14814,1,60,0.06666666666666667,0.0001118634791301635
5285,Cat_15,428136,150,64,1,3241,0,64,0.015625,0.00011185067786324062
8893,Cat_13,428135,157,61,1,1053,0,61,0.01639344262295082,0.00011185041661289525
5381,Cat_18,428109,178,71,4,10341,1,71,0.056338028169014086,0.00011184362410391576
3591,Cat_22,428108,166,68,1,2804,1,68,0.014705882352941176,0.0001118433628535704
6817,Cat_16,428103,155,60,0,0,0,60,0.0,0.00011184205660184356
6702,Cat_6,428063,164,64,1,1618,1,64,0.015625,0.00011183160658802896
7595,Cat_19,428046,163,71,2,4681,0,71,0.028169014084507043,0.00011182716533215775
2817,Cat_2,428038,190,80,4,11634,1,80,0.05,0.00011182507532939483
4829,Cat_4,428022,155,60,4,11752,1,60,0.06666666666666667,0.000111820895323869
2796,Cat_25,427927,170,64,3,6033,0,64,0.046875,0.00011179607654105931
2378,Cat_2,427920,164,66,4,12527,1,66,0.06060606060606061,0.00011179424778864174
4118,Cat_4,427891,178,61,1,4002,0,61,0.01639344262295082,0.00011178667152862617
6128,Cat_27,427879,149,56,2,5623,0,56,0.03571428571428571,0.00011178353652448178
3471,Cat_7,427865,153,63,3,10466,2,63,0.047619047619047616,0.00011177987901964666
5581,Cat_16,427771,137,54,3,8380,1,54,0.05555555555555555,0.00011175532148718235
8798,Cat_5,427763,154,67,1,1944,0,67,0.014925373134328358,0.00011175323148441943
7170,Cat_3,427761,152,65,2,4014,0,65,0.03076923076923077,0.0001117527089837287
5844,Cat_2,427751,167,59,2,7276,1,59,0.03389830508474576,0.00011175009648027504
7969,Cat_2,427740,150,66,3,8083,1,66,0.045454545454545456,0.00011174722272647603
9647,Cat_21,427740,165,71,2,1775,0,71,0.028169014084507043,0.00011174722272647603
8048,Cat_7,427736,157,62,0,0,0,62,0.0,0.00011174617772509457
1065,Cat_1,427705,155,58,4,11905,1,58,0.06896551724137931,0.00011173807896438824
3094,Cat_4,427675,161,62,2,1412,0,62,0.03225806451612903,0.0001117302414540273
6584,Cat_24,427662,156,63,4,5384,1,63,0.06349206349206349,0.00011172684519953755
353,Cat_10,427654,169,69,5,15933,1,69,0.07246376811594203,0.00011172475519677463
9743,Cat_21,427626,175,63,0,0,0,63,0.0,0.0001117174401871044
6732,Cat_22,427581,149,57,2,5020,1,57,0.03508771929824561,0.00011170568392156298
399,Cat_13,427572,172,72,4,6936,1,72,0.05555555555555555,0.00011170333266845468
8665,Cat_27,427528,157,58,4,10428,0,58,0.06896551724137931,0.00011169183765325862
1762,Cat_24,427491,158,62,0,0,0,62,0.0,0.00011168217139048012
4615,Cat_6,427485,153,64,0,0,0,64,0.0,0.00011168060388840792
9779,Cat_17,427451,150,64,7,18226,1,64,0.109375,0.00011167172137666551
775,Cat_28,427419,163,61,3,8409,0,61,0.04918032786885246,0.00011166336136561383
1746,Cat_9,427385,151,62,6,13937,3,62,0.0967741935483871,0.00011165447885387142
5734,Cat_8,427375,160,66,5,18024,3,66,0.07575757575757576,0.00011165186635041776
2762,Cat_25,427362,161,63,3,7288,1,63,0.047619047619047616,0.00011164847009592802
7952,Cat_12,427340,161,61,0,0,0,61,0.0,0.00011164272258832998
6089,Cat_22,427339,143,57,2,8173,0,57,0.03508771929824561,0.00011164246133798462
4481,Cat_29,427280,161,62,3,4759,0,62,0.04838709677419355,0.00011162704756760808
2860,Cat_23,427244,167,75,1,3993,1,75,0.013333333333333334,0.00011161764255517493
4650,Cat_10,427226,164,65,3,906,0,65,0.046153846153846156,0.00011161294004895835
2213,Cat_27,427197,142,57,3,9570,1,57,0.05263157894736842,0.00011160536378894276
4253,Cat_29,427196,155,60,4,14578,1,60,0.06666666666666667,0.0001116051025385974
41,Cat_1,427195,176,71,6,17728,2,71,0.08450704225352113,0.00011160484128825203
2029,Cat_14,427181,161,70,0,0,0,70,0.0,0.00011160118378341693
4387,Cat_12,427176,168,72,2,650,0,72,0.027777777777777776,0.0001115998775316901
3192,Cat_1,427166,149,61,4,13876,2,61,0.06557377049180328,0.00011159726502823645
2346,Cat_8,427156,149,53,2,7963,0,53,0.03773584905660377,0.0001115946525247828
4858,Cat_10,427136,163,68,6,13347,1,68,0.08823529411764706,0.00011158942751787549
8511,Cat_21,427129,146,58,2,6995,0,58,0.034482758620689655,0.00011158759876545794
9422,Cat_18,427112,161,60,5,10901,1,60,0.08333333333333333,0.00011158315750958673
8007,Cat_13,427104,138,55,5,18354,2,55,0.09090909090909091,0.00011158106750682381
3120,Cat_17,427053,154,57,3,9519,0,57,0.05263157894736842,0.00011156774373921019
1657,Cat_2,427051,143,57,1,2591,0,57,0.017543859649122806,0.00011156722123851946
3634,Cat_23,427050,149,59,4,11905,1,59,0.06779661016949153,0.0001115669599881741
8980,Cat_26,427047,170,65,4,10334,2,65,0.06153846153846154,0.000111566176237138
9005,Cat_20,427027,172,69,4,16685,1,69,0.057971014492753624,0.0001115609512302307
7201,Cat_25,427026,173,69,2,4405,0,69,0.028985507246376812,0.00011156068997988533
993,Cat_8,426981,171,62,2,5011,2,62,0.03225806451612903,0.0001115489337143439
2886,Cat_24,426942,170,71,9,20833,1,71,0.1267605633802817,0.00011153874495087466
3554,Cat_12,426927,155,61,6,14855,0,61,0.09836065573770492,0.00011153482619569418
6096,Cat_15,426918,178,66,5,13854,3,66,0.07575757575757576,0.0001115324749425859
4855,Cat_7,426887,166,66,4,11387,1,66,0.06060606060606061,0.00011152437618187958
3657,Cat_3,426855,159,70,1,2244,1,70,0.014285714285714285,0.0001115160161708279
6380,Cat_11,426850,164,66,5,8830,0,66,0.07575757575757576,0.00011151470991910107
2122,Cat_8,426841,156,58,2,4891,1,58,0.034482758620689655,0.00011151235866599279
9136,Cat_15,426803,173,67,3,9439,1,67,0.04477611940298507,0.0001115024311528689
4997,Cat_17,426799,154,60,2,2831,2,60,0.03333333333333333,0.00011150138615148746
261,Cat_3,426795,177,73,1,3798,1,73,0.0136986301369863,0.000111500341150106
4265,Cat_6,426733,161,61,2,3730,0,61,0.03278688524590164,0.00011148414362869335
2839,Cat_1,426697,159,67,4,9210,1,67,0.05970149253731343,0.0001114747386162602
7887,Cat_5,426589,152,53,3,5461,0,53,0.05660377358490566,0.00011144652357896078
4762,Cat_19,426584,150,61,1,3519,0,61,0.01639344262295082,0.00011144521732723396
5042,Cat_19,426584,167,75,3,7826,0,75,0.04,0.00011144521732723396
1947,Cat_17,426518,168,65,0,0,0,65,0.0,0.00011142797480443985
152,Cat_9,426492,151,59,1,2443,0,59,0.01694915254237288,0.00011142118229546036
9921,Cat_15,426446,182,71,1,1133,0,71,0.014084507042253521,0.00011140916477957356
2479,Cat_28,426444,171,67,3,11869,2,67,0.04477611940298507,0.00011140864227888283
1159,Cat_12,426436,163,70,2,6809,2,70,0.02857142857142857,0.00011140655227611991
6528,Cat_12,426432,192,77,2,7406,1,77,0.025974025974025976,0.00011140550727473846
6371,Cat_5,426401,160,65,3,7420,2,65,0.046153846153846156,0.00011139740851403214
2623,Cat_19,426400,156,61,4,11978,2,61,0.06557377049180328,0.00011139714726368676
6385,Cat_18,426393,174,67,4,12604,1,67,0.05970149253731343,0.00011139531851126921
2021,Cat_14,426306,149,63,1,2819,0,63,0.015873015873015872,0.00011137258973122245
227,Cat_23,426281,168,62,4,8285,2,62,0.06451612903225806,0.00011136605847258832
3542,Cat_27,426269,178,64,1,2135,1,64,0.015625,0.00011136292346844393
4787,Cat_29,426210,168,65,5,11958,0,65,0.07692307692307693,0.00011134750969806739
387,Cat_27,426210,155,60,2,1497,0,60,0.03333333333333333,0.00011134750969806739
4670,Cat_24,426190,152,63,4,4972,1,63,0.06349206349206349,0.0001113422846911601
8646,Cat_26,426166,158,67,5,16064,3,67,0.07462686567164178,0.00011133601468287133
3381,Cat_10,426135,175,66,3,10494,1,66,0.045454545454545456,0.00011132791592216502
1237,Cat_5,426123,161,61,0,0,0,61,0.0,0.00011132478091802063
7193,Cat_12,426056,159,65,4,10931,1,65,0.06153846153846154,0.00011130727714488116
9273,Cat_20,426038,160,61,1,2879,0,61,0.01639344262295082,0.0001113025746386646
6212,Cat_9,426032,172,67,2,9170,2,67,0.029850746268656716,0.00011130100713659241
5151,Cat_27,426023,160,68,5,10918,1,68,0.07352941176470588,0.00011129865588348412
4899,Cat_4,425973,153,61,2,5001,1,61,0.03278688524590164,0.00011128559336621587
7252,Cat_21,425971,164,63,6,20162,2,63,0.09523809523809523,0.00011128507086552513
8555,Cat_13,425967,168,66,7,16040,2,66,0.10606060606060606,0.00011128402586414367
3341,Cat_18,425965,160,62,1,414,1,62,0.016129032258064516,0.00011128350336345294
5078,Cat_1,425958,164,55,2,4852,0,55,0.03636363636363636,0.00011128167461103539
9670,Cat_16,425931,154,57,3,13252,0,57,0.05263157894736842,0.00011127462085171053
6848,Cat_2,425931,171,70,2,8572,1,70,0.02857142857142857,0.00011127462085171053
7831,Cat_17,425908,156,61,5,12143,0,61,0.08196721311475409,0.00011126861209376713
9120,Cat_27,425867,161,63,5,13075,2,63,0.07936507936507936,0.00011125790082960717
1550,Cat_7,425862,184,71,4,6350,0,71,0.056338028169014086,0.00011125659457788033
7668,Cat_24,425861,180,73,4,6039,0,73,0.0547945205479452,0.00011125633332753497
3692,Cat_7,425859,156,60,3,5455,0,60,0.05,0.00011125581082684424
9720,Cat_20,425830,152,65,2,8430,1,65,0.03076923076923077,0.00011124823456682865
5948,Cat_11,425776,164,65,5,6670,0,65,0.07692307692307693,0.00011123412704817893
1597,Cat_21,425774,168,66,2,2750,0,66,0.030303030303030304,0.0001112336045474882
275,Cat_26,425737,171,65,3,8403,0,65,0.046153846153846156,0.0001112239382847097
8815,Cat_10,425658,165,69,5,15111,2,69,0.07246376811594203,0.00011120329950742584
767,Cat_12,425633,158,63,3,4560,0,63,0.047619047619047616,0.00011119676824879173
1815,Cat_17,425603,195,74,2,5061,0,74,0.02702702702702703,0.00011118893073843076
5858,Cat_18,425585,169,67,3,9445,1,67,0.04477611940298507,0.0001111842282322142
4247,Cat_14,425578,166,77,1,3490,0,77,0.012987012987012988,0.00011118239947979663
5832,Cat_14,425530,161,59,2,4113,0,59,0.03389830508474576,0.00011116985946321912
5656,Cat_13,425526,166,60,3,7658,2,60,0.05,0.00011116881446183766
4741,Cat_11,425476,167,63,7,21257,3,63,0.1111111111111111,0.0001111557519445694
2979,Cat_10,425476,162,62,6,22030,4,62,0.0967741935483871,0.0001111557519445694
8757,Cat_22,425474,172,67,4,9891,0,67,0.05970149253731343,0.00011115522944387867
5514,Cat_4,425469,148,60,2,4892,1,60,0.03333333333333333,0.00011115392319215185
2246,Cat_4,425434,142,60,2,4681,1,60,0.03333333333333333,0.00011114477943006406
4498,Cat_19,425428,157,60,2,5587,0,60,0.03333333333333333,0.00011114321192799187
5659,Cat_3,425401,194,72,4,11328,0,72,0.05555555555555555,0.00011113615816866701
188,Cat_17,425341,173,67,2,9481,1,67,0.029850746268656716,0.00011112048314794511
5266,Cat_26,425292,148,60,3,2481,0,60,0.05,0.00011110768188102222
2460,Cat_22,425275,169,68,3,6505,1,68,0.04411764705882353,0.00011110324062515101
3312,Cat_5,425245,168,69,6,15540,2,69,0.08695652173913043,0.00011109540311479005
4809,Cat_20,425238,154,62,5,16465,0,62,0.08064516129032258,0.0001110935743623725
3934,Cat_1,425233,150,60,3,8310,0,60,0.05,0.00011109226811064568
1905,Cat_16,425225,155,63,6,8768,1,63,0.09523809523809523,0.00011109017810788275
7978,Cat_20,425222,188,73,4,13278,2,73,0.0547945205479452,0.00011108939435684666
7610,Cat_10,425194,163,61,5,16796,2,61,0.08196721311475409,0.00011108207934717643
4518,Cat_24,425176,156,58,1,4996,0,58,0.017241379310344827,0.00011107737684095987
5210,Cat_29,425155,155,66,1,2331,0,66,0.015151515151515152,0.0001110718905837072
4848,Cat_15,425137,162,64,2,2716,0,64,0.03125,0.00011106718807749062
7797,Cat_2,425076,164,70,4,8542,0,70,0.05714285714285714,0.00011105125180642335
5691,Cat_11,425074,190,74,4,11341,1,74,0.05405405405405406,0.00011105072930573262
9621,Cat_6,425042,153,64,2,8173,1,64,0.03125,0.00011104236929468093
4022,Cat_15,425033,173,73,2,7760,0,73,0.0273972602739726,0.00011104001804157265
9426,Cat_17,425002,161,63,1,59,0,63,0.015873015873015872,0.00011103191928086633
248,Cat_15,424985,169,66,2,1549,0,66,0.030303030303030304,0.00011102747802499512
8165,Cat_24,424950,152,69,4,13497,1,69,0.057971014492753624,0.00011101833426290735
1870,Cat_19,424944,160,54,5,10724,0,54,0.09259259259259259,0.00011101676676083516
531,Cat_29,424940,154,62,3,8468,0,62,0.04838709677419355,0.0001110157217594537
933,Cat_10,424929,149,62,2,3993,0,62,0.03225806451612903,0.00011101284800565468
9948,Cat_24,424922,170,68,3,7474,0,68,0.04411764705882353,0.00011101101925323712
5587,Cat_29,424915,147,61,3,11119,1,61,0.04918032786885246,0.00011100919050081957
1354,Cat_18,424910,160,60,0,0,0,60,0.0,0.00011100788424909275
6016,Cat_3,424902,168,66,3,4557,1,66,0.045454545454545456,0.00011100579424632982
6215,Cat_12,424883,172,59,1,4662,1,59,0.01694915254237288,0.00011100083048976789
4107,Cat_21,424876,171,69,4,6730,2,69,0.057971014492753624,0.00011099900173735032
4413,Cat_14,424875,161,63,2,4860,0,63,0.031746031746031744,0.00011099874048700496
4669,Cat_18,424874,165,61,1,1993,0,61,0.01639344262295082,0.0001109984792366596
1280,Cat_22,424873,161,61,6,14114,2,61,0.09836065573770492,0.00011099821798631423
7598,Cat_26,424821,165,70,6,25145,2,70,0.08571428571428572,0.00011098463296835524
260,Cat_23,424810,160,62,2,5522,1,62,0.03225806451612903,0.00011098175921455623
8463,Cat_7,424801,140,58,4,8488,1,58,0.06896551724137931,0.00011097940796144794
3270,Cat_28,424795,158,65,3,6246,0,65,0.046153846153846156,0.00011097784045937575
2586,Cat_27,424734,155,67,2,2475,0,67,0.029850746268656716,0.00011096190418830848
5146,Cat_26,424714,150,55,7,12345,4,55,0.12727272727272726,0.00011095667918140118
1887,Cat_17,424702,161,62,3,6565,0,62,0.04838709677419355,0.0001109535441772568
7218,Cat_24,424696,170,69,1,1525,0,69,0.014492753623188406,0.0001109519766751846
5211,Cat_5,424680,166,65,5,14284,3,65,0.07692307692307693,0.00011094779666965876
4837,Cat_10,424644,174,67,3,5374,0,67,0.04477611940298507,0.00011093839165722561
1242,Cat_21,424637,160,63,5,14248,1,63,0.07936507936507936,0.00011093656290480806
237,Cat_3,424606,170,67,3,6754,0,67,0.04477611940298507,0.00011092846414410174
1613,Cat_18,424595,163,64,3,5825,0,64,0.046875,0.00011092559039030273
3023,Cat_6,424577,164,68,2,6252,1,68,0.029411764705882353,0.00011092088788408616
144,Cat_7,424576,161,66,2,6722,0,66,0.030303030303030304,0.00011092062663374079
2094,Cat_23,424444,161,65,2,6987,1,65,0.03076923076923077,0.0001108861415881526
2662,Cat_5,424435,161,64,3,7898,0,64,0.046875,0.0001108837903350443
6306,Cat_10,424411,177,68,4,7762,0,68,0.058823529411764705,0.00011087752032675555
1180,Cat_28,424392,159,63,5,11184,4,63,0.07936507936507936,0.00011087255657019361
9340,Cat_8,424377,145,53,2,5503,2,53,0.03773584905660377,0.00011086863781501314
6786,Cat_10,424349,174,69,0,0,0,69,0.0,0.0001108613228053429
6286,Cat_21,424334,167,63,3,5276,0,63,0.047619047619047616,0.00011085740405016243
963,Cat_30,424299,163,64,3,4321,0,64,0.046875,0.00011084826028807466
4000,Cat_30,424281,163,67,3,11135,2,67,0.04477611940298507,0.00011084355778185808
4596,Cat_16,424273,155,61,3,6256,0,61,0.04918032786885246,0.00011084146777909515
359,Cat_11,424237,167,65,0,0,0,65,0.0,0.00011083206276666201
544,Cat_24,424228,143,60,4,8481,0,60,0.06666666666666667,0.00011082971151355373
3359,Cat_19,424226,174,64,4,11192,1,64,0.0625,0.000110829189012863
3032,Cat_25,424209,147,60,0,0,0,60,0.0,0.00011082474775699179
6032,Cat_5,424197,150,65,6,17047,2,65,0.09230769230769231,0.0001108216127528474
4405,Cat_13,424194,169,70,3,10746,0,70,0.04285714285714286,0.00011082082900181132
8885,Cat_1,424184,154,61,4,6530,0,61,0.06557377049180328,0.00011081821649835766
4640,Cat_19,424172,153,59,3,7297,1,59,0.05084745762711865,0.00011081508149421329
267,Cat_22,424162,141,55,3,4947,0,55,0.05454545454545454,0.00011081246899075963
2206,Cat_30,424100,164,68,3,10248,2,68,0.04411764705882353,0.00011079627146934699
1926,Cat_16,424093,163,70,1,4412,0,70,0.014285714285714285,0.00011079444271692944
1965,Cat_15,424083,174,68,2,2489,0,68,0.029411764705882353,0.00011079183021347578
2944,Cat_21,424055,166,60,3,9528,1,60,0.05,0.00011078451520380556
7943,Cat_18,424028,164,63,5,15742,2,63,0.07936507936507936,0.0001107774614444807
3506,Cat_20,424023,171,69,1,4080,1,69,0.014492753623188406,0.00011077615519275388
3905,Cat_4,424003,161,62,4,8335,0,62,0.06451612903225806,0.00011077093018584657
3247,Cat_18,423980,167,60,4,8226,0,60,0.06666666666666667,0.00011076492142790317
2646,Cat_17,423962,171,65,2,3687,0,65,0.03076923076923077,0.00011076021892168661
7914,Cat_3,423957,152,56,4,4800,0,56,0.07142857142857142,0.00011075891266995979
3259,Cat_30,423945,150,59,2,6963,1,59,0.03389830508474576,0.0001107557776658154
6629,Cat_16,423868,168,58,1,3970,1,58,0.017241379310344827,0.00011073566138922228
1560,Cat_18,423868,167,68,4,11947,1,68,0.058823529411764705,0.00011073566138922228
5048,Cat_8,423851,166,65,9,26637,4,65,0.13846153846153847,0.00011073122013335108
3899,Cat_10,423833,158,63,2,2025,0,63,0.031746031746031744,0.00011072651762713451
6696,Cat_12,423808,149,62,3,10662,1,62,0.04838709677419355,0.00011071998636850038
1457,Cat_6,423803,150,59,6,16104,2,59,0.1016949152542373,0.00011071868011677355
7560,Cat_21,423784,150,62,4,9258,1,62,0.06451612903225806,0.00011071371636021161
9854,Cat_24,423767,170,74,5,13533,1,74,0.06756756756756757,0.0001107092751043404
2207,Cat_13,423740,181,69,3,10520,1,69,0.043478260869565216,0.00011070222134501556
9135,Cat_8,423714,174,66,3,8063,0,66,0.045454545454545456,0.00011069542883603605
4663,Cat_7,423696,148,58,3,7157,1,58,0.05172413793103448,0.00011069072632981949
9998,Cat_9,423663,171,63,1,2872,0,63,0.015873015873015872,0.00011068210506842244
5993,Cat_20,423655,174,69,1,1308,0,69,0.014492753623188406,0.00011068001506565951
3332,Cat_19,423628,162,65,4,7438,0,65,0.06153846153846154,0.00011067296130633465
3955,Cat_24,423615,168,69,3,8685,0,69,0.043478260869565216,0.00011066956505184491
2948,Cat_11,423615,145,55,2,7456,1,55,0.03636363636363636,0.00011066956505184491
9543,Cat_21,423557,171,70,3,6562,1,70,0.04285714285714286,0.00011065441253181374
1416,Cat_1,423548,162,72,3,10910,1,72,0.041666666666666664,0.00011065206127870545
8366,Cat_6,423535,171,76,4,7779,2,76,0.05263157894736842,0.0001106486650242157
1290,Cat_21,423491,152,57,1,2952,0,57,0.017543859649122806,0.00011063717000901963
4067,Cat_28,423479,172,64,4,8602,0,64,0.0625,0.00011063403500487526
1399,Cat_8,423426,178,65,3,10356,2,65,0.046153846153846156,0.00011062018873657091
8323,Cat_5,423422,157,59,3,4977,0,59,0.05084745762711865,0.00011061914373518945
6028,Cat_1,423420,149,59,3,5710,0,59,0.05084745762711865,0.00011061862123449872
184,Cat_30,423352,167,65,1,2483,0,65,0.015384615384615385,0.00011060085621101389
4321,Cat_21,423336,148,58,1,4975,0,58,0.017241379310344827,0.00011059667620548804
173,Cat_22,423304,150,59,1,312,0,59,0.01694915254237288,0.00011058831619443636
1114,Cat_4,423295,164,62,4,11961,1,62,0.06451612903225806,0.00011058596494132808
142,Cat_9,423240,158,63,1,2046,0,63,0.015873015873015872,0.00011057159617233299
5984,Cat_25,423229,178,69,2,6176,0,69,0.028985507246376812,0.00011056872241853397
1465,Cat_16,423173,163,62,2,7269,0,62,0.03225806451612903,0.00011055409239919353
7021,Cat_16,423082,152,56,2,4540,0,56,0.03571428571428571,0.0001105303186177653
4414,Cat_2,423078,163,67,6,13512,1,67,0.08955223880597014,0.00011052927361638385
7283,Cat_5,423077,157,64,3,10430,1,64,0.046875,0.00011052901236603848
6752,Cat_25,423069,171,68,3,6233,0,68,0.04411764705882353,0.00011052692236327555
8994,Cat_7,423060,170,67,2,8768,2,67,0.029850746268656716,0.00011052457111016727
2682,Cat_19,423031,180,72,6,18826,2,72,0.08333333333333333,0.00011051699485015168
4185,Cat_10,423028,171,67,4,11898,0,67,0.05970149253731343,0.00011051621109911559
4175,Cat_18,423011,159,67,5,19403,2,67,0.07462686567164178,0.00011051176984324438
6686,Cat_9,422990,166,63,5,13598,1,63,0.07936507936507936,0.00011050628358599171
3386,Cat_14,422973,179,74,5,13944,2,74,0.06756756756756757,0.00011050184233012051
9282,Cat_20,422881,175,64,2,731,0,64,0.03125,0.00011047780729834691
1923,Cat_1,422834,162,63,1,581,0,63,0.015873015873015872,0.00011046552853211476
7603,Cat_8,422826,163,62,2,7399,1,62,0.03225806451612903,0.00011046343852935183
1013,Cat_7,422814,168,69,3,6132,0,69,0.043478260869565216,0.00011046030352520745
3088,Cat_18,422814,167,65,6,11018,1,65,0.09230769230769231,0.00011046030352520745
8916,Cat_25,422807,153,60,6,19916,0,60,0.1,0.0001104584747727899
2414,Cat_2,422803,162,62,4,9804,1,62,0.06451612903225806,0.00011045742977140843
86,Cat_11,422757,158,59,1,2196,1,59,0.01694915254237288,0.00011044541225552163
6231,Cat_10,422756,179,72,1,5767,0,72,0.013888888888888888,0.00011044515100517628
3456,Cat_18,422727,168,62,0,0,0,62,0.0,0.00011043757474516068
1596,Cat_29,422724,151,56,3,3362,0,56,0.05357142857142857,0.0001104367909941246
3427,Cat_5,422710,148,60,3,8319,0,60,0.05,0.00011043313348928948
9762,Cat_7,422694,156,63,6,10054,1,63,0.09523809523809523,0.00011042895348376363
3627,Cat_21,422670,164,63,2,7839,1,63,0.031746031746031744,0.00011042268347547487
7267,Cat_10,422658,162,64,3,4706,0,64,0.046875,0.00011041954847133049
8503,Cat_5,422657,168,68,4,7545,2,68,0.058823529411764705,0.00011041928722098513
684,Cat_6,422648,173,69,2,8019,1,69,0.028985507246376812,0.00011041693596787685
9650,Cat_7,422640,165,61,4,9880,0,61,0.06557377049180328,0.00011041484596511392
8261,Cat_14,422638,155,61,2,4145,0,61,0.03278688524590164,0.00011041432346442319
768,Cat_12,422638,179,71,4,8524,1,71,0.056338028169014086,0.00011041432346442319
2953,Cat_2,422631,155,63,1,1873,0,63,0.015873015873015872,0.00011041249471200564
606,Cat_18,422623,155,61,5,11321,2,61,0.08196721311475409,0.00011041040470924272
2667,Cat_4,422580,164,62,6,17676,1,62,0.0967741935483871,0.00011039917094439201
7181,Cat_19,422579,175,68,5,13150,3,68,0.07352941176470588,0.00011039890969404665
5442,Cat_30,422578,166,69,2,4030,0,69,0.028985507246376812,0.00011039864844370128
3474,Cat_21,422574,152,64,2,3511,0,64,0.03125,0.00011039760344231983
4728,Cat_21,422553,155,57,4,10338,1,57,0.07017543859649122,0.00011039211718506716
3740,Cat_24,422501,159,59,4,12583,0,59,0.06779661016949153,0.00011037853216710817
3687,Cat_1,422432,167,64,2,3828,0,64,0.03125,0.00011036050589327797
6986,Cat_19,422419,158,63,4,8623,1,63,0.06349206349206349,0.00011035710963878823
3380,Cat_29,422387,146,62,3,4670,0,62,0.04838709677419355,0.00011034874962773655
2100,Cat_4,422377,162,64,2,3800,0,64,0.03125,0.00011034613712428289
259,Cat_14,422346,147,57,4,11836,1,57,0.07017543859649122,0.00011033803836357657
7922,Cat_22,422288,174,72,3,6651,0,72,0.041666666666666664,0.0001103228858435454
2480,Cat_21,422270,158,63,5,15734,3,63,0.07936507936507936,0.00011031818333732882
4184,Cat_26,422226,145,61,2,8441,1,61,0.03278688524590164,0.00011030668832213275
5905,Cat_2,422208,147,57,4,12910,0,57,0.07017543859649122,0.00011030198581591619
1022,Cat_17,422194,160,63,3,7317,1,63,0.047619047619047616,0.00011029832831108107
2797,Cat_20,422179,176,64,4,11539,1,64,0.0625,0.0001102944095559006
733,Cat_21,422121,158,60,3,7895,0,60,0.05,0.00011027925703586943
6945,Cat_20,422107,161,59,1,1482,0,59,0.01694915254237288,0.00011027559953103431
4614,Cat_1,422103,163,67,6,15124,3,67,0.08955223880597014,0.00011027455452965285
9606,Cat_4,422094,169,68,1,3648,0,68,0.014705882352941176,0.00011027220327654457
4292,Cat_18,422073,165,69,1,2737,0,69,0.014492753623188406,0.0001102667170192919
8082,Cat_10,422024,150,62,3,7759,1,61,0.04838709677419355,0.00011025391575236901
577,Cat_12,421989,154,63,3,6971,0,63,0.047619047619047616,0.00011024477199028123
4993,Cat_18,421976,171,67,1,612,0,67,0.014925373134328358,0.00011024137573579148
6962,Cat_1,421960,174,66,0,0,0,66,0.0,0.00011023719573026564
9039,Cat_15,421917,162,63,3,8074,0,63,0.047619047619047616,0.00011022596196541494
7284,Cat_4,421899,163,61,2,4721,1,61,0.03278688524590164,0.00011022125945919836
958,Cat_19,421888,160,59,4,5674,0,59,0.06779661016949153,0.00011021838570539935
3811,Cat_25,421734,161,62,4,5095,0,62,0.06451612903225806,0.00011017815315221312
8264,Cat_3,421707,150,57,1,2770,0,57,0.017543859649122806,0.00011017109939288826
1591,Cat_14,421698,169,69,4,7769,1,69,0.057971014492753624,0.00011016874813977998
3027,Cat_25,421697,180,64,3,9267,2,64,0.046875,0.00011016848688943462
1197,Cat_29,421690,159,62,4,7188,1,62,0.06451612903225806,0.00011016665813701705
925,Cat_4,421674,158,65,0,0,0,65,0.0,0.00011016247813149122
7265,Cat_9,421660,153,63,2,9254,1,63,0.031746031746031744,0.0001101588206266561
2092,Cat_17,421659,147,60,2,2653,0,60,0.03333333333333333,0.00011015855937631075
1120,Cat_12,421659,167,63,3,4111,1,63,0.047619047619047616,0.00011015855937631075
4202,Cat_14,421643,164,59,2,3788,2,59,0.03389830508474576,0.0001101543793707849
5433,Cat_26,421560,177,66,1,1181,0,66,0.015151515151515152,0.0001101326955921196
8084,Cat_17,421527,172,64,0,0,0,64,0.0,0.00011012407433072254
3314,Cat_20,421507,149,63,1,707,0,63,0.015873015873015872,0.00011011884932381523
6021,Cat_18,421484,168,72,4,14073,1,72,0.05555555555555555,0.00011011284056587185
4057,Cat_25,421483,177,72,4,9318,1,72,0.05555555555555555,0.00011011257931552648
7333,Cat_23,421436,152,61,4,10566,0,61,0.06557377049180328,0.00011010030054929432
3102,Cat_19,421417,167,63,2,5121,1,63,0.031746031746031744,0.00011009533679273238
1400,Cat_10,421416,147,60,3,10043,1,60,0.05,0.00011009507554238701
8954,Cat_15,421350,159,63,4,10891,0,63,0.06349206349206349,0.00011007783301959292
6487,Cat_17,421335,160,60,0,0,0,60,0.0,0.00011007391426441244
2544,Cat_3,421334,165,66,2,5846,1,66,0.030303030303030304,0.00011007365301406707
1086,Cat_27,421331,157,62,2,7274,1,62,0.03225806451612903,0.00011007286926303098
3467,Cat_28,421319,159,64,4,4010,0,64,0.0625,0.0001100697342588866
7872,Cat_10,421255,156,59,3,6200,1,59,0.05084745762711865,0.00011005301423678323
7100,Cat_16,421240,161,60,5,19699,3,60,0.08333333333333333,0.00011004909548160276
6248,Cat_30,421234,159,60,1,559,0,60,0.016666666666666666,0.00011004752797953056
4236,Cat_21,421234,176,69,4,16953,2,69,0.057971014492753624,0.00011004752797953056
3214,Cat_28,421231,165,67,1,3847,1,67,0.014925373134328358,0.00011004674422849447
8619,Cat_17,421181,142,59,7,17467,2,59,0.11864406779661017,0.00011003368171122621
4513,Cat_16,421178,145,61,3,7271,0,61,0.04918032786885246,0.00011003289796019011
8234,Cat_16,421168,161,63,3,9033,0,63,0.047619047619047616,0.00011003028545673647
18,Cat_7,421137,158,62,1,1823,1,62,0.016129032258064516,0.00011002218669603015
4844,Cat_4,421132,156,64,2,2104,0,64,0.03125,0.00011002088044430333
559,Cat_8,421112,153,63,2,3840,0,63,0.031746031746031744,0.00011001565543739602
1359,Cat_15,421055,169,63,4,13107,0,63,0.06349206349206349,0.0001100007641677102
8583,Cat_15,421046,163,62,2,8897,1,62,0.03225806451612903,0.00010999841291460192
3824,Cat_27,421004,154,66,3,11128,0,66,0.045454545454545456,0.00010998744040009659
8940,Cat_6,420995,160,64,0,0,0,64,0.0,0.0001099850891469883
5368,Cat_19,420981,155,62,1,565,0,62,0.016129032258064516,0.00010998143164215319
182,Cat_26,420958,193,76,3,7324,0,76,0.039473684210526314,0.00010997542288420979
9620,Cat_28,420919,148,56,3,7295,0,56,0.05357142857142857,0.00010996523412074056
1968,Cat_8,420817,181,71,4,10814,2,71,0.056338028169014086,0.0001099385865855133
2425,Cat_9,420800,178,74,9,28117,4,74,0.12162162162162163,0.0001099341453296421
8123,Cat_15,420800,160,65,3,7732,0,65,0.046153846153846156,0.0001099341453296421
9722,Cat_12,420787,168,61,3,13305,1,61,0.04918032786885246,0.00010993074907515236
566,Cat_15,420757,159,65,7,19563,2,65,0.1076923076923077,0.0001099229115647914
6312,Cat_20,420743,161,68,5,18256,1,68,0.07352941176470588,0.00010991925405995629
2,Cat_18,420731,155,63,3,5128,2,63,0.047619047619047616,0.0001099161190558119
6967,Cat_13,420717,171,67,2,2390,1,67,0.029850746268656716,0.0001099124615509768
5076,Cat_27,420668,153,57,4,15712,1,57,0.07017543859649122,0.0001098996602840539
9338,Cat_8,420637,147,60,4,6420,1,60,0.06666666666666667,0.00010989156152334759
5018,Cat_15,420630,142,62,3,4356,0,62,0.04838709677419355,0.00010988973277093003
2814,Cat_3,420615,155,63,3,8022,1,63,0.047619047619047616,0.00010988581401574955
1384,Cat_10,420567,148,59,3,7786,1,59,0.05084745762711865,0.00010987327399917203
806,Cat_27,420521,173,74,3,11602,1,74,0.04054054054054054,0.00010986125648328524
7709,Cat_28,420518,145,55,2,8831,0,55,0.03636363636363636,0.00010986047273224913
2894,Cat_21,420455,147,61,4,7835,1,61,0.06557377049180328,0.00010984401396049113
9817,Cat_14,420385,174,68,4,9886,1,68,0.058823529411764705,0.00010982572643631557
3716,Cat_13,420363,153,63,3,4483,0,63,0.047619047619047616,0.00010981997892871755
4356,Cat_9,420307,160,63,4,7199,1,63,0.06349206349206349,0.0001098053489093771
9887,Cat_23,420304,157,58,5,6084,0,58,0.08620689655172414,0.000109804565158341
383,Cat_29,420293,157,68,6,19697,1,68,0.08823529411764706,0.00010980169140454199
2370,Cat_23,420254,150,65,3,9550,2,65,0.046153846153846156,0.00010979150264107275
350,Cat_16,420223,172,63,4,16622,3,63,0.06349206349206349,0.00010978340388036642
4331,Cat_22,420195,161,62,3,3353,0,62,0.04838709677419355,0.0001097760888706962
5755,Cat_10,420165,154,60,5,9593,1,60,0.08333333333333333,0.00010976825136033525
4642,Cat_3,420139,164,67,4,9867,0,67,0.05970149253731343,0.00010976145885135576
2255,Cat_14,420131,166,64,6,10491,2,64,0.09375,0.00010975936884859284
6892,Cat_11,420124,155,68,2,6035,0,68,0.029411764705882353,0.00010975754009617528
3729,Cat_23,420111,177,67,7,21933,2,67,0.1044776119402985,0.00010975414384168553
3082,Cat_29,420088,154,67,5,15282,3,67,0.07462686567164178,0.00010974813508374213
7309,Cat_24,420082,160,71,4,6953,0,71,0.056338028169014086,0.00010974656758166994
1805,Cat_1,420032,152,61,3,4611,0,61,0.04918032786885246,0.00010973350506440169
6742,Cat_22,420021,165,65,5,11866,1,65,0.07692307692307693,0.00010973063131060268
149,Cat_28,419995,156,61,4,11933,2,61,0.06557377049180328,0.00010972383880162318
4505,Cat_28,419982,153,60,3,12194,1,60,0.05,0.00010972044254713343
9018,Cat_12,419977,143,62,3,12478,0,62,0.04838709677419355,0.00010971913629540661
824,Cat_1,419967,168,67,2,7283,0,67,0.029850746268656716,0.00010971652379195296
305,Cat_23,419952,180,72,4,7428,2,72,0.05555555555555555,0.00010971260503677248
6439,Cat_25,419949,170,65,3,6985,1,65,0.046153846153846156,0.00010971182128573638
3798,Cat_4,419939,157,66,5,10281,1,66,0.07575757575757576,0.00010970920878228274
2749,Cat_25,419913,154,64,2,3545,0,64,0.03125,0.00010970241627330324
3757,Cat_24,419836,153,61,2,9897,1,61,0.03278688524590164,0.00010968229999671013
284,Cat_5,419827,162,58,3,10406,0,58,0.05172413793103448,0.00010967994874360185
7627,Cat_23,419810,179,66,5,14505,1,66,0.07575757575757576,0.00010967550748773063
8458,Cat_3,419786,167,66,5,5093,0,66,0.07575757575757576,0.00010966923747944187
6934,Cat_27,419766,157,61,8,20615,2,61,0.13114754098360656,0.00010966401247253457
9234,Cat_17,419765,148,53,0,0,0,53,0.0,0.0001096637512221892
2548,Cat_29,419743,159,70,4,11723,1,70,0.05714285714285714,0.00010965800371459117
4251,Cat_20,419734,155,58,1,2176,0,58,0.017241379310344827,0.00010965565246148288
4003,Cat_13,419706,169,58,2,4340,1,58,0.034482758620689655,0.00010964833745181266
1511,Cat_8,419690,173,65,5,12730,2,65,0.07692307692307693,0.00010964415744628683
6774,Cat_22,419668,141,46,1,1413,0,46,0.021739130434782608,0.00010963840993868879
2249,Cat_28,419650,179,63,3,16889,2,63,0.047619047619047616,0.00010963370743247222
4846,Cat_19,419641,157,68,4,11349,1,68,0.058823529411764705,0.00010963135617936392
3127,Cat_12,419641,145,58,4,12155,1,58,0.06896551724137931,0.00010963135617936392
2105,Cat_23,419633,161,62,1,3820,0,62,0.016129032258064516,0.00010962926617660101
329,Cat_3,419619,180,76,4,10297,2,76,0.05263157894736842,0.0001096256086717659
5264,Cat_13,419618,158,61,4,11970,2,61,0.06557377049180328,0.00010962534742142053
949,Cat_21,419608,157,64,3,11832,1,64,0.046875,0.00010962273491796688
4960,Cat_30,419608,165,64,1,3022,0,64,0.015625,0.00010962273491796688
4472,Cat_21,419601,166,67,4,9386,2,67,0.05970149253731343,0.00010962090616554932
4936,Cat_4,419598,158,64,6,16267,2,64,0.09375,0.00010962012241451323
8887,Cat_1,419597,177,69,1,2371,1,69,0.014492753623188406,0.00010961986116416786
3298,Cat_9,419597,156,67,2,1727,0,67,0.029850746268656716,0.00010961986116416786
4678,Cat_15,419577,173,66,3,6733,0,66,0.045454545454545456,0.00010961463615726056
6137,Cat_23,419545,151,60,2,3131,0,60,0.03333333333333333,0.00010960627614620888
6484,Cat_11,419537,170,70,4,7925,0,70,0.05714285714285714,0.00010960418614344596
7703,Cat_22,419481,168,62,1,266,0,62,0.016129032258064516,0.0001095895561241055
3368,Cat_17,419474,150,64,6,10469,1,64,0.09375,0.00010958772737168795
1757,Cat_21,419424,170,67,0,0,0,67,0.0,0.00010957466485441969
8843,Cat_12,419414,164,68,0,0,0,68,0.0,0.00010957205235096605
4192,Cat_3,419413,153,58,0,0,0,58,0.0,0.00010957179110062068
8297,Cat_26,419402,159,61,2,6080,0,61,0.03278688524590164,0.00010956891734682167
3846,Cat_17,419392,169,62,2,4966,1,62,0.03225806451612903,0.00010956630484336801
4714,Cat_23,419377,174,68,5,15293,3,68,0.07352941176470588,0.00010956238608818754
718,Cat_11,419370,167,60,4,13595,1,60,0.06666666666666667,0.00010956055733576998
9715,Cat_29,419354,143,62,1,595,0,62,0.016129032258064516,0.00010955637733024414
8531,Cat_6,419350,172,65,5,14997,2,65,0.07692307692307693,0.00010955533232886268
3325,Cat_26,419341,131,46,5,18146,1,46,0.10869565217391304,0.00010955298107575439
7533,Cat_1,419321,155,62,5,10322,1,62,0.08064516129032258,0.0001095477560688471
2560,Cat_8,419321,146,57,4,11062,1,57,0.07017543859649122,0.0001095477560688471
6916,Cat_21,419319,161,67,3,9951,2,67,0.04477611940298507,0.00010954723356815637
7727,Cat_14,419313,155,62,5,12551,3,62,0.08064516129032258,0.00010954566606608417
945,Cat_20,419222,149,60,6,18636,1,60,0.1,0.00010952189228465595
2530,Cat_9,419222,151,61,3,7675,0,61,0.04918032786885246,0.00010952189228465595
1681,Cat_29,419203,152,65,8,16534,1,65,0.12307692307692308,0.00010951692852809401
5835,Cat_1,419183,163,59,2,1247,0,59,0.03389830508474576,0.0001095117035211867
7261,Cat_26,419165,141,56,4,11083,1,56,0.07142857142857142,0.00010950700101497014
2695,Cat_26,419164,153,66,0,0,0,66,0.0,0.00010950673976462477
5554,Cat_2,419139,145,59,3,10371,1,59,0.05084745762711865,0.00010950020850599064
2262,Cat_22,419127,156,58,5,12205,1,58,0.08620689655172414,0.00010949707350184626
9471,Cat_4,419120,152,59,2,5565,1,59,0.03389830508474576,0.0001094952447494287
548,Cat_13,419107,172,76,4,12463,2,76,0.05263157894736842,0.00010949184849493895
1440,Cat_1,419087,166,66,6,15936,4,66,0.09090909090909091,0.00010948662348803166
2971,Cat_25,419083,149,54,1,1356,0,54,0.018518518518518517,0.0001094855784866502
201,Cat_3,419080,178,71,2,5598,1,71,0.028169014084507043,0.0001094847947356141
4164,Cat_26,419074,173,67,2,7269,0,67,0.029850746268656716,0.0001094832272335419
4322,Cat_26,419070,145,63,6,19669,0,63,0.09523809523809523,0.00010948218223216044
8436,Cat_3,419013,172,65,2,8164,1,65,0.03076923076923077,0.00010946729096247463
3292,Cat_28,418988,150,61,1,3027,0,61,0.01639344262295082,0.00010946075970384051
8079,Cat_9,418976,156,61,4,11641,2,61,0.06557377049180328,0.00010945762469969613
9731,Cat_6,418973,145,56,3,4587,0,56,0.05357142857142857,0.00010945684094866002
6727,Cat_30,418947,166,63,3,4750,0,63,0.047619047619047616,0.00010945004843968053
3873,Cat_26,418935,159,63,6,12701,1,63,0.09523809523809523,0.00010944691343553615
9757,Cat_10,418930,165,69,4,17496,1,69,0.057971014492753624,0.00010944560718380933
4239,Cat_30,418927,167,70,9,23723,3,70,0.12857142857142856,0.00010944482343277324
4749,Cat_27,418896,172,66,4,7191,1,66,0.06060606060606061,0.00010943672467206692
6564,Cat_16,418883,176,76,5,12983,1,76,0.06578947368421052,0.00010943332841757717
2129,Cat_21,418880,156,60,3,4254,0,60,0.05,0.00010943254466654107
4085,Cat_10,418862,159,65,2,7445,1,65,0.03076923076923077,0.0001094278421603245
676,Cat_8,418849,163,59,2,5159,1,59,0.03389830508474576,0.00010942444590583476
2872,Cat_8,418845,155,59,2,6807,0,59,0.03389830508474576,0.0001094234009044533
5667,Cat_13,418837,147,62,0,0,0,62,0.0,0.00010942131090169037
7083,Cat_4,418785,165,67,3,6999,0,67,0.04477611940298507,0.00010940772588373138
5810,Cat_13,418778,161,62,1,132,0,62,0.016129032258064516,0.00010940589713131383
437,Cat_7,418701,164,66,2,3285,2,66,0.030303030303030304,0.00010938578085472071
3160,Cat_1,418690,170,70,9,11925,1,70,0.12857142857142856,0.0001093829071009217
6904,Cat_30,418616,145,56,1,577,0,56,0.017857142857142856,0.00010936357457536468
4346,Cat_2,418613,154,64,2,4724,0,64,0.03125,0.00010936279082432859
1930,Cat_1,418605,155,65,1,2279,0,65,0.015384615384615385,0.00010936070082156567
6829,Cat_7,418604,148,58,5,10245,3,58,0.08620689655172414,0.0001093604395712203
3257,Cat_10,418603,165,64,3,7935,1,64,0.046875,0.00010936017832087494
9377,Cat_3,418590,165,70,4,8541,1,70,0.05714285714285714,0.00010935678206638519
6037,Cat_14,418577,157,66,5,17863,1,66,0.07575757575757576,0.00010935338581189545
3181,Cat_15,418569,176,67,3,3680,0,67,0.04477611940298507,0.00010935129580913252
4931,Cat_5,418544,152,60,2,5076,1,60,0.03333333333333333,0.0001093447645504984
2363,Cat_12,418535,171,72,3,9218,0,72,0.041666666666666664,0.00010934241329739011
7912,Cat_28,418527,157,63,5,12971,1,63,0.07936507936507936,0.00010934032329462719
5395,Cat_24,418518,183,75,4,13843,2,75,0.05333333333333334,0.0001093379720415189
9659,Cat_9,418508,160,70,7,21152,3,70,0.1,0.00010933535953806525
4478,Cat_28,418484,143,61,1,3242,0,61,0.01639344262295082,0.00010932908952977649
7183,Cat_13,418433,156,67,5,10935,1,67,0.07462686567164178,0.00010931576576216286
3495,Cat_17,418413,171,75,7,17328,4,75,0.09333333333333334,0.00010931054075525556
5891,Cat_6,418391,153,61,4,11532,1,61,0.06557377049180328,0.00010930479324765752
1721,Cat_1,418356,176,69,4,7397,1,69,0.057971014492753624,0.00010929564948556975
8308,Cat_16,418334,152,63,3,3360,0,63,0.047619047619047616,0.00010928990197797171
5167,Cat_10,418298,176,69,6,11465,2,69,0.08695652173913043,0.00010928049696553857
1755,Cat_6,418276,160,61,3,6290,1,61,0.04918032786885246,0.00010927474945794054
1934,Cat_21,418245,166,65,3,6126,0,65,0.046153846153846156,0.00010926665069723422
5242,Cat_9,418241,171,69,5,10309,1,69,0.07246376811594203,0.00010926560569585276
7477,Cat_10,418240,160,65,2,3893,0,65,0.03076923076923077,0.0001092653444455074
4974,Cat_15,418222,167,67,3,5663,1,67,0.04477611940298507,0.00010926064193929082
9128,Cat_8,418212,162,66,3,5996,1,66,0.045454545454545456,0.00010925802943583717
8083,Cat_10,418211,157,65,5,16064,2,65,0.07692307692307693,0.00010925776818549181
4756,Cat_14,418122,151,59,3,5839,0,59,0.05084745762711865,0.00010923451690475432
586,Cat_28,418096,165,67,1,4126,1,67,0.014925373134328358,0.00010922772439577481
3361,Cat_12,418071,149,55,2,2142,0,55,0.03636363636363636,0.0001092211931371407
9342,Cat_16,418059,169,67,3,4150,1,67,0.04477611940298507,0.00010921805813299631
1843,Cat_12,418057,168,68,2,3643,1,68,0.029411764705882353,0.00010921753563230558
9745,Cat_14,418054,161,60,5,8407,0,60,0.08333333333333333,0.00010921675188126949
9628,Cat_5,418035,178,69,4,13447,1,69,0.057971014492753624,0.00010921178812470755
3829,Cat_19,418033,184,76,4,8348,2,76,0.05263157894736842,0.00010921126562401682
5886,Cat_23,418030,165,64,1,1928,0,64,0.015625,0.00010921048187298072
3699,Cat_6,418025,157,63,0,0,0,63,0.0,0.0001092091756212539
5305,Cat_26,418020,162,68,4,9978,1,68,0.058823529411764705,0.00010920786936952706
6062,Cat_24,418016,156,66,1,3663,1,66,0.015151515151515152,0.00010920682436814562
4730,Cat_5,418014,164,64,4,14121,1,64,0.0625,0.00010920630186745489
6046,Cat_15,417969,156,65,4,10007,0,65,0.06153846153846154,0.00010919454560191345
8251,Cat_24,417957,144,60,2,1594,0,60,0.03333333333333333,0.00010919141059776907
2561,Cat_18,417951,153,62,5,18606,3,62,0.08064516129032258,0.00010918984309569688
4759,Cat_16,417931,170,67,2,5374,0,67,0.029850746268656716,0.00010918461808878957
7975,Cat_16,417890,159,65,2,3552,1,65,0.03076923076923077,0.00010917390682462961
2555,Cat_9,417879,152,59,3,6897,0,59,0.05084745762711865,0.0001091710330708306
3956,Cat_21,417879,152,61,8,24784,3,61,0.13114754098360656,0.0001091710330708306
7528,Cat_21,417878,181,69,0,0,0,69,0.0,0.00010917077182048522
4262,Cat_1,417836,171,65,5,13382,0,65,0.07692307692307693,0.00010915979930597989
4958,Cat_28,417821,151,60,3,7025,1,60,0.05,0.00010915588055079941
8627,Cat_16,417781,175,64,6,14945,1,64,0.09375,0.0001091454305369848
4553,Cat_8,417770,142,61,3,10905,0,61,0.04918032786885246,0.00010914255678318579
191,Cat_19,417762,147,59,2,2042,0,59,0.03389830508474576,0.00010914046678042287
6223,Cat_13,417744,155,58,2,5922,1,58,0.034482758620689655,0.00010913576427420629
6689,Cat_18,417727,168,65,2,5192,0,65,0.03076923076923077,0.00010913132301833508
693,Cat_22,417666,172,67,7,11562,1,67,0.1044776119402985,0.00010911538674726781
5168,Cat_11,417665,160,67,3,8278,1,67,0.04477611940298507,0.00010911512549692245
6211,Cat_28,417603,171,70,5,10467,1,70,0.07142857142857142,0.00010909892797550982
4456,Cat_19,417525,160,58,1,4025,0,58,0.017241379310344827,0.00010907855044857134
6642,Cat_12,417523,156,62,4,11673,1,62,0.06451612903225806,0.00010907802794788061
5317,Cat_19,417477,184,72,4,11835,1,72,0.05555555555555555,0.00010906601043199381
1088,Cat_18,417436,167,66,2,2823,0,66,0.030303030303030304,0.00010905529916783384
3649,Cat_1,417421,146,57,2,7437,1,57,0.03508771929824561,0.00010905138041265336
4047,Cat_6,417406,152,59,4,8606,1,59,0.06779661016949153,0.00010904746165747288
2183,Cat_7,417377,157,64,3,8783,1,64,0.046875,0.0001090398853974573
6859,Cat_8,417377,164,63,2,4592,0,63,0.031746031746031744,0.0001090398853974573
7669,Cat_8,417376,153,60,1,2549,0,60,0.016666666666666666,0.00010903962414711193
8052,Cat_21,417370,147,59,4,7954,0,59,0.06779661016949153,0.00010903805664503974
943,Cat_2,417323,167,64,3,3696,1,64,0.046875,0.00010902577787880759
6919,Cat_22,417320,161,61,4,10559,0,61,0.06557377049180328,0.00010902499412777148
3658,Cat_5,417272,152,58,5,8533,0,58,0.08620689655172414,0.00010901245411119397
1807,Cat_21,417267,158,63,6,20233,2,63,0.09523809523809523,0.00010901114785946713
2362,Cat_30,417261,156,56,0,0,0,56,0.0,0.00010900958035739494
7839,Cat_6,417232,170,67,0,0,0,67,0.0,0.00010900200409737936
3904,Cat_24,417209,159,65,2,4931,0,65,0.03076923076923077,0.00010899599533943596
9451,Cat_13,417201,156,61,7,16349,2,61,0.11475409836065574,0.00010899390533667304
3465,Cat_19,417188,182,73,3,7733,2,73,0.0410958904109589,0.0001089905090821833
2573,Cat_3,417184,179,67,4,11077,1,67,0.05970149253731343,0.00010898946408080183
8041,Cat_22,417162,151,64,2,4988,0,64,0.03125,0.00010898371657320379
647,Cat_27,417162,156,61,2,7966,0,61,0.03278688524590164,0.00010898371657320379
1127,Cat_2,417141,167,64,5,14775,1,64,0.078125,0.00010897823031595112
8765,Cat_25,417126,156,55,2,1600,0,55,0.03636363636363636,0.00010897431156077065
8850,Cat_30,417039,160,65,4,8905,2,65,0.06153846153846154,0.00010895158278072389
5370,Cat_5,417028,156,64,4,5037,2,64,0.0625,0.00010894870902692487
1531,Cat_15,417024,164,67,2,7605,0,67,0.029850746268656716,0.00010894766402554341
1048,Cat_17,416990,172,67,7,24547,1,67,0.1044776119402985,0.000108938781513801
4703,Cat_9,416969,165,65,0,0,0,65,0.0,0.00010893329525654833
2025,Cat_7,416914,165,59,5,11447,3,59,0.0847457627118644,0.00010891892648755325
2978,Cat_8,416904,154,60,4,10908,0,60,0.06666666666666667,0.0001089163139840996
8335,Cat_11,416899,165,73,6,19638,3,73,0.0821917808219178,0.00010891500773237278
324,Cat_17,416882,179,71,1,2300,0,71,0.014084507042253521,0.00010891056647650157
3723,Cat_10,416875,153,60,3,10337,1,60,0.05,0.000108908737724084
5828,Cat_6,416866,165,61,1,943,0,61,0.01639344262295082,0.00010890638647097572
2689,Cat_28,416856,172,74,1,683,0,74,0.013513513513513514,0.00010890377396752207
9643,Cat_7,416815,174,74,3,7558,1,74,0.04054054054054054,0.0001088930627033621
3459,Cat_2,416791,169,64,3,5246,1,64,0.046875,0.00010888679269507333
5471,Cat_10,416716,166,63,0,0,0,63,0.0,0.00010886719891917096
5375,Cat_28,416676,158,64,3,3106,0,64,0.046875,0.00010885674890535635
4561,Cat_3,416672,171,70,3,5164,0,70,0.04285714285714286,0.00010885570390397489
879,Cat_7,416658,170,64,3,4392,2,64,0.046875,0.00010885204639913977
2711,Cat_11,416635,172,68,3,6443,1,68,0.04411764705882353,0.00010884603764119637
6405,Cat_9,416621,168,67,1,1243,1,67,0.014925373134328358,0.00010884238013636127
6982,Cat_9,416608,159,66,2,4283,0,66,0.030303030303030304,0.00010883898388187153
8874,Cat_13,416589,183,71,5,15796,3,71,0.07042253521126761,0.00010883402012530959
8681,Cat_7,416586,132,55,1,3454,0,55,0.01818181818181818,0.00010883323637427349
4430,Cat_5,416549,179,64,3,7961,0,64,0.046875,0.00010882357011149498
1256,Cat_26,416511,175,71,3,3953,1,71,0.04225352112676056,0.00010881364259837111
7867,Cat_7,416510,153,66,5,14866,1,66,0.07575757575757576,0.00010881338134802574
4512,Cat_16,416498,157,62,7,17367,0,62,0.11290322580645161,0.00010881024634388135
8142,Cat_15,416480,168,65,2,4637,2,65,0.03076923076923077,0.00010880554383766479
1085,Cat_26,416480,165,60,4,6686,0,60,0.06666666666666667,0.00010880554383766479
578,Cat_24,416468,144,51,2,2899,0,51,0.0392156862745098,0.0001088024088335204
4407,Cat_12,416446,160,63,2,8649,2,63,0.031746031746031744,0.00010879666132592238
5838,Cat_10,416444,155,69,8,21026,1,69,0.11594202898550725,0.00010879613882523164
5848,Cat_8,416436,148,59,3,11255,0,59,0.05084745762711865,0.00010879404882246872
4295,Cat_27,416412,175,67,4,3021,0,67,0.05970149253731343,0.00010878777881417996
9732,Cat_13,416411,166,62,6,16462,2,62,0.0967741935483871,0.00010878751756383459
7935,Cat_9,416410,151,60,0,0,0,60,0.0,0.00010878725631348923
2151,Cat_21,416380,157,62,0,0,0,62,0.0,0.00010877941880312828
8570,Cat_9,416376,167,66,6,19195,3,66,0.09090909090909091,0.00010877837380174682
3539,Cat_27,416361,168,67,2,3564,0,67,0.029850746268656716,0.00010877445504656633
52,Cat_11,416349,151,56,7,17444,1,56,0.125,0.00010877132004242196
7656,Cat_5,416344,144,59,1,1526,0,59,0.01694915254237288,0.00010877001379069513
4009,Cat_15,416285,154,54,3,5566,0,54,0.05555555555555555,0.00010875460002031858
3573,Cat_26,416284,160,67,2,3031,0,67,0.029850746268656716,0.00010875433876997322
7395,Cat_14,416282,156,59,4,13422,1,59,0.06779661016949153,0.0001087538162692825
1994,Cat_13,416222,151,66,3,10532,2,66,0.045454545454545456,0.00010873814124856059
8151,Cat_26,416216,168,72,3,8860,1,72,0.041666666666666664,0.0001087365737464884
6406,Cat_3,416183,159,66,5,18536,2,66,0.07575757575757576,0.00010872795248509135
6474,Cat_9,416178,156,63,2,2789,0,63,0.031746031746031744,0.00010872664623336453
4485,Cat_18,416155,164,64,2,3475,0,64,0.03125,0.00010872063747542113
1201,Cat_12,416150,156,62,0,0,0,62,0.0,0.00010871933122369429
1899,Cat_30,416142,161,62,1,3791,1,62,0.016129032258064516,0.00010871724122093138
7117,Cat_10,416098,148,57,1,2419,0,57,0.017543859649122806,0.00010870574620573532
1840,Cat_28,416053,158,61,6,15594,0,61,0.09836065573770492,0.00010869398994019388
9341,Cat_7,416024,158,57,1,586,1,57,0.017543859649122806,0.0001086864136801783
681,Cat_5,416017,175,65,4,10089,1,65,0.06153846153846154,0.00010868458492776073
7474,Cat_20,415962,152,61,3,7651,1,61,0.04918032786885246,0.00010867021615876565
7558,Cat_23,415923,151,62,2,4428,1,62,0.03225806451612903,0.00010866002739529642
1112,Cat_21,415915,149,64,4,8420,0,64,0.0625,0.0001086579373925335
2047,Cat_3,415914,157,59,2,3268,0,59,0.03389830508474576,0.00010865767614218812
8224,Cat_22,415867,136,50,2,6326,0,50,0.04,0.00010864539737595597
9220,Cat_2,415822,153,54,4,10667,1,54,0.07407407407407407,0.00010863364111041454
9206,Cat_30,415818,163,71,2,6202,1,71,0.028169014084507043,0.00010863259610903308
5852,Cat_23,415771,170,62,2,6403,1,62,0.03225806451612903,0.00010862031734280092
2549,Cat_17,415759,167,68,0,0,0,68,0.0,0.00010861718233865654
171,Cat_8,415739,160,65,7,14683,2,65,0.1076923076923077,0.00010861195733174923
8145,Cat_11,415722,155,59,5,12440,1,59,0.0847457627118644,0.00010860751607587802
8058,Cat_16,415689,155,63,2,7708,0,63,0.031746031746031744,0.00010859889481448098
2670,Cat_5,415659,151,55,3,10172,0,55,0.05454545454545454,0.00010859105730412003
1110,Cat_25,415656,168,62,4,15395,1,62,0.06451612903225806,0.00010859027355308393
7289,Cat_14,415636,159,63,4,6420,1,63,0.06349206349206349,0.00010858504854617663
9291,Cat_3,415608,148,66,6,15800,0,66,0.09090909090909091,0.0001085777335365064
5268,Cat_26,415594,155,59,2,2132,1,59,0.03389830508474576,0.0001085740760316713
5474,Cat_26,415560,183,76,3,10718,1,76,0.039473684210526314,0.00010856519351992888
9200,Cat_22,415512,166,69,2,6866,0,69,0.028985507246376812,0.00010855265350335135
9710,Cat_18,415509,162,67,5,5125,0,67,0.07462686567164178,0.00010855186975231525
6464,Cat_29,415504,165,68,4,10323,1,68,0.058823529411764705,0.00010855056350058843
3274,Cat_30,415491,179,73,6,14230,0,73,0.0821917808219178,0.00010854716724609869
7517,Cat_22,415462,144,63,6,14379,2,63,0.09523809523809523,0.0001085395909860831
8207,Cat_3,415361,153,65,2,8200,0,65,0.03076923076923077,0.00010851320470120122
8394,Cat_7,415347,158,62,1,3153,0,62,0.016129032258064516,0.00010850954719636611
5186,Cat_25,415335,149,60,6,11957,2,60,0.1,0.00010850641219222173
436,Cat_5,415317,152,64,4,11206,0,64,0.0625,0.00010850170968600515
6430,Cat_23,415296,159,61,2,5618,1,61,0.03278688524590164,0.00010849622342875248
6300,Cat_23,415289,156,63,2,2095,0,63,0.031746031746031744,0.00010849439467633493
6309,Cat_14,415278,149,63,8,11420,1,63,0.12698412698412698,0.00010849152092253592
8876,Cat_24,415277,155,63,3,7769,0,63,0.047619047619047616,0.00010849125967219054
714,Cat_9,415250,153,55,0,0,0,55,0.0,0.0001084842059128657
5626,Cat_8,415239,154,65,1,1957,0,65,0.015384615384615385,0.00010848133215906667
3535,Cat_30,415239,154,61,2,6218,0,61,0.03278688524590164,0.00010848133215906667
8919,Cat_13,415227,167,63,4,11193,1,63,0.06349206349206349,0.0001084781971549223
7846,Cat_7,415216,150,68,6,19272,3,68,0.08823529411764706,0.00010847532340112327
3173,Cat_30,415173,135,52,5,11168,2,52,0.09615384615384616,0.00010846408963627258
3429,Cat_14,415158,153,58,10,25260,3,58,0.1724137931034483,0.0001084601708810921
3417,Cat_26,415144,159,68,2,5216,1,68,0.029411764705882353,0.00010845651337625698
3063,Cat_1,415133,167,72,4,7761,1,72,0.05555555555555555,0.00010845363962245797
5202,Cat_28,415098,175,72,7,22460,4,72,0.09722222222222222,0.00010844449586037019
3902,Cat_27,415095,142,58,3,13447,1,58,0.05172413793103448,0.0001084437121093341
2264,Cat_20,415080,163,58,2,7729,0,58,0.034482758620689655,0.00010843979335415362
7175,Cat_8,415043,178,72,3,6839,0,72,0.041666666666666664,0.0001084301270913751
241,Cat_1,415035,168,68,4,9332,1,68,0.058823529411764705,0.0001084280370886122
9908,Cat_21,415034,162,64,4,7209,0,64,0.0625,0.00010842777583826682
1841,Cat_22,415025,145,63,4,11665,1,63,0.06349206349206349,0.00010842542458515854
9739,Cat_18,414998,175,73,2,6328,1,73,0.0273972602739726,0.00010841837082583368
477,Cat_6,414987,155,57,1,2325,0,57,0.017543859649122806,0.00010841549707203467
4812,Cat_16,414983,149,58,6,12242,2,58,0.10344827586206896,0.0001084144520706532
2340,Cat_11,414976,169,65,4,10953,1,65,0.06153846153846154,0.00010841262331823565
7957,Cat_11,414968,159,64,5,11187,1,64,0.078125,0.00010841053331547273
7859,Cat_28,414950,176,70,0,0,0,70,0.0,0.00010840583080925615
7991,Cat_3,414948,139,57,4,5647,0,57,0.07017543859649122,0.00010840530830856542
494,Cat_17,414935,166,69,3,4736,0,69,0.043478260869565216,0.00010840191205407568
7339,Cat_22,414930,146,61,5,15817,2,61,0.08196721311475409,0.00010840060580234886
2130,Cat_17,414925,138,55,3,9180,0,55,0.05454545454545454,0.00010839929955062202
8837,Cat_14,414905,153,62,2,4765,1,62,0.03225806451612903,0.00010839407454371473
9192,Cat_7,414904,168,65,3,6331,1,65,0.046153846153846156,0.00010839381329336935
4282,Cat_4,414896,146,57,2,7595,0,57,0.03508771929824561,0.00010839172329060644
8288,Cat_4,414883,167,66,1,753,0,66,0.015151515151515152,0.00010838832703611669
8535,Cat_6,414881,147,59,5,16917,1,59,0.0847457627118644,0.00010838780453542596
4782,Cat_12,414828,155,64,3,6010,0,64,0.046875,0.0001083739582671216
1502,Cat_18,414827,160,65,2,4268,1,65,0.03076923076923077,0.00010837369701677625
6321,Cat_2,414803,149,59,4,13458,1,59,0.06779661016949153,0.00010836742700848748
8489,Cat_24,414786,167,66,4,6397,1,66,0.06060606060606061,0.00010836298575261627
2733,Cat_20,414740,148,59,3,6572,0,59,0.05084745762711865,0.00010835096823672949
486,Cat_24,414734,166,67,5,17401,1,67,0.07462686567164178,0.00010834940073465729
9707,Cat_20,414698,146,55,2,6405,0,55,0.03636363636363636,0.00010833999572222415
8603,Cat_5,414663,129,50,2,6891,1,50,0.04,0.00010833085196013636
7551,Cat_21,414661,189,74,3,9131,1,74,0.04054054054054054,0.00010833032945944563
7023,Cat_20,414656,157,59,1,4006,0,59,0.01694915254237288,0.00010832902320771881
4452,Cat_4,414649,148,62,3,2164,0,62,0.04838709677419355,0.00010832719445530125
3477,Cat_13,414639,152,63,5,9601,3,63,0.07936507936507936,0.00010832458195184761
4692,Cat_14,414604,147,60,1,4058,0,60,0.016666666666666666,0.00010831543818975982
6700,Cat_17,414593,180,65,4,12813,0,65,0.06153846153846154,0.00010831256443596081
8795,Cat_25,414587,151,59,3,7406,1,59,0.05084745762711865,0.00010831099693388862
2046,Cat_26,414576,173,71,2,6827,1,71,0.028169014084507043,0.0001083081231800896
9656,Cat_20,414565,164,61,4,11611,1,61,0.06557377049180328,0.00010830524942629059
4694,Cat_27,414546,170,66,3,7900,0,66,0.045454545454545456,0.00010830028566972865
3183,Cat_30,414513,158,61,2,8181,0,61,0.03278688524590164,0.0001082916644083316
6147,Cat_20,414507,155,63,6,17586,2,63,0.09523809523809523,0.0001082900969062594
8174,Cat_17,414477,153,64,1,3493,0,64,0.015625,0.00010828225939589846
4373,Cat_8,414458,161,63,4,2289,0,63,0.06349206349206349,0.00010827729563933652
6993,Cat_14,414444,152,58,0,0,0,58,0.0,0.0001082736381345014
9066,Cat_24,414434,164,66,3,8553,1,66,0.045454545454545456,0.00010827102563104775
6728,Cat_8,414411,159,64,2,1700,0,64,0.03125,0.00010826501687310436
650,Cat_7,414382,148,58,2,6357,2,58,0.034482758620689655,0.00010825744061308877
7139,Cat_3,414364,158,63,2,4544,1,63,0.031746031746031744,0.00010825273810687219
1908,Cat_9,414344,150,57,0,0,0,57,0.0,0.0001082475130999649
7878,Cat_21,414338,155,65,4,11304,2,65,0.06153846153846154,0.0001082459455978927
4334,Cat_6,414302,163,66,6,19647,4,66,0.09090909090909091,0.00010823654058545956
8129,Cat_6,414280,163,61,4,16259,1,61,0.06557377049180328,0.00010823079307786152
7531,Cat_17,414279,164,67,5,15321,2,67,0.07462686567164178,0.00010823053182751616
4500,Cat_9,414277,131,49,0,0,0,49,0.0,0.00010823000932682543
4509,Cat_11,414256,156,60,1,2475,0,60,0.016666666666666666,0.00010822452306957276
3823,Cat_1,414227,138,59,2,2530,0,59,0.03389830508474576,0.00010821694680955717
9507,Cat_9,414213,163,62,2,5634,1,62,0.03225806451612903,0.00010821328930472207
962,Cat_28,414196,165,61,1,2233,0,61,0.01639344262295082,0.00010820884804885086
9838,Cat_21,414193,145,60,2,7436,1,60,0.03333333333333333,0.00010820806429781476
6550,Cat_6,414183,151,63,5,11351,1,63,0.07936507936507936,0.0001082054517943611
5195,Cat_26,414176,163,58,6,9275,2,58,0.10344827586206896,0.00010820362304194355
1697,Cat_5,414173,147,55,3,12543,2,55,0.05454545454545454,0.00010820283929090746
3305,Cat_4,414155,171,70,7,17811,3,70,0.1,0.00010819813678469088
8097,Cat_10,414148,156,59,1,2777,1,59,0.01694915254237288,0.00010819630803227333
379,Cat_30,414133,165,69,4,8179,0,69,0.057971014492753624,0.00010819238927709286
7683,Cat_1,414121,156,63,2,8447,1,63,0.031746031746031744,0.00010818925427294847
2997,Cat_14,414068,176,66,1,3230,0,66,0.015151515151515152,0.00010817540800464412
1124,Cat_28,414062,151,63,5,14234,2,63,0.07936507936507936,0.00010817384050257193
6943,Cat_15,414025,154,61,1,1238,0,61,0.01639344262295082,0.00010816417423979341
3785,Cat_11,414006,173,69,6,9425,2,69,0.08695652173913043,0.00010815921048323148
6868,Cat_8,413998,165,65,3,11634,1,65,0.046153846153846156,0.00010815712048046857
5818,Cat_2,413996,147,58,3,6539,1,58,0.05172413793103448,0.00010815659797977784
7349,Cat_2,413983,150,54,4,5745,2,54,0.07407407407407407,0.00010815320172528809
8046,Cat_7,413973,148,56,2,2560,0,56,0.03571428571428571,0.00010815058922183444
9930,Cat_3,413969,155,60,1,1537,0,60,0.016666666666666666,0.00010814954422045297
5149,Cat_11,413951,178,66,4,13981,1,66,0.06060606060606061,0.0001081448417142364
7047,Cat_12,413942,149,65,1,503,0,65,0.015384615384615385,0.00010814249046112811
8725,Cat_9,413919,159,58,2,5256,0,58,0.034482758620689655,0.00010813648170318471
3576,Cat_29,413889,160,64,3,7674,0,64,0.046875,0.00010812864419282376
5967,Cat_15,413882,172,68,4,7637,0,68,0.058823529411764705,0.00010812681544040621
5398,Cat_28,413862,160,70,6,13023,0,70,0.08571428571428572,0.0001081215904334989
3019,Cat_3,413853,173,66,1,3830,0,66,0.015151515151515152,0.00010811923918039062
422,Cat_13,413846,139,60,1,4176,1,60,0.016666666666666666,0.00010811741042797307
5165,Cat_30,413841,170,65,3,7490,1,65,0.046153846153846156,0.00010811610417624624
157,Cat_23,413829,175,67,3,7266,0,67,0.04477611940298507,0.00010811296917210185
9781,Cat_26,413823,149,59,1,3833,0,59,0.01694915254237288,0.00010811140167002967
6985,Cat_28,413821,147,58,2,4587,1,58,0.034482758620689655,0.00010811087916933894
8018,Cat_22,413801,166,73,4,15439,3,73,0.0547945205479452,0.00010810565416243163
3048,Cat_1,413795,162,66,2,6283,0,66,0.030303030303030304,0.00010810408666035944
2707,Cat_9,413791,161,65,4,8772,0,65,0.06153846153846154,0.00010810304165897798
3749,Cat_22,413749,156,61,0,0,0,61,0.0,0.00010809206914447265
200,Cat_26,413738,177,72,1,4198,0,72,0.013888888888888888,0.00010808919539067363
6103,Cat_18,413737,154,62,4,8374,1,62,0.06451612903225806,0.00010808893414032827
4942,Cat_4,413718,151,65,0,0,0,65,0.0,0.00010808397038376633
2931,Cat_9,413697,160,63,4,8829,0,63,0.06349206349206349,0.00010807848412651366
6271,Cat_20,413666,153,60,4,13522,0,60,0.06666666666666667,0.00010807038536580734
6115,Cat_27,413655,150,61,1,4893,1,61,0.01639344262295082,0.00010806751161200833
9432,Cat_19,413645,169,68,2,4681,1,68,0.029411764705882353,0.00010806489910855467
2618,Cat_19,413619,157,62,4,8940,1,62,0.06451612903225806,0.00010805810659957518
2776,Cat_13,413612,149,60,2,6567,1,60,0.03333333333333333,0.00010805627784715763
793,Cat_13,413557,162,63,5,10014,1,63,0.07936507936507936,0.00010804190907816254
6338,Cat_4,413553,145,56,4,4981,0,56,0.07142857142857142,0.00010804086407678109
1109,Cat_2,413542,146,61,3,12204,2,61,0.04918032786885246,0.00010803799032298206
2678,Cat_18,413521,152,61,4,9726,0,61,0.06557377049180328,0.0001080325040657294
3140,Cat_27,413468,151,65,2,3735,0,65,0.03076923076923077,0.00010801865779742505
7179,Cat_27,413463,167,64,5,19699,2,64,0.078125,0.00010801735154569822
9146,Cat_22,413452,173,63,2,7481,1,63,0.031746031746031744,0.00010801447779189921
6242,Cat_11,413438,158,61,5,11721,1,61,0.08196721311475409,0.0001080108202870641
6602,Cat_13,413409,167,61,0,0,0,61,0.0,0.0001080032440270485
8278,Cat_4,413381,154,66,4,5987,1,66,0.06060606060606061,0.00010799592901737828
5744,Cat_13,413369,147,58,1,3947,1,58,0.017241379310344827,0.0001079927940132339
8313,Cat_8,413300,160,65,3,11064,0,65,0.046153846153846156,0.00010797476773940371
6649,Cat_16,413270,163,63,3,6700,0,63,0.047619047619047616,0.00010796693022904275
2574,Cat_24,413242,155,67,2,6463,0,67,0.029850746268656716,0.00010795961521937253
4882,Cat_30,413240,147,56,5,5938,0,56,0.08928571428571429,0.0001079590927186818
514,Cat_26,413226,156,63,3,5452,0,63,0.047619047619047616,0.00010795543521384668
877,Cat_26,413202,148,61,2,8137,0,61,0.03278688524590164,0.00010794916520555793
2950,Cat_3,413193,166,60,2,3966,0,60,0.03333333333333333,0.00010794681395244964
3620,Cat_21,413189,159,65,1,451,0,65,0.015384615384615385,0.00010794576895106818
3999,Cat_3,413178,169,66,2,5673,0,66,0.030303030303030304,0.00010794289519726917
218,Cat_18,413131,161,60,1,4108,0,60,0.016666666666666666,0.000107930616431037
2528,Cat_6,413114,154,56,4,6693,1,56,0.07142857142857142,0.00010792617517516579
3,Cat_23,413083,153,57,6,13927,1,57,0.10526315789473684,0.00010791807641445948
3961,Cat_26,413062,167,64,4,14048,2,64,0.0625,0.00010791259015720681
6854,Cat_30,413041,159,73,4,9449,3,73,0.0547945205479452,0.00010790710389995415
7778,Cat_3,413038,180,78,5,15993,2,78,0.0641025641025641,0.00010790632014891804
8839,Cat_2,413015,161,63,4,11730,1,63,0.06349206349206349,0.00010790031139097464
6272,Cat_1,412956,151,62,1,4763,0,62,0.016129032258064516,0.0001078848976205981
5162,Cat_29,412909,154,60,1,457,0,60,0.016666666666666666,0.00010787261885436595
2464,Cat_22,412902,181,68,4,10605,0,68,0.058823529411764705,0.0001078707901019484
7601,Cat_20,412888,154,60,4,12555,1,60,0.06666666666666667,0.00010786713259711328
6541,Cat_10,412886,168,68,1,3195,0,68,0.014705882352941176,0.00010786661009642255
9642,Cat_17,412808,137,53,1,1951,0,53,0.018867924528301886,0.00010784623256948407
872,Cat_27,412790,154,59,3,8042,0,59,0.05084745762711865,0.0001078415300632675
8181,Cat_29,412777,163,64,3,5317,1,64,0.046875,0.00010783813380877774
3802,Cat_4,412774,164,63,3,4239,1,63,0.047619047619047616,0.00010783735005774166
6525,Cat_24,412761,149,61,4,10093,0,61,0.06557377049180328,0.00010783395380325191
2820,Cat_16,412739,165,69,2,9053,0,69,0.028985507246376812,0.00010782820629565387
9791,Cat_1,412738,151,56,5,13885,1,56,0.08928571428571429,0.00010782794504530851
9050,Cat_9,412723,153,59,1,1323,0,59,0.01694915254237288,0.00010782402629012804
4763,Cat_21,412718,172,72,4,9117,1,72,0.05555555555555555,0.0001078227200384012
4821,Cat_4,412660,182,70,6,16673,3,70,0.08571428571428572,0.00010780756751837003
9260,Cat_23,412660,173,65,2,2239,1,65,0.03076923076923077,0.00010780756751837003
610,Cat_20,412659,165,71,3,7838,1,71,0.04225352112676056,0.00010780730626802467
869,Cat_29,412642,135,55,2,4210,1,55,0.03636363636363636,0.00010780286501215345
2993,Cat_24,412630,182,69,4,9694,1,69,0.057971014492753624,0.00010779973000800908
8274,Cat_14,412609,156,58,3,6886,0,58,0.05172413793103448,0.00010779424375075641
3784,Cat_1,412602,159,60,6,15525,2,60,0.1,0.00010779241499833885
389,Cat_4,412590,183,67,1,697,0,67,0.014925373134328358,0.00010778927999419448
7792,Cat_4,412582,155,60,1,2691,0,60,0.016666666666666666,0.00010778718999143155
6708,Cat_8,412565,159,68,5,10008,1,68,0.07352941176470588,0.00010778274873556035
5853,Cat_22,412559,156,61,4,10478,0,61,0.06557377049180328,0.00010778118123348815
8872,Cat_12,412555,168,59,0,0,0,59,0.0,0.00010778013623210669
9423,Cat_14,412507,166,62,2,4377,2,62,0.03225806451612903,0.00010776759621552916
3261,Cat_19,412485,148,63,6,9908,0,63,0.09523809523809523,0.00010776184870793114
8702,Cat_5,412478,149,65,5,7689,0,65,0.07692307692307693,0.00010776001995551359
8504,Cat_14,412372,171,71,2,7510,1,71,0.028169014084507043,0.00010773232741890487
3750,Cat_13,412336,158,62,10,25395,3,62,0.16129032258064516,0.00010772292240647173
5898,Cat_21,412296,173,64,3,7276,1,64,0.046875,0.00010771247239265712
1791,Cat_30,412293,155,60,7,16508,2,60,0.11666666666666667,0.00010771168864162103
3647,Cat_27,412283,135,58,3,7001,0,58,0.05172413793103448,0.00010770907613816738
4365,Cat_7,412283,167,68,3,3999,0,68,0.04411764705882353,0.00010770907613816738
3339,Cat_28,412281,177,66,10,25782,4,66,0.15151515151515152,0.00010770855363747665
4980,Cat_30,412243,154,62,6,9201,0,62,0.0967741935483871,0.00010769862612435278
7860,Cat_27,412219,161,61,1,3443,1,61,0.01639344262295082,0.00010769235611606402
431,Cat_12,412219,143,58,7,24565,2,58,0.1206896551724138,0.00010769235611606402
3391,Cat_29,412120,152,60,3,8668,2,60,0.05,0.00010766649233187287
3043,Cat_16,412043,172,72,7,14386,0,72,0.09722222222222222,0.00010764637605527975
3126,Cat_23,412025,167,67,5,12771,1,67,0.07462686567164178,0.00010764167354906318
8096,Cat_20,412015,150,54,5,16297,1,54,0.09259259259259259,0.00010763906104560953
6513,Cat_13,411999,154,64,5,15032,1,64,0.078125,0.00010763488104008368
3558,Cat_25,411993,157,61,3,8354,1,61,0.04918032786885246,0.0001076333135380115
5126,Cat_12,411984,169,70,2,11738,2,70,0.02857142857142857,0.00010763096228490321
1693,Cat_8,411952,162,67,7,23374,3,67,0.1044776119402985,0.00010762260227385153
5689,Cat_22,411952,169,68,3,6919,1,68,0.04411764705882353,0.00010762260227385153
756,Cat_22,411948,154,57,2,1072,0,57,0.03508771929824561,0.00010762155727247006
2935,Cat_5,411936,175,69,4,10766,1,69,0.057971014492753624,0.00010761842226832569
7166,Cat_11,411921,146,61,7,12973,1,61,0.11475409836065574,0.0001076145035131452
268,Cat_4,411875,156,54,4,8322,1,54,0.07407407407407407,0.00010760248599725842
5680,Cat_1,411872,164,64,2,6065,0,64,0.03125,0.00010760170224622232
5176,Cat_15,411861,152,60,4,12961,3,60,0.06666666666666667,0.0001075988284924233
1790,Cat_19,411852,164,67,2,1227,0,67,0.029850746268656716,0.00010759647723931502
5880,Cat_3,411846,135,52,1,4541,0,52,0.019230769230769232,0.00010759490973724283
3606,Cat_25,411829,156,59,3,3751,0,59,0.05084745762711865,0.00010759046848137162
6621,Cat_30,411825,160,64,2,3227,0,64,0.03125,0.00010758942347999016
8760,Cat_13,411808,156,66,4,9302,0,66,0.06060606060606061,0.00010758498222411895
1507,Cat_7,411781,158,59,1,875,0,59,0.01694915254237288,0.00010757792846479409
7067,Cat_16,411759,142,62,3,7877,0,62,0.04838709677419355,0.00010757218095719607
2330,Cat_5,411755,155,60,2,5131,0,60,0.03333333333333333,0.0001075711359558146
9704,Cat_5,411746,181,71,4,10613,3,71,0.056338028169014086,0.00010756878470270631
2263,Cat_30,411667,167,64,1,730,0,64,0.015625,0.00010754814592542247
8996,Cat_8,411666,160,62,5,13298,1,62,0.08064516129032258,0.0001075478846750771
9532,Cat_24,411660,148,58,1,2431,0,58,0.017241379310344827,0.00010754631717300492
5310,Cat_7,411656,180,63,2,3374,0,63,0.031746031746031744,0.00010754527217162346
7856,Cat_9,411649,177,66,3,5732,0,66,0.045454545454545456,0.00010754344341920589
5775,Cat_29,411618,171,67,3,5762,0,67,0.04477611940298507,0.00010753534465849958
9378,Cat_6,411599,154,63,4,11512,1,63,0.06349206349206349,0.00010753038090193764
5518,Cat_13,411595,147,55,2,7643,1,55,0.03636363636363636,0.00010752933590055618
6347,Cat_9,411580,152,61,0,0,0,61,0.0,0.00010752541714537571
3068,Cat_4,411527,142,59,1,1251,0,59,0.01694915254237288,0.00010751157087707136
9824,Cat_24,411524,159,59,5,16702,2,59,0.0847457627118644,0.00010751078712603526
6462,Cat_27,411519,161,60,4,16353,1,60,0.06666666666666667,0.00010750948087430843
2326,Cat_5,411476,157,62,2,6212,1,62,0.03225806451612903,0.00010749824710945773
846,Cat_13,411474,146,59,2,8377,1,59,0.03389830508474576,0.000107497724608767
6468,Cat_7,411470,154,67,2,4287,0,67,0.029850746268656716,0.00010749667960738555
9579,Cat_9,411446,143,59,4,6493,0,59,0.06779661016949153,0.00010749040959909678
7229,Cat_24,411414,146,59,2,6265,0,59,0.03389830508474576,0.0001074820495880451
1901,Cat_18,411364,152,65,2,2153,0,65,0.03076923076923077,0.00010746898707077683
2461,Cat_3,411346,141,63,3,9918,1,63,0.047619047619047616,0.00010746428456456027
9015,Cat_1,411329,162,66,6,16450,2,66,0.09090909090909091,0.00010745984330868906
5507,Cat_1,411316,160,64,2,7244,0,64,0.03125,0.0001074564470541993
7137,Cat_7,411248,169,68,4,11201,0,68,0.058823529411764705,0.00010743868203071448
286,Cat_17,411226,140,59,2,7767,0,59,0.03389830508474576,0.00010743293452311645
5163,Cat_5,411220,177,63,4,14540,2,63,0.06349206349206349,0.00010743136702104426
3420,Cat_27,411211,169,67,1,1241,0,67,0.014925373134328358,0.00010742901576793598
9150,Cat_4,411173,162,62,5,17080,1,62,0.08064516129032258,0.0001074190882548121
9599,Cat_29,411167,146,57,1,4054,0,57,0.017543859649122806,0.00010741752075273991
2892,Cat_12,411162,149,61,2,5357,0,61,0.03278688524590164,0.00010741621450101308
3137,Cat_12,411146,157,60,1,3534,1,60,0.016666666666666666,0.00010741203449548724
5062,Cat_2,411141,159,66,5,9082,0,66,0.07575757575757576,0.00010741072824376041
497,Cat_30,411112,157,58,4,11332,1,58,0.06896551724137931,0.00010740315198374483
140,Cat_17,411074,168,70,2,4296,0,70,0.02857142857142857,0.00010739322447062096
7049,Cat_11,411071,173,64,3,3102,1,64,0.046875,0.00010739244071958485
3569,Cat_11,411048,146,58,2,3522,0,58,0.034482758620689655,0.00010738643196164146
1454,Cat_3,411042,162,60,2,8256,2,60,0.03333333333333333,0.00010738486445956928
535,Cat_26,411027,158,61,6,15709,1,61,0.09836065573770492,0.00010738094570438879
2626,Cat_6,411026,154,63,4,8921,1,63,0.06349206349206349,0.00010738068445404343
6942,Cat_9,410994,143,54,6,11577,0,54,0.1111111111111111,0.00010737232444299175
6773,Cat_3,410973,185,72,4,11086,2,72,0.05555555555555555,0.00010736683818573908
4964,Cat_30,410935,157,60,3,2052,0,60,0.05,0.0001073569106726152
2260,Cat_17,410931,158,63,1,2630,0,63,0.015873015873015872,0.00010735586567123374
7843,Cat_26,410877,148,58,3,3339,1,58,0.05172413793103448,0.00010734175815258402
1459,Cat_5,410877,156,61,6,13690,2,61,0.09836065573770492,0.00010734175815258402
6288,Cat_15,410867,170,66,4,10531,1,66,0.06060606060606061,0.00010733914564913037
9848,Cat_3,410854,158,62,4,8748,0,62,0.06451612903225806,0.00010733574939464062
8232,Cat_18,410845,158,60,4,11743,1,60,0.06666666666666667,0.00010733339814153234
9304,Cat_5,410767,161,61,7,18060,2,61,0.11475409836065574,0.00010731302061459386
6914,Cat_7,410741,159,59,0,0,0,59,0.0,0.00010730622810561437
4187,Cat_17,410723,149,61,4,12988,1,61,0.06557377049180328,0.0001073015255993978
2834,Cat_22,410682,162,63,3,8728,2,63,0.047619047619047616,0.00010729081433523783
6036,Cat_8,410679,149,60,4,13349,1,60,0.06666666666666667,0.00010729003058420173
1888,Cat_2,410675,153,63,2,7232,1,63,0.031746031746031744,0.00010728898558282027
5220,Cat_3,410674,166,63,2,7554,0,63,0.031746031746031744,0.0001072887243324749
9685,Cat_27,410643,175,68,7,17025,1,68,0.10294117647058823,0.00010728062557176858
7936,Cat_2,410635,163,65,7,12531,2,65,0.1076923076923077,0.00010727853556900566
1918,Cat_26,410564,159,55,3,7577,1,55,0.05454545454545454,0.00010725998679448475
5094,Cat_16,410516,163,60,2,4890,0,60,0.03333333333333333,0.00010724744677790722
7431,Cat_21,410481,146,56,3,6467,1,56,0.05357142857142857,0.00010723830301581943
9257,Cat_7,410442,166,64,2,5436,0,64,0.03125,0.0001072281142523502
1275,Cat_25,410440,153,56,1,3564,0,56,0.017857142857142856,0.00010722759175165947
1309,Cat_6,410419,174,71,2,7215,2,71,0.028169014084507043,0.0001072221054944068
1156,Cat_14,410407,155,62,5,11653,1,62,0.08064516129032258,0.00010721897049026241
8467,Cat_6,410403,158,64,2,5538,0,64,0.03125,0.00010721792548888095
2164,Cat_25,410385,151,63,3,3075,0,63,0.047619047619047616,0.00010721322298266439
9734,Cat_6,410381,165,70,2,6107,0,70,0.02857142857142857,0.00010721217798128293
5876,Cat_1,410367,162,66,2,6004,0,66,0.030303030303030304,0.00010720852047644781
7721,Cat_16,410350,175,69,7,20196,2,69,0.10144927536231885,0.0001072040792205766
1017,Cat_6,410254,167,71,4,10476,1,71,0.056338028169014086,0.00010717899918742156
7262,Cat_5,410200,182,75,3,7683,1,75,0.04,0.00010716489166877184
5345,Cat_17,410187,184,68,4,12234,2,68,0.058823529411764705,0.0001071614954142821
6804,Cat_9,410101,174,63,2,8408,1,63,0.031746031746031744,0.00010713902788458069
9766,Cat_19,410082,148,58,2,6626,0,58,0.034482758620689655,0.00010713406412801875
7494,Cat_5,410060,152,62,0,0,0,62,0.0,0.00010712831662042073
1629,Cat_18,410019,167,69,2,4888,0,69,0.028985507246376812,0.00010711760535626075
6771,Cat_18,410015,166,60,1,2320,0,60,0.016666666666666666,0.00010711656035487929
8223,Cat_28,410010,156,61,1,1662,0,61,0.01639344262295082,0.00010711525410315247
9562,Cat_22,410007,161,66,2,5548,0,66,0.030303030303030304,0.00010711447035211638
903,Cat_21,409998,149,58,2,6323,1,58,0.034482758620689655,0.00010711211909900808
4448,Cat_24,409994,171,66,5,12717,1,66,0.07575757575757576,0.00010711107409762662
7058,Cat_15,409974,165,64,4,6421,1,64,0.0625,0.00010710584909071932
5849,Cat_5,409952,154,64,6,19501,2,64,0.09375,0.00010710010158312128
1005,Cat_14,409941,140,56,6,18267,2,56,0.10714285714285714,0.00010709722782932227
8372,Cat_1,409938,162,66,4,11412,2,66,0.06060606060606061,0.00010709644407828618
9726,Cat_8,409915,161,64,3,2800,0,64,0.046875,0.00010709043532034278
9675,Cat_24,409864,148,60,3,7418,0,60,0.05,0.00010707711155272916
3933,Cat_14,409863,158,66,4,10121,0,66,0.06060606060606061,0.00010707685030238379
9983,Cat_16,409818,170,70,3,9871,1,70,0.04285714285714286,0.00010706509403684236
4644,Cat_29,409800,186,75,3,6671,0,75,0.04,0.00010706039153062579
4099,Cat_17,409793,154,55,2,5143,1,55,0.03636363636363636,0.00010705856277820824
6586,Cat_24,409778,152,64,6,15899,1,64,0.09375,0.00010705464402302776
2996,Cat_21,409762,150,55,4,9457,1,55,0.07272727272727272,0.00010705046401750191
5580,Cat_20,409747,174,65,4,9926,0,65,0.06153846153846154,0.00010704654526232144
4816,Cat_14,409728,153,61,0,0,0,61,0.0,0.0001070415815057595
7995,Cat_27,409711,159,68,2,4205,1,68,0.029411764705882353,0.0001070371402498883
7482,Cat_30,409711,160,67,3,3909,0,67,0.04477611940298507,0.0001070371402498883
6604,Cat_3,409695,143,63,4,8031,1,63,0.06349206349206349,0.00010703296024436246
632,Cat_1,409677,152,61,2,6632,0,61,0.03278688524590164,0.00010702825773814588
6055,Cat_15,409669,176,67,2,4484,2,67,0.029850746268656716,0.00010702616773538296
5676,Cat_30,409665,171,66,0,0,0,66,0.0,0.0001070251227340015
9331,Cat_7,409603,160,61,5,17488,4,61,0.08196721311475409,0.00010700892521258886
7559,Cat_6,409598,160,60,0,0,0,60,0.0,0.00010700761896086204
8667,Cat_8,409498,148,65,2,8510,1,65,0.03076923076923077,0.00010698149392632552
3166,Cat_29,409489,146,60,5,9047,1,60,0.08333333333333333,0.00010697914267321724
226,Cat_22,409478,153,61,5,15716,2,61,0.08196721311475409,0.00010697626891941823
9648,Cat_13,409472,158,61,4,9621,1,61,0.06557377049180328,0.00010697470141734604
7685,Cat_27,409444,163,54,2,6883,1,54,0.037037037037037035,0.00010696738640767582
1184,Cat_17,409435,158,63,3,11242,1,63,0.047619047619047616,0.00010696503515456752
3324,Cat_19,409425,164,64,5,8161,0,64,0.078125,0.00010696242265111388
8932,Cat_30,409416,162,69,1,4005,1,69,0.014492753623188406,0.00010696007139800558
7596,Cat_2,409411,153,59,4,16720,0,59,0.06779661016949153,0.00010695876514627876
7303,Cat_18,409407,159,68,2,3564,0,68,0.029411764705882353,0.0001069577201448973
5874,Cat_17,409405,174,66,4,8373,2,66,0.06060606060606061,0.00010695719764420657
9569,Cat_20,409404,156,70,2,4619,1,70,0.02857142857142857,0.00010695693639386121
5444,Cat_20,409400,163,66,2,5732,1,66,0.030303030303030304,0.00010695589139247975
1185,Cat_25,409374,157,59,5,8796,1,59,0.0847457627118644,0.00010694909888350025
3771,Cat_2,409370,148,59,0,0,0,59,0.0,0.00010694805388211878
6206,Cat_1,409322,179,70,2,5981,0,70,0.02857142857142857,0.00010693551386554127
6412,Cat_5,409306,148,55,2,6570,1,55,0.03636363636363636,0.00010693133386001542
4267,Cat_10,409292,164,72,4,7626,0,72,0.05555555555555555,0.0001069276763551803
6343,Cat_5,409259,169,64,3,9330,3,64,0.046875,0.00010691905509378327
3418,Cat_30,409257,171,65,2,1725,0,65,0.03076923076923077,0.00010691853259309253
5644,Cat_1,409227,164,68,7,18605,3,68,0.10294117647058823,0.00010691069508273158
5447,Cat_20,409224,167,68,5,7827,1,68,0.07352941176470588,0.00010690991133169548
8853,Cat_20,409217,142,58,4,5103,0,58,0.06896551724137931,0.00010690808257927793
7177,Cat_9,409201,138,53,0,0,0,53,0.0,0.00010690390257375208
9897,Cat_22,409174,164,64,3,10363,2,64,0.046875,0.00010689684881442722
7585,Cat_2,409166,172,65,3,9697,1,65,0.046153846153846156,0.00010689475881166431
6334,Cat_28,409159,148,58,1,3551,0,58,0.017241379310344827,0.00010689293005924675
8402,Cat_9,409138,151,56,5,20494,2,56,0.08928571428571429,0.00010688744380199408
8440,Cat_6,409120,149,57,1,1692,0,57,0.017543859649122806,0.00010688274129577751
7118,Cat_25,409106,161,70,1,2679,0,70,0.014285714285714285,0.0001068790837909424
4519,Cat_20,409092,157,67,1,3412,1,67,0.014925373134328358,0.0001068754262861073
9736,Cat_26,409089,152,54,1,4443,1,54,0.018518518518518517,0.00010687464253507119
4982,Cat_30,409081,149,56,2,8170,0,56,0.03571428571428571,0.00010687255253230827
3631,Cat_19,409080,162,69,3,6503,0,69,0.043478260869565216,0.00010687229128196291
7793,Cat_17,409067,169,64,8,23582,5,64,0.125,0.00010686889502747316
9623,Cat_13,409058,168,65,3,7823,0,65,0.046153846153846156,0.00010686654377436487
9189,Cat_5,409050,152,60,3,9177,0,60,0.05,0.00010686445377160196
5935,Cat_27,409050,144,53,2,5221,0,53,0.03773584905660377,0.00010686445377160196
4162,Cat_17,409040,155,65,3,9160,0,65,0.046153846153846156,0.0001068618412681483
438,Cat_1,409020,145,52,1,277,0,52,0.019230769230769232,0.000106856616261241
4563,Cat_25,408998,157,58,1,3029,0,58,0.017241379310344827,0.00010685086875364297
4393,Cat_28,408994,159,61,2,9006,0,61,0.03278688524590164,0.0001068498237522615
7496,Cat_27,408974,170,66,2,6095,0,66,0.030303030303030304,0.00010684459874535421
1095,Cat_10,408947,154,58,2,1871,1,58,0.034482758620689655,0.00010683754498602935
4984,Cat_5,408933,163,66,4,9915,0,66,0.06060606060606061,0.00010683388748119423
3941,Cat_17,408926,164,67,2,7154,1,67,0.029850746268656716,0.00010683205872877668
9902,Cat_15,408924,161,60,3,6132,1,60,0.05,0.00010683153622808595
7337,Cat_3,408907,154,64,5,12692,1,64,0.078125,0.00010682709497221474
418,Cat_2,408891,148,59,3,6884,1,59,0.05084745762711865,0.0001068229149666889
7359,Cat_3,408868,162,68,3,9439,1,68,0.04411764705882353,0.0001068169062087455
5156,Cat_8,408860,154,62,4,6893,0,62,0.06451612903225806,0.00010681481620598259
3421,Cat_9,408813,166,66,2,2789,0,66,0.030303030303030304,0.00010680253743975042
9963,Cat_10,408737,154,64,2,5014,0,64,0.03125,0.00010678268241350267
9349,Cat_30,408734,171,63,2,4618,0,63,0.031746031746031744,0.00010678189866246658
404,Cat_29,408726,162,60,1,2144,0,60,0.016666666666666666,0.00010677980865970365
8962,Cat_20,408722,170,68,4,10320,0,68,0.058823529411764705,0.00010677876365832219
6897,Cat_3,408710,151,63,2,8023,0,63,0.031746031746031744,0.00010677562865417781
4832,Cat_17,408656,169,73,1,1256,0,73,0.0136986301369863,0.0001067615211355281
1310,Cat_27,408645,149,58,4,11341,1,58,0.06896551724137931,0.00010675864738172909
6827,Cat_2,408598,162,67,4,9497,0,67,0.05970149253731343,0.00010674636861549692
6053,Cat_17,408598,156,66,2,4152,1,66,0.030303030303030304,0.00010674636861549692
4851,Cat_17,408572,151,61,4,14741,2,61,0.06557377049180328,0.00010673957610651743
3621,Cat_17,408495,147,63,2,2114,0,63,0.031746031746031744,0.0001067194598299243
8028,Cat_11,408484,159,60,2,4620,0,60,0.03333333333333333,0.00010671658607612529
3689,Cat_20,408464,152,58,2,7902,0,58,0.034482758620689655,0.000106711361069218
1585,Cat_24,408451,161,63,1,1373,0,63,0.015873015873015872,0.00010670796481472825
9107,Cat_3,408397,147,67,3,10280,0,67,0.04477611940298507,0.00010669385729607853
2331,Cat_19,408396,157,60,2,5395,1,60,0.03333333333333333,0.00010669359604573316
3883,Cat_5,408370,137,60,1,1930,0,60,0.016666666666666666,0.00010668680353675367
2742,Cat_10,408343,157,59,1,3456,1,59,0.01694915254237288,0.00010667974977742881
8424,Cat_3,408312,152,58,2,9238,0,58,0.034482758620689655,0.0001066716510167225
3725,Cat_9,408306,169,68,5,14456,3,68,0.07352941176470588,0.00010667008351465031
8780,Cat_8,408301,163,60,0,0,0,60,0.0,0.00010666877726292347
4297,Cat_4,408285,158,62,4,12735,1,62,0.06451612903225806,0.00010666459725739764
5776,Cat_7,408284,154,64,3,4449,0,64,0.046875,0.00010666433600705227
456,Cat_12,408259,162,64,5,13429,2,64,0.078125,0.00010665780474841814
8951,Cat_10,408247,150,63,4,10309,1,63,0.06349206349206349,0.00010665466974427377
1149,Cat_7,408118,149,58,4,11525,0,58,0.06896551724137931,0.00010662096844972167
7037,Cat_8,408103,150,59,4,6058,0,59,0.06779661016949153,0.00010661704969454118
7875,Cat_5,408100,152,63,3,6187,1,63,0.047619047619047616,0.00010661626594350509
8608,Cat_14,408096,178,63,2,3976,2,63,0.031746031746031744,0.00010661522094212363
5615,Cat_21,408086,155,63,4,4611,0,63,0.06349206349206349,0.00010661260843866997
6422,Cat_22,408086,158,65,3,7577,2,65,0.046153846153846156,0.00010661260843866997
6297,Cat_11,408064,148,55,2,8065,1,55,0.03636363636363636,0.00010660686093107195
897,Cat_29,408060,164,71,3,3979,0,71,0.04225352112676056,0.00010660581592969048
9409,Cat_5,408060,157,59,1,3692,0,59,0.01694915254237288,0.00010660581592969048
6581,Cat_13,408038,147,55,2,1504,0,55,0.03636363636363636,0.00010660006842209246
6599,Cat_29,408030,161,66,2,4518,1,66,0.030303030303030304,0.00010659797841932953
6166,Cat_27,408008,148,61,2,6393,1,60,0.03278688524590164,0.0001065922309117315
6846,Cat_3,407988,164,63,3,9106,1,63,0.047619047619047616,0.0001065870059048242
6325,Cat_20,407983,148,56,3,8744,2,56,0.05357142857142857,0.00010658569965309738
8812,Cat_6,407979,155,58,4,8496,1,58,0.06896551724137931,0.00010658465465171592
4215,Cat_17,407978,155,63,3,7537,1,63,0.047619047619047616,0.00010658439340137054
7873,Cat_13,407972,161,65,2,2852,0,65,0.03076923076923077,0.00010658282589929835
1374,Cat_2,407934,145,59,1,3075,0,59,0.01694915254237288,0.00010657289838617448
2509,Cat_6,407930,167,65,3,6755,0,65,0.046153846153846156,0.00010657185338479301
116,Cat_2,407921,161,59,0,0,0,59,0.0,0.00010656950213168473
8633,Cat_24,407868,146,54,4,18341,2,54,0.07407407407407407,0.00010655565586338038
7947,Cat_13,407860,142,58,7,19862,2,58,0.1206896551724138,0.00010655356586061746
2526,Cat_25,407842,177,67,2,3760,1,67,0.029850746268656716,0.0001065488633544009
8211,Cat_15,407835,151,61,3,11695,0,61,0.04918032786885246,0.00010654703460198333
3847,Cat_21,407783,155,63,2,5241,1,63,0.031746031746031744,0.00010653344958402435
8862,Cat_5,407769,165,64,0,0,0,64,0.0,0.00010652979207918923
7672,Cat_15,407741,156,58,3,6707,1,58,0.05172413793103448,0.00010652247706951902
1621,Cat_4,407693,166,64,4,18412,1,64,0.0625,0.00010650993705294149
2694,Cat_11,407685,143,56,0,0,0,56,0.0,0.00010650784705017856
79,Cat_24,407685,162,61,1,4200,0,61,0.01639344262295082,0.00010650784705017856
7134,Cat_14,407671,155,61,3,6551,1,61,0.04918032786885246,0.00010650418954534346
2833,Cat_27,407661,168,62,1,1941,0,62,0.016129032258064516,0.0001065015770418898
4086,Cat_19,407657,157,59,3,11578,2,59,0.05084745762711865,0.00010650053204050834
805,Cat_25,407652,149,61,1,4037,0,61,0.01639344262295082,0.00010649922578878152
1820,Cat_22,407636,151,56,3,7605,1,56,0.05357142857142857,0.00010649504578325568
1970,Cat_10,407632,178,67,7,23441,2,67,0.1044776119402985,0.00010649400078187421
4259,Cat_23,407630,167,67,2,6084,0,67,0.029850746268656716,0.00010649347828118348
5545,Cat_26,407626,146,59,7,22117,2,59,0.11864406779661017,0.00010649243327980202
398,Cat_16,407603,163,61,4,7964,0,61,0.06557377049180328,0.00010648642452185862
7569,Cat_5,407591,163,69,2,5339,1,69,0.028985507246376812,0.00010648328951771425
9658,Cat_15,407549,158,62,3,8627,0,62,0.04838709677419355,0.00010647231700320891
6472,Cat_17,407492,163,64,4,8949,1,64,0.0625,0.0001064574257335231
9690,Cat_24,407488,162,65,5,12815,3,65,0.07692307692307693,0.00010645638073214164
2121,Cat_2,407466,152,60,2,5853,1,60,0.03333333333333333,0.0001064506332245436
4830,Cat_30,407464,159,68,4,13024,1,68,0.058823529411764705,0.00010645011072385287
4928,Cat_12,407462,164,63,4,13685,2,63,0.06349206349206349,0.00010644958822316214
5512,Cat_17,407453,184,72,2,3925,0,72,0.027777777777777776,0.00010644723697005386
6277,Cat_8,407444,152,61,3,8319,0,61,0.04918032786885246,0.00010644488571694557
3490,Cat_27,407342,146,55,1,361,0,55,0.01818181818181818,0.00010641823818171832
2102,Cat_28,407339,136,54,0,0,0,54,0.0,0.00010641745443068223
6013,Cat_30,407330,155,57,2,5581,1,57,0.03508771929824561,0.00010641510317757395
9997,Cat_20,407294,167,65,2,4645,0,65,0.03076923076923077,0.00010640569816514081
3204,Cat_7,407266,154,59,3,6196,1,59,0.05084745762711865,0.00010639838315547057
3640,Cat_29,407256,141,61,1,4537,0,61,0.01639344262295082,0.00010639577065201693
4460,Cat_19,407233,149,61,1,4965,1,61,0.01639344262295082,0.00010638976189407353
4845,Cat_27,407207,170,63,3,1979,0,63,0.047619047619047616,0.00010638296938509403
5207,Cat_2,407172,166,69,3,9457,1,69,0.043478260869565216,0.00010637382562300626
564,Cat_20,407157,157,58,3,10920,1,58,0.05172413793103448,0.00010636990686782579
6552,Cat_14,407150,159,60,3,7696,1,60,0.05,0.00010636807811540822
1711,Cat_16,407149,172,72,4,6630,1,72,0.05555555555555555,0.00010636781686506286
5675,Cat_15,407126,154,57,5,18410,2,57,0.08771929824561403,0.00010636180810711946
2322,Cat_5,407125,158,72,1,2470,0,72,0.013888888888888888,0.0001063615468567741
6871,Cat_25,407124,164,62,4,4527,0,61,0.06451612903225806,0.00010636128560642873
4653,Cat_20,407106,166,69,3,7766,0,69,0.043478260869565216,0.00010635658310021217
6644,Cat_9,407098,167,69,3,8099,1,69,0.043478260869565216,0.00010635449309744924
9989,Cat_19,407077,140,56,2,5250,0,56,0.03571428571428571,0.00010634900684019658
9868,Cat_11,407044,154,56,2,9255,1,56,0.03571428571428571,0.00010634038557879952
8727,Cat_19,407033,162,61,5,11879,1,61,0.08196721311475409,0.00010633751182500051
9981,Cat_25,407028,173,67,0,0,0,67,0.0,0.00010633620557327369
6738,Cat_4,407010,150,61,3,7039,0,61,0.04918032786885246,0.00010633150306705711
2163,Cat_11,406985,170,63,3,7789,1,63,0.047619047619047616,0.00010632497180842298
2072,Cat_8,406975,171,70,3,6068,0,70,0.04285714285714286,0.00010632235930496933
484,Cat_17,406963,159,61,4,7903,1,61,0.06557377049180328,0.00010631922430082495
6793,Cat_14,406946,140,57,1,2824,0,57,0.017543859649122806,0.00010631478304495375
9398,Cat_25,406942,158,67,0,0,0,67,0.0,0.00010631373804357229
9232,Cat_11,406936,141,57,4,12634,1,57,0.07017543859649122,0.00010631217054150009
6083,Cat_21,406932,151,62,2,8593,0,62,0.03225806451612903,0.00010631112554011863
1946,Cat_29,406921,160,62,2,3490,1,62,0.03225806451612903,0.00010630825178631962
2466,Cat_2,406915,166,68,0,0,0,68,0.0,0.00010630668428424742
2285,Cat_29,406915,162,67,5,11973,1,67,0.07462686567164178,0.00010630668428424742
3060,Cat_26,406907,145,53,2,5498,1,53,0.03773584905660377,0.0001063045942814845
8814,Cat_17,406893,151,61,2,3067,0,61,0.03278688524590164,0.00010630093677664938
1765,Cat_23,406878,155,58,4,10330,1,58,0.06896551724137931,0.00010629701802146891
5309,Cat_23,406863,152,56,3,5152,1,56,0.05357142857142857,0.00010629309926628843
8652,Cat_18,406845,155,63,6,14413,4,63,0.09523809523809523,0.00010628839676007187
662,Cat_16,406828,158,64,2,8738,1,64,0.03125,0.00010628395550420066
3886,Cat_22,406818,150,62,4,9996,2,62,0.06451612903225806,0.00010628134300074701
9431,Cat_11,406816,170,62,2,3821,0,62,0.03225806451612903,0.00010628082050005628
6249,Cat_5,406786,140,55,2,7141,0,55,0.03636363636363636,0.00010627298298969533
4163,Cat_20,406770,156,57,0,0,0,57,0.0,0.00010626880298416948
7841,Cat_25,406756,159,63,1,234,0,63,0.015873015873015872,0.00010626514547933438
409,Cat_9,406739,164,60,3,9577,0,60,0.05,0.00010626070422346316
1542,Cat_8,406736,161,69,2,6414,0,69,0.028985507246376812,0.00010625992047242707
245,Cat_15,406705,170,62,2,8373,1,62,0.03225806451612903,0.00010625182171172074
2310,Cat_13,406666,155,63,3,3430,0,63,0.047619047619047616,0.00010624163294825151
5160,Cat_30,406645,165,63,4,13764,1,63,0.06349206349206349,0.00010623614669099884
337,Cat_11,406594,135,54,1,3903,0,54,0.018518518518518517,0.00010622282292338522
1705,Cat_6,406532,151,58,5,11326,1,58,0.08620689655172414,0.00010620662540197258
3275,Cat_7,406493,147,61,1,4835,1,61,0.01639344262295082,0.00010619643663850335
9455,Cat_5,406481,159,63,3,2315,0,63,0.047619047619047616,0.00010619330163435896
9592,Cat_23,406463,153,62,2,3596,0,62,0.03225806451612903,0.0001061885991281424
6381,Cat_11,406444,162,64,4,6572,1,64,0.0625,0.00010618363537158046
4385,Cat_21,406403,189,71,6,14692,1,71,0.08450704225352113,0.00010617292410742048
8053,Cat_21,406386,152,62,1,3660,0,62,0.016129032258064516,0.00010616848285154928
11,Cat_9,406376,157,66,0,0,0,66,0.0,0.00010616587034809562
6100,Cat_23,406357,174,70,5,14149,1,70,0.07142857142857142,0.00010616090659153368
6492,Cat_25,406348,171,61,4,10929,0,61,0.06557377049180328,0.0001061585553384254
715,Cat_18,406336,145,62,4,9473,0,62,0.06451612903225806,0.00010615542033428102
5431,Cat_7,406287,152,65,2,4752,1,65,0.03076923076923077,0.00010614261906735813
7713,Cat_23,406287,161,59,3,5365,1,59,0.05084745762711865,0.00010614261906735813
2697,Cat_22,406273,164,68,4,12343,1,68,0.058823529411764705,0.00010613896156252301
4266,Cat_15,406238,152,60,2,6688,0,60,0.03333333333333333,0.00010612981780043524
5453,Cat_10,406221,165,68,4,15144,2,68,0.058823529411764705,0.00010612537654456403
3677,Cat_12,406207,153,60,0,0,0,60,0.0,0.00010612171903972892
9467,Cat_11,406204,160,69,5,19572,3,69,0.07246376811594203,0.00010612093528869283
5798,Cat_15,406199,160,58,5,13152,3,58,0.08620689655172414,0.000106119629036966
9334,Cat_13,406179,148,64,2,2630,0,64,0.03125,0.0001061144040300587
9558,Cat_8,406174,158,63,2,8855,0,63,0.031746031746031744,0.00010611309777833186
9594,Cat_3,406144,156,65,3,9634,3,65,0.046153846153846156,0.00010610526026797091
7870,Cat_7,406068,175,75,5,13820,2,75,0.06666666666666667,0.00010608540524172317
773,Cat_19,406066,144,58,3,5775,1,58,0.05172413793103448,0.00010608488274103243
8182,Cat_27,406066,152,57,2,8865,0,57,0.03508771929824561,0.00010608488274103243
3122,Cat_11,406060,156,62,2,2535,0,62,0.03225806451612903,0.00010608331523896024
9193,Cat_14,406043,143,61,1,4913,1,61,0.01639344262295082,0.00010607887398308904
9345,Cat_11,406027,172,67,2,4933,1,67,0.029850746268656716,0.0001060746939775632
5498,Cat_26,406027,144,53,2,4522,0,53,0.03773584905660377,0.0001060746939775632
3604,Cat_15,406001,160,61,2,5992,0,61,0.03278688524590164,0.0001060679014685837
4854,Cat_19,406001,160,68,1,1566,1,68,0.014705882352941176,0.0001060679014685837
4933,Cat_4,406000,162,64,3,9130,1,64,0.046875,0.00010606764021823834
6777,Cat_7,406000,156,62,2,9605,2,62,0.03225806451612903,0.00010606764021823834
1939,Cat_18,405997,150,62,3,8979,1,62,0.04838709677419355,0.00010606685646720224
287,Cat_30,405945,158,67,4,13834,3,67,0.05970149253731343,0.00010605327144924326
4396,Cat_29,405943,155,59,1,1053,0,59,0.01694915254237288,0.00010605274894855253
9586,Cat_17,405909,159,61,3,1864,1,61,0.04918032786885246,0.00010604386643681012
4305,Cat_23,405908,161,71,2,4088,1,71,0.028169014084507043,0.00010604360518646474
7461,Cat_5,405895,157,63,1,605,0,62,0.015873015873015872,0.000106040208931975
8136,Cat_19,405894,165,63,3,9954,2,63,0.047619047619047616,0.00010603994768162964
5256,Cat_11,405863,162,65,5,6800,1,65,0.07692307692307693,0.00010603184892092332
1614,Cat_26,405849,154,64,4,9655,0,64,0.0625,0.0001060281914160882
9104,Cat_9,405778,152,58,2,6766,1,58,0.034482758620689655,0.00010600964264156729
1188,Cat_1,405777,154,64,4,8779,1,64,0.0625,0.00010600938139122192
2789,Cat_14,405760,150,57,1,2701,0,57,0.017543859649122806,0.00010600494013535071
5569,Cat_11,405748,151,61,6,13619,1,61,0.09836065573770492,0.00010600180513120632
481,Cat_12,405742,154,62,2,6339,1,62,0.03225806451612903,0.00010600023762913414
3036,Cat_29,405742,142,58,4,7750,4,58,0.06896551724137931,0.00010600023762913414
5944,Cat_18,405723,173,65,4,10633,0,65,0.06153846153846154,0.00010599527387257221
8484,Cat_19,405714,153,61,1,2182,0,61,0.01639344262295082,0.00010599292261946391
4181,Cat_5,405702,173,73,1,4403,0,73,0.0136986301369863,0.00010598978761531954
5197,Cat_9,405680,148,64,1,2185,0,64,0.015625,0.0001059840401077215
3892,Cat_16,405659,176,66,3,12527,1,66,0.045454545454545456,0.00010597855385046883
8808,Cat_6,405646,161,59,3,7621,0,59,0.05084745762711865,0.00010597515759597909
6671,Cat_22,405631,148,55,4,12739,1,55,0.07272727272727272,0.00010597123884079861
4652,Cat_25,405602,168,67,2,5822,0,67,0.029850746268656716,0.00010596366258078302
2060,Cat_15,405537,163,61,3,11981,2,61,0.04918032786885246,0.00010594668130833429
3914,Cat_3,405524,150,62,0,0,0,62,0.0,0.00010594328505384454
6975,Cat_12,405503,148,63,2,8909,2,63,0.031746031746031744,0.00010593779879659187
5234,Cat_5,405493,158,67,3,5600,0,67,0.04477611940298507,0.00010593518629313822
9391,Cat_2,405483,189,78,5,16816,4,78,0.0641025641025641,0.00010593257378968458
5693,Cat_20,405474,149,60,6,16252,3,60,0.1,0.00010593022253657628
4617,Cat_22,405473,163,67,2,3867,0,67,0.029850746268656716,0.00010592996128623092
3566,Cat_21,405452,165,71,6,17734,1,71,0.08450704225352113,0.00010592447502897825
4124,Cat_27,405420,159,61,3,10638,0,61,0.04918032786885246,0.00010591611501792657
3090,Cat_27,405404,130,54,3,2706,0,54,0.05555555555555555,0.00010591193501240073
3016,Cat_9,405396,187,72,5,14387,1,72,0.06944444444444445,0.0001059098450096378
1365,Cat_14,405383,154,58,1,3251,0,58,0.017241379310344827,0.00010590644875514806
170,Cat_21,405356,165,65,4,7940,0,65,0.06153846153846154,0.0001058993949958232
2114,Cat_1,405355,177,70,2,3803,2,70,0.02857142857142857,0.00010589913374547784
378,Cat_25,405314,160,66,4,6882,1,66,0.06060606060606061,0.00010588842248131787
5841,Cat_4,405298,162,69,4,2963,1,69,0.057971014492753624,0.00010588424247579203
7011,Cat_7,405291,160,67,3,4032,0,67,0.04477611940298507,0.00010588241372337448
20,Cat_27,405253,147,60,3,9449,1,60,0.05,0.0001058724862102506
6539,Cat_2,405248,149,59,2,3904,0,59,0.03389830508474576,0.00010587117995852377
4487,Cat_7,405201,178,64,3,9131,1,64,0.046875,0.00010585890119229161
2026,Cat_26,405196,154,64,1,3894,1,64,0.015625,0.00010585759494056479
6183,Cat_3,405193,143,54,4,11669,1,54,0.07407407407407407,0.00010585681118952869
1691,Cat_11,405183,150,61,2,8053,0,61,0.03278688524590164,0.00010585419868607503
6764,Cat_15,405131,136,57,4,10945,2,57,0.07017543859649122,0.00010584061366811605
8008,Cat_3,405121,143,57,2,3456,0,57,0.03508771929824561,0.0001058380011646624
2932,Cat_13,405114,165,67,1,2850,1,67,0.014925373134328358,0.00010583617241224485
8168,Cat_25,405101,159,66,3,10833,1,66,0.045454545454545456,0.00010583277615775509
6074,Cat_25,405088,154,64,2,8769,0,64,0.03125,0.00010582937990326535
4611,Cat_15,405071,168,68,5,11327,0,68,0.07352941176470588,0.00010582493864739414
1718,Cat_15,405036,164,66,2,3981,1,66,0.030303030303030304,0.00010581579488530637
9011,Cat_19,405027,163,60,2,2756,0,60,0.03333333333333333,0.00010581344363219807
981,Cat_15,405024,165,66,4,10471,1,66,0.06060606060606061,0.00010581265988116198
3303,Cat_25,404997,151,55,5,16193,2,55,0.09090909090909091,0.00010580560612183712
5010,Cat_2,404988,163,66,3,4491,1,66,0.045454545454545456,0.00010580325486872884
4137,Cat_23,404914,159,61,6,13226,1,61,0.09836065573770492,0.00010578392234317182
537,Cat_1,404908,136,55,3,8129,0,55,0.05454545454545454,0.00010578235484109963
3706,Cat_15,404890,145,57,3,8112,1,57,0.05263157894736842,0.00010577765233488305
1333,Cat_28,404843,150,59,5,10326,2,59,0.0847457627118644,0.0001057653735686509
7655,Cat_8,404753,157,66,2,6276,0,66,0.030303030303030304,0.00010574186103756803
2659,Cat_10,404749,153,58,3,9707,1,58,0.05172413793103448,0.00010574081603618658
1272,Cat_17,404743,154,62,3,5395,1,62,0.04838709677419355,0.00010573924853411439
5066,Cat_26,404692,161,64,1,813,0,64,0.015625,0.00010572592476650076
3697,Cat_21,404691,163,66,5,9259,0,66,0.07575757575757576,0.0001057256635161554
4897,Cat_23,404647,179,75,4,13482,0,75,0.05333333333333334,0.00010571416850095933
7420,Cat_30,404643,172,66,3,7831,0,66,0.045454545454545456,0.00010571312349957787
9222,Cat_21,404619,165,68,6,19174,2,68,0.08823529411764706,0.00010570685349128911
5196,Cat_21,404611,174,70,7,19166,1,70,0.1,0.00010570476348852619
8219,Cat_12,404608,166,57,2,4297,0,57,0.03508771929824561,0.0001057039797374901
9217,Cat_30,404578,133,57,3,6815,0,57,0.05263157894736842,0.00010569614222712913
410,Cat_25,404567,157,64,2,3213,1,64,0.03125,0.00010569326847333012
4833,Cat_27,404559,179,66,1,452,0,66,0.015151515151515152,0.0001056911784705672
3249,Cat_17,404531,165,68,0,0,0,68,0.0,0.00010568386346089698
9354,Cat_8,404502,153,63,1,2653,0,63,0.015873015873015872,0.00010567628720088139
3815,Cat_16,404463,144,59,3,9168,0,59,0.05084745762711865,0.00010566609843741215
3353,Cat_21,404462,146,61,7,14164,1,61,0.11475409836065574,0.00010566583718706678
9137,Cat_2,404447,151,60,1,4136,1,60,0.016666666666666666,0.0001056619184318863
2753,Cat_11,404447,159,61,2,1267,0,61,0.03278688524590164,0.0001056619184318863
3793,Cat_3,404445,138,57,4,10493,0,57,0.07017543859649122,0.00010566139593119557
6880,Cat_1,404391,151,62,6,17262,1,62,0.0967741935483871,0.00010564728841254587
8676,Cat_17,404375,152,61,2,6107,1,61,0.03278688524590164,0.00010564310840702002
5069,Cat_20,404373,152,68,0,0,0,68,0.0,0.00010564258590632929
2514,Cat_6,404351,155,61,2,7585,2,61,0.03278688524590164,0.00010563683839873126
8683,Cat_13,404348,154,60,1,4194,0,60,0.016666666666666666,0.00010563605464769516
8630,Cat_11,404322,168,69,2,988,0,69,0.028985507246376812,0.00010562926213871567
4199,Cat_28,404248,169,65,3,4999,0,65,0.046153846153846156,0.00010560992961315865
9677,Cat_15,404247,152,66,2,3571,0,66,0.030303030303030304,0.00010560966836281328
6503,Cat_8,404232,159,66,3,6700,0,66,0.045454545454545456,0.0001056057496076328
8056,Cat_22,404231,142,60,3,8789,1,60,0.05,0.00010560548835728745
3222,Cat_12,404200,151,67,2,7602,1,67,0.029850746268656716,0.00010559738959658112
1998,Cat_23,404196,169,61,4,7500,1,61,0.06557377049180328,0.00010559634459519966
737,Cat_27,404167,165,67,3,9604,1,67,0.04477611940298507,0.00010558876833518407
7616,Cat_10,404155,159,66,4,7924,1,66,0.06060606060606061,0.0001055856333310397
4780,Cat_30,404138,155,62,2,1376,0,62,0.03225806451612903,0.00010558119207516849
8386,Cat_10,404131,141,59,2,5682,0,59,0.03389830508474576,0.00010557936332275093
4673,Cat_20,403993,149,59,4,9071,1,59,0.06779661016949153,0.00010554331077509055
1548,Cat_4,403987,161,59,1,2095,0,59,0.01694915254237288,0.00010554174327301835
2955,Cat_16,403964,141,51,4,7527,0,51,0.0784313725490196,0.00010553573451507495
1406,Cat_9,403963,174,66,2,6138,1,66,0.030303030303030304,0.0001055354732647296
4076,Cat_28,403946,163,61,4,14268,0,61,0.06557377049180328,0.00010553103200885839
7946,Cat_4,403936,169,64,2,3507,0,64,0.03125,0.00010552841950540474
9307,Cat_8,403921,144,59,3,12188,1,59,0.05084745762711865,0.00010552450075022426
2680,Cat_1,403918,154,61,4,9617,1,61,0.06557377049180328,0.00010552371699918816
9660,Cat_24,403914,151,58,1,198,0,58,0.017241379310344827,0.0001055226719978067
9161,Cat_28,403899,175,68,2,5125,0,68,0.029411764705882353,0.00010551875324262622
9808,Cat_25,403898,162,68,5,13819,2,68,0.07352941176470588,0.00010551849199228086
5157,Cat_23,403876,164,63,3,7946,1,63,0.047619047619047616,0.00010551274448468282
7822,Cat_25,403817,160,61,5,8894,0,61,0.08196721311475409,0.00010549733071430628
3014,Cat_30,403772,152,60,6,11445,1,60,0.1,0.00010548557444876485
7885,Cat_26,403760,178,63,3,6493,1,63,0.047619047619047616,0.00010548243944462047
5572,Cat_23,403755,160,68,3,5834,0,68,0.04411764705882353,0.00010548113319289365
7081,Cat_24,403755,155,63,0,0,0,63,0.0,0.00010548113319289365
176,Cat_2,403741,173,65,1,3458,1,65,0.015384615384615385,0.00010547747568805853
4753,Cat_6,403720,139,54,3,5210,0,54,0.05555555555555555,0.00010547198943080586
1635,Cat_1,403715,154,63,2,6351,0,63,0.031746031746031744,0.00010547068317907904
5989,Cat_20,403689,170,71,1,1235,1,71,0.014084507042253521,0.00010546389067009955
5108,Cat_18,403667,154,58,2,7495,0,58,0.034482758620689655,0.00010545814316250151
7929,Cat_17,403652,154,60,2,1259,1,60,0.03333333333333333,0.00010545422440732104
542,Cat_5,403613,165,62,2,5106,1,62,0.03225806451612903,0.0001054440356438518
3280,Cat_18,403593,160,64,2,3556,0,64,0.03125,0.0001054388106369445
9901,Cat_1,403591,161,63,4,10000,1,63,0.06349206349206349,0.00010543828813625376
6563,Cat_28,403579,151,57,2,8165,1,57,0.03508771929824561,0.00010543515313210939
990,Cat_8,403573,155,57,3,9521,0,57,0.05263157894736842,0.0001054335856300372
4078,Cat_27,403565,164,65,5,18094,1,65,0.07692307692307693,0.00010543149562727428
3863,Cat_6,403558,148,56,2,1211,0,56,0.03571428571428571,0.00010542966687485672
8801,Cat_18,403556,157,61,0,0,0,61,0.0,0.000105429144374166
9071,Cat_4,403531,157,62,3,10083,1,62,0.04838709677419355,0.00010542261311553186
6457,Cat_24,403522,150,59,3,9170,1,59,0.05084745762711865,0.00010542026186242358
6778,Cat_8,403505,166,65,2,5713,1,65,0.03076923076923077,0.00010541582060655236
4036,Cat_9,403498,150,59,1,1980,0,59,0.01694915254237288,0.00010541399185413481
1959,Cat_19,403432,147,55,2,5350,0,55,0.03636363636363636,0.00010539674933134072
8679,Cat_22,403406,150,61,4,7898,1,61,0.06557377049180328,0.00010538995682236121
3882,Cat_4,403400,152,56,1,629,0,56,0.017857142857142856,0.00010538838932028903
3895,Cat_1,403393,141,54,2,3097,0,54,0.037037037037037035,0.00010538656056787147
971,Cat_5,403359,171,65,3,9894,1,65,0.046153846153846156,0.00010537767805612906
1662,Cat_11,403345,158,56,3,9516,2,56,0.05357142857142857,0.00010537402055129395
6449,Cat_11,403343,170,73,5,17135,3,73,0.0684931506849315,0.00010537349805060322
5873,Cat_1,403335,163,62,1,1942,0,62,0.016129032258064516,0.0001053714080478403
6592,Cat_10,403318,162,62,1,4710,0,62,0.016129032258064516,0.0001053669667919691
1367,Cat_19,403300,165,66,3,11299,1,66,0.045454545454545456,0.00010536226428575252
7877,Cat_14,403299,157,63,1,2224,0,63,0.015873015873015872,0.00010536200303540716
1698,Cat_26,403286,146,60,1,3306,0,60,0.016666666666666666,0.00010535860678091741
3664,Cat_19,403264,151,61,3,4776,1,61,0.04918032786885246,0.00010535285927331937
5716,Cat_1,403251,164,68,0,0,0,68,0.0,0.00010534946301882963
1076,Cat_19,403244,146,57,4,7047,3,57,0.07017543859649122,0.00010534763426641208
5547,Cat_2,403240,155,61,3,8494,1,61,0.04918032786885246,0.00010534658926503061
236,Cat_13,403218,141,58,0,0,0,58,0.0,0.00010534084175743257
3243,Cat_10,403216,151,57,3,7216,0,57,0.05263157894736842,0.00010534031925674184
2499,Cat_30,403213,159,60,0,0,0,60,0.0,0.00010533953550570575
8997,Cat_13,403207,165,63,5,6463,1,63,0.07936507936507936,0.00010533796800363356
4589,Cat_1,403190,153,63,3,9324,0,63,0.047619047619047616,0.00010533352674776235
1142,Cat_14,403188,152,64,2,8770,1,64,0.03125,0.00010533300424707162
9662,Cat_11,403187,160,65,3,11673,2,65,0.046153846153846156,0.00010533274299672626
2210,Cat_6,403186,157,59,4,8448,2,59,0.06779661016949153,0.00010533248174638089
9533,Cat_30,403182,148,65,3,11342,1,65,0.046153846153846156,0.00010533143674499943
9440,Cat_12,403177,161,65,6,13882,1,65,0.09230769230769231,0.00010533013049327261
1414,Cat_17,403148,151,59,1,2337,0,59,0.01694915254237288,0.00010532255423325702
7210,Cat_3,403137,160,69,3,5255,0,69,0.043478260869565216,0.000105319680479458
2180,Cat_4,403131,166,70,4,7457,2,70,0.05714285714285714,0.00010531811297738581
5100,Cat_18,403127,158,66,2,9387,1,66,0.030303030303030304,0.00010531706797600435
3550,Cat_29,403115,162,62,4,5508,1,62,0.06451612903225806,0.00010531393297185996
5460,Cat_28,403115,164,67,2,7881,1,67,0.029850746268656716,0.00010531393297185996
6954,Cat_13,403105,135,51,2,2044,1,51,0.0392156862745098,0.00010531132046840632
7439,Cat_10,403079,146,59,1,4753,0,59,0.01694915254237288,0.00010530452795942682
1747,Cat_29,403063,160,65,5,19592,2,65,0.07692307692307693,0.00010530034795390099
7848,Cat_29,403046,163,62,2,8494,0,62,0.03225806451612903,0.00010529590669802978
8624,Cat_21,403040,164,62,1,1706,0,62,0.016129032258064516,0.00010529433919595759
7059,Cat_25,402995,155,64,3,1680,0,64,0.046875,0.00010528258293041616
896,Cat_4,402993,152,65,0,0,0,65,0.0,0.00010528206042972543
6345,Cat_19,402967,167,65,4,11590,1,65,0.06153846153846154,0.00010527526792074593
2624,Cat_9,402960,151,67,4,8997,1,67,0.05970149253731343,0.00010527343916832838
6396,Cat_6,402944,171,69,4,12215,2,69,0.057971014492753624,0.00010526925916280253
4070,Cat_11,402943,173,68,5,14419,0,68,0.07352941176470588,0.00010526899791245717
5823,Cat_2,402921,145,57,1,1034,0,57,0.017543859649122806,0.00010526325040485913
9760,Cat_16,402877,158,62,5,11486,1,62,0.08064516129032258,0.00010525175538966308
2865,Cat_16,402863,146,58,2,4614,0,58,0.034482758620689655,0.00010524809788482796
3758,Cat_24,402840,172,68,5,17208,3,68,0.07352941176470588,0.00010524208912688456
6533,Cat_3,402839,156,56,5,17128,2,56,0.08928571428571429,0.0001052418278765392
8975,Cat_24,402832,166,72,5,10505,1,72,0.06944444444444445,0.00010523999912412164
2970,Cat_28,402826,176,64,1,1982,0,64,0.015625,0.00010523843162204945
135,Cat_27,402809,160,61,0,0,0,61,0.0,0.00010523399036617824
8742,Cat_14,402785,153,62,2,4586,0,62,0.03225806451612903,0.00010522772035788948
1288,Cat_22,402785,160,68,1,4250,0,68,0.014705882352941176,0.00010522772035788948
3524,Cat_8,402779,155,61,4,7729,2,61,0.06557377049180328,0.00010522615285581729
7172,Cat_23,402771,156,71,4,5179,1,71,0.056338028169014086,0.00010522406285305437
1592,Cat_17,402763,151,62,5,9516,1,62,0.08064516129032258,0.00010522197285029144
5887,Cat_26,402756,154,63,2,5695,1,63,0.031746031746031744,0.00010522014409787389
4438,Cat_6,402744,141,57,1,4182,1,57,0.017543859649122806,0.0001052170090937295
2536,Cat_24,402737,148,56,3,5669,0,56,0.05357142857142857,0.00010521518034131195
6322,Cat_23,402690,172,68,2,2475,2,68,0.029411764705882353,0.0001052029015750798
9048,Cat_27,402690,157,62,1,1377,0,62,0.016129032258064516,0.0001052029015750798
8854,Cat_16,402654,162,70,4,10167,1,70,0.05714285714285714,0.00010519349656264665
5833,Cat_21,402636,156,63,1,3338,1,63,0.015873015873015872,0.00010518879405643008
8107,Cat_15,402608,148,58,4,16025,0,58,0.06896551724137931,0.00010518147904675986
9787,Cat_24,402600,152,66,8,15981,3,66,0.12121212121212122,0.00010517938904399693
5556,Cat_21,402533,156,61,4,6871,0,61,0.06557377049180328,0.00010516188527085747
7471,Cat_22,402490,167,67,2,4434,1,67,0.029850746268656716,0.00010515065150600677
4064,Cat_5,402462,153,62,1,1683,0,62,0.016129032258064516,0.00010514333649633655
6890,Cat_30,402436,165,64,1,2461,0,64,0.015625,0.00010513654398735705
3119,Cat_15,402434,143,52,2,4940,0,52,0.038461538461538464,0.00010513602148666632
8914,Cat_28,402404,163,66,4,9639,0,66,0.06060606060606061,0.00010512818397630537
3818,Cat_18,402399,167,65,4,17508,2,65,0.06153846153846154,0.00010512687772457855
6559,Cat_6,402396,141,59,6,11482,0,59,0.1016949152542373,0.00010512609397354244
7191,Cat_26,402353,153,61,2,8437,1,61,0.03278688524590164,0.00010511486020869175
5617,Cat_5,402345,146,61,1,3624,0,61,0.01639344262295082,0.00010511277020592883
9437,Cat_28,402328,163,66,5,13301,1,66,0.07575757575757576,0.00010510832895005762
6979,Cat_25,402322,164,68,3,6045,2,68,0.04411764705882353,0.00010510676144798543
6104,Cat_13,402308,167,68,5,16668,4,68,0.07352941176470588,0.00010510310394315032
4406,Cat_21,402305,156,60,4,12251,1,60,0.06666666666666667,0.00010510232019211422
7033,Cat_24,402291,170,67,2,6358,1,67,0.029850746268656716,0.00010509866268727912
5473,Cat_12,402275,157,59,1,1276,0,59,0.01694915254237288,0.00010509448268175327
5051,Cat_28,402272,180,73,4,14286,1,73,0.0547945205479452,0.00010509369893071718
3842,Cat_13,402266,154,61,3,9802,1,61,0.04918032786885246,0.00010509213142864499
3705,Cat_29,402224,144,60,2,4240,1,60,0.03333333333333333,0.00010508115891413965
2799,Cat_25,402196,151,56,2,4089,1,56,0.03571428571428571,0.00010507384390446943
8585,Cat_27,402190,155,64,1,713,0,64,0.015625,0.00010507227640239724
7382,Cat_15,402187,160,64,3,12305,2,64,0.046875,0.00010507149265136114
8772,Cat_30,402173,151,60,2,6659,0,60,0.03333333333333333,0.00010506783514652603
7327,Cat_29,402167,139,58,3,7279,0,58,0.05172413793103448,0.00010506626764445384
3156,Cat_23,402160,164,63,3,940,0,63,0.047619047619047616,0.00010506443889203628
289,Cat_25,402159,154,58,3,4643,0,58,0.05172413793103448,0.00010506417764169092
5072,Cat_1,402144,153,63,0,0,0,63,0.0,0.00010506025888651044
8949,Cat_6,402143,161,61,3,6654,1,61,0.04918032786885246,0.00010505999763616507
7720,Cat_24,402141,153,64,2,7712,1,64,0.03125,0.00010505947513547434
1260,Cat_16,402116,162,70,4,4270,0,70,0.05714285714285714,0.00010505294387684022
8668,Cat_22,402098,171,71,5,14480,3,71,0.07042253521126761,0.00010504824137062364
2335,Cat_24,402078,157,62,1,869,0,62,0.016129032258064516,0.00010504301636371635
5850,Cat_9,402074,159,58,5,9863,1,58,0.08620689655172414,0.00010504197136233489
4906,Cat_6,402066,153,61,5,9044,2,61,0.08196721311475409,0.00010503988135957196
8086,Cat_21,402059,155,65,1,1795,0,65,0.015384615384615385,0.00010503805260715441
6766,Cat_16,402052,142,52,0,0,0,52,0.0,0.00010503622385473685
9183,Cat_19,402025,157,66,6,13017,1,66,0.09090909090909091,0.00010502917009541199
9692,Cat_7,402021,169,58,0,0,0,58,0.0,0.00010502812509403054
7347,Cat_9,402012,167,60,4,11037,0,60,0.06666666666666667,0.00010502577384092224
5815,Cat_28,402004,164,60,6,14677,1,60,0.1,0.00010502368383815932
6976,Cat_25,401985,161,66,0,0,0,66,0.0,0.00010501872008159738
3870,Cat_30,401975,163,65,5,10785,1,65,0.07692307692307693,0.00010501610757814374
4725,Cat_27,401972,155,63,0,0,0,63,0.0,0.00010501532382710764
7086,Cat_27,401966,146,58,3,7450,1,58,0.05172413793103448,0.00010501375632503544
4869,Cat_21,401925,156,61,2,8508,1,61,0.03278688524590164,0.00010500304506087548
7291,Cat_20,401889,157,62,3,6482,1,62,0.04838709677419355,0.00010499364004844234
8063,Cat_11,401870,138,56,3,3988,0,56,0.05357142857142857,0.0001049886762918804
5800,Cat_6,401844,158,65,7,19460,1,65,0.1076923076923077,0.00010498188378290091
2004,Cat_19,401803,146,62,3,6719,1,62,0.04838709677419355,0.00010497117251874093
5571,Cat_15,401799,158,65,1,760,0,65,0.015384615384615385,0.00010497012751735947
9110,Cat_26,401779,172,71,1,4947,0,71,0.014084507042253521,0.00010496490251045218
2146,Cat_28,401768,143,54,4,13641,1,54,0.07407407407407407,0.00010496202875665316
7955,Cat_24,401747,145,61,0,0,0,61,0.0,0.0001049565424994005
5521,Cat_25,401735,162,62,1,4369,1,62,0.016129032258064516,0.00010495340749525611
9654,Cat_20,401721,169,62,5,13570,4,62,0.08064516129032258,0.00010494974999042099
9474,Cat_4,401716,179,71,4,14188,1,71,0.056338028169014086,0.00010494844373869417
2473,Cat_26,401694,158,59,4,10195,1,59,0.06779661016949153,0.00010494269623109613
3050,Cat_19,401690,162,63,2,5492,2,63,0.031746031746031744,0.00010494165122971468
6808,Cat_7,401668,146,60,3,11426,1,60,0.05,0.00010493590372211664
9990,Cat_9,401664,146,60,3,9150,2,60,0.05,0.00010493485872073518
4144,Cat_21,401656,157,61,2,8288,1,61,0.03278688524590164,0.00010493276871797226
7104,Cat_15,401645,149,59,2,3675,0,59,0.03389830508474576,0.00010492989496417324
3547,Cat_7,401639,154,59,4,8708,2,59,0.06779661016949153,0.00010492832746210105
6113,Cat_20,401622,144,60,3,11738,1,60,0.05,0.00010492388620622984
6454,Cat_16,401593,164,68,0,0,0,68,0.0,0.00010491630994621427
5410,Cat_14,401551,179,63,2,3704,0,63,0.031746031746031744,0.00010490533743170893
2938,Cat_21,401500,147,65,1,1067,1,65,0.015384615384615385,0.0001048920136640953
1568,Cat_4,401482,155,64,1,3811,0,64,0.015625,0.00010488731115787873
9483,Cat_12,401465,185,74,6,19361,3,74,0.08108108108108109,0.00010488286990200753
3577,Cat_22,401450,156,63,2,4595,0,63,0.031746031746031744,0.00010487895114682705
4360,Cat_8,401418,162,65,4,11313,2,65,0.06153846153846154,0.00010487059113577537
8158,Cat_1,401401,148,59,2,9932,1,59,0.03389830508474576,0.00010486614987990415
4095,Cat_7,401395,152,59,3,5147,2,59,0.05084745762711865,0.00010486458237783197
2696,Cat_29,401382,134,65,3,7820,1,65,0.046153846153846156,0.00010486118612334221
4772,Cat_24,401339,171,67,7,23871,3,67,0.1044776119402985,0.00010484995235849152
266,Cat_24,401307,148,60,3,8869,1,60,0.05,0.00010484159234743984
4919,Cat_6,401287,158,65,1,2601,0,65,0.015384615384615385,0.00010483636734053253
55,Cat_2,401192,156,59,0,0,0,59,0.0,0.00010481154855772284
2981,Cat_24,401191,160,65,0,0,0,65,0.0,0.00010481128730737748
8920,Cat_28,401180,157,64,4,10034,1,64,0.0625,0.00010480841355357847
4817,Cat_5,401167,164,66,1,4526,1,66,0.015151515151515152,0.00010480501729908871
7937,Cat_9,401118,167,66,4,8471,0,66,0.06060606060606061,0.00010479221603216583
4668,Cat_24,401112,140,53,3,5301,1,53,0.05660377358490566,0.00010479064853009363
1957,Cat_15,401084,156,59,2,1481,1,59,0.03389830508474576,0.00010478333352042341
501,Cat_22,401071,147,61,2,1376,0,61,0.03278688524590164,0.00010477993726593367
7046,Cat_24,401046,155,63,3,2225,0,63,0.047619047619047616,0.00010477340600729954
1944,Cat_4,401003,165,63,3,6159,0,63,0.047619047619047616,0.00010476217224244884
5491,Cat_18,400993,149,60,4,10277,2,60,0.06666666666666667,0.00010475955973899519
752,Cat_24,400982,167,66,3,7134,0,66,0.045454545454545456,0.00010475668598519618
3551,Cat_3,400932,164,69,4,10014,1,69,0.057971014492753624,0.00010474362346792792
3000,Cat_17,400886,138,62,3,5112,0,62,0.04838709677419355,0.00010473160595204112
7795,Cat_18,400881,163,59,4,13159,3,59,0.06779661016949153,0.0001047302997003143
3069,Cat_4,400872,141,53,1,4901,0,53,0.018867924528301886,0.00010472794844720602
6734,Cat_19,400867,150,66,2,5232,1,66,0.030303030303030304,0.00010472664219547918
6511,Cat_17,400827,156,63,4,13087,2,63,0.06349206349206349,0.00010471619218166458
521,Cat_14,400823,158,64,2,1440,0,64,0.03125,0.00010471514718028311
8487,Cat_19,400807,165,67,5,10659,0,67,0.07462686567164178,0.00010471096717475728
2542,Cat_19,400779,155,60,1,3754,0,60,0.016666666666666666,0.00010470365216508705
1692,Cat_2,400777,177,67,1,2592,1,67,0.014925373134328358,0.00010470312966439632
7744,Cat_19,400775,149,60,2,5457,0,60,0.03333333333333333,0.0001047026071637056
8509,Cat_13,400775,148,56,1,4227,0,56,0.017857142857142856,0.0001047026071637056
1484,Cat_21,400770,164,65,5,6749,1,65,0.07692307692307693,0.00010470130091197876
6788,Cat_6,400765,152,62,3,13028,2,62,0.04838709677419355,0.00010469999466025194
4183,Cat_18,400750,151,59,3,6921,1,59,0.05084745762711865,0.00010469607590507147
6819,Cat_17,400741,160,70,2,3072,1,70,0.02857142857142857,0.00010469372465196317
1761,Cat_5,400693,157,66,2,6716,1,66,0.030303030303030304,0.00010468118463538566
4206,Cat_6,400670,175,71,7,13356,2,71,0.09859154929577464,0.00010467517587744226
72,Cat_5,400658,166,70,3,13428,1,70,0.04285714285714286,0.00010467204087329787
4877,Cat_29,400653,159,67,3,3166,0,67,0.04477611940298507,0.00010467073462157105
3926,Cat_11,400616,162,65,1,1998,0,65,0.015384615384615385,0.00010466106835879254
291,Cat_4,400600,145,59,2,4062,0,59,0.03389830508474576,0.0001046568883532667
9955,Cat_5,400586,154,59,5,15152,1,59,0.0847457627118644,0.00010465323084843159
2455,Cat_13,400585,157,63,3,6032,0,63,0.047619047619047616,0.00010465296959808621
8551,Cat_14,400558,154,68,4,14741,2,68,0.058823529411764705,0.00010464591583876137
8764,Cat_7,400547,167,68,3,6837,1,68,0.04411764705882353,0.00010464304208496234
9370,Cat_30,400511,145,57,4,12255,1,57,0.07017543859649122,0.0001046336370725292
908,Cat_29,400509,151,61,2,5238,1,61,0.03278688524590164,0.00010463311457183847
2220,Cat_20,400505,154,61,4,11693,0,61,0.06557377049180328,0.000104632069570457
4029,Cat_10,400475,142,56,7,23299,2,56,0.125,0.00010462423206009605
9725,Cat_9,400460,164,62,3,9201,2,62,0.04838709677419355,0.00010462031330491558
7017,Cat_28,400393,151,57,4,11651,0,57,0.07017543859649122,0.00010460280953177611
2198,Cat_9,400374,147,61,4,13165,2,61,0.06557377049180328,0.00010459784577521418
346,Cat_5,400371,141,53,1,4724,0,53,0.018867924528301886,0.00010459706202417809
3248,Cat_23,400364,160,65,2,2613,1,65,0.03076923076923077,0.00010459523327176053
789,Cat_26,400329,145,61,4,7256,0,61,0.06557377049180328,0.00010458608950967275
7696,Cat_20,400315,144,58,7,12403,2,58,0.1206896551724138,0.00010458243200483763
2828,Cat_10,400300,149,60,4,6134,1,60,0.06666666666666667,0.00010457851324965716
6268,Cat_26,400289,152,60,7,11614,0,60,0.11666666666666667,0.00010457563949585814
5359,Cat_8,400288,150,56,2,9613,1,56,0.03571428571428571,0.00010457537824551279
8563,Cat_1,400259,144,55,2,3686,1,55,0.03636363636363636,0.0001045678019854972
3974,Cat_13,400249,148,59,3,4433,0,59,0.05084745762711865,0.00010456518948204354
813,Cat_26,400235,147,60,3,7710,1,60,0.05,0.00010456153197720842
5236,Cat_3,400230,145,61,5,8443,0,61,0.08196721311475409,0.0001045602257254816
1893,Cat_28,400203,134,57,4,13807,2,57,0.07017543859649122,0.00010455317196615674
3130,Cat_29,400158,155,63,1,253,0,63,0.015873015873015872,0.00010454141570061532
9367,Cat_11,400143,152,60,2,6021,0,60,0.03333333333333333,0.00010453749694543484
6794,Cat_19,400143,153,63,1,3670,0,63,0.015873015873015872,0.00010453749694543484
4556,Cat_28,400123,152,62,3,7105,1,62,0.04838709677419355,0.00010453227193852753
5445,Cat_1,400107,150,64,0,0,0,64,0.0,0.0001045280919330017
948,Cat_10,400093,174,69,4,11535,1,69,0.057971014492753624,0.00010452443442816658
1898,Cat_4,400089,168,62,2,7261,0,62,0.03225806451612903,0.00010452338942678512
8203,Cat_3,400084,141,56,4,6741,1,56,0.07142857142857142,0.0001045220831750583
4622,Cat_29,400026,145,61,2,3345,0,61,0.03278688524590164,0.00010450693065502711
2403,Cat_9,400024,160,59,2,3285,0,59,0.03389830508474576,0.00010450640815433638
5679,Cat_11,400009,155,59,1,1284,0,59,0.01694915254237288,0.00010450248939915591
1806,Cat_17,399996,165,70,1,4537,1,70,0.014285714285714285,0.00010449909314466616
7212,Cat_4,399961,147,60,3,8872,2,60,0.05,0.00010448994938257838
7266,Cat_14,399960,156,60,2,6116,0,60,0.03333333333333333,0.00010448968813223302
534,Cat_21,399949,163,63,4,10751,1,63,0.06349206349206349,0.00010448681437843401
520,Cat_25,399903,156,64,2,3451,0,64,0.03125,0.00010447479686254721
5245,Cat_14,399867,160,63,4,10426,0,63,0.06349206349206349,0.00010446539185011407
5361,Cat_17,399823,140,59,2,6531,1,59,0.03389830508474576,0.000104453896834918
3764,Cat_9,399816,158,66,2,1493,0,66,0.030303030303030304,0.00010445206808250045
6724,Cat_9,399814,156,63,2,7952,0,63,0.031746031746031744,0.00010445154558180972
3967,Cat_8,399800,151,58,3,8074,1,58,0.05172413793103448,0.0001044478880769746
6851,Cat_15,399792,156,55,2,5329,0,55,0.03636363636363636,0.00010444579807421168
6798,Cat_2,399753,176,68,3,7474,0,68,0.04411764705882353,0.00010443560931074244
7366,Cat_15,399742,147,55,2,9028,2,55,0.03636363636363636,0.00010443273555694343
5216,Cat_13,399725,159,64,3,11397,2,64,0.046875,0.00010442829430107221
9811,Cat_3,399719,168,71,5,14046,2,71,0.07042253521126761,0.00010442672679900003
2052,Cat_19,399706,150,59,2,9893,1,59,0.03389830508474576,0.00010442333054451027
9877,Cat_23,399662,175,68,2,9337,1,68,0.029411764705882353,0.00010441183552931422
9151,Cat_10,399661,167,64,2,8041,2,64,0.03125,0.00010441157427896885
2143,Cat_13,399650,145,57,1,2274,0,57,0.017543859649122806,0.00010440870052516983
6988,Cat_25,399640,166,67,5,13286,1,67,0.07462686567164178,0.00010440608802171618
9188,Cat_9,399635,174,68,1,4943,0,68,0.014705882352941176,0.00010440478176998936
8654,Cat_21,399634,171,65,2,5954,1,65,0.03076923076923077,0.00010440452051964399
2406,Cat_12,399617,148,54,4,7461,1,54,0.07407407407407407,0.00010440007926377278
6402,Cat_6,399609,156,68,1,190,0,68,0.014705882352941176,0.00010439798926100986
8133,Cat_25,399606,147,62,2,3927,0,62,0.03225806451612903,0.00010439720550997377
1163,Cat_2,399604,166,69,4,6516,0,69,0.057971014492753624,0.00010439668300928304
9480,Cat_4,399598,153,64,3,7375,2,64,0.046875,0.00010439511550721084
728,Cat_23,399589,146,57,3,6896,0,57,0.05263157894736842,0.00010439276425410256
2482,Cat_12,399568,156,69,5,16245,3,69,0.07246376811594203,0.0001043872779968499
8375,Cat_24,399564,140,53,2,3910,0,53,0.03773584905660377,0.00010438623299546843
3217,Cat_16,399563,147,57,4,12313,0,57,0.07017543859649122,0.00010438597174512307
6540,Cat_13,399527,160,58,2,3854,0,58,0.034482758620689655,0.00010437656673268993
1012,Cat_17,399515,148,58,1,4885,1,58,0.017241379310344827,0.00010437343172854554
9429,Cat_19,399474,143,56,3,10025,0,56,0.05357142857142857,0.00010436272046438557
7809,Cat_28,399467,160,60,5,11224,1,60,0.08333333333333333,0.00010436089171196802
2290,Cat_5,399453,167,66,8,17162,3,66,0.12121212121212122,0.0001043572342071329
6131,Cat_14,399446,136,54,1,4589,0,54,0.018518518518518517,0.00010435540545471535
5461,Cat_6,399396,160,70,1,3551,0,70,0.014285714285714285,0.00010434234293744709
7186,Cat_28,399347,167,64,1,4134,0,64,0.015625,0.0001043295416705242
6009,Cat_8,399330,174,67,2,3540,0,67,0.029850746268656716,0.000104325100414653
3281,Cat_17,399307,151,60,3,7592,1,60,0.05,0.0001043190916567096
6244,Cat_18,399306,150,58,4,8741,1,58,0.06896551724137931,0.00010431883040636424
1978,Cat_7,399288,155,64,1,394,0,64,0.015625,0.00010431412790014766
9400,Cat_15,399276,163,67,1,1260,0,67,0.014925373134328358,0.00010431099289600327
9360,Cat_27,399266,159,67,3,6808,1,67,0.04477611940298507,0.00010430838039254963
8816,Cat_22,399254,146,63,3,11506,0,63,0.047619047619047616,0.00010430524538840525
5222,Cat_18,399242,166,69,3,2524,1,69,0.043478260869565216,0.00010430211038426086
8544,Cat_29,399232,152,68,4,8694,1,68,0.058823529411764705,0.00010429949788080722
4889,Cat_5,399225,151,64,1,3982,0,64,0.015625,0.00010429766912838965
3419,Cat_8,399211,141,56,1,142,0,56,0.017857142857142856,0.00010429401162355455
9191,Cat_3,399196,138,54,2,2276,0,54,0.037037037037037035,0.00010429009286837408
9086,Cat_18,399195,159,63,3,9193,0,63,0.047619047619047616,0.0001042898316180287
9139,Cat_27,399183,166,65,1,3380,0,65,0.015384615384615385,0.00010428669661388432
2551,Cat_8,399145,144,56,3,2454,0,56,0.05357142857142857,0.00010427676910076044
8047,Cat_15,399139,136,52,2,6533,1,52,0.038461538461538464,0.00010427520159868825
9572,Cat_5,399095,148,61,1,1412,0,61,0.01639344262295082,0.0001042637065834922
2756,Cat_16,399075,145,62,1,4721,1,62,0.016129032258064516,0.00010425848157658489
2292,Cat_25,399043,140,55,3,11564,2,55,0.05454545454545454,0.0001042501215655332
1776,Cat_14,399041,141,60,7,13361,0,60,0.11666666666666667,0.00010424959906484248
8091,Cat_22,399013,143,61,7,15184,3,61,0.11475409836065574,0.00010424228405517226
358,Cat_16,398993,153,61,2,6128,0,61,0.03278688524590164,0.00010423705904826495
3861,Cat_8,398986,159,59,6,17504,0,59,0.1016949152542373,0.0001042352302958474
1395,Cat_20,398918,145,60,2,5343,0,60,0.03333333333333333,0.00010421746527236257
8655,Cat_19,398906,167,70,3,7958,1,70,0.04285714285714286,0.00010421433026821818
9376,Cat_2,398865,153,61,1,2171,0,61,0.01639344262295082,0.00010420361900405822
8908,Cat_9,398852,155,60,8,23780,3,60,0.13333333333333333,0.00010420022274956846
8699,Cat_1,398814,168,67,0,0,0,67,0.0,0.00010419029523644459
3061,Cat_23,398814,153,58,2,3885,0,58,0.034482758620689655,0.00010419029523644459
5552,Cat_30,398813,137,53,2,1417,0,53,0.03773584905660377,0.00010419003398609923
1514,Cat_9,398802,143,57,3,12280,1,57,0.05263157894736842,0.00010418716023230022
9416,Cat_7,398791,161,62,1,4733,0,62,0.016129032258064516,0.00010418428647850119
9541,Cat_7,398783,152,65,5,10911,2,65,0.07692307692307693,0.00010418219647573828
9384,Cat_29,398771,158,62,1,4178,0,62,0.016129032258064516,0.0001041790614715939
1228,Cat_12,398771,163,61,2,8477,1,61,0.03278688524590164,0.0001041790614715939
3155,Cat_10,398755,153,57,1,757,0,57,0.017543859649122806,0.00010417488146606805
5058,Cat_27,398752,151,60,4,18309,2,60,0.06666666666666667,0.00010417409771503196
8939,Cat_9,398748,148,60,2,3710,0,60,0.03333333333333333,0.0001041730527136505
264,Cat_5,398735,151,65,4,10017,2,65,0.06153846153846154,0.00010416965645916075
1740,Cat_12,398717,167,67,4,9390,1,67,0.05970149253731343,0.00010416495395294417
9680,Cat_7,398667,165,65,3,11578,2,65,0.046153846153846156,0.00010415189143567593
7984,Cat_8,398661,165,68,2,6429,1,68,0.029411764705882353,0.00010415032393360373
515,Cat_13,398660,162,63,2,3711,0,63,0.031746031746031744,0.00010415006268325836
7612,Cat_13,398630,164,60,4,11688,1,60,0.06666666666666667,0.00010414222517289741
2550,Cat_19,398628,164,67,5,13563,1,67,0.07462686567164178,0.00010414170267220668
8687,Cat_7,398617,145,55,5,18160,1,55,0.09090909090909091,0.00010413882891840767
8634,Cat_28,398594,155,63,5,14637,3,63,0.07936507936507936,0.00010413282016046427
8193,Cat_2,398591,158,60,3,10376,2,60,0.05,0.00010413203640942818
3787,Cat_30,398579,167,72,3,3626,0,72,0.041666666666666664,0.00010412890140528379
4493,Cat_21,398576,173,64,1,669,0,64,0.015625,0.00010412811765424769
9789,Cat_17,398561,165,65,5,6392,0,65,0.07692307692307693,0.00010412419889906721
7465,Cat_11,398531,142,59,2,6385,0,59,0.03389830508474576,0.00010411636138870626
1945,Cat_11,398492,150,62,4,16636,1,62,0.06451612903225806,0.00010410617262523703
9306,Cat_28,398467,146,57,4,4890,0,57,0.07017543859649122,0.0001040996413666029
7479,Cat_6,398458,140,54,5,9602,1,54,0.09259259259259259,0.0001040972901134946
6915,Cat_24,398429,145,55,6,11351,2,55,0.10909090909090909,0.00010408971385347903
8433,Cat_1,398422,154,67,6,14296,1,67,0.08955223880597014,0.00010408788510106146
2966,Cat_30,398413,145,58,4,15198,1,58,0.06896551724137931,0.00010408553384795318
5589,Cat_1,398407,145,59,1,2152,0,59,0.01694915254237288,0.00010408396634588099
5090,Cat_25,398400,161,73,6,14886,2,73,0.0821917808219178,0.00010408213759346343
6567,Cat_18,398364,143,52,1,4961,0,52,0.019230769230769232,0.00010407273258103029
6553,Cat_1,398353,154,61,4,6619,1,61,0.06557377049180328,0.00010406985882723128
6873,Cat_17,398345,153,58,1,3626,0,58,0.017241379310344827,0.00010406776882446835
6763,Cat_10,398335,135,57,4,11822,1,57,0.07017543859649122,0.0001040651563210147
5819,Cat_23,398321,157,65,4,11312,2,65,0.06153846153846154,0.00010406149881617958
8099,Cat_8,398308,149,64,6,17916,2,64,0.09375,0.00010405810256168984
9978,Cat_3,398305,163,64,2,4996,0,64,0.03125,0.00010405731881065375
9657,Cat_30,398287,147,53,3,8075,0,53,0.05660377358490566,0.00010405261630443717
7039,Cat_1,398280,158,62,5,8786,0,62,0.08064516129032258,0.00010405078755201962
7269,Cat_3,398255,155,61,3,6361,1,61,0.04918032786885246,0.00010404425629338549
3556,Cat_2,398203,161,64,4,7545,1,64,0.0625,0.00010403067127542651
7985,Cat_3,398183,145,55,5,17691,2,55,0.09090909090909091,0.0001040254462685192
5371,Cat_30,398174,158,60,3,15426,3,60,0.05,0.00010402309501541092
697,Cat_10,398157,151,63,6,15293,0,63,0.09523809523809523,0.00010401865375953971
2231,Cat_28,398144,142,61,3,7960,0,61,0.04918032786885246,0.00010401525750504997
3996,Cat_12,398132,170,67,4,10697,2,67,0.05970149253731343,0.00010401212250090558
9919,Cat_5,398120,142,60,4,9880,0,60,0.06666666666666667,0.0001040089874967612
3448,Cat_11,398113,137,59,3,7138,0,59,0.05084745762711865,0.00010400715874434365
95,Cat_21,398100,148,59,3,7820,1,59,0.05084745762711865,0.0001040037624898539
1304,Cat_30,398095,169,68,2,4865,0,68,0.029411764705882353,0.00010400245623812707
7400,Cat_1,398076,177,70,3,5044,2,70,0.04285714285714286,0.00010399749248156513
2703,Cat_28,398070,156,62,2,7382,2,62,0.03225806451612903,0.00010399592497949294
9010,Cat_8,398063,177,66,4,3818,0,66,0.06060606060606061,0.00010399409622707539
9713,Cat_15,398050,168,66,2,5017,1,66,0.030303030303030304,0.00010399069997258564
4946,Cat_25,398025,149,61,3,7908,1,61,0.04918032786885246,0.00010398416871395151
7882,Cat_15,398021,146,58,3,11615,2,58,0.05172413793103448,0.00010398312371257005
9703,Cat_27,398019,149,62,1,3771,1,62,0.016129032258064516,0.00010398260121187932
8648,Cat_17,398005,146,61,7,19896,2,61,0.11475409836065574,0.00010397894370704422
7698,Cat_5,398001,156,64,4,12611,3,64,0.0625,0.00010397789870566276
8426,Cat_23,397982,153,63,4,13009,1,63,0.06349206349206349,0.00010397293494910082
4742,Cat_1,397980,146,58,1,2446,0,58,0.017241379310344827,0.00010397241244841009
1177,Cat_14,397963,161,64,1,2947,0,64,0.015625,0.00010396797119253888
6298,Cat_14,397958,157,67,3,7590,1,67,0.04477611940298507,0.00010396666494081205
8045,Cat_9,397947,164,62,3,9928,2,62,0.04838709677419355,0.00010396379118701303
9293,Cat_16,397915,162,65,3,5906,1,65,0.046153846153846156,0.00010395543117596135
3422,Cat_22,397915,147,60,1,4269,1,60,0.016666666666666666,0.00010395543117596135
9055,Cat_4,397889,146,59,6,10664,1,59,0.1016949152542373,0.00010394863866698186
8813,Cat_12,397867,158,65,1,3339,0,65,0.015384615384615385,0.00010394289115938382
336,Cat_15,397829,151,61,3,8345,2,61,0.04918032786885246,0.00010393296364625995
8569,Cat_4,397817,153,61,5,11790,0,60,0.08196721311475409,0.00010392982864211556
7116,Cat_6,397797,150,58,4,9208,1,58,0.06896551724137931,0.00010392460363520827
7410,Cat_11,397761,150,61,5,12887,0,61,0.08196721311475409,0.00010391519862277513
6896,Cat_8,397756,157,59,5,13222,1,59,0.0847457627118644,0.00010391389237104829
6818,Cat_28,397741,141,61,3,4253,0,61,0.04918032786885246,0.00010390997361586782
7380,Cat_9,397731,162,62,2,9193,0,62,0.03225806451612903,0.00010390736111241417
5192,Cat_18,397728,150,59,5,12551,1,59,0.0847457627118644,0.00010390657736137807
9975,Cat_19,397724,155,57,4,14681,1,57,0.07017543859649122,0.00010390553235999661
5212,Cat_19,397716,158,56,4,8883,1,56,0.07142857142857142,0.0001039034423572337
8280,Cat_7,397712,168,62,4,5891,0,62,0.06451612903225806,0.00010390239735585224
3350,Cat_24,397702,159,66,1,843,0,66,0.015151515151515152,0.00010389978485239858
2847,Cat_4,397693,164,67,1,2589,0,67,0.014925373134328358,0.0001038974335992903
705,Cat_3,397682,143,55,3,7017,0,55,0.05454545454545454,0.00010389455984549127
7855,Cat_16,397674,147,57,1,2048,0,57,0.017543859649122806,0.00010389246984272836
8796,Cat_14,397669,168,66,2,5155,0,66,0.030303030303030304,0.00010389116359100153
4116,Cat_20,397654,167,65,0,0,0,65,0.0,0.00010388724483582105
1854,Cat_3,397633,150,59,2,7340,0,59,0.03389830508474576,0.00010388175857856839
4803,Cat_22,397623,151,60,8,22725,2,60,0.13333333333333333,0.00010387914607511473
7981,Cat_4,397608,161,66,3,6076,0,66,0.045454545454545456,0.00010387522731993426
9959,Cat_22,397598,156,59,6,17778,2,59,0.1016949152542373,0.00010387261481648062
1637,Cat_22,397590,167,69,5,14930,3,69,0.07246376811594203,0.00010387052481371769
991,Cat_19,397584,151,56,4,11068,1,56,0.07142857142857142,0.0001038689573116455
9405,Cat_18,397581,157,65,3,5785,0,65,0.046153846153846156,0.0001038681735606094
8328,Cat_2,397579,144,53,0,0,0,53,0.0,0.00010386765105991868
2411,Cat_11,397548,149,62,4,6553,1,62,0.06451612903225806,0.00010385955229921236
7250,Cat_14,397516,173,72,4,8153,0,72,0.05555555555555555,0.00010385119228816067
7409,Cat_9,397506,162,64,3,6885,0,64,0.046875,0.00010384857978470702
7010,Cat_8,397502,156,66,4,15847,0,66,0.06060606060606061,0.00010384753478332556
4133,Cat_14,397491,164,75,1,4797,0,75,0.013333333333333334,0.00010384466102952654
3311,Cat_18,397476,151,64,3,8939,1,64,0.046875,0.00010384074227434607
8338,Cat_21,397473,149,53,3,6313,0,53,0.05660377358490566,0.00010383995852330997
3662,Cat_27,397457,170,66,2,6433,0,66,0.030303030303030304,0.00010383577851778413
9017,Cat_2,397438,163,64,3,10168,1,64,0.046875,0.0001038308147612222
7816,Cat_18,397434,170,66,5,11575,2,66,0.07575757575757576,0.00010382976975984073
6885,Cat_12,397388,143,52,2,6254,1,52,0.038461538461538464,0.00010381775224395393
6750,Cat_19,397344,160,60,5,9770,0,60,0.08333333333333333,0.00010380625722875787
5903,Cat_12,397339,157,65,3,6764,0,65,0.046153846153846156,0.00010380495097703105
6983,Cat_13,397323,163,60,3,7166,1,60,0.05,0.0001038007709715052
4522,Cat_20,397304,146,59,4,7100,0,59,0.06779661016949153,0.00010379580721494326
1042,Cat_25,397274,169,65,2,8024,1,65,0.03076923076923077,0.00010378796970458231
8131,Cat_14,397255,164,69,1,2276,0,69,0.014492753623188406,0.00010378300594802038
1814,Cat_16,397215,149,57,2,4412,0,57,0.03508771929824561,0.00010377255593420577
6011,Cat_22,397147,150,57,3,12460,1,57,0.05263157894736842,0.00010375479091072095
3278,Cat_26,397132,142,59,3,10915,0,59,0.05084745762711865,0.00010375087215554047
9881,Cat_17,397117,157,63,2,9738,1,63,0.031746031746031744,0.00010374695340035998
8369,Cat_11,397108,142,57,4,10559,3,57,0.07017543859649122,0.0001037446021472517
4806,Cat_4,397106,153,58,3,11303,0,58,0.05172413793103448,0.00010374407964656097
51,Cat_20,397101,134,57,3,13199,1,57,0.05263157894736842,0.00010374277339483415
539,Cat_4,397025,160,62,4,6176,0,62,0.06451612903225806,0.0001037229183685864
2181,Cat_16,397016,146,68,3,5985,0,68,0.04411764705882353,0.0001037205671154781
9718,Cat_23,396988,157,64,4,8627,0,64,0.0625,0.00010371325210580788
5441,Cat_12,396985,150,59,3,7811,1,59,0.05084745762711865,0.0001037124683547718
5421,Cat_27,396974,161,64,4,8852,1,64,0.0625,0.00010370959460097278
9666,Cat_7,396947,169,69,1,2233,0,69,0.014492753623188406,0.00010370254084164792
7036,Cat_12,396947,166,72,4,9400,1,72,0.05555555555555555,0.00010370254084164792
1035,Cat_25,396933,163,62,2,8501,1,62,0.03225806451612903,0.0001036988833368128
6535,Cat_24,396918,148,55,2,3097,0,55,0.03636363636363636,0.00010369496458163233
71,Cat_8,396914,166,65,1,683,0,65,0.015384615384615385,0.00010369391958025087
8776,Cat_21,396866,149,59,1,2026,0,59,0.01694915254237288,0.00010368137956367334
751,Cat_23,396840,148,59,2,6860,1,59,0.03389830508474576,0.00010367458705469385
9598,Cat_16,396809,159,66,1,2509,0,66,0.015151515151515152,0.00010366648829398753
3919,Cat_18,396804,178,66,5,17861,1,66,0.07575757575757576,0.0001036651820422607
4167,Cat_20,396802,144,57,1,6180,1,57,0.017543859649122806,0.00010366465954156997
7161,Cat_11,396802,169,67,3,4945,1,67,0.04477611940298507,0.00010366465954156997
3994,Cat_4,396731,171,67,6,19042,3,67,0.08955223880597014,0.00010364611076704905
6098,Cat_9,396730,151,60,4,11714,1,60,0.06666666666666667,0.00010364584951670369
5017,Cat_9,396724,157,65,4,16519,2,65,0.06153846153846154,0.0001036442820146315
6694,Cat_30,396709,146,60,1,3260,0,60,0.016666666666666666,0.00010364036325945102
2795,Cat_1,396697,176,71,5,15763,2,71,0.07042253521126761,0.00010363722825530663
1642,Cat_19,396668,160,66,1,3387,1,66,0.015151515151515152,0.00010362965199529104
4324,Cat_4,396597,147,57,3,14951,3,57,0.05263157894736842,0.00010361110322077013
4274,Cat_14,396594,164,65,4,12381,1,65,0.06153846153846154,0.00010361031946973403
1528,Cat_2,396589,140,57,6,21245,1,57,0.10526315789473684,0.0001036090132180072
2421,Cat_19,396587,162,69,3,5747,1,69,0.043478260869565216,0.00010360849071731647
8310,Cat_21,396570,149,60,1,4911,1,60,0.016666666666666666,0.00010360404946144527
9235,Cat_1,396570,156,59,4,10996,0,59,0.06779661016949153,0.00010360404946144527
5011,Cat_4,396532,148,58,1,3249,0,58,0.017241379310344827,0.0001035941219483214
8594,Cat_9,396512,136,50,1,1304,1,50,0.02,0.00010358889694141408
5550,Cat_27,396465,144,63,2,3862,0,63,0.031746031746031744,0.00010357661817518193
3881,Cat_17,396462,147,56,1,1705,0,56,0.017857142857142856,0.00010357583442414584
5787,Cat_1,396461,158,65,6,12745,2,65,0.09230769230769231,0.00010357557317380047
2441,Cat_29,396447,151,59,3,8284,1,59,0.05084745762711865,0.00010357191566896536
8720,Cat_17,396421,164,63,5,8843,0,63,0.07936507936507936,0.00010356512315998586
6601,Cat_9,396416,168,66,0,0,0,66,0.0,0.00010356381690825904
6939,Cat_15,396407,153,65,4,11814,1,65,0.06153846153846154,0.00010356146565515076
1837,Cat_14,396406,147,58,2,6288,1,58,0.034482758620689655,0.00010356120440480539
5352,Cat_23,396388,154,64,3,6515,0,64,0.046875,0.00010355650189858882
8779,Cat_8,396366,161,61,4,15196,1,61,0.06557377049180328,0.00010355075439099078
26,Cat_18,396360,159,62,1,1464,1,62,0.016129032258064516,0.00010354918688891859
7299,Cat_8,396358,145,52,1,761,0,52,0.019230769230769232,0.00010354866438822786
9821,Cat_9,396358,154,61,2,7115,2,61,0.03278688524590164,0.00010354866438822786
1181,Cat_28,396351,162,75,4,13171,2,75,0.05333333333333334,0.0001035468356358103
9934,Cat_19,396335,161,65,2,4904,1,65,0.03076923076923077,0.00010354265563028446
4566,Cat_1,396329,146,59,4,6185,1,59,0.06779661016949153,0.00010354108812821228
2476,Cat_23,396329,170,68,2,5410,0,68,0.029411764705882353,0.00010354108812821228
8465,Cat_10,396323,144,57,3,7551,1,57,0.05263157894736842,0.00010353952062614009
4204,Cat_13,396320,156,59,2,2808,0,59,0.03389830508474576,0.00010353873687510398
3767,Cat_6,396317,139,60,4,7800,1,60,0.06666666666666667,0.00010353795312406789
8208,Cat_17,396311,142,57,2,2747,0,57,0.03508771929824561,0.0001035363856219957
8462,Cat_14,396305,154,62,5,12503,2,62,0.08064516129032258,0.00010353481811992351
5865,Cat_17,396287,138,59,3,3097,0,59,0.05084745762711865,0.00010353011561370694
2007,Cat_23,396282,148,65,2,6826,0,64,0.03076923076923077,0.00010352880936198011
8934,Cat_27,396246,136,59,1,1618,0,59,0.01694915254237288,0.00010351940434954696
1869,Cat_23,396190,159,60,3,12434,3,60,0.05,0.00010350477433020653
4125,Cat_19,396189,176,71,3,7526,1,71,0.04225352112676056,0.00010350451307986115
8605,Cat_17,396188,151,58,6,17150,0,58,0.10344827586206896,0.0001035042518295158
9635,Cat_19,396172,155,59,3,5843,1,59,0.05084745762711865,0.00010350007182398995
8970,Cat_19,396164,137,56,2,2643,0,56,0.03571428571428571,0.00010349798182122702
5298,Cat_26,396138,143,59,5,11900,0,59,0.0847457627118644,0.00010349118931224753
3855,Cat_12,396122,155,64,1,3804,0,64,0.015625,0.00010348700930672169
4497,Cat_29,396115,162,66,3,8125,0,66,0.045454545454545456,0.00010348518055430414
4504,Cat_14,396113,158,61,4,7040,0,61,0.06557377049180328,0.0001034846580536134
9421,Cat_19,396082,154,60,2,6696,0,60,0.03333333333333333,0.00010347655929290708
1057,Cat_25,396065,132,51,1,1843,0,51,0.0196078431372549,0.00010347211803703588
6675,Cat_13,396031,173,68,1,772,0,68,0.014705882352941176,0.00010346323552529346
4038,Cat_25,396017,156,65,0,0,0,65,0.0,0.00010345957802045836
2141,Cat_26,396014,141,60,4,13274,2,60,0.06666666666666667,0.00010345879426942226
1639,Cat_25,396012,162,61,0,0,0,61,0.0,0.00010345827176873153
970,Cat_8,396005,161,60,3,8503,0,60,0.05,0.00010345644301631398
6194,Cat_30,396001,170,70,5,12875,0,70,0.07142857142857142,0.00010345539801493251
5859,Cat_27,396000,162,55,1,1541,0,55,0.01818181818181818,0.00010345513676458715
4529,Cat_19,395997,157,57,1,897,0,57,0.017543859649122806,0.00010345435301355105
5992,Cat_26,395995,136,46,5,7643,1,46,0.10869565217391304,0.00010345383051286032
9337,Cat_26,395993,157,66,4,9384,3,66,0.06060606060606061,0.00010345330801216959
8192,Cat_26,395957,151,62,3,5029,0,62,0.04838709677419355,0.00010344390299973645
9984,Cat_20,395953,159,68,6,18068,3,68,0.08823529411764706,0.00010344285799835498
4955,Cat_19,395939,164,64,3,5242,2,64,0.046875,0.00010343920049351988
8750,Cat_15,395905,157,59,4,10242,1,59,0.06779661016949153,0.00010343031798177747
9113,Cat_29,395885,145,57,3,7441,1,57,0.05263157894736842,0.00010342509297487016
9368,Cat_2,395870,156,59,4,11824,2,59,0.06779661016949153,0.00010342117421968968
7403,Cat_3,395806,161,68,3,9148,1,68,0.04411764705882353,0.00010340445419758632
3039,Cat_28,395759,169,71,2,5258,0,71,0.028169014084507043,0.00010339217543135415
4269,Cat_24,395752,149,57,2,9135,2,57,0.03508771929824561,0.0001033903466789366
4567,Cat_16,395737,140,58,7,15277,0,58,0.1206896551724138,0.00010338642792375612
9087,Cat_25,395716,156,65,2,1975,0,65,0.03076923076923077,0.00010338094166650346
4303,Cat_29,395704,150,59,2,7237,1,59,0.03389830508474576,0.00010337780666235907
8054,Cat_18,395677,148,60,3,7151,2,60,0.05,0.00010337075290303421
2980,Cat_11,395660,164,64,4,9715,1,64,0.0625,0.000103366311647163
6504,Cat_3,395657,163,66,2,6092,1,66,0.030303030303030304,0.00010336552789612691
642,Cat_13,395653,160,69,3,4116,0,69,0.043478260869565216,0.00010336448289474545
3149,Cat_14,395624,154,66,3,8357,0,66,0.045454545454545456,0.00010335690663472986
7773,Cat_14,395609,148,59,5,10693,3,59,0.0847457627118644,0.00010335298787954939
2923,Cat_28,395574,154,68,5,11052,2,68,0.07352941176470588,0.0001033438441174616
7959,Cat_15,395566,138,56,4,9317,0,56,0.07142857142857142,0.00010334175411469869
9775,Cat_19,395545,155,63,4,5983,0,63,0.06349206349206349,0.00010333626785744602
1206,Cat_24,395532,155,57,4,12629,1,57,0.07017543859649122,0.00010333287160295628
8286,Cat_28,395517,159,63,4,15608,2,63,0.06349206349206349,0.00010332895284777579
3913,Cat_7,395461,163,63,2,6168,0,62,0.031746031746031744,0.00010331432282843535
8242,Cat_28,395445,156,63,3,8750,1,63,0.047619047619047616,0.0001033101428229095
1966,Cat_8,395444,152,58,1,3445,0,58,0.017241379310344827,0.00010330988157256414
2954,Cat_5,395440,162,64,2,6058,1,64,0.03125,0.00010330883657118268
8059,Cat_15,395422,154,64,4,13958,1,64,0.0625,0.0001033041340649661
7625,Cat_23,395398,163,68,4,5931,1,68,0.058823529411764705,0.00010329786405667735
4053,Cat_21,395387,132,55,5,9230,0,55,0.09090909090909091,0.00010329499030287833
2781,Cat_3,395310,143,53,3,12105,1,53,0.05660377358490566,0.00010327487402628521
3594,Cat_16,395280,159,63,5,15574,2,63,0.07936507936507936,0.00010326703651592426
9157,Cat_18,395271,148,61,1,217,0,61,0.01639344262295082,0.00010326468526281598
2309,Cat_18,395261,170,62,2,1063,0,62,0.03225806451612903,0.00010326207275936233
2124,Cat_23,395222,141,57,2,8231,0,57,0.03508771929824561,0.00010325188399589309
5747,Cat_28,395220,147,62,2,8031,1,62,0.03225806451612903,0.00010325136149520236
6410,Cat_18,395189,151,54,1,4330,0,54,0.018518518518518517,0.00010324326273449604
9457,Cat_24,395184,154,64,3,5944,1,64,0.046875,0.00010324195648276922
7868,Cat_28,395182,141,57,4,6311,1,57,0.07017543859649122,0.00010324143398207849
3138,Cat_13,395175,155,59,5,8415,1,59,0.0847457627118644,0.00010323960522966092
889,Cat_27,395167,150,58,1,421,0,58,0.017241379310344827,0.000103237515226898
742,Cat_21,395156,145,54,0,0,0,54,0.0,0.00010323464147309899
670,Cat_29,395153,150,58,2,1910,1,58,0.034482758620689655,0.0001032338577220629
6617,Cat_17,395101,156,54,2,211,0,54,0.037037037037037035,0.0001032202727041039
5087,Cat_13,395074,146,57,4,10035,0,57,0.07017543859649122,0.00010321321894477904
8817,Cat_22,395046,135,53,0,0,0,53,0.0,0.00010320590393510882
8460,Cat_5,395019,160,63,2,6467,2,63,0.031746031746031744,0.00010319885017578396
9037,Cat_22,395011,147,61,1,2188,0,61,0.01639344262295082,0.00010319676017302104
1735,Cat_24,395000,153,58,2,6606,0,58,0.034482758620689655,0.00010319388641922203
3105,Cat_16,394992,185,68,4,11607,1,68,0.058823529411764705,0.0001031917964164591
1439,Cat_21,394978,144,61,2,3970,0,61,0.03278688524590164,0.000103188138911624
1819,Cat_13,394963,161,68,1,3871,0,68,0.014705882352941176,0.00010318422015644352
777,Cat_19,394939,162,63,3,6467,2,63,0.047619047619047616,0.00010317795014815475
5119,Cat_9,394933,156,68,9,28406,3,68,0.1323529411764706,0.00010317638264608256
8289,Cat_9,394905,160,69,4,12282,1,69,0.057971014492753624,0.00010316906763641234
7902,Cat_8,394899,146,62,4,14331,1,62,0.06451612903225806,0.00010316750013434015
4572,Cat_13,394890,150,57,2,6032,1,57,0.03508771929824561,0.00010316514888123187
2637,Cat_19,394888,155,61,4,7209,1,61,0.06557377049180328,0.00010316462638054113
6678,Cat_16,394882,151,60,4,9762,1,60,0.06666666666666667,0.00010316305887846894
1422,Cat_4,394847,159,60,1,817,0,60,0.016666666666666666,0.00010315391511638117
4526,Cat_24,394814,147,52,3,6174,1,52,0.057692307692307696,0.00010314529385498412
8602,Cat_13,394791,147,58,3,4025,0,58,0.05172413793103448,0.00010313928509704072
7888,Cat_28,394764,162,64,4,13303,2,64,0.0625,0.00010313223133771586
4995,Cat_26,394740,139,52,5,18740,2,52,0.09615384615384616,0.0001031259613294271
9914,Cat_5,394715,176,70,6,11170,1,70,0.08571428571428572,0.00010311943007079297
6263,Cat_13,394685,152,59,3,7943,1,59,0.05084745762711865,0.00010311159256043202
80,Cat_13,394683,160,65,6,13137,3,65,0.09230769230769231,0.00010311107005974129
4072,Cat_22,394664,139,59,2,4719,0,59,0.03389830508474576,0.00010310610630317935
9972,Cat_5,394659,147,55,3,10285,1,55,0.05454545454545454,0.00010310480005145252
6264,Cat_17,394651,139,57,3,5855,0,57,0.05263157894736842,0.00010310271004868961
2927,Cat_30,394618,166,65,4,8953,1,65,0.06153846153846154,0.00010309408878729255
8365,Cat_19,394590,135,55,6,17477,3,55,0.10909090909090909,0.00010308677377762233
1601,Cat_5,394580,146,58,2,2955,0,58,0.034482758620689655,0.00010308416127416868
1271,Cat_27,394554,141,55,2,6833,0,55,0.03636363636363636,0.00010307736876518919
7239,Cat_13,394552,147,58,2,2804,1,58,0.034482758620689655,0.00010307684626449846
646,Cat_27,394548,144,59,3,8135,0,59,0.05084745762711865,0.000103075801263117
2027,Cat_27,394546,155,61,1,4077,0,61,0.01639344262295082,0.00010307527876242627
5241,Cat_3,394545,163,64,4,8444,1,63,0.0625,0.0001030750175120809
1906,Cat_15,394544,156,59,4,11299,1,59,0.06779661016949153,0.00010307475626173554
9609,Cat_22,394530,150,59,2,4747,0,59,0.03389830508474576,0.00010307109875690042
6136,Cat_12,394521,143,56,1,3400,1,56,0.017857142857142856,0.00010306874750379214
7830,Cat_26,394505,159,65,1,4741,0,65,0.015384615384615385,0.00010306456749826629
4445,Cat_30,394493,145,62,1,2848,0,62,0.016129032258064516,0.00010306143249412192
7408,Cat_11,394475,157,64,3,9674,0,64,0.046875,0.00010305672998790534
3505,Cat_8,394460,156,64,2,8264,0,64,0.03125,0.00010305281123272486
7851,Cat_7,394446,146,55,1,871,0,55,0.01818181818181818,0.00010304915372788975
7149,Cat_11,394393,170,75,3,5180,1,75,0.04,0.0001030353074595854
3007,Cat_7,394357,149,60,4,6228,0,60,0.06666666666666667,0.00010302590244715225
1137,Cat_13,394356,153,59,5,16446,1,59,0.0847457627118644,0.0001030256411968069
9773,Cat_6,394348,153,58,4,7406,0,58,0.06896551724137931,0.00010302355119404397
2937,Cat_17,394336,155,58,3,6574,1,57,0.05172413793103448,0.00010302041618989959
5608,Cat_25,394323,159,66,7,23063,2,66,0.10606060606060606,0.00010301701993540984
3145,Cat_18,394309,154,59,2,5198,1,59,0.03389830508474576,0.00010301336243057473
8985,Cat_1,394264,152,68,1,5332,0,68,0.014705882352941176,0.0001030016061650333
6522,Cat_12,394255,163,67,3,5582,0,67,0.04477611940298507,0.00010299925491192502
4718,Cat_27,394228,163,68,4,8464,1,68,0.058823529411764705,0.00010299220115260016
895,Cat_3,394211,143,54,4,12048,0,54,0.07407407407407407,0.00010298775989672895
9909,Cat_19,394200,156,60,2,6776,1,60,0.03333333333333333,0.00010298488614292994
7599,Cat_5,394197,161,68,2,4945,1,68,0.029411764705882353,0.00010298410239189383
9737,Cat_29,394197,154,64,3,10296,0,64,0.046875,0.00010298410239189383
7729,Cat_23,394183,134,59,2,7652,1,59,0.03389830508474576,0.00010298044488705873
5719,Cat_2,394180,143,56,4,5524,0,56,0.07142857142857142,0.00010297966113602263
5919,Cat_20,394166,170,65,1,4413,0,65,0.015384615384615385,0.00010297600363118753
2914,Cat_4,394147,163,71,3,6635,1,71,0.04225352112676056,0.00010297103987462559
4779,Cat_20,394137,153,66,5,3443,0,66,0.07575757575757576,0.00010296842737117193
9607,Cat_13,394134,166,65,2,2189,0,65,0.03076923076923077,0.00010296764362013583
5553,Cat_8,394093,160,67,3,3751,2,67,0.04477611940298507,0.00010295693235597587
4853,Cat_24,394054,168,68,2,6021,1,68,0.029411764705882353,0.00010294674359250663
1990,Cat_20,393967,150,61,3,6242,2,61,0.04918032786885246,0.00010292401481245986
4916,Cat_22,393916,132,54,0,0,0,54,0.0,0.00010291069104484624
2710,Cat_8,393904,151,60,4,8843,1,60,0.06666666666666667,0.00010290755604070185
5602,Cat_14,393843,166,66,3,7347,1,66,0.045454545454545456,0.00010289161976963458
2607,Cat_30,393786,157,60,6,21316,2,60,0.1,0.00010287672849994877
7662,Cat_7,393780,145,58,2,6411,1,58,0.034482758620689655,0.00010287516099787659
4895,Cat_30,393751,124,48,3,11034,0,48,0.0625,0.000102867584737861
6974,Cat_6,393745,157,61,1,7497,1,61,0.01639344262295082,0.0001028660172357888
4058,Cat_3,393737,157,62,1,3067,1,62,0.016129032258064516,0.00010286392723302588
9251,Cat_29,393736,143,61,1,3543,1,61,0.01639344262295082,0.00010286366598268052
2745,Cat_18,393699,151,59,1,4023,0,59,0.01694915254237288,0.00010285399971990201
101,Cat_16,393690,168,66,2,1466,0,66,0.030303030303030304,0.00010285164846679373
6638,Cat_14,393689,159,61,3,8689,2,61,0.04918032786885246,0.00010285138721644835
2450,Cat_21,393668,139,59,5,7471,0,59,0.0847457627118644,0.00010284590095919569
6703,Cat_29,393665,133,53,1,4477,0,53,0.018867924528301886,0.0001028451172081596
9321,Cat_7,393635,136,53,2,6753,1,53,0.03773584905660377,0.00010283727969779865
2174,Cat_7,393597,133,52,5,8060,0,52,0.09615384615384616,0.00010282735218467477
8092,Cat_17,393595,167,63,0,0,0,63,0.0,0.00010282682968398404
3844,Cat_29,393539,167,69,6,11308,3,69,0.08695652173913043,0.00010281219966464359
9236,Cat_1,393535,150,55,1,3349,0,55,0.01818181818181818,0.00010281115466326213
265,Cat_13,393531,163,61,3,8225,0,61,0.04918032786885246,0.00010281010966188066
9487,Cat_5,393505,140,58,1,667,0,58,0.017241379310344827,0.00010280331715290118
8012,Cat_12,393425,156,64,2,3681,0,64,0.03125,0.00010278241712527197
5045,Cat_11,393420,152,58,4,9609,0,58,0.06896551724137931,0.00010278111087354514
1157,Cat_2,393411,154,59,0,0,0,59,0.0,0.00010277875962043686
6707,Cat_30,393393,162,61,2,3877,0,61,0.03278688524590164,0.00010277405711422028
6349,Cat_12,393390,150,60,3,9686,3,60,0.05,0.0001027732733631842
8786,Cat_12,393384,158,62,2,11579,2,62,0.03225806451612903,0.000102771705861112
3491,Cat_15,393359,162,62,4,8959,2,62,0.06451612903225806,0.00010276517460247787
6401,Cat_29,393354,162,59,1,551,0,59,0.01694915254237288,0.00010276386835075104
2390,Cat_15,393346,146,61,3,5807,0,61,0.04918032786885246,0.00010276177834798813
2093,Cat_29,393323,146,60,5,12679,1,60,0.08333333333333333,0.00010275576959004473
4237,Cat_20,393311,158,65,3,4892,0,65,0.046153846153846156,0.00010275263458590034
4386,Cat_10,393293,150,60,2,6826,1,60,0.03333333333333333,0.00010274793207968378
3466,Cat_25,393284,150,61,5,11134,0,61,0.08196721311475409,0.00010274558082657548
9693,Cat_26,393253,155,71,1,4839,1,71,0.014084507042253521,0.00010273748206586917
513,Cat_14,393251,155,61,1,4064,1,61,0.01639344262295082,0.00010273695956517844
3642,Cat_1,393234,171,68,4,10515,3,68,0.058823529411764705,0.00010273251830930724
1890,Cat_14,393213,141,50,3,9491,1,50,0.06,0.00010272703205205457
9794,Cat_8,393206,155,66,1,2665,1,66,0.015151515151515152,0.000102725203299637
6246,Cat_23,393193,136,49,3,4713,1,49,0.061224489795918366,0.00010272180704514726
2383,Cat_17,393182,149,58,2,7809,2,58,0.034482758620689655,0.00010271893329134824
8708,Cat_21,393121,171,70,2,6692,0,70,0.02857142857142857,0.00010270299702028097
5963,Cat_24,393108,163,61,2,4758,0,61,0.03278688524590164,0.00010269960076579123
1676,Cat_29,393105,178,71,6,22272,3,71,0.08450704225352113,0.00010269881701475512
4254,Cat_6,393101,152,59,2,7097,1,59,0.03389830508474576,0.00010269777201337366
2968,Cat_19,393091,150,58,2,5304,1,58,0.034482758620689655,0.00010269515950992002
1311,Cat_13,393088,177,74,2,8720,1,74,0.02702702702702703,0.00010269437575888392
1703,Cat_23,393076,150,66,4,15661,2,66,0.06060606060606061,0.00010269124075473955
7106,Cat_19,393057,147,58,4,5195,0,58,0.06896551724137931,0.00010268627699817761
4863,Cat_24,393053,158,58,1,964,1,58,0.017241379310344827,0.00010268523199679615
1894,Cat_14,393049,159,65,2,8193,0,64,0.03076923076923077,0.00010268418699541469
9143,Cat_27,393027,149,59,1,2332,0,59,0.01694915254237288,0.00010267843948781664
8238,Cat_22,392975,148,61,4,6279,1,61,0.06557377049180328,0.00010266485446985767
8481,Cat_4,392965,126,50,6,16053,0,50,0.12,0.00010266224196640401
6714,Cat_28,392944,142,59,3,8322,0,59,0.05084745762711865,0.00010265675570915134
5931,Cat_23,392942,152,66,1,2632,0,66,0.015151515151515152,0.00010265623320846061
4776,Cat_9,392939,140,58,3,8538,1,58,0.05172413793103448,0.00010265544945742452
204,Cat_29,392927,143,64,5,15744,2,64,0.078125,0.00010265231445328014
6886,Cat_15,392907,160,64,2,2606,1,64,0.03125,0.00010264708944637283
3255,Cat_16,392902,150,64,4,9128,1,64,0.0625,0.00010264578319464601
1128,Cat_28,392863,151,57,7,13597,1,57,0.12280701754385964,0.00010263559443117678
5504,Cat_25,392841,152,61,1,4718,0,61,0.01639344262295082,0.00010262984692357874
9525,Cat_23,392806,156,62,4,7407,0,62,0.06451612903225806,0.00010262070316149096
2686,Cat_27,392799,153,59,3,5484,2,59,0.05084745762711865,0.0001026188744090734
2437,Cat_21,392799,156,62,2,4802,0,62,0.03225806451612903,0.0001026188744090734
4885,Cat_4,392796,146,58,5,14622,0,58,0.08620689655172414,0.00010261809065803731
2345,Cat_17,392781,164,65,3,6272,1,65,0.046153846153846156,0.00010261417190285683
621,Cat_30,392765,155,61,2,6300,2,61,0.03278688524590164,0.00010260999189733099
8905,Cat_29,392754,163,66,3,7884,1,66,0.045454545454545456,0.00010260711814353197
4339,Cat_15,392736,171,67,2,5516,1,67,0.029850746268656716,0.0001026024156373154
5650,Cat_19,392729,165,62,1,4562,0,62,0.016129032258064516,0.00010260058688489784
7715,Cat_9,392721,141,55,3,8962,1,55,0.05454545454545454,0.00010259849688213492
2336,Cat_23,392711,150,56,1,3704,0,56,0.017857142857142856,0.00010259588437868127
726,Cat_27,392696,157,61,5,9076,0,61,0.08196721311475409,0.00010259196562350079
6775,Cat_1,392677,155,68,8,23263,3,68,0.11764705882352941,0.00010258700186693885
6740,Cat_5,392677,151,56,2,7909,1,56,0.03571428571428571,0.00010258700186693885
3020,Cat_11,392646,143,59,1,3928,0,59,0.01694915254237288,0.00010257890310623254
7788,Cat_19,392644,157,65,6,17468,2,65,0.09230769230769231,0.00010257838060554181
6102,Cat_6,392641,135,53,3,7095,0,53,0.05660377358490566,0.00010257759685450571
8769,Cat_14,392607,165,64,5,15926,1,64,0.078125,0.0001025687143427633
5150,Cat_22,392602,161,64,1,1240,0,64,0.015625,0.00010256740809103648
2250,Cat_11,392595,135,53,1,2523,0,53,0.018867924528301886,0.00010256557933861891
717,Cat_13,392584,151,58,4,10752,0,58,0.06896551724137931,0.0001025627055848199
249,Cat_30,392584,129,48,5,17105,2,48,0.10416666666666667,0.0001025627055848199
4835,Cat_10,392570,148,61,3,9706,1,61,0.04918032786885246,0.0001025590480799848
707,Cat_5,392569,159,62,2,3725,1,62,0.03225806451612903,0.00010255878682963942
8739,Cat_8,392555,148,58,2,7245,0,58,0.034482758620689655,0.00010255512932480431
5882,Cat_4,392540,170,68,4,14455,2,68,0.058823529411764705,0.00010255121056962383
6815,Cat_13,392464,154,63,5,17159,1,63,0.07936507936507936,0.00010253135554337608
4603,Cat_17,392457,181,68,1,2557,1,68,0.014705882352941176,0.00010252952679095853
1659,Cat_16,392450,156,59,4,7914,0,59,0.06779661016949153,0.00010252769803854098
2524,Cat_17,392447,145,58,4,6173,2,58,0.06896551724137931,0.00010252691428750488
8073,Cat_21,392433,147,59,7,16082,1,59,0.11864406779661017,0.00010252325678266977
1132,Cat_23,392416,155,58,0,0,0,58,0.0,0.00010251881552679857
7777,Cat_16,392415,143,57,2,6690,1,57,0.03508771929824561,0.0001025185542764532
2698,Cat_26,392405,147,59,4,10369,1,59,0.06779661016949153,0.00010251594177299954
6881,Cat_6,392400,138,54,5,16009,2,54,0.09259259259259259,0.00010251463552127272
1172,Cat_8,392368,152,60,4,9482,1,60,0.06666666666666667,0.00010250627551022104
3841,Cat_24,392354,152,61,3,5273,0,61,0.04918032786885246,0.00010250261800538592
7152,Cat_11,392351,156,62,6,12102,1,62,0.0967741935483871,0.00010250183425434983
8580,Cat_28,392347,156,75,3,5299,0,75,0.04,0.00010250078925296837
3544,Cat_5,392338,151,64,1,2445,1,64,0.015625,0.00010249843799986009
1844,Cat_24,392289,153,64,2,9051,2,64,0.03125,0.00010248563673293719
2043,Cat_2,392288,143,58,2,2787,1,58,0.034482758620689655,0.00010248537548259183
3713,Cat_23,392265,154,65,1,4008,1,65,0.015384615384615385,0.00010247936672464843
9099,Cat_12,392261,164,67,1,2752,0,67,0.014925373134328358,0.00010247832172326697
7427,Cat_6,392247,139,61,4,12551,2,61,0.06557377049180328,0.00010247466421843185
212,Cat_24,392242,152,61,4,10426,0,61,0.06557377049180328,0.00010247335796670503
6220,Cat_13,392240,140,54,3,2756,1,54,0.05555555555555555,0.0001024728354660143
455,Cat_3,392228,153,64,7,21215,1,64,0.109375,0.00010246970046186991
568,Cat_20,392223,147,58,1,2554,0,58,0.017241379310344827,0.0001024683942101431
4211,Cat_12,392220,161,65,8,22066,5,65,0.12307692307692308,0.000102467610459107
904,Cat_30,392208,159,63,7,19918,2,63,0.1111111111111111,0.00010246447545496262
373,Cat_5,392202,154,64,4,11563,2,64,0.0625,0.00010246290795289043
7329,Cat_2,392193,165,65,5,13042,1,65,0.07692307692307693,0.00010246055669978214
4998,Cat_13,392179,167,70,0,0,0,70,0.0,0.00010245689919494703
8042,Cat_2,392131,135,54,1,4578,1,54,0.018518518518518517,0.0001024443591783695
1575,Cat_20,392124,160,63,2,7775,2,63,0.031746031746031744,0.00010244253042595195
2019,Cat_11,392091,146,59,4,5901,0,59,0.06779661016949153,0.00010243390916455489
1032,Cat_10,392064,150,56,2,7721,1,56,0.03571428571428571,0.00010242685540523005
8656,Cat_18,392056,169,73,5,12931,0,73,0.0684931506849315,0.00010242476540246712
3168,Cat_8,392051,161,73,5,11937,2,73,0.0684931506849315,0.00010242345915074029
2636,Cat_3,392049,164,66,1,764,0,66,0.015151515151515152,0.00010242293665004956
6293,Cat_10,392045,180,66,5,17410,3,66,0.07575757575757576,0.00010242189164866811
1079,Cat_7,392028,156,64,5,15654,2,64,0.078125,0.0001024174503927969
4023,Cat_3,392003,144,53,3,6751,0,53,0.05660377358490566,0.00010241091913416277
2420,Cat_4,391995,152,60,3,7963,2,60,0.05,0.00010240882913139985
1912,Cat_20,391986,125,54,4,11880,3,54,0.07407407407407407,0.00010240647787829157
7866,Cat_18,391967,166,62,2,5494,1,62,0.03225806451612903,0.00010240151412172963
9159,Cat_10,391966,150,59,4,14126,1,59,0.06779661016949153,0.00010240125287138426
5795,Cat_6,391952,148,60,3,7495,1,60,0.05,0.00010239759536654914
3227,Cat_19,391950,137,56,2,4216,1,56,0.03571428571428571,0.00010239707286585842
6110,Cat_12,391937,160,66,2,4762,0,66,0.030303030303030304,0.00010239367661136867
2298,Cat_26,391927,153,57,3,1971,1,57,0.05263157894736842,0.00010239106410791502
1301,Cat_10,391919,160,61,4,7882,1,61,0.06557377049180328,0.0001023889741051521
5464,Cat_29,391888,125,52,1,4515,0,52,0.019230769230769232,0.00010238087534444578
861,Cat_7,391880,171,64,6,16943,4,64,0.09375,0.00010237878534168285
9468,Cat_7,391880,151,63,3,8777,1,63,0.047619047619047616,0.00010237878534168285
3993,Cat_1,391868,162,62,5,14674,1,62,0.08064516129032258,0.00010237565033753848
8696,Cat_5,391857,141,53,0,0,0,53,0.0,0.00010237277658373946
2135,Cat_4,391855,155,61,2,7784,1,61,0.03278688524590164,0.00010237225408304872
9938,Cat_25,391851,155,62,1,315,0,62,0.016129032258064516,0.00010237120908166728
9190,Cat_29,391848,150,60,3,5422,0,60,0.05,0.00010237042533063117
7448,Cat_2,391847,168,61,2,4946,1,61,0.03278688524590164,0.00010237016408028581
2521,Cat_12,391832,147,55,3,5015,1,55,0.05454545454545454,0.00010236624532510534
2038,Cat_8,391820,167,70,6,12735,3,70,0.08571428571428572,0.00010236311032096095
425,Cat_16,391800,146,55,6,19697,1,55,0.10909090909090909,0.00010235788531405364
6973,Cat_17,391786,149,61,0,0,0,61,0.0,0.00010235422780921854
1347,Cat_29,391774,153,57,5,9243,1,57,0.08771929824561403,0.00010235109280507416
9872,Cat_30,391770,169,62,1,2543,0,62,0.016129032258064516,0.0001023500478036927
1532,Cat_25,391746,153,56,5,16119,2,56,0.08928571428571429,0.00010234377779540394
8695,Cat_14,391743,146,58,0,0,0,58,0.0,0.00010234299404436783
9888,Cat_23,391740,144,57,4,9865,1,57,0.07017543859649122,0.00010234221029333174
6692,Cat_22,391733,161,64,2,5816,1,64,0.03125,0.00010234038154091419
2429,Cat_27,391733,142,60,3,7504,0,60,0.05,0.00010234038154091419
8748,Cat_21,391705,147,53,2,8127,1,53,0.03773584905660377,0.00010233306653124396
1182,Cat_16,391700,171,73,1,2472,0,73,0.0136986301369863,0.00010233176027951714
6823,Cat_23,391671,144,55,4,8538,2,55,0.07272727272727272,0.00010232418401950155
7470,Cat_20,391657,151,68,1,1217,0,68,0.014705882352941176,0.00010232052651466644
6233,Cat_13,391644,138,61,1,207,0,61,0.01639344262295082,0.00010231713026017669
1346,Cat_11,391640,145,62,5,8970,0,62,0.08064516129032258,0.00010231608525879522
778,Cat_30,391625,167,69,5,16222,1,69,0.07246376811594203,0.00010231216650361475
3354,Cat_7,391590,147,61,3,7093,0,61,0.04918032786885246,0.00010230302274152698
2644,Cat_10,391560,145,64,4,8031,2,64,0.0625,0.00010229518523116603
2965,Cat_6,391552,142,53,1,4459,1,53,0.018867924528301886,0.0001022930952284031
6785,Cat_26,391549,142,54,1,3174,0,54,0.018518518518518517,0.000102292311477367
951,Cat_4,391536,137,60,0,0,0,60,0.0,0.00010228891522287726
2632,Cat_1,391518,149,59,5,15761,1,59,0.0847457627118644,0.00010228421271666069
6701,Cat_5,391515,155,65,2,6985,1,65,0.03076923076923077,0.00010228342896562459
4849,Cat_8,391512,170,69,4,14205,3,69,0.057971014492753624,0.0001022826452145885
1067,Cat_23,391508,166,65,2,6085,0,65,0.03076923076923077,0.00010228160021320704
2614,Cat_25,391476,170,63,1,2059,0,63,0.015873015873015872,0.00010227324020215535
9453,Cat_9,391461,170,65,3,5193,2,65,0.046153846153846156,0.00010226932144697488
5688,Cat_5,391453,155,59,4,13183,0,59,0.06779661016949153,0.00010226723144421196
8419,Cat_22,391407,160,61,4,6280,0,61,0.06557377049180328,0.00010225521392832516
6835,Cat_3,391405,150,60,2,6438,2,60,0.03333333333333333,0.00010225469142763443
5379,Cat_9,391392,172,66,5,15026,2,66,0.07575757575757576,0.00010225129517314468
1967,Cat_4,391387,156,61,5,14794,1,61,0.08196721311475409,0.00010224998892141785
2503,Cat_14,391383,176,74,8,24649,3,74,0.10810810810810811,0.0001022489439200364
9644,Cat_9,391373,153,56,0,0,0,56,0.0,0.00010224633141658275
5868,Cat_15,391360,148,49,3,4624,0,49,0.061224489795918366,0.000102242935162093
9540,Cat_5,391324,150,60,4,5433,0,60,0.06666666666666667,0.00010223353014965986
9443,Cat_28,391311,156,60,4,9040,1,60,0.06666666666666667,0.0001022301338951701
1932,Cat_15,391305,161,61,2,5668,2,61,0.03278688524590164,0.00010222856639309792
2794,Cat_4,391267,146,59,4,12602,1,59,0.06779661016949153,0.00010221863887997405
5668,Cat_29,391262,147,58,3,9373,1,58,0.05172413793103448,0.00010221733262824721
8004,Cat_28,391243,137,53,3,11405,0,53,0.05660377358490566,0.00010221236887168528
8406,Cat_17,391231,153,59,1,2659,0,59,0.01694915254237288,0.00010220923386754089
2831,Cat_2,391214,149,62,2,8057,1,62,0.03225806451612903,0.00010220479261166968
4004,Cat_13,391201,151,57,2,3773,0,57,0.03508771929824561,0.00010220139635717994
7098,Cat_25,391168,152,64,2,8328,1,64,0.03125,0.0001021927750957829
5694,Cat_20,391120,153,65,3,8607,0,65,0.046153846153846156,0.00010218023507920537
8403,Cat_18,391114,143,60,3,9241,1,60,0.05,0.00010217866757713318
7588,Cat_12,391113,133,52,1,4711,0,52,0.019230769230769232,0.0001021784063267878
6395,Cat_17,391109,143,60,1,986,0,60,0.016666666666666666,0.00010217736132540636
2704,Cat_9,391065,143,58,2,7020,1,58,0.034482758620689655,0.00010216586631021029
5238,Cat_30,391050,157,63,5,13036,2,63,0.07936507936507936,0.00010216194755502981
7609,Cat_1,391046,164,62,3,8957,1,62,0.04838709677419355,0.00010216090255364835
8429,Cat_27,391018,153,58,4,12321,1,58,0.06896551724137931,0.00010215358754397812
6469,Cat_15,391015,146,61,2,1993,0,61,0.03278688524590164,0.00010215280379294203
7509,Cat_21,391005,148,61,3,8995,1,61,0.04918032786885246,0.00010215019128948838
6489,Cat_12,390996,158,65,3,8383,1,65,0.046153846153846156,0.00010214784003638009
9640,Cat_28,390967,141,59,3,3579,0,59,0.05084745762711865,0.0001021402637763645
1649,Cat_20,390924,145,55,4,8321,4,55,0.07272727272727272,0.0001021290300115138
6570,Cat_14,390902,156,64,5,9393,0,64,0.078125,0.00010212328250391577
5510,Cat_8,390896,148,62,2,3080,0,62,0.03225806451612903,0.00010212171500184359
7664,Cat_19,390866,144,60,5,13402,1,60,0.08333333333333333,0.00010211387749148262
8556,Cat_18,390859,150,60,1,1031,0,60,0.016666666666666666,0.00010211204873906507
5413,Cat_18,390789,156,65,3,8148,1,65,0.046153846153846156,0.00010209376121488952
1928,Cat_30,390775,142,62,0,0,0,62,0.0,0.0001020901037100544
3096,Cat_2,390739,163,65,2,5060,1,65,0.03076923076923077,0.00010208069869762126
2227,Cat_25,390720,151,56,4,11130,0,56,0.07142857142857142,0.00010207573494105932
4888,Cat_24,390701,169,61,1,3523,0,61,0.01639344262295082,0.00010207077118449738
1741,Cat_13,390695,146,63,4,10244,1,63,0.06349206349206349,0.00010206920368242519
1322,Cat_19,390693,170,66,2,5081,0,66,0.030303030303030304,0.00010206868118173446
780,Cat_7,390685,159,68,5,19329,2,68,0.07352941176470588,0.00010206659117897153
6905,Cat_30,390684,159,63,1,4914,1,63,0.015873015873015872,0.00010206632992862618
3978,Cat_5,390683,142,55,2,6313,1,55,0.03636363636363636,0.00010206606867828082
146,Cat_28,390677,154,62,2,2419,1,62,0.03225806451612903,0.00010206450117620862
1975,Cat_6,390633,158,60,2,7250,1,59,0.03333333333333333,0.00010205300616101256
2392,Cat_18,390616,145,61,0,0,0,61,0.0,0.00010204856490514135
3799,Cat_17,390603,155,61,4,12384,2,61,0.06557377049180328,0.00010204516865065161
9529,Cat_12,390592,158,61,3,4940,0,61,0.04918032786885246,0.00010204229489685258
8971,Cat_24,390573,144,65,2,8319,1,65,0.03076923076923077,0.00010203733114029064
5750,Cat_18,390503,160,63,5,10701,1,63,0.07936507936507936,0.00010201904361611509
1165,Cat_6,390497,139,52,3,7662,1,52,0.057692307692307696,0.0001020174761140429
9070,Cat_30,390496,148,61,2,7058,1,61,0.03278688524590164,0.00010201721486369754
9268,Cat_8,390489,152,66,2,2446,1,66,0.030303030303030304,0.00010201538611127998
6650,Cat_14,390467,153,57,1,1037,0,57,0.017543859649122806,0.00010200963860368194
8666,Cat_21,390463,173,64,8,18269,4,64,0.125,0.00010200859360230048
2451,Cat_12,390407,164,65,4,12753,0,65,0.06153846153846154,0.00010199396358296004
1594,Cat_23,390405,128,46,0,0,0,46,0.0,0.00010199344108226931
4229,Cat_8,390364,175,70,2,6883,2,70,0.02857142857142857,0.00010198272981810933
9995,Cat_9,390363,146,53,2,5890,1,53,0.03773584905660377,0.00010198246856776398
5173,Cat_20,390349,143,57,5,13901,1,57,0.08771929824561403,0.00010197881106292886
6657,Cat_7,390345,149,57,4,7077,0,57,0.07017543859649122,0.0001019777660615474
2477,Cat_7,390330,169,66,1,865,0,66,0.015151515151515152,0.00010197384730636692
9312,Cat_8,390310,165,66,1,513,0,66,0.015151515151515152,0.00010196862229945963
4954,Cat_5,390309,161,61,3,12430,1,61,0.04918032786885246,0.00010196836104911425
6266,Cat_19,390306,165,65,4,8830,3,65,0.06153846153846154,0.00010196757729807816
1194,Cat_10,390303,153,56,3,10999,0,56,0.05357142857142857,0.00010196679354704206
6874,Cat_1,390293,168,67,1,3507,0,67,0.014925373134328358,0.00010196418104358842
7706,Cat_21,390284,162,67,2,5973,1,67,0.029850746268656716,0.00010196182979048012
8763,Cat_9,390261,162,63,1,2072,1,63,0.015873015873015872,0.00010195582103253673
4066,Cat_15,390222,144,55,2,4834,0,55,0.03636363636363636,0.00010194563226906749
6947,Cat_12,390214,163,61,3,7750,1,61,0.04918032786885246,0.00010194354226630457
6787,Cat_23,390197,138,58,4,9104,1,58,0.06896551724137931,0.00010193910101043336
446,Cat_13,390182,145,60,4,13313,1,60,0.06666666666666667,0.00010193518225525289
2896,Cat_25,390168,154,64,0,0,0,64,0.0,0.00010193152475041777
3536,Cat_24,390159,135,55,3,8580,0,55,0.05454545454545454,0.00010192917349730949
9278,Cat_26,390125,138,54,0,0,0,54,0.0,0.00010192029098556708
7845,Cat_13,390116,169,68,3,7381,1,68,0.04411764705882353,0.0001019179397324588
2957,Cat_29,390060,156,57,4,8276,1,57,0.07017543859649122,0.00010190330971311834
376,Cat_7,390040,156,64,1,2411,0,64,0.015625,0.00010189808470621105
8677,Cat_12,390035,159,61,1,487,0,61,0.01639344262295082,0.00010189677845448421
5796,Cat_28,390035,159,64,2,4617,0,64,0.03125,0.00010189677845448421
2159,Cat_15,390030,156,60,1,3827,0,60,0.016666666666666666,0.00010189547220275739
6824,Cat_22,390029,148,63,2,6415,0,63,0.031746031746031744,0.00010189521095241202
7356,Cat_1,390025,172,64,7,16866,2,64,0.109375,0.00010189416595103056
8928,Cat_21,390009,147,56,2,2452,1,56,0.03571428571428571,0.00010188998594550472
9728,Cat_5,390009,148,65,4,12259,1,65,0.06153846153846154,0.00010188998594550472
3366,Cat_25,389990,140,53,3,5859,1,53,0.05660377358490566,0.00010188502218894279
6508,Cat_8,389988,143,61,4,5605,0,61,0.06557377049180328,0.00010188449968825205
4180,Cat_12,389978,149,63,3,5352,0,63,0.047619047619047616,0.0001018818871847984
1318,Cat_16,389971,161,72,3,8805,0,72,0.041666666666666664,0.00010188005843238085
7194,Cat_19,389962,147,61,1,729,1,61,0.01639344262295082,0.00010187770717927257
6498,Cat_22,389941,154,61,4,11080,0,61,0.06557377049180328,0.0001018722209220199
3426,Cat_27,389937,180,72,3,7747,1,72,0.041666666666666664,0.00010187117592063844
8502,Cat_28,389927,132,58,2,8049,0,58,0.034482758620689655,0.00010186856341718478
7594,Cat_2,389877,140,56,2,4420,1,56,0.03571428571428571,0.00010185550089991652
2107,Cat_23,389877,141,59,3,9860,0,59,0.05084745762711865,0.00010185550089991652
7211,Cat_27,389875,149,54,3,4014,0,54,0.05555555555555555,0.00010185497839922579
2224,Cat_29,389773,163,63,4,11964,1,63,0.06349206349206349,0.00010182833086399855
4986,Cat_3,389759,142,57,1,7094,0,57,0.017543859649122806,0.00010182467335916344
3215,Cat_30,389735,152,62,6,15137,1,62,0.0967741935483871,0.00010181840335087468
9436,Cat_4,389732,153,58,2,2138,0,58,0.034482758620689655,0.00010181761959983858
6155,Cat_13,389670,147,55,5,10550,1,55,0.09090909090909091,0.00010180142207842594
838,Cat_12,389670,128,53,3,6941,1,53,0.05660377358490566,0.00010180142207842594
7649,Cat_4,389669,141,58,2,3404,1,58,0.034482758620689655,0.00010180116082808059
8860,Cat_26,389667,140,57,5,10613,1,57,0.08771929824561403,0.00010180063832738986
3307,Cat_9,389642,148,54,3,8165,0,54,0.05555555555555555,0.00010179410706875573
8330,Cat_1,389626,148,58,1,4287,1,58,0.017241379310344827,0.00010178992706322988
4861,Cat_9,389589,173,62,2,5206,1,62,0.03225806451612903,0.00010178026080045138
4905,Cat_22,389583,133,51,1,1366,0,51,0.0196078431372549,0.00010177869329837918
5391,Cat_12,389572,147,61,4,12222,1,61,0.06557377049180328,0.00010177581954458017
8132,Cat_11,389567,138,54,3,12846,1,54,0.05555555555555555,0.00010177451329285334
2045,Cat_10,389558,176,71,3,11345,1,71,0.04225352112676056,0.00010177216203974505
2512,Cat_8,389553,158,66,3,5545,0,66,0.045454545454545456,0.00010177085578801823
1848,Cat_21,389552,146,60,7,22279,4,60,0.11666666666666667,0.00010177059453767286
659,Cat_14,389548,157,59,5,13975,0,59,0.0847457627118644,0.0001017695495362914
901,Cat_8,389548,150,62,3,7913,1,62,0.04838709677419355,0.0001017695495362914
5965,Cat_2,389541,161,59,2,6663,1,59,0.03389830508474576,0.00010176772078387385
2270,Cat_30,389534,166,65,3,7711,0,65,0.046153846153846156,0.0001017658920314563
8334,Cat_19,389530,139,52,2,4770,2,52,0.038461538461538464,0.00010176484703007483
4826,Cat_29,389519,144,54,3,6346,1,54,0.05555555555555555,0.0001017619732762758
503,Cat_24,389490,142,55,2,2949,0,55,0.03636363636363636,0.00010175439701626023
7256,Cat_8,389482,159,63,4,12677,1,63,0.06349206349206349,0.0001017523070134973
1226,Cat_1,389464,152,57,2,2302,0,57,0.03508771929824561,0.00010174760450728073
9816,Cat_18,389460,140,59,5,13289,2,59,0.0847457627118644,0.00010174655950589926
4716,Cat_22,389453,150,57,0,0,0,57,0.0,0.00010174473075348171
8080,Cat_20,389440,166,58,2,4754,0,58,0.034482758620689655,0.00010174133449899197
9042,Cat_23,389432,175,72,6,13322,1,72,0.08333333333333333,0.00010173924449622904
3800,Cat_7,389429,151,60,4,12582,0,60,0.06666666666666667,0.00010173846074519296
2816,Cat_25,389412,145,56,2,4627,1,56,0.03571428571428571,0.00010173401948932175
7028,Cat_15,389401,162,64,2,4578,1,64,0.03125,0.00010173114573552272
4510,Cat_2,389395,156,61,3,6092,2,61,0.04918032786885246,0.00010172957823345054
4693,Cat_9,389389,149,57,3,7998,0,57,0.05263157894736842,0.00010172801073137835
1029,Cat_5,389372,144,59,3,5698,1,59,0.05084745762711865,0.00010172356947550714
88,Cat_22,389354,166,65,0,0,0,65,0.0,0.00010171886696929057
3123,Cat_5,389349,150,50,8,22246,2,50,0.16,0.00010171756071756375
2676,Cat_25,389336,167,61,3,11229,0,61,0.04918032786885246,0.000101714164463074
7326,Cat_26,389336,146,62,0,0,0,62,0.0,0.000101714164463074
5991,Cat_1,389267,138,51,3,6876,0,51,0.058823529411764705,0.0001016961381892438
3603,Cat_25,389261,160,55,1,2002,1,55,0.01818181818181818,0.00010169457068717161
3559,Cat_20,389212,150,66,2,4017,0,66,0.030303030303030304,0.00010168176942024872
9310,Cat_11,389211,149,59,3,9656,1,59,0.05084745762711865,0.00010168150816990335
5961,Cat_26,389190,144,58,3,8545,0,58,0.05172413793103448,0.00010167602191265068
5055,Cat_14,389183,162,66,6,19303,3,66,0.09090909090909091,0.00010167419316023313
3382,Cat_17,389152,151,60,1,1449,0,60,0.016666666666666666,0.00010166609439952681
2721,Cat_7,389152,156,64,1,1717,1,64,0.015625,0.00010166609439952681
8897,Cat_27,389130,154,61,3,7447,0,61,0.04918032786885246,0.00010166034689192878
7133,Cat_24,389127,144,56,1,950,0,56,0.017857142857142856,0.00010165956314089268
1381,Cat_21,389116,140,56,3,8775,2,56,0.05357142857142857,0.00010165668938709367
9857,Cat_11,389049,152,61,1,1053,0,61,0.01639344262295082,0.0001016391856139542
524,Cat_14,388999,150,57,2,8095,2,57,0.03508771929824561,0.00010162612309668595
7660,Cat_23,388975,148,61,4,9174,1,61,0.06557377049180328,0.00010161985308839718
3960,Cat_15,388967,154,61,1,1440,0,61,0.01639344262295082,0.00010161776308563427
3468,Cat_9,388964,138,52,2,3658,0,52,0.038461538461538464,0.00010161697933459817
9041,Cat_22,388952,145,61,3,14854,1,61,0.04918032786885246,0.00010161384433045378
9679,Cat_23,388945,146,55,0,0,0,55,0.0,0.00010161201557803623
3113,Cat_13,388936,160,67,0,0,0,67,0.0,0.00010160966432492795
834,Cat_6,388933,153,62,0,0,0,62,0.0,0.00010160888057389185
5415,Cat_2,388928,149,64,4,10827,0,64,0.0625,0.00010160757432216503
374,Cat_21,388908,156,60,1,3298,0,60,0.016666666666666666,0.00010160234931525773
9768,Cat_5,388900,151,58,2,7542,0,58,0.034482758620689655,0.0001016002593124948
8802,Cat_13,388888,157,67,4,9280,1,67,0.05970149253731343,0.00010159712430835042
6722,Cat_30,388886,156,66,5,17251,1,65,0.07575757575757576,0.00010159660180765969
9412,Cat_25,388841,156,60,5,12024,2,60,0.08333333333333333,0.00010158484554211826
2283,Cat_10,388822,149,60,1,4814,1,60,0.016666666666666666,0.00010157988178555633
2119,Cat_28,388813,146,57,3,8344,1,57,0.05263157894736842,0.00010157753053244804
5976,Cat_28,388810,135,54,1,1305,0,54,0.018518518518518517,0.00010157674678141194
2879,Cat_30,388779,159,67,4,4232,1,67,0.05970149253731343,0.00010156864802070562
4344,Cat_20,388758,155,62,5,11505,0,62,0.08064516129032258,0.00010156316176345295
7742,Cat_29,388738,180,75,1,3690,0,75,0.013333333333333334,0.00010155793675654565
4736,Cat_23,388731,141,62,8,20624,4,62,0.12903225806451613,0.0001015561080041281
9818,Cat_14,388724,151,60,2,5822,0,60,0.03333333333333333,0.00010155427925171054
6289,Cat_23,388721,150,64,1,3939,0,64,0.015625,0.00010155349550067445
9032,Cat_30,388707,160,69,0,0,0,69,0.0,0.00010154983799583933
8937,Cat_10,388701,160,61,2,4189,0,61,0.03278688524590164,0.00010154827049376714
2008,Cat_27,388695,143,60,4,11789,1,60,0.06666666666666667,0.00010154670299169496
3200,Cat_1,388664,162,68,6,21025,2,68,0.08823529411764706,0.00010153860423098864
4222,Cat_26,388664,130,58,2,1828,2,58,0.034482758620689655,0.00010153860423098864
8805,Cat_28,388641,142,55,2,4668,0,55,0.03636363636363636,0.00010153259547304524
9939,Cat_16,388635,144,56,1,1453,0,56,0.017857142857142856,0.00010153102797097305
3731,Cat_18,388609,150,62,4,14318,2,62,0.06451612903225806,0.00010152423546199356
7553,Cat_9,388576,148,61,5,6606,1,61,0.08196721311475409,0.0001015156142005965
5320,Cat_8,388571,155,71,3,3807,1,71,0.04225352112676056,0.00010151430794886968
8880,Cat_15,388557,153,59,1,114,0,59,0.01694915254237288,0.00010151065044403457
4666,Cat_1,388554,137,57,4,6517,2,57,0.07017543859649122,0.00010150986669299848
5625,Cat_27,388554,168,67,3,10580,2,67,0.04477611940298507,0.00010150986669299848
9755,Cat_30,388551,165,66,3,10098,0,66,0.045454545454545456,0.00010150908294196237
5863,Cat_29,388535,185,69,0,0,0,69,0.0,0.00010150490293643654
8560,Cat_25,388518,151,54,4,8380,1,54,0.07407407407407407,0.00010150046168056533
6354,Cat_16,388503,164,67,4,11210,2,67,0.05970149253731343,0.00010149654292538484
5655,Cat_22,388491,146,58,3,4742,0,58,0.05172413793103448,0.00010149340792124047
7819,Cat_13,388464,166,65,3,10385,1,65,0.046153846153846156,0.00010148635416191561
3583,Cat_22,388450,141,55,1,2046,0,55,0.01818181818181818,0.0001014826966570805
3309,Cat_28,388444,178,69,3,8457,1,69,0.043478260869565216,0.0001014811291550083
3984,Cat_5,388425,137,57,2,2464,0,57,0.03508771929824561,0.00010147616539844637
972,Cat_21,388396,149,58,1,3500,0,58,0.017241379310344827,0.00010146858913843079
7009,Cat_28,388389,147,59,1,1933,1,59,0.01694915254237288,0.00010146676038601322
8649,Cat_28,388385,140,53,2,7314,1,53,0.03773584905660377,0.00010146571538463177
1436,Cat_6,388322,163,64,3,5775,0,64,0.046875,0.00010144925661287377
1976,Cat_18,388315,143,62,1,795,0,62,0.016129032258064516,0.0001014474278604562
2758,Cat_6,388313,166,63,2,5911,0,63,0.031746031746031744,0.00010144690535976547
4350,Cat_10,388308,131,57,1,3821,1,57,0.017543859649122806,0.00010144559910803865
8729,Cat_7,388295,157,63,0,0,0,63,0.0,0.00010144220285354891
7417,Cat_26,388281,130,57,6,11791,1,57,0.10526315789473684,0.00010143854534871379
7654,Cat_9,388266,160,64,4,6818,0,64,0.0625,0.00010143462659353332
9632,Cat_3,388235,154,63,4,10176,1,63,0.06349206349206349,0.000101426527832827
2568,Cat_15,388229,139,58,1,4204,0,58,0.017241379310344827,0.00010142496033075482
6423,Cat_13,388188,141,54,4,8400,0,54,0.07407407407407407,0.00010141424906659484
527,Cat_16,388178,149,58,5,14248,1,58,0.08620689655172414,0.00010141163656314118
5520,Cat_14,388147,148,61,2,4453,0,61,0.03278688524590164,0.00010140353780243487
452,Cat_13,388141,146,58,3,8587,2,58,0.05172413793103448,0.00010140197030036268
1513,Cat_9,388137,150,59,7,11936,1,59,0.11864406779661017,0.00010140092529898122
4296,Cat_12,388125,160,67,2,4190,0,67,0.029850746268656716,0.00010139779029483683
7394,Cat_1,388118,157,59,4,7941,0,59,0.06779661016949153,0.00010139596154241928
7718,Cat_7,388093,143,54,5,15947,0,54,0.09259259259259259,0.00010138943028378515
3321,Cat_3,388081,166,62,5,12769,2,62,0.08064516129032258,0.00010138629527964077
9641,Cat_17,388060,146,56,5,5472,2,56,0.08928571428571429,0.0001013808090223881
3611,Cat_20,388035,154,67,4,11191,1,67,0.05970149253731343,0.00010137427776375397
1392,Cat_28,388031,166,66,3,8960,2,66,0.045454545454545456,0.00010137323276237252
3833,Cat_27,388027,159,59,2,5554,2,59,0.03389830508474576,0.00010137218776099106
4109,Cat_15,387988,148,56,1,1100,0,56,0.017857142857142856,0.00010136199899752181
8518,Cat_21,387984,143,57,2,6640,0,57,0.03508771929824561,0.00010136095399614035
7043,Cat_2,387951,146,58,0,0,0,58,0.0,0.00010135233273474331
8733,Cat_3,387949,163,62,1,1725,0,62,0.016129032258064516,0.00010135181023405258
7005,Cat_15,387935,167,66,2,7724,0,66,0.030303030303030304,0.00010134815272921746
9344,Cat_29,387926,169,59,3,3630,1,59,0.05084745762711865,0.00010134580147610918
8744,Cat_17,387913,149,64,3,5071,0,64,0.046875,0.00010134240522161944
5582,Cat_3,387908,155,70,1,1529,0,70,0.014285714285714285,0.0001013410989698926
1008,Cat_3,387904,145,62,5,14676,0,62,0.08064516129032258,0.00010134005396851114
6676,Cat_1,387892,164,63,3,5172,1,63,0.047619047619047616,0.00010133691896436677
75,Cat_8,387888,152,58,6,20234,0,58,0.10344827586206896,0.0001013358739629853
4271,Cat_18,387848,155,61,5,13028,3,61,0.08196721311475409,0.0001013254239491707
6882,Cat_12,387822,159,65,4,5402,0,65,0.06153846153846154,0.0001013186314401912
6411,Cat_6,387811,150,61,1,4037,0,61,0.01639344262295082,0.00010131575768639219
7019,Cat_4,387752,174,71,8,20228,2,71,0.11267605633802817,0.00010130034391601564
8499,Cat_9,387745,161,60,3,4644,1,60,0.05,0.00010129851516359809
7145,Cat_16,387737,136,58,3,5786,1,58,0.05172413793103448,0.00010129642516083517
7693,Cat_11,387732,143,55,2,4718,0,55,0.03636363636363636,0.00010129511890910835
796,Cat_19,387728,155,62,2,9470,2,62,0.03225806451612903,0.00010129407390772689
7121,Cat_23,387715,171,65,3,8184,0,65,0.046153846153846156,0.00010129067765323714
3575,Cat_29,387706,155,59,7,22415,1,59,0.11864406779661017,0.00010128832640012885
743,Cat_25,387695,141,51,1,927,0,51,0.0196078431372549,0.00010128545264632983
7853,Cat_29,387662,140,60,5,8251,1,60,0.08333333333333333,0.00010127683138493279
950,Cat_14,387629,160,62,3,9194,0,62,0.04838709677419355,0.00010126821012353574
3414,Cat_26,387602,135,51,1,2088,0,51,0.0196078431372549,0.00010126115636421088
3199,Cat_9,387601,157,61,3,8848,0,61,0.04918032786885246,0.00010126089511386552
193,Cat_10,387595,150,60,3,3882,0,60,0.05,0.00010125932761179333
2519,Cat_7,387589,141,53,2,8610,0,53,0.03773584905660377,0.00010125776010972113
6801,Cat_10,387589,141,50,3,5056,1,50,0.06,0.00010125776010972113
3553,Cat_12,387550,141,61,4,9714,0,61,0.06557377049180328,0.00010124757134625189
7563,Cat_12,387543,137,57,3,4582,1,57,0.05263157894736842,0.00010124574259383434
4149,Cat_10,387532,141,51,3,10633,0,51,0.058823529411764705,0.00010124286884003532
9095,Cat_9,387513,156,63,1,2927,1,63,0.015873015873015872,0.00010123790508347338
7604,Cat_10,387512,153,60,4,8338,1,60,0.06666666666666667,0.00010123764383312801
1066,Cat_16,387493,153,64,1,2511,0,64,0.015625,0.00010123268007656608
8637,Cat_4,387491,147,53,2,2885,0,53,0.03773584905660377,0.00010123215757587534
1940,Cat_29,387464,159,63,3,7390,1,63,0.047619047619047616,0.0001012251038165505
1292,Cat_6,387446,136,56,4,17506,3,56,0.07142857142857142,0.00010122040131033392
3041,Cat_3,387436,161,59,4,13124,1,59,0.06779661016949153,0.00010121778880688026
8316,Cat_20,387399,144,58,4,12297,1,58,0.06896551724137931,0.00010120812254410176
1363,Cat_29,387394,152,57,1,2515,0,57,0.017543859649122806,0.00010120681629237493
82,Cat_20,387382,150,63,0,0,0,63,0.0,0.00010120368128823056
4421,Cat_4,387335,164,59,3,11093,1,59,0.05084745762711865,0.00010119140252199839
4740,Cat_26,387328,145,61,4,11882,2,61,0.06557377049180328,0.00010118957376958083
1046,Cat_22,387306,145,56,2,3054,0,56,0.03571428571428571,0.00010118382626198281
2037,Cat_5,387303,148,54,2,3958,1,54,0.037037037037037035,0.0001011830425109467
6210,Cat_28,387303,162,61,2,6071,0,61,0.03278688524590164,0.0001011830425109467
1991,Cat_22,387300,150,60,3,2220,0,60,0.05,0.00010118225875991061
4655,Cat_14,387265,140,53,5,13671,0,53,0.09433962264150944,0.00010117311499782283
9288,Cat_11,387217,148,65,6,17678,2,65,0.09230769230769231,0.0001011605749812453
9709,Cat_29,387154,140,59,1,4687,1,59,0.01694915254237288,0.00010114411620948731
3371,Cat_16,387148,144,55,4,9982,3,55,0.07272727272727272,0.00010114254870741512
5343,Cat_16,387106,158,63,6,14296,2,63,0.09523809523809523,0.00010113157619290978
4327,Cat_25,387092,160,62,6,11037,0,62,0.0967741935483871,0.00010112791868807467
5136,Cat_27,387026,166,64,2,1125,0,64,0.03125,0.00010111067616528057
4017,Cat_21,387009,141,54,2,1260,0,54,0.037037037037037035,0.00010110623490940937
6493,Cat_14,387009,158,65,3,4113,0,65,0.046153846153846156,0.00010110623490940937
1488,Cat_12,386980,147,60,3,10114,0,60,0.05,0.00010109865864939377
7818,Cat_28,386978,143,62,3,5943,0,62,0.04838709677419355,0.00010109813614870304
5500,Cat_22,386963,140,59,1,2904,0,59,0.01694915254237288,0.00010109421739352257
8514,Cat_19,386942,166,71,4,12618,1,71,0.056338028169014086,0.0001010887311362699
2869,Cat_9,386910,151,59,5,8766,1,59,0.0847457627118644,0.00010108037112521822
3262,Cat_11,386898,155,61,6,18482,3,61,0.09836065573770492,0.00010107723612107383
636,Cat_28,386893,140,58,1,1631,1,58,0.017241379310344827,0.00010107592986934701
5578,Cat_12,386877,155,64,6,18125,2,64,0.09375,0.00010107174986382116
3772,Cat_11,386839,159,63,6,21907,2,63,0.09523809523809523,0.00010106182235069729
9564,Cat_13,386806,146,57,3,7144,0,57,0.05263157894736842,0.00010105320108930025
8002,Cat_25,386777,142,56,1,2578,1,56,0.017857142857142856,0.00010104562482928466
8250,Cat_23,386770,159,59,4,9913,1,59,0.06779661016949153,0.0001010437960768671
1948,Cat_13,386730,141,61,2,7114,0,61,0.03278688524590164,0.00010103334606305249
5084,Cat_9,386719,160,63,2,4497,1,63,0.031746031746031744,0.00010103047230925348
9082,Cat_25,386714,163,67,1,4797,1,67,0.014925373134328358,0.00010102916605752665
4527,Cat_11,386697,162,67,6,10425,1,67,0.08955223880597014,0.00010102472480165545
9396,Cat_12,386681,160,69,4,11127,1,69,0.057971014492753624,0.0001010205447961296
3850,Cat_25,386676,149,60,5,9401,1,60,0.08333333333333333,0.00010101923854440278
5416,Cat_10,386643,149,61,3,6890,1,61,0.04918032786885246,0.00010101061728300573
9427,Cat_13,386639,165,64,2,2507,0,64,0.03125,0.00010100957228162426
8326,Cat_6,386554,162,65,4,5887,2,65,0.06153846153846154,0.00010098736600226823
8661,Cat_21,386532,157,67,2,7891,1,67,0.029850746268656716,0.00010098161849467021
4227,Cat_17,386508,161,63,7,22931,1,63,0.1111111111111111,0.00010097534848638144
9198,Cat_2,386504,157,63,2,3888,0,63,0.031746031746031744,0.00010097430348499997
5539,Cat_21,386459,144,54,2,4082,1,54,0.037037037037037035,0.00010096254721945855
599,Cat_26,386459,149,59,2,5506,1,59,0.03389830508474576,0.00010096254721945855
21,Cat_6,386443,151,61,3,10012,1,61,0.04918032786885246,0.0001009583672139327
7628,Cat_7,386405,154,61,4,9819,2,61,0.06557377049180328,0.00010094843970080883
6330,Cat_28,386391,161,67,1,1898,0,67,0.014925373134328358,0.00010094478219597372
5808,Cat_23,386381,137,55,3,5321,0,55,0.05454545454545454,0.00010094216969252007
9845,Cat_22,386321,137,56,2,4311,0,56,0.03571428571428571,0.00010092649467179815
4514,Cat_30,386309,162,60,3,10782,1,60,0.05,0.00010092335966765378
7207,Cat_10,386306,145,55,2,5986,2,55,0.03636363636363636,0.00010092257591661768
8268,Cat_8,386260,144,57,2,2188,1,57,0.03508771929824561,0.0001009105584007309
1321,Cat_17,386259,143,62,3,4926,1,62,0.04838709677419355,0.00010091029715038552
9819,Cat_14,386233,154,63,7,14507,0,63,0.1111111111111111,0.00010090350464140603
8621,Cat_8,386223,139,55,3,11017,1,55,0.05454545454545454,0.00010090089213795238
6573,Cat_1,386198,165,62,1,4002,1,62,0.016129032258064516,0.00010089436087931825
8318,Cat_28,386192,155,59,3,13127,2,59,0.05084745762711865,0.00010089279337724606
1938,Cat_14,386166,152,66,2,5078,0,66,0.030303030303030304,0.00010088600086826657
8475,Cat_21,386153,140,56,3,11753,3,56,0.05357142857142857,0.00010088260461377682
9329,Cat_29,386115,159,60,4,7892,1,60,0.06666666666666667,0.00010087267710065295
9585,Cat_27,386113,144,55,2,3039,0,55,0.03636363636363636,0.00010087215459996222
9355,Cat_15,386113,151,62,5,13615,0,62,0.08064516129032258,0.00010087215459996222
9394,Cat_26,386090,140,54,3,7613,0,54,0.05555555555555555,0.00010086614584201882
2286,Cat_20,386069,128,52,1,4742,0,52,0.019230769230769232,0.00010086065958476615
6213,Cat_12,386052,148,61,4,9133,0,61,0.06557377049180328,0.00010085621832889495
8353,Cat_26,386049,136,55,2,1301,0,55,0.03636363636363636,0.00010085543457785884
8425,Cat_15,386042,145,57,3,1256,0,57,0.05263157894736842,0.00010085360582544129
792,Cat_11,386036,137,57,1,1642,0,57,0.017543859649122806,0.0001008520383233691
4341,Cat_21,386036,154,64,2,2239,0,64,0.03125,0.0001008520383233691
4328,Cat_3,386018,149,60,3,11664,1,60,0.05,0.00010084733581715253
3605,Cat_16,386013,158,62,5,9516,2,62,0.08064516129032258,0.0001008460295654257
1446,Cat_19,386012,144,58,2,5295,1,58,0.034482758620689655,0.00010084576831508034
9052,Cat_20,386010,153,59,2,5203,0,59,0.03389830508474576,0.00010084524581438961
7637,Cat_30,385972,133,49,2,4237,0,49,0.04081632653061224,0.00010083531830126574
4737,Cat_11,385968,147,58,2,4068,1,58,0.034482758620689655,0.00010083427329988427
8479,Cat_20,385967,160,67,2,3040,0,67,0.029850746268656716,0.00010083401204953892
4464,Cat_9,385967,163,71,4,9232,2,71,0.056338028169014086,0.00010083401204953892
3116,Cat_28,385962,150,62,4,13695,2,62,0.06451612903225806,0.00010083270579781208
9170,Cat_26,385951,155,63,5,3490,0,63,0.07936507936507936,0.00010082983204401307
3715,Cat_17,385949,152,61,3,9254,2,61,0.04918032786885246,0.00010082930954332234
3335,Cat_21,385919,175,67,1,902,0,67,0.014925373134328358,0.00010082147203296139
2933,Cat_4,385883,149,58,5,14922,1,58,0.08620689655172414,0.00010081206702052824
3711,Cat_5,385876,157,59,2,3015,0,59,0.03389830508474576,0.00010081023826811068
9023,Cat_11,385871,135,52,1,3074,0,52,0.019230769230769232,0.00010080893201638386
1963,Cat_11,385846,138,54,4,10922,0,54,0.07407407407407407,0.00010080240075774973
9327,Cat_27,385814,134,54,5,10226,0,54,0.09259259259259259,0.00010079404074669805
5334,Cat_18,385813,145,61,3,7855,1,61,0.04918032786885246,0.00010079377949635269
5501,Cat_5,385798,157,61,4,13035,2,61,0.06557377049180328,0.0001007898607411722
9098,Cat_20,385778,148,61,6,19519,2,61,0.09836065573770492,0.0001007846357342649
3435,Cat_13,385774,142,55,1,420,0,55,0.01818181818181818,0.00010078359073288344
3695,Cat_6,385755,151,63,2,3967,0,63,0.031746031746031744,0.0001007786269763215
5380,Cat_3,385754,135,61,4,15931,1,61,0.06557377049180328,0.00010077836572597615
9347,Cat_1,385726,173,69,3,6030,0,69,0.043478260869565216,0.00010077105071630591
5555,Cat_30,385711,153,63,6,7516,0,63,0.09523809523809523,0.00010076713196112544
6398,Cat_10,385709,152,59,3,12341,2,58,0.05084745762711865,0.0001007666094604347
8452,Cat_7,385686,150,61,2,8458,1,61,0.03278688524590164,0.00010076060070249131
2236,Cat_7,385640,135,59,1,1401,0,59,0.01694915254237288,0.00010074858318660451
5026,Cat_14,385629,148,57,2,6347,1,57,0.03508771929824561,0.0001007457094328055
4627,Cat_25,385624,150,64,3,11172,1,64,0.046875,0.00010074440318107868
2779,Cat_28,385620,147,62,3,5520,0,62,0.04838709677419355,0.00010074335817969721
5565,Cat_24,385605,150,59,2,1822,0,59,0.03389830508474576,0.00010073943942451674
3035,Cat_16,385587,154,62,5,13138,2,62,0.08064516129032258,0.00010073473691830016
6153,Cat_20,385564,137,57,4,8280,1,57,0.07017543859649122,0.00010072872816035676
3263,Cat_13,385559,149,57,2,4028,1,57,0.03508771929824561,0.00010072742190862994
2103,Cat_21,385557,169,67,3,5431,0,67,0.04477611940298507,0.00010072689940793921
5749,Cat_1,385552,165,67,2,3455,1,67,0.029850746268656716,0.00010072559315621239
5061,Cat_11,385545,142,64,2,9380,1,64,0.03125,0.00010072376440379482
5700,Cat_27,385530,160,71,3,9635,0,71,0.04225352112676056,0.00010071984564861435
3977,Cat_29,385522,149,55,4,13105,0,55,0.07272727272727272,0.00010071775564585142
8220,Cat_28,385507,152,61,2,3322,0,61,0.03278688524590164,0.00010071383689067095
4908,Cat_15,385472,146,59,3,5597,1,59,0.05084745762711865,0.00010070469312858318
8640,Cat_30,385456,171,69,0,0,0,69,0.0,0.00010070051312305733
5307,Cat_26,385453,165,56,1,3650,0,56,0.017857142857142856,0.00010069972937202124
2815,Cat_12,385451,167,64,3,8260,1,64,0.046875,0.00010069920687133051
8639,Cat_10,385430,165,71,5,10731,1,71,0.07042253521126761,0.00010069372061407784
3869,Cat_12,385409,172,67,7,12978,1,67,0.1044776119402985,0.00010068823435682517
1919,Cat_22,385304,141,61,1,899,0,61,0.01639344262295082,0.00010066080307056183
8010,Cat_26,385303,133,52,4,6210,0,52,0.07692307692307693,0.00010066054182021648
4953,Cat_23,385294,161,62,3,10003,1,62,0.04838709677419355,0.00010065819056710818
7930,Cat_15,385285,140,61,2,5166,1,61,0.03278688524590164,0.0001006558393139999
360,Cat_11,385284,147,56,5,10658,1,56,0.08928571428571429,0.00010065557806365454
6443,Cat_23,385278,141,57,5,8297,1,57,0.08771929824561403,0.00010065401056158235
7842,Cat_30,385269,151,61,3,7479,2,61,0.04918032786885246,0.00010065165930847405
1553,Cat_26,385245,151,59,3,1890,0,59,0.05084745762711865,0.00010064538930018529
6295,Cat_3,385213,151,62,2,2083,0,62,0.03225806451612903,0.00010063702928913361
6652,Cat_21,385196,147,56,2,9305,0,56,0.03571428571428571,0.0001006325880332624
73,Cat_15,385171,154,65,1,4371,1,65,0.015384615384615385,0.00010062605677462827
4383,Cat_23,385165,156,60,2,4544,0,60,0.03333333333333333,0.00010062448927255608
2917,Cat_14,385161,150,65,3,6563,2,65,0.046153846153846156,0.00010062344427117462
5326,Cat_16,385157,139,58,5,10456,2,58,0.08620689655172414,0.00010062239926979316
2202,Cat_12,385156,163,63,4,5924,0,63,0.06349206349206349,0.0001006221380194478
593,Cat_8,385147,176,71,3,7662,2,71,0.04225352112676056,0.00010061978676633952
6139,Cat_5,385117,134,51,5,11049,2,51,0.09803921568627451,0.00010061194925597855
1656,Cat_28,385112,152,56,4,12181,0,56,0.07142857142857142,0.00010061064300425173
5106,Cat_8,385071,132,54,3,7538,1,54,0.05555555555555555,0.00010059993174009177
5792,Cat_30,385064,161,64,5,8299,1,64,0.078125,0.0001005981029876742
1821,Cat_3,385037,164,66,7,17900,3,66,0.10606060606060606,0.00010059104922834934
4457,Cat_11,385028,150,66,4,11286,0,66,0.06060606060606061,0.00010058869797524106
1294,Cat_14,385002,139,54,2,5810,0,54,0.037037037037037035,0.00010058190546626157
5239,Cat_21,384989,147,60,5,16456,2,60,0.08333333333333333,0.00010057850921177183
9945,Cat_3,384964,149,59,3,5259,1,59,0.05084745762711865,0.0001005719779531377
7053,Cat_8,384959,168,66,1,2446,0,66,0.015151515151515152,0.00010057067170141086
1243,Cat_27,384951,134,54,4,9021,1,54,0.07407407407407407,0.00010056858169864795
9742,Cat_12,384942,150,58,1,1415,0,58,0.017241379310344827,0.00010056623044553966
9566,Cat_27,384941,140,54,2,4442,1,54,0.037037037037037035,0.0001005659691951943
2230,Cat_15,384934,155,57,2,7013,1,57,0.03508771929824561,0.00010056414044277675
4115,Cat_13,384933,151,64,5,13225,2,64,0.078125,0.00010056387919243137
648,Cat_10,384929,162,68,5,13307,3,68,0.07352941176470588,0.00010056283419104991
1424,Cat_20,384914,166,62,5,5338,1,62,0.08064516129032258,0.00010055891543586944
9946,Cat_21,384913,132,53,2,5532,1,53,0.03773584905660377,0.00010055865418552408
9655,Cat_23,384894,167,65,3,8222,0,65,0.046153846153846156,0.00010055369042896214
7159,Cat_23,384890,135,54,2,4756,1,54,0.037037037037037035,0.00010055264542758068
6119,Cat_5,384879,147,61,5,17716,5,61,0.08196721311475409,0.00010054977167378165
6064,Cat_11,384848,148,62,0,0,0,62,0.0,0.00010054167291307534
6995,Cat_13,384848,160,61,3,9928,2,61,0.04918032786885246,0.00010054167291307534
2327,Cat_22,384835,179,67,4,13216,0,67,0.05970149253731343,0.0001005382766585856
6893,Cat_26,384822,134,58,3,8830,0,58,0.05172413793103448,0.00010053488040409584
7264,Cat_8,384819,151,61,1,2393,0,61,0.01639344262295082,0.00010053409665305975
1992,Cat_10,384816,161,67,3,11846,2,67,0.04477611940298507,0.00010053331290202366
3942,Cat_22,384781,140,56,6,14098,0,56,0.10714285714285714,0.00010052416913993588
7542,Cat_4,384771,137,56,3,12294,0,56,0.05357142857142857,0.00010052155663648222
2281,Cat_14,384761,138,56,2,2219,0,56,0.03571428571428571,0.00010051894413302858
9980,Cat_14,384760,140,63,3,5043,0,63,0.047619047619047616,0.00010051868288268321
7579,Cat_23,384740,150,61,3,8721,1,61,0.04918032786885246,0.00010051345787577591
5448,Cat_28,384714,146,54,1,3450,0,54,0.018518518518518517,0.00010050666536679641
6900,Cat_22,384709,150,64,5,11917,1,64,0.078125,0.00010050535911506959
7357,Cat_30,384705,148,57,2,4718,1,57,0.03508771929824561,0.00010050431411368813
8236,Cat_15,384687,155,67,4,12842,2,67,0.05970149253731343,0.00010049961160747155
5524,Cat_30,384686,134,58,4,12212,1,58,0.06896551724137931,0.00010049935035712619
9874,Cat_19,384679,163,72,3,10007,0,72,0.041666666666666664,0.00010049752160470864
8658,Cat_5,384654,145,57,4,10227,3,57,0.07017543859649122,0.00010049099034607451
7714,Cat_3,384641,142,57,3,2628,0,57,0.05263157894736842,0.00010048759409158477
7763,Cat_25,384626,145,67,5,14061,0,67,0.07462686567164178,0.00010048367533640428
7719,Cat_4,384593,137,56,3,8483,0,56,0.05357142857142857,0.00010047505407500724
916,Cat_24,384574,149,64,4,6988,0,64,0.0625,0.0001004700903184453
2752,Cat_28,384571,155,61,2,9754,1,61,0.03278688524590164,0.0001004693065674092
5508,Cat_18,384570,152,56,3,5572,0,56,0.05357142857142857,0.00010046904531706384
5642,Cat_17,384565,141,50,8,16566,2,50,0.16,0.00010046773906533702
7511,Cat_19,384548,135,54,3,6266,0,54,0.05555555555555555,0.0001004632978094658
3092,Cat_29,384547,142,57,6,15554,0,57,0.10526315789473684,0.00010046303655912044
468,Cat_11,384543,175,74,5,15954,1,74,0.06756756756756757,0.00010046199155773898
6335,Cat_14,384532,137,54,2,9783,1,54,0.037037037037037035,0.00010045911780393996
2881,Cat_21,384526,159,58,3,7563,0,58,0.05172413793103448,0.00010045755030186777
7651,Cat_13,384512,127,47,0,0,0,47,0.0,0.00010045389279703266
3055,Cat_28,384510,149,59,3,3554,0,59,0.05084745762711865,0.00010045337029634192
4887,Cat_5,384485,149,57,1,2576,0,57,0.017543859649122806,0.00010044683903770781
2812,Cat_29,384477,145,56,3,5579,0,56,0.05357142857142857,0.00010044474903494488
4979,Cat_23,384476,138,55,0,0,0,55,0.0,0.00010044448778459951
7035,Cat_15,384461,139,59,0,0,0,59,0.0,0.00010044056902941904
591,Cat_20,384435,154,65,3,8763,1,65,0.046153846153846156,0.00010043377652043955
5037,Cat_20,384428,125,51,0,0,0,51,0.0,0.000100431947768022
8664,Cat_23,384394,133,55,2,1107,0,55,0.03636363636363636,0.00010042306525627957
928,Cat_27,384383,153,66,4,7573,1,66,0.06060606060606061,0.00010042019150248056
3319,Cat_16,384328,145,59,3,7408,0,59,0.05084745762711865,0.00010040582273348548
3271,Cat_1,384314,140,61,3,5524,1,61,0.04918032786885246,0.00010040216522865036
7960,Cat_15,384304,168,72,1,212,0,72,0.013888888888888888,0.00010039955272519672
2772,Cat_24,384290,143,56,2,5109,1,56,0.03571428571428571,0.0001003958952203616
9820,Cat_12,384280,154,67,3,7852,0,67,0.04477611940298507,0.00010039328271690795
3103,Cat_6,384272,163,62,1,2672,0,62,0.016129032258064516,0.00010039119271414504
3632,Cat_10,384213,133,55,2,2407,0,55,0.03636363636363636,0.0001003757789437685
9721,Cat_25,384208,148,57,3,7699,1,57,0.05263157894736842,0.00010037447269204166
4347,Cat_12,384196,156,59,2,4093,0,59,0.03389830508474576,0.00010037133768789729
8938,Cat_28,384172,138,56,1,4315,1,56,0.017857142857142856,0.00010036506767960852
8533,Cat_12,384169,143,58,2,3626,1,58,0.034482758620689655,0.00010036428392857243
9601,Cat_23,384156,165,67,5,17475,1,67,0.07462686567164178,0.00010036088767408268
478,Cat_15,384154,164,59,0,0,0,59,0.0,0.00010036036517339195
290,Cat_2,384141,131,54,2,6643,1,54,0.037037037037037035,0.0001003569689189022
2848,Cat_29,384123,164,62,3,5019,1,62,0.04838709677419355,0.00010035226641268563
8430,Cat_10,384112,159,63,3,8815,2,63,0.047619047619047616,0.00010034939265888662
1830,Cat_20,384093,162,66,2,7901,0,66,0.030303030303030304,0.00010034442890232468
1802,Cat_14,384083,155,59,4,13563,0,59,0.06779661016949153,0.00010034181639887103
4213,Cat_27,384079,172,68,2,5711,1,68,0.029411764705882353,0.00010034077139748956
7512,Cat_26,384078,142,59,1,3008,0,59,0.01694915254237288,0.0001003405101471442
7112,Cat_30,384070,146,63,3,6355,0,63,0.047619047619047616,0.00010033842014438128
7862,Cat_24,384026,160,66,0,0,0,66,0.0,0.00010032692512918521
7089,Cat_16,384022,142,52,2,5677,1,52,0.038461538461538464,0.00010032588012780375
600,Cat_17,383991,147,56,5,8930,0,56,0.08928571428571429,0.00010031778136709743
7737,Cat_6,383980,149,61,4,6333,0,61,0.06557377049180328,0.00010031490761329842
827,Cat_15,383930,150,61,2,1902,0,61,0.03278688524590164,0.00010030184509603016
5088,Cat_3,383925,177,67,6,19003,2,67,0.08955223880597014,0.00010030053884430334
9695,Cat_26,383917,151,57,2,6223,0,57,0.03508771929824561,0.00010029844884154041
8364,Cat_6,383911,145,55,5,10571,3,55,0.09090909090909091,0.00010029688133946822
6795,Cat_13,383868,159,66,3,7454,0,66,0.045454545454545456,0.00010028564757461753
7476,Cat_10,383867,149,51,4,15198,0,51,0.0784313725490196,0.00010028538632427215
5258,Cat_22,383814,145,56,6,14182,2,56,0.10714285714285714,0.0001002715400559678
5071,Cat_1,383775,156,64,3,7635,0,64,0.046875,0.00010026135129249857
1291,Cat_7,383744,149,60,6,12044,1,60,0.1,0.00010025325253179225
4384,Cat_1,383726,164,59,4,10154,2,59,0.06779661016949153,0.00010024855002557568
397,Cat_27,383719,137,57,0,0,0,57,0.0,0.00010024672127315812
999,Cat_28,383704,133,56,1,2015,1,56,0.017857142857142856,0.00010024280251797764
4896,Cat_16,383677,150,57,1,922,0,57,0.017543859649122806,0.00010023574875865278
2782,Cat_4,383667,148,66,4,8692,1,66,0.06060606060606061,0.00010023313625519914
5457,Cat_1,383656,147,55,3,7822,0,55,0.05454545454545454,0.00010023026250140011
1512,Cat_15,383641,159,60,4,8473,0,60,0.06666666666666667,0.00010022634374621964
572,Cat_30,383622,137,57,1,3825,0,57,0.017543859649122806,0.0001002213799896577
4071,Cat_2,383589,132,56,1,3496,0,56,0.017857142857142856,0.00010021275872826066
1087,Cat_28,383580,153,65,5,17503,2,65,0.07692307692307693,0.00010021040747515237
5455,Cat_10,383577,154,58,5,12665,2,58,0.08620689655172414,0.00010020962372411628
9849,Cat_2,383577,154,63,4,12417,2,63,0.06349206349206349,0.00010020962372411628
4353,Cat_17,383533,137,54,6,18798,2,54,0.1111111111111111,0.00010019812870892021
1547,Cat_30,383529,145,59,1,1164,0,59,0.01694915254237288,0.00010019708370753875
853,Cat_17,383528,135,55,2,6572,1,55,0.03636363636363636,0.00010019682245719339
1407,Cat_14,383518,153,66,2,6168,0,66,0.030303030303030304,0.00010019420995373973
781,Cat_22,383511,134,58,5,13282,2,58,0.08620689655172414,0.00010019238120132218
9181,Cat_12,383503,145,59,1,2271,0,59,0.01694915254237288,0.00010019029119855926
1764,Cat_14,383479,159,64,4,7693,1,64,0.0625,0.00010018402119027049
2243,Cat_29,383474,164,66,3,4296,2,66,0.045454545454545456,0.00010018271493854367
9091,Cat_10,383468,134,57,4,15068,3,57,0.07017543859649122,0.00010018114743647147
5221,Cat_11,383459,151,65,2,5127,0,65,0.03076923076923077,0.00010017879618336319
4893,Cat_18,383459,161,65,1,3620,1,65,0.015384615384615385,0.00010017879618336319
2628,Cat_30,383457,147,57,3,10198,1,57,0.05263157894736842,0.00010017827368267246
4102,Cat_2,383424,154,62,1,3941,0,62,0.016129032258064516,0.00010016965242127541
6990,Cat_28,383423,162,67,2,5980,1,67,0.029850746268656716,0.00010016939117093005
3789,Cat_16,383422,147,60,4,7632,0,60,0.06666666666666667,0.00010016912992058468
6805,Cat_1,383414,146,57,2,3823,0,57,0.03508771929824561,0.00010016703991782177
8737,Cat_15,383409,161,55,5,9778,1,55,0.09090909090909091,0.00010016573366609493
4541,Cat_3,383396,161,57,5,9557,1,57,0.08771929824561403,0.00010016233741160519
9751,Cat_17,383385,137,49,5,9580,1,49,0.10204081632653061,0.00010015946365780617
4580,Cat_6,383372,142,61,1,3382,0,61,0.01639344262295082,0.00010015606740331643
3276,Cat_30,383368,141,54,2,6280,0,54,0.037037037037037035,0.00010015502240193497
8033,Cat_28,383359,145,59,2,8399,0,59,0.03389830508474576,0.00010015267114882667
8865,Cat_6,383300,132,53,5,9656,0,53,0.09433962264150944,0.00010013725737845014
1595,Cat_17,383292,155,65,5,14578,1,65,0.07692307692307693,0.00010013516737568722
9689,Cat_23,383289,164,69,4,13446,1,69,0.057971014492753624,0.00010013438362465112
4252,Cat_23,383275,133,55,3,7457,1,55,0.05454545454545454,0.00010013072611981601
3463,Cat_30,383256,157,59,2,8180,1,59,0.03389830508474576,0.00010012576236325408
405,Cat_15,383255,159,63,4,13561,1,63,0.06349206349206349,0.0001001255011129087
6005,Cat_29,383241,147,60,3,12185,0,60,0.05,0.0001001218436080736
9134,Cat_13,383230,149,58,4,9642,0,58,0.06896551724137931,0.00010011896985427457
3810,Cat_22,383226,145,60,4,16150,3,60,0.06666666666666667,0.00010011792485289311
6342,Cat_30,383221,157,68,3,9036,0,68,0.04411764705882353,0.00010011661860116629
4142,Cat_20,383216,145,58,6,22641,1,58,0.10344827586206896,0.00010011531234943947
3732,Cat_17,383183,142,55,2,3540,0,55,0.03636363636363636,0.00010010669108804242
9574,Cat_25,383161,161,59,3,4860,0,59,0.05084745762711865,0.00010010094358044439
5095,Cat_17,383158,160,60,2,3986,1,60,0.03333333333333333,0.00010010015982940829
7699,Cat_19,383142,140,59,6,12691,3,59,0.1016949152542373,0.00010009597982388245
8017,Cat_19,383134,156,61,1,3165,0,61,0.01639344262295082,0.00010009388982111953
3903,Cat_20,383129,142,55,3,8732,1,55,0.05454545454545454,0.0001000925835693927
7108,Cat_27,383121,138,54,2,2223,0,54,0.037037037037037035,0.00010009049356662979
5483,Cat_29,383048,151,54,2,7375,0,54,0.037037037037037035,0.00010007142229141813
282,Cat_27,383039,169,64,4,14567,2,64,0.0625,0.00010006907103830984
5425,Cat_7,383039,147,57,5,13458,2,57,0.08771929824561403,0.00010006907103830984
4014,Cat_6,383035,155,59,3,5626,1,59,0.05084745762711865,0.00010006802603692838
2440,Cat_17,383035,157,56,5,8792,1,56,0.08928571428571429,0.00010006802603692838
4054,Cat_5,383006,161,62,5,15813,0,62,0.08064516129032258,0.00010006044977691279
5208,Cat_10,383002,159,65,2,5624,1,65,0.03076923076923077,0.00010005940477553133
4507,Cat_3,382989,159,61,3,7506,0,61,0.04918032786885246,0.00010005600852104158
5475,Cat_5,382988,151,61,3,5356,0,61,0.04918032786885246,0.00010005574727069623
1937,Cat_16,382980,156,59,1,2827,0,59,0.01694915254237288,0.0001000536572679333
1472,Cat_16,382968,161,63,5,12003,2,63,0.07936507936507936,0.00010005052226378892
6316,Cat_30,382860,136,53,6,13733,1,53,0.11320754716981132,0.00010002230722648949
7892,Cat_9,382860,141,62,2,3824,0,62,0.03225806451612903,0.00010002230722648949
3619,Cat_27,382857,162,65,2,3121,0,65,0.03076923076923077,0.00010002152347545338
5628,Cat_29,382841,159,61,5,14129,0,61,0.08196721311475409,0.00010001734346992755
8466,Cat_30,382826,160,64,2,6231,0,64,0.03125,0.00010001342471474707
5341,Cat_12,382805,148,60,0,0,0,60,0.0,0.0001000079384574944
1797,Cat_7,382790,163,61,6,12425,1,61,0.09836065573770492,0.00010000401970231393
5124,Cat_16,382779,135,55,3,10338,1,55,0.05454545454545454,0.0001000011459485149
382,Cat_13,382775,134,56,2,2625,1,56,0.03571428571428571,0.00010000010094713344
8643,Cat_19,382773,139,60,5,13423,2,60,0.08333333333333333,9.999957844644273e-05
6792,Cat_11,382748,149,66,3,8345,0,66,0.045454545454545456,9.99930471878086e-05
6384,Cat_2,382744,153,58,2,3230,0,58,0.034482758620689655,9.999200218642713e-05
2351,Cat_6,382740,130,53,1,579,0,53,0.018867924528301886,9.999095718504567e-05
979,Cat_26,382736,164,63,4,8221,1,63,0.06349206349206349,9.998991218366421e-05
3206,Cat_16,382731,144,52,3,8347,2,52,0.057692307692307696,9.998860593193739e-05
9111,Cat_1,382724,132,55,2,3898,0,55,0.03636363636363636,9.998677717951982e-05
6149,Cat_17,382681,167,68,0,0,0,68,0.0,9.997554341466913e-05
4370,Cat_23,382672,149,59,3,10365,1,59,0.05084745762711865,9.997319216156085e-05
9393,Cat_24,382667,146,56,4,7165,1,56,0.07142857142857142,9.997188590983401e-05
7317,Cat_8,382658,157,61,3,3135,0,61,0.04918032786885246,9.996953465672573e-05
7478,Cat_5,382658,146,56,5,13610,0,56,0.08928571428571429,9.996953465672573e-05
6749,Cat_12,382644,160,67,3,7512,2,67,0.04477611940298507,9.996587715189061e-05
338,Cat_25,382643,178,73,5,4626,0,73,0.0684931506849315,9.996561590154526e-05
2066,Cat_7,382642,146,57,3,4591,1,57,0.05263157894736842,9.996535465119988e-05
9651,Cat_10,382640,145,56,1,326,0,56,0.017857142857142856,9.996483215050915e-05
1803,Cat_24,382597,157,68,2,9650,1,68,0.029411764705882353,9.995359838565846e-05
6091,Cat_2,382596,181,74,1,3704,0,74,0.013513513513513514,9.99533371353131e-05
2295,Cat_17,382586,169,68,9,18798,3,68,0.1323529411764706,9.995072463185944e-05
84,Cat_11,382584,150,62,2,4744,1,62,0.03225806451612903,9.995020213116871e-05
3520,Cat_13,382560,144,59,1,2275,0,59,0.01694915254237288,9.994393212287996e-05
4879,Cat_21,382552,153,55,1,3423,0,55,0.01818181818181818,9.994184212011703e-05
3219,Cat_28,382547,160,63,3,8459,1,63,0.047619047619047616,9.99405358683902e-05
234,Cat_27,382538,127,54,5,17348,3,54,0.09259259259259259,9.993818461528191e-05
7884,Cat_22,382517,142,58,2,6544,1,58,0.034482758620689655,9.993269835802925e-05
1229,Cat_26,382516,141,57,0,0,0,57,0.0,9.993243710768389e-05
2523,Cat_20,382485,151,62,1,2394,0,62,0.016129032258064516,9.992433834697757e-05
228,Cat_7,382476,153,60,1,4086,0,60,0.016666666666666666,9.992198709386928e-05
3416,Cat_7,382464,156,63,3,3883,1,63,0.047619047619047616,9.99188520897249e-05
1285,Cat_15,382461,153,62,3,5450,1,62,0.04838709677419355,9.991806833868881e-05
5350,Cat_12,382399,145,51,3,8823,0,51,0.058823529411764705,9.990187081727616e-05
1708,Cat_4,382380,149,60,4,9888,0,60,0.06666666666666667,9.989690706071423e-05
1492,Cat_25,382370,155,62,4,12130,1,62,0.06451612903225806,9.989429455726057e-05
8783,Cat_13,382366,174,69,2,5797,0,69,0.028985507246376812,9.989324955587911e-05
1729,Cat_15,382344,164,61,4,9124,1,61,0.06557377049180328,9.988750204828108e-05
2534,Cat_9,382342,146,57,4,8710,0,57,0.07017543859649122,9.988697954759035e-05
314,Cat_16,382342,163,64,4,7926,0,64,0.0625,9.988697954759035e-05
6616,Cat_18,382298,173,70,4,11711,1,70,0.05714285714285714,9.987548453239428e-05
3601,Cat_3,382285,144,60,3,9688,1,60,0.05,9.987208827790454e-05
5568,Cat_6,382256,161,59,2,5997,1,59,0.03389830508474576,9.986451201788895e-05
7040,Cat_28,382250,153,66,1,1161,1,66,0.015151515151515152,9.986294451581676e-05
5567,Cat_13,382242,154,57,2,8831,1,57,0.03508771929824561,9.986085451305385e-05
851,Cat_12,382225,158,64,4,11069,2,64,0.0625,9.985641325718264e-05
9466,Cat_2,382206,169,65,2,1479,0,65,0.03076923076923077,9.98514495006207e-05
1598,Cat_18,382196,151,56,2,3781,0,56,0.03571428571428571,9.984883699716705e-05
8726,Cat_22,382186,148,60,3,6650,0,60,0.05,9.984622449371339e-05
7949,Cat_9,382178,158,59,5,13818,1,59,0.0847457627118644,9.984413449095047e-05
8198,Cat_7,382170,147,58,3,5431,0,58,0.05172413793103448,9.984204448818756e-05
9336,Cat_2,382156,154,63,4,5922,3,63,0.06349206349206349,9.983838698335244e-05
8917,Cat_24,382146,148,61,6,17609,1,61,0.09836065573770492,9.983577447989879e-05
9549,Cat_16,382141,154,61,4,14311,1,61,0.06557377049180328,9.983446822817197e-05
6544,Cat_17,382136,158,62,4,12319,1,62,0.06451612903225806,9.983316197644513e-05
2786,Cat_19,382121,145,59,1,427,0,59,0.01694915254237288,9.982924322126466e-05
6861,Cat_25,382099,159,65,4,14154,3,65,0.06153846153846154,9.982349571366663e-05
2389,Cat_27,382082,148,58,3,8139,1,58,0.05172413793103448,9.981905445779542e-05
7487,Cat_1,382070,170,63,4,10707,1,63,0.06349206349206349,9.981591945365104e-05
1302,Cat_19,382035,148,56,2,7228,0,56,0.03571428571428571,9.980677569156325e-05
4923,Cat_10,382020,145,57,4,11596,2,57,0.07017543859649122,9.980285693638278e-05
2410,Cat_24,382007,139,55,5,14791,1,55,0.09090909090909091,9.979946068189303e-05
62,Cat_10,381988,162,64,1,4883,1,64,0.015625,9.97944969253311e-05
8300,Cat_4,381980,162,61,5,22125,5,61,0.08196721311475409,9.979240692256817e-05
9759,Cat_20,381971,160,59,1,4456,0,59,0.01694915254237288,9.979005566945989e-05
5346,Cat_8,381947,157,62,3,4482,0,62,0.04838709677419355,9.978378566117113e-05
5223,Cat_29,381942,158,62,6,20849,3,62,0.0967741935483871,9.97824794094443e-05
7393,Cat_4,381939,151,61,2,7744,0,61,0.03278688524590164,9.978169565840821e-05
6195,Cat_10,381916,147,56,4,5146,0,56,0.07142857142857142,9.977568690046481e-05
4965,Cat_26,381909,142,55,3,13616,1,55,0.05454545454545454,9.977385814804726e-05
127,Cat_16,381855,158,60,4,8726,1,60,0.06666666666666667,9.975975062939754e-05
8545,Cat_6,381836,154,65,1,3093,0,65,0.015384615384615385,9.97547868728356e-05
2368,Cat_17,381805,164,60,3,7950,0,60,0.05,9.974668811212928e-05
1326,Cat_10,381779,143,54,1,2894,0,54,0.018518518518518517,9.973989560314979e-05
1339,Cat_2,381771,145,54,1,2099,1,54,0.018518518518518517,9.973780560038687e-05
782,Cat_5,381740,163,69,2,7125,0,68,0.028985507246376812,9.972970683968056e-05
7673,Cat_18,381713,138,59,0,0,0,59,0.0,9.97226530803557e-05
604,Cat_20,381702,149,65,2,3622,0,65,0.03076923076923077,9.971977932655668e-05
731,Cat_6,381697,146,61,2,6686,1,61,0.03278688524590164,9.971847307482985e-05
2584,Cat_20,381683,137,57,1,847,0,57,0.017543859649122806,9.971481556999475e-05
1974,Cat_23,381678,153,60,2,9018,0,60,0.03333333333333333,9.971350931826791e-05
6699,Cat_28,381670,155,66,2,6782,1,66,0.030303030303030304,9.971141931550499e-05
5412,Cat_14,381657,157,64,6,11894,1,64,0.09375,9.970802306101524e-05
8645,Cat_25,381595,153,66,4,11584,1,66,0.06060606060606061,9.969182553960261e-05
4892,Cat_9,381587,162,58,4,7111,0,58,0.06896551724137931,9.968973553683969e-05
6056,Cat_2,381584,143,54,0,0,0,54,0.0,9.96889517858036e-05
4475,Cat_8,381571,137,56,0,0,0,56,0.0,9.968555553131384e-05
4329,Cat_18,381569,170,69,7,19215,2,69,0.10144927536231885,9.968503303062311e-05
1669,Cat_12,381552,142,58,3,1606,0,58,0.05172413793103448,9.96805917747519e-05
6095,Cat_15,381549,151,58,1,2382,0,58,0.017241379310344827,9.967980802371581e-05
384,Cat_19,381525,143,59,2,4804,0,59,0.03389830508474576,9.967353801542706e-05
5295,Cat_19,381523,143,59,1,1919,0,59,0.01694915254237288,9.967301551473633e-05
9353,Cat_25,381519,149,62,2,3771,0,62,0.03225806451612903,9.967197051335486e-05
7999,Cat_16,381515,138,59,3,9866,1,59,0.05084745762711865,9.96709255119734e-05
2973,Cat_28,381483,157,62,3,5015,1,62,0.04838709677419355,9.966256550092172e-05
3797,Cat_9,381456,143,61,3,5879,0,61,0.04918032786885246,9.965551174159686e-05
1044,Cat_1,381455,161,61,4,4921,1,61,0.06557377049180328,9.965525049125149e-05
5191,Cat_12,381445,159,65,2,8313,0,65,0.03076923076923077,9.965263798779785e-05
1520,Cat_17,381427,150,57,3,7345,1,57,0.05263157894736842,9.964793548158127e-05
9890,Cat_29,381408,154,58,3,8677,1,58,0.05172413793103448,9.964297172501933e-05
5658,Cat_2,381397,147,65,3,10638,1,65,0.046153846153846156,9.964009797122032e-05
1412,Cat_23,381376,168,65,4,7357,2,65,0.06153846153846154,9.963461171396765e-05
5206,Cat_28,381365,144,54,3,9116,1,54,0.05555555555555555,9.963173796016864e-05
5714,Cat_30,381355,152,63,3,5028,1,63,0.047619047619047616,9.962912545671498e-05
7667,Cat_26,381310,132,58,5,11431,2,58,0.08620689655172414,9.961736919117356e-05
3475,Cat_9,381310,141,58,1,4363,0,58,0.017241379310344827,9.961736919117356e-05
4294,Cat_22,381289,158,60,1,2227,0,60,0.016666666666666666,9.961188293392089e-05
8009,Cat_29,381283,137,58,1,1749,0,58,0.017241379310344827,9.96103154318487e-05
1467,Cat_5,381278,156,65,3,8481,1,65,0.046153846153846156,9.960900918012186e-05
9057,Cat_25,381262,143,57,1,4196,0,57,0.017543859649122806,9.960482917459603e-05
9701,Cat_3,381257,130,53,1,1248,0,53,0.018867924528301886,9.960352292286919e-05
6688,Cat_5,381217,141,56,3,6292,0,56,0.05357142857142857,9.959307290905459e-05
220,Cat_2,381212,144,58,3,3154,0,58,0.05172413793103448,9.959176665732777e-05
9784,Cat_19,381191,160,62,2,5305,1,62,0.03225806451612903,9.95862804000751e-05
735,Cat_10,381188,143,52,2,2741,0,52,0.038461538461538464,9.958549664903901e-05
4865,Cat_25,381172,149,61,3,7616,1,61,0.04918032786885246,9.958131664351316e-05
7255,Cat_29,381160,147,61,5,15223,1,61,0.08196721311475409,9.957818163936878e-05
9891,Cat_20,381149,159,62,2,7210,1,62,0.03225806451612903,9.957530788556976e-05
7111,Cat_9,381145,144,60,2,8161,1,60,0.03333333333333333,9.95742628841883e-05
6432,Cat_12,381123,141,57,3,10112,2,57,0.05263157894736842,9.956851537659027e-05
4043,Cat_27,381104,137,56,5,10864,2,56,0.08928571428571429,9.956355162002834e-05
274,Cat_24,381102,145,51,4,14794,0,51,0.0784313725490196,9.95630291193376e-05
7865,Cat_10,381095,148,60,1,2479,0,60,0.016666666666666666,9.956120036692005e-05
4218,Cat_21,381075,152,61,1,1714,1,61,0.01639344262295082,9.955597536001275e-05
1113,Cat_6,381072,150,63,3,7993,0,63,0.047619047619047616,9.955519160897666e-05
5127,Cat_24,381049,150,65,6,11095,0,65,0.09230769230769231,9.954918285103326e-05
1116,Cat_18,381037,149,58,4,7805,0,58,0.06896551724137931,9.954604784688887e-05
7324,Cat_10,381024,144,62,0,0,0,62,0.0,9.954265159239913e-05
8221,Cat_15,381009,139,57,1,1488,0,57,0.017543859649122806,9.953873283721865e-05
7607,Cat_12,381000,159,66,3,7221,0,66,0.045454545454545456,9.953638158411037e-05
2426,Cat_23,380973,159,55,3,4347,1,55,0.05454545454545454,9.952932782478551e-05
2622,Cat_13,380961,158,65,3,5412,0,65,0.046153846153846156,9.952619282064112e-05
3159,Cat_17,380940,152,64,2,2694,1,64,0.03125,9.952070656338845e-05
3326,Cat_1,380917,158,56,1,3523,1,56,0.017857142857142856,9.951469780544506e-05
3265,Cat_15,380903,140,56,2,6941,1,56,0.03571428571428571,9.951104030060995e-05
6529,Cat_11,380900,141,59,2,5419,1,59,0.03389830508474576,9.951025654957385e-05
5574,Cat_24,380895,144,57,2,5036,1,57,0.03508771929824561,9.950895029784703e-05
432,Cat_2,380895,154,60,3,9359,1,60,0.05,9.950895029784703e-05
472,Cat_13,380885,138,61,1,3034,0,61,0.01639344262295082,9.950633779439337e-05
8422,Cat_6,380874,135,55,1,1815,1,55,0.01818181818181818,9.950346404059436e-05
7716,Cat_17,380871,148,57,2,6911,0,57,0.03508771929824561,9.950268028955826e-05
3062,Cat_13,380849,150,67,3,5424,0,67,0.04477611940298507,9.949693278196023e-05
651,Cat_15,380848,143,60,3,8492,1,60,0.05,9.949667153161486e-05
4473,Cat_2,380813,160,64,4,11375,2,64,0.0625,9.948752776952709e-05
3727,Cat_9,380811,136,61,3,8415,1,61,0.04918032786885246,9.948700526883636e-05
5287,Cat_23,380810,139,49,2,6134,1,49,0.04081632653061224,9.948674401849098e-05
4508,Cat_24,380786,139,60,2,8412,1,60,0.03333333333333333,9.948047401020223e-05
7554,Cat_12,380752,160,70,5,13008,2,70,0.07142857142857142,9.947159149845981e-05
3373,Cat_12,380742,166,68,2,1904,0,68,0.029411764705882353,9.946897899500616e-05
9223,Cat_2,380716,153,56,3,8818,2,56,0.05357142857142857,9.946218648602667e-05
569,Cat_3,380690,153,65,3,4649,2,65,0.046153846153846156,9.945539397704717e-05
845,Cat_22,380680,145,62,6,15151,1,62,0.0967741935483871,9.945278147359353e-05
7320,Cat_9,380678,147,57,4,7278,2,57,0.07017543859649122,9.94522589729028e-05
9813,Cat_20,380667,155,60,2,1443,0,60,0.03333333333333333,9.944938521910378e-05
9834,Cat_8,380658,141,54,5,9830,0,54,0.09259259259259259,9.944703396599549e-05
8882,Cat_2,380621,151,56,5,8165,0,56,0.08928571428571429,9.943736770321699e-05
1423,Cat_26,380594,147,62,2,6136,1,62,0.03225806451612903,9.943031394389212e-05
8540,Cat_3,380592,142,57,4,10903,1,57,0.07017543859649122,9.94297914432014e-05
984,Cat_12,380592,155,60,3,8697,2,60,0.05,9.94297914432014e-05
6167,Cat_21,380587,137,55,2,5471,2,55,0.03636363636363636,9.942848519147457e-05
523,Cat_12,380586,157,63,4,11378,0,63,0.06349206349206349,9.94282239411292e-05
276,Cat_23,380581,157,64,4,11491,1,64,0.0625,9.942691768940238e-05
6284,Cat_12,380567,137,54,0,0,0,54,0.0,9.942326018456726e-05
1077,Cat_11,380553,161,62,3,9634,0,62,0.04838709677419355,9.941960267973216e-05
5729,Cat_3,380529,139,60,6,12509,1,60,0.1,9.941333267144339e-05
3845,Cat_5,380503,159,64,9,19613,2,64,0.140625,9.94065401624639e-05
1122,Cat_18,380491,154,70,8,20553,3,70,0.11428571428571428,9.940340515831952e-05
2208,Cat_28,380479,152,56,3,7826,1,56,0.05357142857142857,9.940027015417513e-05
2647,Cat_13,380470,143,55,1,3880,0,55,0.01818181818181818,9.939791890106685e-05
3894,Cat_4,380460,145,59,1,1726,0,59,0.01694915254237288,9.939530639761319e-05
8469,Cat_6,380451,148,63,3,9414,2,63,0.047619047619047616,9.939295514450491e-05
5938,Cat_11,380436,153,56,7,18360,2,56,0.125,9.938903638932444e-05
9520,Cat_17,380434,141,57,2,3877,1,57,0.03508771929824561,9.93885138886337e-05
2348,Cat_22,380432,177,66,3,12595,2,66,0.045454545454545456,9.938799138794297e-05
1768,Cat_23,380417,148,66,6,19222,1,66,0.09090909090909091,9.93840726327625e-05
1964,Cat_4,380408,143,56,5,13165,1,56,0.08928571428571429,9.938172137965422e-05
9174,Cat_7,380407,148,55,1,4886,0,55,0.01818181818181818,9.938146012930884e-05
1375,Cat_24,380374,155,68,4,15945,3,68,0.058823529411764705,9.93728388679118e-05
528,Cat_6,380367,129,52,3,7404,0,52,0.057692307692307696,9.937101011549424e-05
9020,Cat_19,380359,131,51,2,3725,0,51,0.0392156862745098,9.936892011273131e-05
2650,Cat_19,380341,151,60,3,3835,0,60,0.05,9.936421760651475e-05
9419,Cat_5,380313,139,55,2,1599,0,55,0.03636363636363636,9.935690259684453e-05
848,Cat_30,380284,150,57,1,2982,0,57,0.017543859649122806,9.934932633682894e-05
9740,Cat_30,380279,153,62,4,14366,1,62,0.06451612903225806,9.934802008510212e-05
3980,Cat_12,380263,151,63,3,6193,1,63,0.047619047619047616,9.934384007957627e-05
1358,Cat_1,380246,171,66,3,3533,1,66,0.045454545454545456,9.933939882370506e-05
270,Cat_15,380242,141,55,3,9190,0,55,0.05454545454545454,9.93383538223236e-05
2895,Cat_12,380242,142,52,2,3428,1,52,0.038461538461538464,9.93383538223236e-05
3443,Cat_26,380235,163,67,2,6201,1,67,0.029850746268656716,9.933652506990605e-05
649,Cat_29,380217,152,63,2,2542,1,63,0.031746031746031744,9.933182256368947e-05
6476,Cat_23,380146,139,50,3,6703,0,50,0.06,9.931327378916854e-05
9764,Cat_4,380143,151,57,2,3217,0,57,0.03508771929824561,9.931249003813246e-05
1861,Cat_14,380123,175,65,4,11679,2,65,0.06153846153846154,9.930726503122516e-05
9026,Cat_29,380094,160,71,3,6909,1,71,0.04225352112676056,9.929968877120957e-05
7631,Cat_7,380091,157,62,7,23006,3,62,0.11290322580645161,9.929890502017346e-05
7171,Cat_26,380021,150,60,2,6032,1,60,0.03333333333333333,9.928061749599791e-05
8890,Cat_22,380010,157,66,4,5084,0,66,0.06060606060606061,9.92777437421989e-05
878,Cat_23,380006,143,59,3,6491,0,59,0.05084745762711865,9.927669874081743e-05
4720,Cat_7,380004,144,59,3,9483,0,59,0.05084745762711865,9.92761762401267e-05
3330,Cat_21,379999,134,55,0,0,0,55,0.0,9.927486998839988e-05
7,Cat_8,379998,146,58,2,2697,0,58,0.034482758620689655,9.927460873805451e-05
9491,Cat_8,379985,148,62,2,4540,0,62,0.03225806451612903,9.927121248356477e-05
122,Cat_20,379971,139,57,1,702,0,57,0.017543859649122806,9.926755497872965e-05
1792,Cat_24,379941,141,65,3,1994,1,65,0.046153846153846156,9.92597174683687e-05
1827,Cat_24,379936,147,54,4,13061,2,54,0.07407407407407407,9.925841121664188e-05
4595,Cat_25,379900,161,64,3,7347,1,64,0.046875,9.924900620420873e-05
807,Cat_21,379888,170,72,6,13058,1,72,0.08333333333333333,9.924587120006435e-05
7923,Cat_18,379869,146,61,7,15775,2,61,0.11475409836065574,9.924090744350241e-05
9896,Cat_9,379810,141,50,4,4636,1,50,0.08,9.922549367312587e-05
9126,Cat_18,379806,159,59,1,1377,0,59,0.01694915254237288,9.922444867174441e-05
3555,Cat_30,379802,136,54,3,7891,1,54,0.05555555555555555,9.922340367036295e-05
4866,Cat_17,379801,151,59,2,4164,2,59,0.03389830508474576,9.922314242001759e-05
6060,Cat_13,379778,167,61,2,4477,0,61,0.03278688524590164,9.921713366207419e-05
6159,Cat_6,379777,140,58,2,2288,1,58,0.034482758620689655,9.921687241172882e-05
747,Cat_6,379767,150,59,2,8466,1,59,0.03389830508474576,9.921425990827518e-05
4704,Cat_23,379766,167,60,3,4660,0,60,0.05,9.92139986579298e-05
830,Cat_26,379732,142,62,4,12155,2,62,0.06451612903225806,9.920511614618739e-05
1115,Cat_26,379731,156,61,2,7236,1,61,0.03278688524590164,9.920485489584203e-05
4662,Cat_20,379700,143,57,1,1876,0,57,0.017543859649122806,9.919675613513571e-05
9461,Cat_9,379654,165,67,1,4372,0,67,0.014925373134328358,9.918473861924891e-05
7666,Cat_22,379619,157,59,2,5059,2,59,0.03389830508474576,9.917559485716113e-05
8064,Cat_3,379570,171,65,4,7664,0,65,0.06153846153846154,9.916279359023824e-05
4635,Cat_5,379522,138,57,5,10422,1,57,0.08771929824561403,9.915025357366071e-05
8541,Cat_21,379508,144,60,2,3466,1,60,0.03333333333333333,9.914659606882561e-05
115,Cat_25,379505,174,66,1,1791,1,66,0.015151515151515152,9.91458123177895e-05
4232,Cat_17,379493,136,52,1,770,0,52,0.019230769230769232,9.914267731364513e-05
9844,Cat_4,379487,151,68,1,1923,1,68,0.014705882352941176,9.914110981157294e-05
8434,Cat_17,379483,151,61,2,6113,0,61,0.03278688524590164,9.914006481019148e-05
6833,Cat_27,379377,139,52,3,8040,1,52,0.057692307692307696,9.911237227358278e-05
7365,Cat_16,379363,145,57,2,5800,1,57,0.03508771929824561,9.910871476874766e-05
8967,Cat_12,379309,144,59,2,6040,1,59,0.03389830508474576,9.909460725009794e-05
1314,Cat_17,379301,153,59,2,9472,0,59,0.03389830508474576,9.909251724733503e-05
506,Cat_17,379271,175,69,3,6132,0,69,0.043478260869565216,9.908467973697407e-05
4153,Cat_5,379230,150,58,1,4130,1,58,0.017241379310344827,9.90739684728141e-05
5267,Cat_4,379214,139,56,0,0,0,56,0.0,9.906978846728825e-05
7027,Cat_29,379206,152,59,2,6670,2,59,0.03389830508474576,9.906769846452534e-05
6026,Cat_7,379185,159,65,3,2518,0,65,0.046153846153846156,9.906221220727268e-05
2305,Cat_30,379182,136,54,1,541,0,54,0.018518518518518517,9.906142845623657e-05
9853,Cat_5,379177,153,63,2,4724,0,63,0.031746031746031744,9.906012220450975e-05
2769,Cat_5,379173,144,59,2,4934,0,59,0.03389830508474576,9.905907720312829e-05
8515,Cat_26,379158,146,60,6,19649,4,60,0.1,9.905515844794782e-05
6230,Cat_11,379140,158,62,2,3180,1,62,0.03225806451612903,9.905045594173124e-05
546,Cat_24,379125,135,60,8,21844,2,60,0.13333333333333333,9.904653718655076e-05
2743,Cat_26,379122,166,63,3,5921,0,63,0.047619047619047616,9.904575343551467e-05
4841,Cat_12,379112,156,62,4,10165,0,62,0.06451612903225806,9.904314093206102e-05
7770,Cat_11,379104,144,56,5,12578,0,56,0.08928571428571429,9.90410509292981e-05
5312,Cat_22,379071,161,62,2,3707,0,62,0.03225806451612903,9.903242966790105e-05
4201,Cat_10,379064,154,55,4,13351,2,55,0.07272727272727272,9.903060091548349e-05
3932,Cat_13,379016,155,67,2,5093,0,67,0.029850746268656716,9.901806089890596e-05
8352,Cat_19,379016,154,54,1,759,0,54,0.018518518518518517,9.901806089890596e-05
6796,Cat_29,378991,133,56,3,11648,0,56,0.05357142857142857,9.901152964027184e-05
2668,Cat_14,378990,157,62,2,2945,1,62,0.03225806451612903,9.901126838992647e-05
7225,Cat_17,378989,149,62,3,5631,0,62,0.04838709677419355,9.901100713958111e-05
9363,Cat_15,378988,144,56,2,3072,2,56,0.03571428571428571,9.901074588923574e-05
4586,Cat_3,378937,141,57,5,14180,2,57,0.08771929824561403,9.899742212162212e-05
7414,Cat_28,378872,162,62,3,7737,1,62,0.04838709677419355,9.898044084917339e-05
6857,Cat_14,378863,142,63,3,5232,0,63,0.047619047619047616,9.89780895960651e-05
7789,Cat_9,378860,140,56,1,1815,0,56,0.017857142857142856,9.8977305845029e-05
9771,Cat_11,378846,141,55,2,7643,1,55,0.03636363636363636,9.89736483401939e-05
2385,Cat_9,378845,149,60,3,8113,0,60,0.05,9.897338708984853e-05
719,Cat_3,378845,155,57,3,7380,0,57,0.05263157894736842,9.897338708984853e-05
1616,Cat_25,378819,136,57,3,11930,1,57,0.05263157894736842,9.896659458086904e-05
6331,Cat_21,378813,152,63,2,8720,0,63,0.031746031746031744,9.896502707879685e-05
5438,Cat_5,378812,147,57,3,7138,1,57,0.05263157894736842,9.896476582845149e-05
4712,Cat_24,378809,147,58,2,3322,0,58,0.034482758620689655,9.896398207741538e-05
2280,Cat_27,378788,150,55,4,4924,0,55,0.07272727272727272,9.895849582016272e-05
2956,Cat_15,378774,140,59,4,6760,1,59,0.06779661016949153,9.895483831532761e-05
866,Cat_3,378730,149,59,4,9124,2,59,0.06779661016949153,9.894334330013155e-05
1551,Cat_5,378710,147,61,2,2852,1,61,0.03278688524590164,9.893811829322424e-05
8025,Cat_30,378707,157,61,4,11686,1,61,0.06557377049180328,9.893733454218815e-05
3231,Cat_27,378698,163,61,1,3644,0,61,0.01639344262295082,9.893498328907986e-05
4451,Cat_16,378697,153,60,3,8351,1,60,0.05,9.893472203873449e-05
8036,Cat_7,378670,153,56,1,4991,1,56,0.017857142857142856,9.892766827940963e-05
5340,Cat_8,378665,147,57,3,9457,1,57,0.05263157894736842,9.892636202768281e-05
9243,Cat_11,378650,141,56,0,0,0,56,0.0,9.892244327250233e-05
6682,Cat_27,378617,146,55,4,5968,1,55,0.07272727272727272,9.891382201110528e-05
3268,Cat_19,378612,131,60,1,2971,1,60,0.016666666666666666,9.891251575937846e-05
8903,Cat_16,378562,145,58,5,11802,2,58,0.08620689655172414,9.88994532421102e-05
6185,Cat_6,378558,147,62,3,9748,1,62,0.04838709677419355,9.889840824072874e-05
5007,Cat_30,378551,154,61,5,14059,1,61,0.08196721311475409,9.889657948831119e-05
2301,Cat_16,378533,142,57,7,16369,1,57,0.12280701754385964,9.889187698209461e-05
7548,Cat_1,378530,132,58,3,9518,1,58,0.05172413793103448,9.889109323105852e-05
3540,Cat_28,378470,145,64,3,4835,1,64,0.046875,9.88754182103366e-05
2770,Cat_13,378465,167,65,4,8691,1,65,0.06153846153846154,9.887411195860978e-05
5754,Cat_19,378460,128,56,1,1023,0,56,0.017857142857142856,9.887280570688296e-05
8030,Cat_8,378417,157,64,6,13730,2,64,0.09375,9.886157194203226e-05
7520,Cat_13,378372,135,60,1,4956,0,60,0.016666666666666666,9.884981567649083e-05
7257,Cat_24,378363,167,67,5,5664,0,67,0.07462686567164178,9.884746442338255e-05
1189,Cat_24,378362,146,56,3,3695,0,56,0.05357142857142857,9.884720317303718e-05
4104,Cat_9,378356,151,61,5,5717,1,61,0.08196721311475409,9.884563567096498e-05
6704,Cat_21,378344,162,61,1,3966,0,61,0.01639344262295082,9.884250066682061e-05
2994,Cat_22,378337,154,57,3,6325,0,57,0.05263157894736842,9.884067191440305e-05
5424,Cat_30,378326,134,50,1,3944,0,50,0.02,9.883779816060403e-05
5883,Cat_2,378315,144,54,1,2313,0,54,0.018518518518518517,9.883492440680502e-05
4859,Cat_23,378310,145,62,1,2639,0,62,0.016129032258064516,9.88336181550782e-05
3598,Cat_6,378292,149,63,4,4271,0,63,0.06349206349206349,9.882891564886162e-05
9523,Cat_11,378290,135,62,3,8480,1,62,0.04838709677419355,9.882839314817089e-05
2577,Cat_14,378289,163,63,5,13374,2,63,0.07936507936507936,9.882813189782553e-05
2634,Cat_25,378287,175,69,1,4156,0,69,0.014492753623188406,9.88276093971348e-05
9730,Cat_26,378254,166,64,1,4506,1,64,0.015625,9.881898813573775e-05
582,Cat_13,378239,135,54,2,4343,0,54,0.037037037037037035,9.881506938055727e-05
1566,Cat_2,378234,146,58,1,1789,0,58,0.017241379310344827,9.881376312883045e-05
1054,Cat_26,378231,150,57,5,10123,2,57,0.08771929824561403,9.881297937779435e-05
8530,Cat_18,378195,153,59,6,15679,1,59,0.1016949152542373,9.88035743653612e-05
652,Cat_20,378185,148,62,3,7977,0,62,0.04838709677419355,9.880096186190755e-05
413,Cat_3,378169,143,55,4,11177,1,55,0.07272727272727272,9.879678185638171e-05
9290,Cat_12,378164,140,64,6,10798,1,64,0.09375,9.879547560465488e-05
9841,Cat_13,378150,142,53,4,13703,2,53,0.07547169811320754,9.879181809981978e-05
3970,Cat_15,378149,151,64,3,9126,1,64,0.046875,9.87915568494744e-05
9965,Cat_12,378133,154,64,1,3385,0,64,0.015625,9.878737684394857e-05
9060,Cat_5,378122,157,66,6,13675,1,66,0.09090909090909091,9.878450309014954e-05
6537,Cat_25,378119,140,56,4,15842,2,56,0.07142857142857142,9.878371933911345e-05
1053,Cat_27,378117,122,48,4,12072,0,48,0.08333333333333333,9.878319683842272e-05
5243,Cat_20,378030,156,65,3,2520,0,65,0.046153846153846156,9.876046805837596e-05
281,Cat_3,378024,154,62,4,12074,2,62,0.06451612903225806,9.875890055630377e-05
1447,Cat_1,378020,144,60,4,11478,1,60,0.06666666666666667,9.875785555492231e-05
3746,Cat_29,378011,135,58,0,0,0,57,0.0,9.875550430181403e-05
3826,Cat_24,377957,151,55,2,456,0,55,0.03636363636363636,9.87413967831643e-05
2233,Cat_22,377944,156,56,3,10621,2,56,0.05357142857142857,9.873800052867456e-05
5013,Cat_1,377929,137,54,3,8077,1,54,0.05555555555555555,9.873408177349408e-05
4301,Cat_15,377922,155,63,3,8379,0,63,0.047619047619047616,9.873225302107653e-05
1650,Cat_24,377920,145,59,3,6604,1,59,0.05084745762711865,9.87317305203858e-05
3765,Cat_30,377905,164,62,3,7621,2,62,0.04838709677419355,9.872781176520531e-05
357,Cat_15,377890,153,59,6,17089,1,59,0.1016949152542373,9.872389301002484e-05
9049,Cat_23,377863,158,62,1,4112,0,62,0.016129032258064516,9.871683925069999e-05
6951,Cat_10,377856,162,66,2,4805,1,66,0.030303030303030304,9.871501049828243e-05
7566,Cat_11,377846,157,58,2,2940,0,58,0.034482758620689655,9.871239799482877e-05
7641,Cat_29,377835,145,58,6,22080,3,58,0.10344827586206896,9.870952424102976e-05
5702,Cat_21,377833,140,56,3,8218,1,56,0.05357142857142857,9.870900174033903e-05
7988,Cat_5,377824,142,51,1,3152,0,51,0.0196078431372549,9.870665048723074e-05
885,Cat_14,377796,143,57,3,5850,0,57,0.05263157894736842,9.869933547756052e-05
9667,Cat_7,377785,173,68,3,6628,1,68,0.04411764705882353,9.869646172376151e-05
2674,Cat_25,377752,157,59,2,6708,2,59,0.03389830508474576,9.868784046236446e-05
129,Cat_18,377751,145,55,2,4932,0,55,0.03636363636363636,9.868757921201909e-05
3832,Cat_27,377748,144,59,2,3274,0,59,0.03389830508474576,9.8686795460983e-05
4050,Cat_17,377728,129,58,3,8795,1,58,0.05172413793103448,9.86815704540757e-05
783,Cat_10,377715,140,52,4,10055,0,52,0.07692307692307693,9.867817419958594e-05
9027,Cat_6,377709,153,58,5,11146,1,58,0.08620689655172414,9.867660669751376e-05
8299,Cat_8,377689,141,59,3,10175,1,59,0.05084745762711865,9.867138169060645e-05
9163,Cat_8,377685,171,66,1,3610,1,66,0.015151515151515152,9.867033668922499e-05
9381,Cat_8,377638,155,63,5,13785,3,63,0.07936507936507936,9.865805792299283e-05
5736,Cat_13,377632,143,56,3,6162,0,56,0.05357142857142857,9.865649042092064e-05
4981,Cat_20,377627,145,61,3,10512,1,61,0.04918032786885246,9.865518416919382e-05
6908,Cat_16,377627,144,54,2,5930,0,54,0.037037037037037035,9.865518416919382e-05
5262,Cat_7,377625,139,55,1,2210,0,55,0.01818181818181818,9.865466166850309e-05
1695,Cat_19,377613,140,60,3,5697,0,60,0.05,9.86515266643587e-05
3272,Cat_4,377584,127,53,2,5959,0,53,0.03773584905660377,9.864395040434311e-05
9122,Cat_6,377575,139,51,2,5780,1,51,0.0392156862745098,9.864159915123483e-05
724,Cat_26,377574,153,56,3,8310,0,56,0.05357142857142857,9.864133790088946e-05
6765,Cat_17,377572,142,62,2,4669,1,62,0.03225806451612903,9.864081540019874e-05
6154,Cat_27,377562,156,66,2,5120,0,66,0.030303030303030304,9.863820289674509e-05
2527,Cat_4,377557,146,55,2,4833,2,55,0.03636363636363636,9.863689664501825e-05
6516,Cat_19,377550,140,56,2,7861,1,56,0.03571428571428571,9.86350678926007e-05
3972,Cat_11,377542,155,61,4,15467,1,61,0.06557377049180328,9.863297788983778e-05
7270,Cat_11,377536,147,59,3,4498,0,59,0.05084745762711865,9.863141038776558e-05
195,Cat_9,377517,138,53,1,977,0,53,0.018867924528301886,9.862644663120365e-05
8644,Cat_11,377513,147,62,2,2662,0,62,0.03225806451612903,9.86254016298222e-05
9479,Cat_9,377485,151,64,4,12011,1,64,0.0625,9.861808662015197e-05
4219,Cat_15,377479,148,64,2,7096,0,64,0.03125,9.861651911807977e-05
74,Cat_13,377471,138,55,2,5235,1,55,0.03636363636363636,9.861442911531686e-05
6920,Cat_26,377444,142,56,2,5059,0,56,0.03571428571428571,9.8607375355992e-05
2149,Cat_6,377436,151,62,2,9227,1,62,0.03225806451612903,9.860528535322908e-05
7680,Cat_18,377436,150,60,6,16590,0,60,0.1,9.860528535322908e-05
3064,Cat_30,377429,155,64,5,13991,2,64,0.078125,9.860345660081153e-05
9646,Cat_11,377428,164,63,2,7892,0,63,0.031746031746031744,9.860319535046615e-05
7122,Cat_23,377418,143,59,2,3064,0,59,0.03389830508474576,9.86005828470125e-05
7998,Cat_21,377409,153,59,0,0,0,59,0.0,9.859823159390422e-05
3469,Cat_10,377386,142,56,3,5050,1,56,0.05357142857142857,9.859222283596082e-05
1186,Cat_21,377377,153,60,5,15851,1,60,0.08333333333333333,9.858987158285254e-05
4647,Cat_28,377369,144,58,2,6847,0,58,0.034482758620689655,9.858778158008961e-05
1377,Cat_8,377345,152,62,3,10379,2,62,0.04838709677419355,9.858151157180085e-05
9992,Cat_6,377302,161,65,4,22505,4,65,0.06153846153846154,9.857027780695015e-05
8732,Cat_6,377300,143,57,1,4745,1,57,0.017543859649122806,9.856975530625943e-05
7462,Cat_8,377289,150,60,2,2598,1,60,0.03333333333333333,9.85668815524604e-05
2404,Cat_9,377283,143,61,5,12820,1,61,0.08196721311475409,9.856531405038821e-05
1801,Cat_12,377279,147,62,1,3235,0,62,0.016129032258064516,9.856426904900676e-05
5488,Cat_10,377270,129,51,4,10799,1,51,0.0784313725490196,9.856191779589846e-05
5073,Cat_16,377267,131,50,4,6463,0,50,0.08,9.856113404486238e-05
1489,Cat_13,377250,139,53,6,14850,1,53,0.11320754716981132,9.855669278899117e-05
2823,Cat_21,377238,140,57,2,9821,0,57,0.03508771929824561,9.855355778484678e-05
4191,Cat_15,377223,138,55,5,15545,2,55,0.09090909090909091,9.854963902966631e-05
9263,Cat_18,377206,145,55,1,1663,0,55,0.01818181818181818,9.85451977737951e-05
2009,Cat_26,377190,178,70,2,6741,1,70,0.02857142857142857,9.854101776826925e-05
8227,Cat_16,377179,151,57,2,3611,0,57,0.03508771929824561,9.853814401447024e-05
8432,Cat_18,377175,140,62,0,0,0,62,0.0,9.853709901308878e-05
8797,Cat_6,377166,174,67,6,17678,2,67,0.08955223880597014,9.85347477599805e-05
2718,Cat_6,377154,136,51,0,0,0,51,0.0,9.853161275583611e-05
9949,Cat_19,377104,139,53,1,1486,0,53,0.018867924528301886,9.851855023856787e-05
1822,Cat_20,377089,126,50,3,8934,1,50,0.06,9.851463148338738e-05
2226,Cat_5,377085,157,62,5,15379,1,62,0.08064516129032258,9.851358648200593e-05
9616,Cat_26,377071,143,61,2,5891,0,61,0.03278688524590164,9.850992897717081e-05
7385,Cat_1,377052,138,60,3,3193,1,60,0.05,9.850496522060887e-05
7823,Cat_21,377035,152,67,2,4386,1,67,0.029850746268656716,9.850052396473767e-05
3773,Cat_24,377031,157,62,2,5684,0,62,0.03225806451612903,9.84994789633562e-05
1538,Cat_27,377015,161,70,3,11779,2,70,0.04285714285714286,9.849529895783036e-05
1187,Cat_13,376981,145,56,4,12455,0,56,0.07142857142857142,9.848641644608795e-05
9810,Cat_1,376980,127,55,5,15065,2,55,0.09090909090909091,9.848615519574259e-05
2199,Cat_1,376970,134,55,2,7378,1,55,0.03636363636363636,9.848354269228893e-05
5932,Cat_19,376956,134,52,4,9637,1,52,0.07692307692307693,9.847988518745382e-05
2552,Cat_22,376941,161,57,2,1717,0,57,0.03508771929824561,9.847596643227334e-05
6578,Cat_15,376927,155,56,2,6941,0,56,0.03571428571428571,9.847230892743824e-05
8548,Cat_27,376927,139,59,4,9996,3,59,0.06779661016949153,9.847230892743824e-05
1323,Cat_3,376905,139,61,5,17530,1,61,0.08196721311475409,9.84665614198402e-05
922,Cat_4,376890,130,55,2,1578,0,55,0.03636363636363636,9.846264266465972e-05
4248,Cat_25,376875,147,54,3,5864,2,54,0.05555555555555555,9.845872390947925e-05
4990,Cat_26,376864,152,60,2,4914,1,60,0.03333333333333333,9.845585015568023e-05
8855,Cat_7,376862,145,59,3,6403,1,59,0.05084745762711865,9.84553276549895e-05
6351,Cat_11,376862,150,60,2,3915,1,60,0.03333333333333333,9.84553276549895e-05
7315,Cat_17,376820,152,63,1,2358,0,63,0.015873015873015872,9.844435514048417e-05
3808,Cat_3,376814,158,66,3,10677,3,66,0.045454545454545456,9.844278763841197e-05
9001,Cat_24,376791,134,55,7,21615,3,55,0.12727272727272726,9.843677888046858e-05
8444,Cat_14,376778,152,57,4,11978,1,57,0.07017543859649122,9.843338262597883e-05
6416,Cat_24,376727,155,61,4,13957,1,61,0.06557377049180328,9.842005885836521e-05
7587,Cat_13,376717,157,66,3,5768,1,66,0.045454545454545456,9.841744635491156e-05
2339,Cat_11,376713,143,56,2,2411,0,56,0.03571428571428571,9.84164013535301e-05
6751,Cat_20,376685,148,58,2,5431,2,58,0.034482758620689655,9.840908634385988e-05
7967,Cat_3,376682,152,63,2,7503,1,63,0.031746031746031744,9.840830259282377e-05
255,Cat_19,376654,148,56,2,6070,0,56,0.03571428571428571,9.840098758315355e-05
7580,Cat_12,376650,154,63,2,3878,0,63,0.031746031746031744,9.839994258177209e-05
1773,Cat_14,376607,146,62,4,13070,2,62,0.06451612903225806,9.83887088169214e-05
3404,Cat_22,376587,154,63,3,7406,0,63,0.047619047619047616,9.838348381001409e-05
8,Cat_30,376531,158,62,5,6341,1,62,0.08064516129032258,9.836885379067365e-05
5970,Cat_21,376530,143,56,5,14439,1,56,0.08928571428571429,9.836859254032828e-05
576,Cat_26,376525,144,55,2,5783,0,55,0.03636363636363636,9.836728628860146e-05
8825,Cat_7,376520,136,51,1,664,0,51,0.0196078431372549,9.836598003687464e-05
6336,Cat_8,376499,166,65,6,15044,2,65,0.09230769230769231,9.836049377962197e-05
3399,Cat_7,376483,149,61,1,2350,1,61,0.01639344262295082,9.835631377409612e-05
9626,Cat_22,376439,156,62,2,9870,1,62,0.03225806451612903,9.834481875890005e-05
7384,Cat_8,376423,133,56,3,9722,1,56,0.05357142857142857,9.834063875337422e-05
5315,Cat_11,376413,140,54,5,7555,1,54,0.09259259259259259,9.833802624992056e-05
7209,Cat_27,376400,144,57,4,6673,1,57,0.07017543859649122,9.833462999543082e-05
3548,Cat_7,376344,159,62,4,11245,1,62,0.06451612903225806,9.831999997609037e-05
3592,Cat_28,376324,133,54,3,7999,1,54,0.05555555555555555,9.831477496918307e-05
8206,Cat_5,376315,137,57,3,8806,0,57,0.05263157894736842,9.831242371607478e-05
4802,Cat_10,376291,147,58,4,4458,1,58,0.06896551724137931,9.830615370778602e-05
6674,Cat_21,376277,150,62,2,3981,0,62,0.03225806451612903,9.83024962029509e-05
3084,Cat_5,376254,147,60,4,15602,1,60,0.06666666666666667,9.82964874450075e-05
1576,Cat_7,376253,159,65,4,12817,2,65,0.06153846153846154,9.829622619466214e-05
1552,Cat_12,376241,144,60,4,11831,2,60,0.06666666666666667,9.829309119051776e-05
6536,Cat_29,376205,146,57,1,566,0,57,0.017543859649122806,9.828368617808462e-05
809,Cat_6,376185,142,58,4,3760,0,58,0.06896551724137931,9.827846117117732e-05
7248,Cat_25,376172,155,65,2,5993,2,65,0.03076923076923077,9.827506491668756e-05
5806,Cat_19,376170,137,55,2,9082,0,55,0.03636363636363636,9.827454241599684e-05
1581,Cat_5,376170,157,64,1,2100,0,64,0.015625,9.827454241599684e-05
9271,Cat_6,376168,162,66,2,7767,1,66,0.030303030303030304,9.827401991530611e-05
6175,Cat_22,376151,166,67,7,17772,0,67,0.1044776119402985,9.82695786594349e-05
8628,Cat_27,376147,180,69,3,10485,3,69,0.043478260869565216,9.826853365805345e-05
9279,Cat_19,376113,142,60,2,4657,0,60,0.03333333333333333,9.825965114631102e-05
6205,Cat_3,376111,156,66,5,10673,0,66,0.07575757575757576,9.82591286456203e-05
710,Cat_26,376062,134,54,3,10028,2,54,0.05555555555555555,9.82463273786974e-05
194,Cat_21,376037,125,51,1,3775,0,51,0.0196078431372549,9.823979612006327e-05
6142,Cat_10,376026,143,53,2,4180,0,53,0.03773584905660377,9.823692236626426e-05
3213,Cat_27,375990,160,63,2,6965,0,63,0.031746031746031744,9.822751735383111e-05
8257,Cat_4,375986,141,50,3,6407,1,50,0.06,9.822647235244965e-05
3045,Cat_29,375976,155,58,2,5159,1,58,0.034482758620689655,9.8223859848996e-05
121,Cat_29,375974,157,65,3,7561,0,65,0.046153846153846156,9.822333734830528e-05
8731,Cat_16,375939,144,64,2,7042,0,64,0.03125,9.82141935862175e-05
5325,Cat_18,375937,154,62,5,11588,2,62,0.08064516129032258,9.821367108552677e-05
2218,Cat_25,375906,140,59,8,15904,2,59,0.13559322033898305,9.820557232482044e-05
8582,Cat_25,375902,144,57,2,6567,1,57,0.03508771929824561,9.820452732343898e-05
9246,Cat_5,375839,153,67,0,0,0,67,0.0,9.818806855168098e-05
1706,Cat_9,375826,147,60,7,17317,0,60,0.11666666666666667,9.818467229719123e-05
4419,Cat_4,375823,125,53,4,11953,1,53,0.07547169811320754,9.818388854615514e-05
8067,Cat_28,375809,131,57,4,11110,2,57,0.07017543859649122,9.818023104132003e-05
4355,Cat_20,375801,119,45,0,0,0,45,0.0,9.81781410385571e-05
3516,Cat_14,375785,161,66,6,15291,0,66,0.09090909090909091,9.817396103303127e-05
6507,Cat_6,375780,133,50,1,2682,0,50,0.02,9.817265478130445e-05
5613,Cat_5,375765,148,56,2,923,0,56,0.03571428571428571,9.816873602612396e-05
4423,Cat_28,375761,142,57,7,18218,3,57,0.12280701754385964,9.816769102474251e-05
2974,Cat_28,375748,136,55,3,10711,1,55,0.05454545454545454,9.816429477025275e-05
691,Cat_19,375746,122,49,2,1466,0,49,0.04081632653061224,9.816377226956202e-05
8349,Cat_15,375734,138,61,3,8258,2,61,0.04918032786885246,9.816063726541765e-05
3162,Cat_21,375727,154,55,2,8059,1,55,0.03636363636363636,9.815880851300008e-05
965,Cat_3,375727,142,59,5,11407,0,59,0.0847457627118644,9.815880851300008e-05
5472,Cat_7,375696,137,54,1,4048,0,54,0.018518518518518517,9.815070975229378e-05
3531,Cat_13,375696,162,63,3,9184,0,63,0.047619047619047616,9.815070975229378e-05
9917,Cat_30,375695,144,58,0,0,0,58,0.0,9.81504485019484e-05
7883,Cat_16,375683,169,65,2,2440,0,65,0.03076923076923077,9.814731349780403e-05
331,Cat_15,375656,134,53,6,9606,0,53,0.11320754716981132,9.814025973847917e-05
2353,Cat_13,375645,140,60,2,7071,1,60,0.03333333333333333,9.813738598468014e-05
9865,Cat_7,375619,159,69,2,4903,2,69,0.028985507246376812,9.813059347570066e-05
7762,Cat_7,375609,147,53,5,17912,2,53,0.09433962264150944,9.8127980972247e-05
5235,Cat_30,375571,126,54,2,2001,0,54,0.037037037037037035,9.811805345912313e-05
7799,Cat_18,375568,126,52,1,4395,0,51,0.019230769230769232,9.811726970808704e-05
1668,Cat_16,375564,133,60,0,0,0,60,0.0,9.811622470670557e-05
107,Cat_14,375557,131,55,6,17547,2,55,0.10909090909090909,9.811439595428802e-05
1519,Cat_11,375546,147,55,2,7370,2,55,0.03636363636363636,9.811152220048901e-05
5845,Cat_20,375541,152,58,4,10040,1,58,0.06896551724137931,9.811021594876218e-05
9473,Cat_12,375535,153,58,1,5765,1,58,0.017241379310344827,9.810864844668998e-05
6467,Cat_13,375524,138,55,3,9832,1,55,0.05454545454545454,9.810577469289097e-05
3889,Cat_6,375520,160,61,1,3923,0,61,0.01639344262295082,9.810472969150951e-05
67,Cat_19,375413,150,56,2,5369,1,56,0.03571428571428571,9.807677590455544e-05
6151,Cat_12,375400,157,65,4,9645,0,65,0.06153846153846154,9.807337965006569e-05
5132,Cat_24,375397,143,58,2,7200,1,58,0.034482758620689655,9.80725958990296e-05
2941,Cat_4,375374,147,61,6,15696,2,61,0.09836065573770492,9.80665871410862e-05
6447,Cat_22,375338,136,54,3,9899,1,54,0.05555555555555555,9.805718212865306e-05
9976,Cat_10,375326,165,64,3,7541,2,64,0.046875,9.805404712450867e-05
968,Cat_15,375323,140,62,3,7638,0,62,0.04838709677419355,9.805326337347259e-05
8562,Cat_21,375311,154,62,3,11389,1,62,0.04838709677419355,9.80501283693282e-05
3355,Cat_13,375273,143,59,4,12176,0,59,0.06779661016949153,9.804020085620433e-05
8616,Cat_18,375271,137,56,2,4127,0,56,0.03571428571428571,9.80396783555136e-05
4636,Cat_15,375264,139,56,2,5851,1,56,0.03571428571428571,9.803784960309604e-05
9511,Cat_30,375263,156,59,0,0,0,59,0.0,9.803758835275067e-05
4196,Cat_6,375239,142,64,3,6068,1,64,0.046875,9.803131834446191e-05
7226,Cat_3,375235,157,63,2,4199,2,63,0.031746031746031744,9.803027334308045e-05
4503,Cat_9,375227,142,59,2,1723,0,59,0.03389830508474576,9.802818334031753e-05
8755,Cat_5,375224,137,53,2,6115,1,53,0.03773584905660377,9.802739958928144e-05
9348,Cat_8,375215,143,49,4,12381,1,49,0.08163265306122448,9.802504833617316e-05
1196,Cat_20,375208,158,64,4,8237,2,64,0.0625,9.802321958375559e-05
1546,Cat_27,375197,151,58,1,3545,0,58,0.017241379310344827,9.802034582995658e-05
1825,Cat_5,375167,154,62,2,7052,1,62,0.03225806451612903,9.801250831959563e-05
5153,Cat_17,375145,152,64,1,574,1,64,0.015625,9.800676081199759e-05
6329,Cat_12,375134,157,68,5,13495,0,68,0.07352941176470588,9.800388705819857e-05
5039,Cat_28,375133,140,60,0,0,0,60,0.0,9.800362580785321e-05
2154,Cat_16,375119,145,64,5,13651,2,64,0.078125,9.79999683030181e-05
9081,Cat_5,375118,156,65,2,4895,1,65,0.03076923076923077,9.799970705267274e-05
2887,Cat_25,375108,155,59,2,1749,1,59,0.03389830508474576,9.799709454921908e-05
3430,Cat_15,375083,133,53,3,10811,0,53,0.05660377358490566,9.799056329058495e-05
7573,Cat_9,375081,149,62,5,16032,1,62,0.08064516129032258,9.799004078989422e-05
596,Cat_6,375022,155,65,0,0,0,65,0.0,9.797462701951768e-05
8781,Cat_9,374986,130,54,3,5903,0,54,0.05555555555555555,9.796522200708454e-05
8946,Cat_7,374981,153,65,0,0,0,65,0.0,9.796391575535772e-05
4994,Cat_20,374969,143,55,3,4127,1,55,0.05454545454545454,9.796078075121333e-05
2084,Cat_1,374968,130,56,3,4587,0,56,0.05357142857142857,9.796051950086796e-05
7724,Cat_24,374968,156,58,2,3712,0,58,0.034482758620689655,9.796051950086796e-05
1580,Cat_9,374956,151,53,3,3747,1,53,0.05660377358490566,9.795738449672359e-05
1276,Cat_17,374945,141,60,2,1397,0,60,0.03333333333333333,9.795451074292456e-05
9330,Cat_14,374934,137,52,0,0,0,52,0.0,9.795163698912555e-05
8766,Cat_1,374927,143,59,3,10457,1,59,0.05084745762711865,9.7949808236708e-05
6545,Cat_24,374924,154,58,3,8895,0,58,0.05172413793103448,9.794902448567189e-05
3792,Cat_22,374909,158,64,2,3907,0,64,0.03125,9.794510573049142e-05
3916,Cat_1,374906,139,56,1,1370,0,56,0.017857142857142856,9.794432197945533e-05
2083,Cat_11,374835,131,51,4,12747,0,51,0.0784313725490196,9.79257732049344e-05
8564,Cat_16,374818,124,49,2,4658,0,49,0.04081632653061224,9.79213319490632e-05
8021,Cat_25,374796,150,58,0,0,0,58,0.0,9.791558444146517e-05
8246,Cat_10,374764,148,60,4,14359,1,60,0.06666666666666667,9.790722443041349e-05
1247,Cat_11,374749,153,66,4,14834,2,66,0.06060606060606061,9.7903305675233e-05
4001,Cat_7,374742,143,60,3,9618,2,60,0.05,9.790147692281545e-05
3395,Cat_30,374673,141,59,2,3090,0,59,0.03389830508474576,9.788345064898525e-05
9218,Cat_30,374670,152,68,5,13310,2,68,0.07352941176470588,9.788266689794916e-05
1083,Cat_17,374664,134,56,4,8852,1,56,0.07142857142857142,9.788109939587697e-05
6844,Cat_15,374658,144,55,3,6006,0,55,0.05454545454545454,9.787953189380477e-05
3013,Cat_27,374636,146,63,3,7799,0,63,0.047619047619047616,9.787378438620675e-05
9373,Cat_25,374634,159,61,5,20048,0,61,0.08196721311475409,9.787326188551602e-05
4609,Cat_23,374597,160,58,3,11312,0,58,0.05172413793103448,9.78635956227375e-05
507,Cat_10,374593,125,57,4,6331,0,57,0.07017543859649122,9.786255062135604e-05
1726,Cat_22,374589,148,62,6,10377,2,62,0.0967741935483871,9.786150561997459e-05
3424,Cat_18,374570,144,54,1,3168,0,54,0.018518518518518517,9.785654186341265e-05
9389,Cat_2,374535,167,57,2,3623,0,57,0.03508771929824561,9.784739810132487e-05
660,Cat_19,374535,140,56,3,7868,1,56,0.05357142857142857,9.784739810132487e-05
9281,Cat_8,374514,163,61,3,8793,1,61,0.04918032786885246,9.78419118440722e-05
6033,Cat_20,374501,130,58,7,18333,3,58,0.1206896551724138,9.783851558958246e-05
6485,Cat_10,374497,157,63,3,7166,0,63,0.047619047619047616,9.7837470588201e-05
9684,Cat_21,374494,154,55,1,2706,0,55,0.01818181818181818,9.78366868371649e-05
3141,Cat_22,374470,144,58,5,14882,0,58,0.08620689655172414,9.783041682887613e-05
3901,Cat_13,374440,140,54,5,9519,1,54,0.09259259259259259,9.782257931851518e-05
8986,Cat_7,374436,145,58,2,4967,0,58,0.034482758620689655,9.782153431713372e-05
7677,Cat_18,374431,160,62,3,7416,0,62,0.04838709677419355,9.78202280654069e-05
7492,Cat_21,374422,123,55,3,5739,1,55,0.05454545454545454,9.78178768122986e-05
4945,Cat_23,374422,154,56,1,51,0,56,0.017857142857142856,9.78178768122986e-05
2040,Cat_23,374404,136,54,1,1304,0,54,0.018518518518518517,9.781317430608204e-05
2273,Cat_25,374389,146,61,2,4522,0,61,0.03278688524590164,9.780925555090156e-05
2808,Cat_1,374379,136,53,1,3387,1,53,0.018867924528301886,9.780664304744791e-05
1658,Cat_30,374373,149,57,3,7307,1,57,0.05263157894736842,9.780507554537572e-05
8212,Cat_4,374369,155,60,4,11682,1,60,0.06666666666666667,9.780403054399426e-05
1303,Cat_9,374350,153,63,2,8500,0,63,0.031746031746031744,9.779906678743232e-05
4947,Cat_11,374307,142,52,6,18406,1,52,0.11538461538461539,9.778783302258162e-05
4156,Cat_30,374300,150,63,2,1634,0,63,0.031746031746031744,9.778600427016406e-05
1123,Cat_17,374289,138,57,6,12540,1,57,0.10526315789473684,9.778313051636504e-05
2017,Cat_4,374286,148,63,2,7307,0,63,0.031746031746031744,9.778234676532896e-05
1257,Cat_17,374218,166,64,6,9769,1,64,0.09375,9.776458174184413e-05
5737,Cat_11,374214,151,68,4,12977,1,68,0.058823529411764705,9.776353674046267e-05
525,Cat_22,374213,151,62,1,1793,0,62,0.016129032258064516,9.77632754901173e-05
283,Cat_2,374194,143,51,3,4804,0,51,0.058823529411764705,9.775831173355536e-05
3652,Cat_13,374194,148,56,3,5183,0,56,0.05357142857142857,9.775831173355536e-05
8672,Cat_15,374180,146,64,2,5249,1,64,0.03125,9.775465422872026e-05
9299,Cat_25,374153,142,59,0,0,0,59,0.0,9.77476004693954e-05
4480,Cat_10,374143,159,63,0,0,0,63,0.0,9.774498796594174e-05
8350,Cat_2,374131,175,73,5,14483,1,73,0.0684931506849315,9.774185296179736e-05
9303,Cat_16,374124,150,66,3,5361,0,66,0.045454545454545456,9.77400242093798e-05
864,Cat_8,374110,155,65,2,3419,1,65,0.03076923076923077,9.773636670454469e-05
469,Cat_1,374063,150,60,3,6658,1,60,0.05,9.772408793831253e-05
6363,Cat_17,374038,155,57,4,6243,0,57,0.07017543859649122,9.77175566796784e-05
2342,Cat_24,374032,150,60,1,4573,0,60,0.016666666666666666,9.771598917760621e-05
658,Cat_20,374031,148,60,1,2806,0,60,0.016666666666666666,9.771572792726085e-05
3403,Cat_11,374020,141,54,5,16253,1,54,0.09259259259259259,9.771285417346184e-05
2078,Cat_27,373993,153,61,4,6360,1,61,0.06557377049180328,9.770580041413698e-05
6603,Cat_21,373992,120,57,4,10167,1,57,0.07017543859649122,9.77055391637916e-05
1817,Cat_19,373973,125,52,2,8427,0,52,0.038461538461538464,9.770057540722967e-05
5373,Cat_11,373958,171,69,2,3624,0,69,0.028985507246376812,9.769665665204919e-05
3191,Cat_18,373950,141,58,4,11353,1,58,0.06896551724137931,9.769456664928627e-05
3943,Cat_19,373906,147,58,3,10753,0,58,0.05172413793103448,9.768307163409021e-05
9323,Cat_19,373906,148,60,8,29516,3,60,0.13333333333333333,9.768307163409021e-05
4404,Cat_18,373902,160,66,2,6044,2,66,0.030303030303030304,9.768202663270875e-05
3473,Cat_3,373860,146,58,3,7763,0,58,0.05172413793103448,9.767105411820342e-05
9077,Cat_3,373837,159,59,1,1479,0,59,0.01694915254237288,9.766504536026002e-05
4850,Cat_5,373826,159,57,2,5313,1,57,0.03508771929824561,9.7662171606461e-05
9758,Cat_26,373787,155,60,1,4666,1,60,0.016666666666666666,9.765198284299176e-05
7279,Cat_5,373773,154,61,4,7308,1,61,0.06557377049180328,9.764832533815665e-05
9053,Cat_19,373772,153,62,6,7491,1,62,0.0967741935483871,9.764806408781128e-05
343,Cat_28,373770,141,56,1,1539,0,56,0.017857142857142856,9.764754158712055e-05
1255,Cat_26,373745,160,61,5,13607,0,61,0.08196721311475409,9.764101032848642e-05
2059,Cat_1,373741,169,71,4,7023,1,71,0.056338028169014086,9.763996532710496e-05
5735,Cat_29,373737,145,59,4,10267,1,59,0.06779661016949153,9.76389203257235e-05
3710,Cat_5,373730,129,52,3,6434,0,52,0.057692307692307696,9.763709157330595e-05
6717,Cat_29,373700,158,67,4,9722,2,67,0.05970149253731343,9.7629254062945e-05
1865,Cat_27,373697,155,68,2,6887,0,68,0.029411764705882353,9.762847031190889e-05
2615,Cat_22,373657,124,54,2,4513,1,54,0.037037037037037035,9.76180202980943e-05
7861,Cat_24,373622,149,59,4,9745,0,59,0.06779661016949153,9.760887653600652e-05
2773,Cat_28,373599,150,58,7,16895,2,58,0.1206896551724138,9.760286777806312e-05
9003,Cat_15,373586,147,62,4,11297,2,62,0.06451612903225806,9.759947152357337e-05
6654,Cat_12,373571,144,53,1,2418,0,53,0.018867924528301886,9.75955527683929e-05
502,Cat_6,373549,136,52,2,3973,0,52,0.038461538461538464,9.758980526079486e-05
3909,Cat_7,373542,166,63,4,6187,1,63,0.06349206349206349,9.75879765083773e-05
10000,Cat_1,373514,140,59,2,8501,1,59,0.03389830508474576,9.758066149870709e-05
776,Cat_1,373513,159,64,2,2933,1,64,0.03125,9.758040024836171e-05
3187,Cat_19,373493,137,54,3,8447,0,54,0.05555555555555555,9.757517524145442e-05
8534,Cat_15,373472,157,64,2,6155,0,64,0.03125,9.756968898420175e-05
4338,Cat_5,373472,164,63,7,17166,2,63,0.1111111111111111,9.756968898420175e-05
1335,Cat_22,373458,155,65,2,5447,1,65,0.03076923076923077,9.756603147936663e-05
8604,Cat_14,373447,156,61,4,7874,3,61,0.06557377049180328,9.756315772556762e-05
6471,Cat_21,373441,131,54,3,8632,1,54,0.05555555555555555,9.756159022349543e-05
1460,Cat_3,373426,139,66,6,13479,3,66,0.09090909090909091,9.755767146831495e-05
8420,Cat_10,373422,141,58,2,5288,0,58,0.034482758620689655,9.755662646693349e-05
5248,Cat_23,373404,152,59,5,11735,1,58,0.0847457627118644,9.755192396071691e-05
8155,Cat_30,373380,151,64,2,1902,0,64,0.03125,9.754565395242815e-05
7024,Cat_24,373366,131,53,5,11726,0,53,0.09433962264150944,9.754199644759304e-05
5110,Cat_12,373333,147,59,3,6970,0,59,0.05084745762711865,9.7533375186196e-05
941,Cat_20,373331,141,59,6,16515,2,59,0.1016949152542373,9.753285268550527e-05
7090,Cat_6,373317,147,60,2,5769,1,60,0.03333333333333333,9.752919518067015e-05
5254,Cat_6,373307,158,65,1,1863,0,65,0.015384615384615385,9.75265826772165e-05
7468,Cat_30,373287,131,57,1,4316,0,57,0.017543859649122806,9.75213576703092e-05
2546,Cat_6,373245,137,49,1,1599,0,49,0.02040816326530612,9.751038515580386e-05
9962,Cat_3,373243,134,54,2,4441,1,54,0.037037037037037035,9.750986265511313e-05
855,Cat_2,373239,150,63,3,9927,2,63,0.047619047619047616,9.750881765373167e-05
1745,Cat_5,373236,137,57,3,7713,1,57,0.05263157894736842,9.750803390269558e-05
2868,Cat_11,373227,159,62,2,6845,0,62,0.03225806451612903,9.75056826495873e-05
4190,Cat_14,373218,149,56,8,21140,2,56,0.14285714285714285,9.7503331396479e-05
2161,Cat_29,373206,145,58,3,4843,0,58,0.05172413793103448,9.750019639233463e-05
7642,Cat_23,373185,138,53,4,13378,0,53,0.07547169811320754,9.749471013508196e-05
7776,Cat_10,373181,136,54,7,13845,2,54,0.12962962962962962,9.74936651337005e-05
5428,Cat_27,373176,152,62,3,8458,0,62,0.04838709677419355,9.749235888197367e-05
2827,Cat_18,373151,149,60,2,5405,0,60,0.03333333333333333,9.748582762333954e-05
4711,Cat_13,373150,164,61,3,4337,0,61,0.04918032786885246,9.748556637299418e-05
2116,Cat_28,373084,160,64,4,13837,2,64,0.0625,9.746832385020008e-05
6050,Cat_27,373076,145,57,3,6004,0,57,0.05263157894736842,9.746623384743716e-05
8789,Cat_18,373076,125,54,4,6863,0,54,0.07407407407407407,9.746623384743716e-05
8600,Cat_27,373034,154,54,3,6818,0,54,0.05555555555555555,9.745526133293182e-05
6965,Cat_13,373016,142,61,1,229,0,61,0.01639344262295082,9.745055882671525e-05
761,Cat_18,373009,153,61,4,14860,1,61,0.06557377049180328,9.74487300742977e-05
9806,Cat_9,372991,135,54,1,2208,0,54,0.018518518518518517,9.744402756808113e-05
9021,Cat_16,372984,137,55,2,3313,0,55,0.03636363636363636,9.744219881566356e-05
2553,Cat_9,372940,131,55,2,2999,0,55,0.03636363636363636,9.74307038004675e-05
4944,Cat_12,372894,162,64,7,11086,1,64,0.109375,9.741868628458071e-05
8204,Cat_27,372890,161,58,4,13513,2,58,0.06896551724137931,9.741764128319925e-05
4818,Cat_28,372886,157,62,2,7313,0,62,0.03225806451612903,9.741659628181779e-05
4726,Cat_19,372875,154,65,3,9605,2,65,0.046153846153846156,9.741372252801878e-05
4389,Cat_21,372855,159,65,5,17853,2,65,0.07692307692307693,9.740849752111147e-05
5929,Cat_26,372846,136,58,0,0,0,58,0.0,9.740614626800318e-05
8144,Cat_13,372826,145,62,2,763,0,62,0.03225806451612903,9.740092126109588e-05
1824,Cat_12,372822,146,59,3,2351,0,59,0.05084745762711865,9.739987625971441e-05
9168,Cat_9,372812,136,61,3,8767,0,61,0.04918032786885246,9.739726375626077e-05
3778,Cat_4,372800,145,55,3,11089,2,55,0.05454545454545454,9.739412875211639e-05
695,Cat_25,372794,156,64,3,8134,1,64,0.046875,9.73925612500442e-05
6685,Cat_6,372786,150,58,3,1987,1,58,0.05172413793103448,9.739047124728127e-05
7591,Cat_21,372783,142,62,2,8881,1,62,0.03225806451612903,9.738968749624518e-05
2732,Cat_28,372707,157,61,2,5306,1,61,0.03278688524590164,9.736983246999743e-05
3694,Cat_28,372698,137,59,3,10768,1,59,0.05084745762711865,9.736748121688915e-05
9843,Cat_29,372696,145,57,2,2970,1,57,0.03508771929824561,9.736695871619842e-05
2287,Cat_5,372678,162,60,1,4855,0,60,0.016666666666666666,9.736225620998184e-05
2162,Cat_10,372657,142,56,5,13642,2,56,0.08928571428571429,9.735676995272917e-05
4607,Cat_23,372651,148,57,1,2584,0,57,0.017543859649122806,9.735520245065698e-05
6008,Cat_21,372646,170,66,2,4500,1,66,0.030303030303030304,9.735389619893016e-05
8379,Cat_21,372642,173,69,5,12769,2,69,0.07246376811594203,9.73528511975487e-05
9812,Cat_1,372626,154,61,2,5438,1,61,0.03278688524590164,9.734867119202285e-05
8829,Cat_26,372623,145,62,2,4646,0,62,0.03225806451612903,9.734788744098676e-05
76,Cat_1,372623,135,58,4,9477,0,58,0.06896551724137931,9.734788744098676e-05
936,Cat_16,372601,137,57,1,3373,0,57,0.017543859649122806,9.734213993338873e-05
9567,Cat_25,372575,149,59,1,1048,0,59,0.01694915254237288,9.733534742440923e-05
6791,Cat_7,372570,143,56,2,7452,0,56,0.03571428571428571,9.733404117268241e-05
9313,Cat_27,372555,142,55,2,7284,0,55,0.03636363636363636,9.733012241750194e-05
8295,Cat_9,372534,143,53,1,1289,0,53,0.018867924528301886,9.732463616024927e-05
9261,Cat_2,372481,163,65,2,3979,0,65,0.03076923076923077,9.731078989194492e-05
1759,Cat_26,372477,145,62,1,4838,0,62,0.016129032258064516,9.730974489056346e-05
4727,Cat_10,372469,157,63,2,3967,1,63,0.031746031746031744,9.730765488780053e-05
7838,Cat_20,372469,165,59,3,6892,2,59,0.05084745762711865,9.730765488780053e-05
9009,Cat_14,372462,165,65,6,12913,3,65,0.09230769230769231,9.730582613538298e-05
7286,Cat_11,372446,138,61,7,28098,1,61,0.11475409836065574,9.730164612985713e-05
2297,Cat_3,372426,148,61,2,4603,0,61,0.03278688524590164,9.729642112294984e-05
6179,Cat_14,372416,134,52,2,4202,1,52,0.038461538461538464,9.729380861949618e-05
5632,Cat_14,372375,168,64,1,328,0,64,0.015625,9.72830973553362e-05
2203,Cat_3,372366,130,52,1,745,0,52,0.019230769230769232,9.728074610222792e-05
882,Cat_22,372350,148,57,2,5848,0,57,0.03508771929824561,9.727656609670209e-05
1655,Cat_26,372336,155,66,2,5302,0,66,0.030303030303030304,9.727290859186697e-05
3672,Cat_17,372328,146,61,3,5931,1,61,0.04918032786885246,9.727081858910405e-05
8276,Cat_25,372319,148,55,6,23139,1,55,0.10909090909090909,9.726846733599577e-05
3965,Cat_6,372318,168,71,4,9262,2,71,0.056338028169014086,9.72682060856504e-05
9557,Cat_21,372306,146,56,1,3366,0,56,0.017857142857142856,9.726507108150602e-05
8243,Cat_11,372295,149,59,1,2584,1,59,0.01694915254237288,9.7262197327707e-05
4397,Cat_2,372272,125,52,1,212,0,52,0.019230769230769232,9.725618856976361e-05
8671,Cat_2,372267,166,62,2,6046,1,62,0.03225806451612903,9.725488231803678e-05
7561,Cat_16,372256,154,60,2,2527,1,60,0.03333333333333333,9.725200856423776e-05
5143,Cat_23,372252,147,56,1,2523,0,56,0.017857142857142856,9.72509635628563e-05
8104,Cat_28,372232,160,65,3,7714,1,65,0.046153846153846156,9.7245738555949e-05
8470,Cat_4,372207,137,53,6,12632,1,53,0.11320754716981132,9.723920729731487e-05
6072,Cat_7,372153,130,50,1,4648,0,50,0.02,9.722509977866515e-05
9165,Cat_1,372102,137,53,2,2955,0,53,0.03773584905660377,9.721177601105153e-05
9382,Cat_16,372058,141,53,3,14999,1,53,0.05660377358490566,9.720028099585547e-05
3378,Cat_1,372022,136,62,1,1039,0,62,0.016129032258064516,9.719087598342232e-05
6245,Cat_28,371971,133,56,1,4196,1,56,0.017857142857142856,9.71775522158087e-05
8011,Cat_27,371969,148,59,2,3937,0,59,0.03389830508474576,9.717702971511797e-05
7540,Cat_19,371963,152,59,3,11877,0,59,0.05084745762711865,9.717546221304578e-05
876,Cat_1,371958,144,67,5,8357,1,67,0.07462686567164178,9.717415596131896e-05
9536,Cat_17,371942,161,64,1,1844,0,64,0.015625,9.716997595579311e-05
5933,Cat_7,371935,141,57,2,8226,1,57,0.03508771929824561,9.716814720337556e-05
2666,Cat_6,371934,167,68,0,0,0,68,0.0,9.716788595303019e-05
2438,Cat_12,371918,153,62,1,72,0,62,0.016129032258064516,9.716370594750436e-05
8902,Cat_19,371911,157,72,4,13692,1,72,0.05555555555555555,9.716187719508679e-05
396,Cat_19,371906,143,59,5,9632,0,59,0.0847457627118644,9.716057094335997e-05
552,Cat_13,371878,145,58,4,7884,0,57,0.06896551724137931,9.715325593368975e-05
7717,Cat_18,371875,145,51,1,257,0,51,0.0196078431372549,9.715247218265365e-05
5109,Cat_15,371860,145,58,3,9901,0,58,0.05172413793103448,9.714855342747317e-05
720,Cat_23,371811,146,56,4,15565,1,56,0.07142857142857142,9.713575216055029e-05
207,Cat_27,371811,146,58,3,17471,2,58,0.05172413793103448,9.713575216055029e-05
840,Cat_30,371776,162,65,1,1369,0,65,0.015384615384615385,9.71266083984625e-05
3163,Cat_14,371771,140,59,3,10167,0,59,0.05084745762711865,9.712530214673568e-05
2080,Cat_30,371761,150,58,4,6834,0,58,0.06896551724137931,9.712268964328203e-05
4747,Cat_4,371754,134,57,2,5058,0,57,0.03508771929824561,9.712086089086447e-05
9258,Cat_1,371753,148,64,3,6050,1,64,0.046875,9.71205996405191e-05
4283,Cat_28,371753,144,59,1,3322,1,59,0.01694915254237288,9.71205996405191e-05
6579,Cat_26,371752,139,53,1,1745,0,53,0.018867924528301886,9.712033839017374e-05
3641,Cat_3,371730,161,64,2,4709,1,64,0.03125,9.71145908825757e-05
909,Cat_8,371724,159,65,4,12950,1,65,0.06153846153846154,9.711302338050352e-05
7184,Cat_26,371723,134,60,5,10688,0,60,0.08333333333333333,9.711276213015815e-05
1743,Cat_7,371722,142,55,3,8179,1,55,0.05454545454545454,9.711250087981279e-05
2126,Cat_14,371720,155,61,1,1939,1,61,0.01639344262295082,9.711197837912206e-05
5731,Cat_25,371683,138,57,2,5557,0,57,0.03508771929824561,9.710231211634355e-05
5002,Cat_23,371678,169,67,5,6575,0,67,0.07462686567164178,9.710100586461673e-05
9262,Cat_21,371651,153,62,3,8903,1,62,0.04838709677419355,9.709395210529186e-05
9459,Cat_20,371640,156,57,2,5511,1,57,0.03508771929824561,9.709107835149285e-05
3567,Cat_28,371634,147,57,5,15378,1,57,0.08771929824561403,9.708951084942066e-05
4007,Cat_25,371631,151,60,5,15714,2,60,0.08333333333333333,9.708872709838456e-05
6323,Cat_24,371629,144,60,2,1960,0,60,0.03333333333333333,9.708820459769384e-05
7000,Cat_8,371607,148,60,3,8363,1,60,0.05,9.70824570900958e-05
8089,Cat_17,371607,154,68,4,9397,1,68,0.058823529411764705,9.70824570900958e-05
1349,Cat_6,371607,143,60,2,7788,0,60,0.03333333333333333,9.70824570900958e-05
7438,Cat_3,371551,140,51,1,4654,0,51,0.0196078431372549,9.706782707075536e-05
4639,Cat_11,371544,156,60,4,10573,0,60,0.06666666666666667,9.70659983183378e-05
2408,Cat_27,371518,151,56,6,17305,0,56,0.10714285714285714,9.70592058093583e-05
458,Cat_3,371476,141,57,2,8638,1,57,0.03508771929824561,9.704823329485297e-05
3508,Cat_20,371463,141,52,1,3901,0,52,0.019230769230769232,9.704483704036322e-05
3770,Cat_18,371453,160,70,3,11370,0,70,0.04285714285714286,9.704222453690957e-05
4557,Cat_24,371441,142,57,3,7837,1,57,0.05263157894736842,9.703908953276518e-05
8361,Cat_29,371408,142,48,4,10024,1,48,0.08333333333333333,9.703046827136814e-05
6333,Cat_15,371404,144,60,3,4151,0,60,0.05,9.702942326998668e-05
3322,Cat_8,371367,143,65,1,1628,0,65,0.015384615384615385,9.701975700720817e-05
9961,Cat_4,371359,156,63,2,8858,1,63,0.031746031746031744,9.701766700444524e-05
9774,Cat_19,371340,142,60,5,16167,0,60,0.08333333333333333,9.70127032478833e-05
1852,Cat_2,371329,163,66,3,6328,1,66,0.045454545454545456,9.700982949408429e-05
9724,Cat_25,371328,135,54,3,7038,1,54,0.05555555555555555,9.700956824373893e-05
5902,Cat_20,371321,145,58,2,6895,0,58,0.034482758620689655,9.700773949132137e-05
1611,Cat_24,371230,168,62,3,8535,1,62,0.04838709677419355,9.698396570989315e-05
1019,Cat_2,371214,128,55,0,0,0,55,0.0,9.697978570436731e-05
2407,Cat_3,371180,134,53,2,8168,1,53,0.03773584905660377,9.69709031926249e-05
7022,Cat_12,371166,134,51,6,11743,2,51,0.11764705882352941,9.696724568778978e-05
7726,Cat_21,371124,145,56,1,3129,1,56,0.017857142857142856,9.695627317328445e-05
3336,Cat_23,371086,142,62,3,6653,1,62,0.04838709677419355,9.694634566016057e-05
894,Cat_16,371064,153,64,0,0,0,64,0.0,9.694059815256255e-05
4771,Cat_12,371064,150,57,3,12268,0,57,0.05263157894736842,9.694059815256255e-05
2079,Cat_28,371043,138,53,3,2319,0,53,0.05660377358490566,9.693511189530988e-05
4657,Cat_13,371039,139,57,1,3571,1,57,0.017543859649122806,9.693406689392842e-05
7132,Cat_28,371021,139,55,5,10151,1,55,0.09090909090909091,9.692936438771184e-05
2788,Cat_10,371016,160,67,3,5076,0,67,0.04477611940298507,9.692805813598502e-05
9988,Cat_16,371007,150,57,4,8489,1,57,0.07017543859649122,9.692570688287673e-05
6554,Cat_9,371002,140,59,3,13628,1,59,0.05084745762711865,9.69244006311499e-05
3756,Cat_9,370999,132,55,3,8426,0,55,0.05454545454545454,9.692361688011381e-05
7790,Cat_16,370985,133,52,2,4865,0,52,0.038461538461538464,9.69199593752787e-05
3056,Cat_28,370980,153,65,4,6025,0,65,0.06153846153846154,9.691865312355187e-05
4547,Cat_18,370974,147,60,1,1879,0,60,0.016666666666666666,9.691708562147968e-05
2763,Cat_20,370933,145,61,3,11138,1,61,0.04918032786885246,9.69063743573197e-05
5606,Cat_27,370913,131,56,2,5170,1,56,0.03571428571428571,9.690114935041241e-05
1473,Cat_23,370901,133,52,2,6430,1,52,0.038461538461538464,9.689801434626802e-05
5952,Cat_16,370894,155,64,1,1364,0,64,0.015625,9.689618559385047e-05
5459,Cat_9,370894,136,56,4,6143,2,56,0.07142857142857142,9.689618559385047e-05
2725,Cat_8,370887,153,65,3,7876,1,65,0.046153846153846156,9.689435684143292e-05
4458,Cat_8,370875,148,55,0,0,0,55,0.0,9.689122183728853e-05
7544,Cat_19,370873,163,60,1,266,0,60,0.016666666666666666,9.68906993365978e-05
6866,Cat_26,370863,134,52,1,4494,0,52,0.019230769230769232,9.688808683314415e-05
4357,Cat_25,370844,129,57,5,11545,1,57,0.08771929824561403,9.688312307658221e-05
5477,Cat_21,370833,148,59,5,16581,3,59,0.0847457627118644,9.68802493227832e-05
2296,Cat_15,370830,151,65,3,7110,0,65,0.046153846153846156,9.687946557174711e-05
590,Cat_15,370826,140,60,4,9936,1,60,0.06666666666666667,9.687842057036565e-05
6229,Cat_17,370807,150,60,2,5340,0,60,0.03333333333333333,9.687345681380371e-05
9365,Cat_18,370754,151,60,5,11427,1,60,0.08333333333333333,9.685961054549936e-05
8428,Cat_1,370741,135,53,1,801,0,53,0.018867924528301886,9.68562142910096e-05
9237,Cat_14,370690,146,55,3,12226,1,55,0.05454545454545454,9.684289052339598e-05
8439,Cat_22,370676,165,60,2,1884,0,60,0.03333333333333333,9.683923301856088e-05
7140,Cat_21,370674,153,65,3,7614,0,65,0.046153846153846156,9.683871051787015e-05
6999,Cat_28,370669,140,64,4,1888,0,64,0.0625,9.683740426614332e-05
7820,Cat_12,370651,160,66,5,8894,1,66,0.07575757575757576,9.683270175992675e-05
448,Cat_9,370644,146,65,6,19775,4,65,0.09230769230769231,9.683087300750919e-05
7272,Cat_20,370634,170,64,3,8879,2,64,0.046875,9.682826050405554e-05
3037,Cat_8,370622,173,64,3,7781,0,64,0.046875,9.682512549991116e-05
7281,Cat_22,370622,137,53,1,4703,1,53,0.018867924528301886,9.682512549991116e-05
1342,Cat_16,370607,149,60,1,2305,0,60,0.016666666666666666,9.682120674473068e-05
3223,Cat_3,370600,151,62,3,5046,0,62,0.04838709677419355,9.681937799231312e-05
583,Cat_12,370588,165,60,3,6797,2,60,0.05,9.681624298816875e-05
8792,Cat_17,370575,146,61,2,5106,0,61,0.03278688524590164,9.6812846733679e-05
1240,Cat_26,370554,161,64,7,21952,2,64,0.109375,9.680736047642633e-05
2035,Cat_13,370546,146,58,2,3603,1,58,0.034482758620689655,9.680527047366341e-05
6825,Cat_1,370546,138,58,3,2763,0,58,0.05172413793103448,9.680527047366341e-05
6961,Cat_24,370533,139,55,3,7824,0,55,0.05454545454545454,9.680187421917367e-05
9786,Cat_13,370529,164,68,3,6094,0,68,0.04411764705882353,9.68008292177922e-05
7970,Cat_21,370500,159,57,2,4249,0,57,0.03508771929824561,9.679325295777661e-05
4489,Cat_20,370467,142,57,5,8423,2,57,0.08771929824561403,9.678463169637956e-05
4597,Cat_14,370459,145,62,2,6556,0,62,0.03225806451612903,9.678254169361665e-05
2242,Cat_13,370443,130,61,1,1530,0,61,0.01639344262295082,9.67783616880908e-05
4240,Cat_20,370422,152,58,4,12749,2,58,0.06896551724137931,9.677287543083813e-05
2134,Cat_2,370415,156,60,2,6328,0,60,0.03333333333333333,9.677104667842058e-05
4680,Cat_5,370409,144,58,6,14806,1,58,0.10344827586206896,9.676947917634839e-05
8572,Cat_20,370386,165,64,1,4325,0,64,0.015625,9.676347041840499e-05
2734,Cat_5,370359,145,54,2,7946,2,54,0.037037037037037035,9.675641665908013e-05
9442,Cat_20,370352,136,57,2,1411,0,57,0.03508771929824561,9.675458790666258e-05
3198,Cat_3,370352,151,64,3,8734,1,64,0.046875,9.675458790666258e-05
3464,Cat_27,370331,141,57,5,14977,2,57,0.08771929824561403,9.674910164940991e-05
1244,Cat_22,370328,140,58,2,4097,1,58,0.034482758620689655,9.67483178983738e-05
7346,Cat_12,370310,131,56,4,10169,1,56,0.07142857142857142,9.674361539215724e-05
2836,Cat_30,370301,147,58,4,8706,1,58,0.06896551724137931,9.674126413904896e-05
5417,Cat_24,370291,145,61,1,3071,0,61,0.01639344262295082,9.67386516355953e-05
2604,Cat_14,370278,170,69,4,7338,0,69,0.057971014492753624,9.673525538110556e-05
1651,Cat_13,370274,155,67,1,4502,0,67,0.014925373134328358,9.67342103797241e-05
7608,Cat_15,370272,148,55,3,12778,1,55,0.05454545454545454,9.673368787903337e-05
2506,Cat_1,370269,138,55,1,1098,0,55,0.01818181818181818,9.673290412799726e-05
9625,Cat_29,370264,140,56,0,0,0,56,0.0,9.673159787627044e-05
9074,Cat_10,370261,159,69,3,5492,1,69,0.043478260869565216,9.673081412523435e-05
1305,Cat_9,370249,121,49,0,0,0,49,0.0,9.672767912108997e-05
1800,Cat_14,370242,142,55,3,7216,0,55,0.05454545454545454,9.672585036867242e-05
6776,Cat_29,370235,137,51,5,12489,2,51,0.09803921568627451,9.672402161625485e-05
5429,Cat_14,370212,139,55,2,3241,0,55,0.03636363636363636,9.671801285831145e-05
4287,Cat_22,370177,130,50,2,4420,1,50,0.04,9.670886909622368e-05
6639,Cat_1,370120,131,52,6,14156,0,52,0.11538461538461539,9.669397782653787e-05
8118,Cat_17,370113,148,54,1,4641,0,54,0.018518518518518517,9.66921490741203e-05
5269,Cat_22,370112,143,56,3,5735,1,56,0.05357142857142857,9.669188782377495e-05
1173,Cat_7,370109,147,62,3,8466,1,62,0.04838709677419355,9.669110407273886e-05
6834,Cat_20,370083,124,53,0,0,0,53,0.0,9.668431156375935e-05
5660,Cat_26,370077,147,59,3,5712,1,59,0.05084745762711865,9.668274406168716e-05
31,Cat_4,370029,133,56,2,3372,1,56,0.03571428571428571,9.667020404510965e-05
5227,Cat_27,369972,152,62,4,10440,1,62,0.06451612903225806,9.665531277542384e-05
9668,Cat_8,369971,141,54,2,3112,1,54,0.037037037037037035,9.665505152507846e-05
6486,Cat_11,369971,161,68,3,10004,1,68,0.04411764705882353,9.665505152507846e-05
3570,Cat_4,369968,148,56,3,7835,1,56,0.05357142857142857,9.665426777404237e-05
6715,Cat_21,369954,143,58,4,10581,1,58,0.06896551724137931,9.665061026920726e-05
8607,Cat_15,369946,146,60,0,0,0,60,0.0,9.664852026644433e-05
2201,Cat_15,369938,137,61,5,8264,1,61,0.08196721311475409,9.664643026368141e-05
9094,Cat_4,369911,149,64,4,13635,2,64,0.0625,9.663937650435656e-05
5762,Cat_21,369908,143,58,2,7265,2,58,0.034482758620689655,9.663859275332046e-05
4582,Cat_3,369903,135,56,2,3606,0,56,0.03571428571428571,9.663728650159364e-05
5666,Cat_8,369886,150,58,0,0,0,58,0.0,9.663284524572243e-05
3042,Cat_27,369846,156,62,3,8085,1,62,0.04838709677419355,9.662239523190783e-05
258,Cat_1,369816,141,56,4,12072,3,56,0.07142857142857142,9.661455772154688e-05
322,Cat_29,369774,133,55,2,5401,0,55,0.03636363636363636,9.660358520704154e-05
7500,Cat_28,369759,144,58,2,5250,1,58,0.034482758620689655,9.659966645186107e-05
8241,Cat_14,369737,138,55,2,6537,0,55,0.03636363636363636,9.659391894426303e-05
5301,Cat_29,369648,177,63,2,3189,0,63,0.031746031746031744,9.657066766352553e-05
6731,Cat_8,369647,136,54,4,14479,1,54,0.07407407407407407,9.657040641318016e-05
3109,Cat_29,369644,154,62,4,11017,1,62,0.06451612903225806,9.656962266214407e-05
3018,Cat_7,369630,141,54,2,3604,0,54,0.037037037037037035,9.656596515730895e-05
6460,Cat_21,369628,145,59,1,375,0,59,0.01694915254237288,9.656544265661822e-05
4940,Cat_15,369607,166,70,2,4532,1,70,0.02857142857142857,9.655995639936556e-05
8650,Cat_11,369593,150,63,3,12030,1,63,0.047619047619047616,9.655629889453045e-05
973,Cat_25,369550,132,54,4,11167,1,54,0.07407407407407407,9.654506512967974e-05
2915,Cat_28,369542,166,69,4,3070,0,69,0.057971014492753624,9.654297512691683e-05
12,Cat_14,369524,148,60,2,3997,1,60,0.03333333333333333,9.653827262070026e-05
3175,Cat_19,369494,145,56,4,4384,0,56,0.07142857142857142,9.65304351103393e-05
8614,Cat_21,369488,150,61,2,3184,1,61,0.03278688524590164,9.652886760826711e-05
9125,Cat_17,369439,152,55,0,0,0,55,0.0,9.651606634134422e-05
7016,Cat_25,369432,160,66,5,14624,1,66,0.07575757575757576,9.651423758892666e-05
2229,Cat_1,369427,132,48,4,9465,0,48,0.08333333333333333,9.651293133719984e-05
4748,Cat_22,369419,156,62,1,3833,0,62,0.016129032258064516,9.651084133443692e-05
7589,Cat_23,369399,143,59,3,10198,2,59,0.05084745762711865,9.650561632752962e-05
8894,Cat_7,369377,155,59,3,7236,0,59,0.05084745762711865,9.649986881993158e-05
2837,Cat_18,369337,150,63,3,6314,0,63,0.047619047619047616,9.648941880611697e-05
6840,Cat_11,369336,163,63,2,5940,0,63,0.031746031746031744,9.648915755577162e-05
6622,Cat_5,369332,158,61,6,14001,1,61,0.09836065573770492,9.648811255439015e-05
4189,Cat_16,369318,141,56,5,8352,1,56,0.08928571428571429,9.648445504955504e-05
4804,Cat_22,369310,140,52,1,2172,0,52,0.019230769230769232,9.648236504679213e-05
1617,Cat_25,369299,117,46,3,3414,0,46,0.06521739130434782,9.64794912929931e-05
8143,Cat_6,369293,135,56,2,6505,1,56,0.03571428571428571,9.647792379092092e-05
9799,Cat_7,369265,168,70,5,15027,2,70,0.07142857142857142,9.647060878125069e-05
915,Cat_29,369255,156,61,4,15122,1,61,0.06557377049180328,9.646799627779703e-05
8622,Cat_12,369251,147,64,0,0,0,64,0.0,9.646695127641558e-05
2605,Cat_22,369248,154,66,3,9133,1,66,0.045454545454545456,9.646616752537948e-05
801,Cat_1,369237,148,58,1,1955,0,58,0.017241379310344827,9.646329377158047e-05
7577,Cat_12,369232,143,60,5,13801,2,60,0.08333333333333333,9.646198751985365e-05
4138,Cat_13,369232,149,62,4,8252,0,62,0.06451612903225806,9.646198751985365e-05
4999,Cat_12,369229,149,58,1,392,0,58,0.017241379310344827,9.646120376881754e-05
2077,Cat_16,369195,143,55,3,5938,0,55,0.05454545454545454,9.645232125707513e-05
2245,Cat_16,369185,150,57,3,5414,2,57,0.05263157894736842,9.644970875362148e-05
4165,Cat_29,369172,151,57,1,1627,0,57,0.017543859649122806,9.644631249913173e-05
8963,Cat_21,369161,139,59,6,17074,2,59,0.1016949152542373,9.644343874533272e-05
6466,Cat_13,369147,144,57,2,8955,0,57,0.03508771929824561,9.64397812404976e-05
6797,Cat_4,369143,154,59,2,1418,0,59,0.03389830508474576,9.643873623911614e-05
5097,Cat_29,369112,152,60,1,1894,0,60,0.016666666666666666,9.643063747840983e-05
5067,Cat_8,369082,137,60,4,10461,1,60,0.06666666666666667,9.642279996804887e-05
5728,Cat_7,369056,139,54,2,4966,1,54,0.037037037037037035,9.641600745906938e-05
1296,Cat_9,369035,138,60,1,2300,0,60,0.016666666666666666,9.641052120181671e-05
1408,Cat_18,369031,164,67,1,2904,0,66,0.014925373134328358,9.640947620043525e-05
2802,Cat_26,369013,152,64,3,12099,0,64,0.046875,9.640477369421868e-05
7671,Cat_1,369003,143,57,1,4073,0,57,0.017543859649122806,9.640216119076503e-05
390,Cat_5,368987,145,56,6,15236,3,56,0.10714285714285714,9.639798118523918e-05
7373,Cat_30,368977,139,59,4,14796,2,59,0.06779661016949153,9.639536868178554e-05
5035,Cat_11,368973,139,57,1,738,0,57,0.017543859649122806,9.639432368040408e-05
2034,Cat_13,368949,154,62,1,2655,1,62,0.016129032258064516,9.638805367211531e-05
6711,Cat_21,368946,141,57,3,8947,0,57,0.05263157894736842,9.638726992107922e-05
9374,Cat_13,368943,138,57,3,5761,0,57,0.05263157894736842,9.638648617004312e-05
5503,Cat_8,368939,140,62,2,3638,1,62,0.03225806451612903,9.638544116866167e-05
8593,Cat_27,368928,153,58,1,3044,0,58,0.017241379310344827,9.638256741486264e-05
111,Cat_5,368916,136,51,1,549,0,51,0.0196078431372549,9.637943241071827e-05
4435,Cat_16,368900,152,65,3,11398,1,65,0.046153846153846156,9.637525240519242e-05
657,Cat_17,368889,163,69,2,5347,0,69,0.028985507246376812,9.637237865139341e-05
7354,Cat_12,368886,150,59,5,6977,1,59,0.0847457627118644,9.63715949003573e-05
557,Cat_6,368883,147,63,4,9085,1,63,0.06349206349206349,9.637081114932121e-05
5052,Cat_22,368849,139,54,3,5612,0,54,0.05555555555555555,9.63619286375788e-05
7924,Cat_11,368846,135,55,1,2199,0,55,0.01818181818181818,9.63611448865427e-05
98,Cat_26,368829,139,59,3,8844,0,59,0.05084745762711865,9.635670363067149e-05
880,Cat_12,368819,141,55,4,13000,1,55,0.07272727272727272,9.635409112721785e-05
997,Cat_26,368769,136,55,4,4445,0,55,0.07272727272727272,9.634102860994959e-05
7143,Cat_3,368756,159,63,4,4533,0,63,0.06349206349206349,9.633763235545985e-05
9256,Cat_5,368749,151,61,3,8600,3,61,0.04918032786885246,9.633580360304228e-05
6517,Cat_23,368717,138,51,1,2972,0,51,0.0196078431372549,9.63274435919906e-05
5495,Cat_17,368712,149,63,2,5622,0,63,0.031746031746031744,9.632613734026378e-05
5403,Cat_18,368708,133,50,3,9925,0,50,0.06,9.632509233888232e-05
8758,Cat_4,368691,157,67,4,9264,2,67,0.05970149253731343,9.632065108301111e-05
7971,Cat_23,368673,137,57,4,10704,0,57,0.07017543859649122,9.631594857679453e-05
5190,Cat_7,368672,149,61,1,4921,0,61,0.01639344262295082,9.631568732644918e-05
9294,Cat_15,368665,167,68,3,11774,0,68,0.04411764705882353,9.631385857403162e-05
9158,Cat_24,368659,142,60,4,11909,1,60,0.06666666666666667,9.631229107195943e-05
7369,Cat_12,368624,154,60,3,2718,0,60,0.05,9.630314730987165e-05
1534,Cat_29,368623,129,51,2,5851,0,51,0.0392156862745098,9.630288605952629e-05
3927,Cat_26,368618,160,61,2,6111,0,61,0.03278688524590164,9.630157980779945e-05
4139,Cat_8,368592,140,56,6,10451,1,56,0.10714285714285714,9.629478729881997e-05
8943,Cat_30,368574,138,52,1,345,0,52,0.019230769230769232,9.629008479260339e-05
9302,Cat_3,368559,153,61,4,15496,2,61,0.06557377049180328,9.628616603742291e-05
5843,Cat_28,368556,156,58,1,1129,0,58,0.017241379310344827,9.628538228638682e-05
7141,Cat_13,368536,142,60,1,2703,0,60,0.016666666666666666,9.628015727947951e-05
2653,Cat_4,368520,165,61,1,4649,1,61,0.01639344262295082,9.627597727395368e-05
1673,Cat_1,368491,173,65,2,3688,1,65,0.03076923076923077,9.626840101393809e-05
8043,Cat_8,368452,124,50,4,11148,1,50,0.08,9.625821225046885e-05
1781,Cat_6,368429,144,59,3,5745,0,59,0.05084745762711865,9.625220349252546e-05
3117,Cat_19,368417,133,52,1,2712,0,52,0.019230769230769232,9.624906848838107e-05
5484,Cat_18,368411,137,50,1,3940,0,50,0.02,9.624750098630888e-05
664,Cat_16,368400,148,59,6,17800,2,59,0.1016949152542373,9.624462723250986e-05
4679,Cat_20,368376,155,70,5,19498,2,70,0.07142857142857142,9.62383572242211e-05
1218,Cat_17,368366,155,64,6,14857,3,64,0.09375,9.623574472076745e-05
1723,Cat_11,368331,143,55,2,5056,0,55,0.03636363636363636,9.622660095867967e-05
5947,Cat_1,368313,154,59,6,16329,1,59,0.1016949152542373,9.62218984524631e-05
7190,Cat_26,368312,143,59,3,14169,2,59,0.05084745762711865,9.622163720211773e-05
5286,Cat_13,368274,139,52,2,1383,0,52,0.038461538461538464,9.621170968899386e-05
8272,Cat_19,368265,145,58,7,18693,2,58,0.1206896551724138,9.620935843588557e-05
3947,Cat_5,368254,131,55,0,0,0,55,0.0,9.620648468208656e-05
5388,Cat_18,368253,150,60,2,5630,0,60,0.03333333333333333,9.620622343174119e-05
4805,Cat_17,368227,161,60,7,17951,3,60,0.11666666666666667,9.61994309227617e-05
940,Cat_15,368226,141,55,3,5564,1,55,0.05454545454545454,9.619916967241633e-05
1251,Cat_6,368214,130,55,3,11767,2,55,0.05454545454545454,9.619603466827195e-05
5517,Cat_17,368211,137,55,2,7042,0,55,0.03636363636363636,9.619525091723585e-05
9627,Cat_6,368208,139,55,5,13730,2,55,0.09090909090909091,9.619446716619976e-05
3509,Cat_18,368207,115,44,2,3647,0,44,0.045454545454545456,9.619420591585439e-05
3623,Cat_13,368207,144,56,3,7039,1,56,0.05357142857142857,9.619420591585439e-05
9131,Cat_29,368179,148,59,5,15311,2,59,0.0847457627118644,9.618689090618417e-05
8719,Cat_24,368176,135,58,0,0,0,58,0.0,9.618610715514808e-05
5224,Cat_18,368148,157,64,3,10154,2,64,0.046875,9.617879214547785e-05
9753,Cat_14,368146,164,68,2,2975,0,68,0.029411764705882353,9.617826964478712e-05
6344,Cat_22,368126,152,65,3,8342,2,65,0.046153846153846156,9.617304463787982e-05
8230,Cat_16,368119,150,53,2,7568,1,53,0.03773584905660377,9.617121588546227e-05
8240,Cat_3,368110,146,60,2,7195,1,60,0.03333333333333333,9.616886463235397e-05
8856,Cat_3,368099,148,55,3,7850,0,55,0.05454545454545454,9.616599087855496e-05
9059,Cat_3,368058,141,55,2,4325,0,55,0.03636363636363636,9.6155279614395e-05
561,Cat_6,368046,136,51,4,9999,2,51,0.0784313725490196,9.615214461025061e-05
1813,Cat_22,368028,130,60,0,0,0,60,0.0,9.614744210403403e-05
8109,Cat_19,368021,150,59,3,12327,3,59,0.05084745762711865,9.614561335161648e-05
9539,Cat_2,368011,150,60,1,2055,0,60,0.016666666666666666,9.614300084816283e-05
8393,Cat_16,367975,143,63,4,7844,1,63,0.06349206349206349,9.613359583572968e-05
2673,Cat_13,367953,142,54,4,10562,0,54,0.07407407407407407,9.612784832813166e-05
5778,Cat_23,367940,124,52,2,6469,2,52,0.038461538461538464,9.612445207364191e-05
6219,Cat_30,367906,130,53,4,6666,0,53,0.07547169811320754,9.61155695618995e-05
3661,Cat_13,367899,134,57,0,0,0,57,0.0,9.611374080948193e-05
8178,Cat_28,367884,142,56,2,3925,0,56,0.03571428571428571,9.610982205430146e-05
4178,Cat_5,367874,167,61,1,3222,0,61,0.01639344262295082,9.61072095508478e-05
8340,Cat_7,367873,138,58,4,13500,2,58,0.06896551724137931,9.610694830050245e-05
1245,Cat_14,367858,136,56,5,13347,2,56,0.08928571428571429,9.610302954532197e-05
3328,Cat_7,367853,123,52,2,4240,0,52,0.038461538461538464,9.610172329359514e-05
148,Cat_18,367844,130,53,3,6458,1,53,0.05660377358490566,9.609937204048685e-05
5563,Cat_7,367812,159,63,2,7803,0,63,0.031746031746031744,9.609101202943517e-05
1863,Cat_5,367811,138,61,1,583,0,61,0.01639344262295082,9.609075077908981e-05
7899,Cat_27,367810,141,68,0,0,0,68,0.0,9.609048952874444e-05
9738,Cat_23,367801,149,61,0,0,0,61,0.0,9.608813827563616e-05
5705,Cat_14,367798,146,57,4,10792,1,57,0.07017543859649122,9.608735452460006e-05
7355,Cat_6,367786,168,67,2,8111,0,67,0.029850746268656716,9.608421952045568e-05
795,Cat_28,367751,165,64,3,6521,1,64,0.046875,9.60750757583679e-05
5635,Cat_3,367721,135,53,5,15479,3,53,0.09433962264150944,9.606723824800695e-05
66,Cat_22,367716,141,59,3,5836,1,59,0.05084745762711865,9.606593199628011e-05
9320,Cat_5,367716,165,65,3,7163,0,65,0.046153846153846156,9.606593199628011e-05
1665,Cat_16,367713,148,58,0,0,0,58,0.0,9.606514824524403e-05
616,Cat_7,367675,135,54,4,4590,0,54,0.07407407407407407,9.605522073212015e-05
5169,Cat_13,367671,150,59,0,0,0,59,0.0,9.605417573073869e-05
1345,Cat_15,367669,127,48,3,9051,0,48,0.0625,9.605365323004796e-05
6348,Cat_10,367669,131,54,6,15199,1,54,0.1111111111111111,9.605365323004796e-05
1728,Cat_17,367668,141,56,3,3420,0,56,0.05357142857142857,9.60533919797026e-05
7808,Cat_25,367664,153,62,1,1251,1,62,0.016129032258064516,9.605234697832114e-05
4752,Cat_8,367640,140,59,5,14505,2,59,0.0847457627118644,9.604607697003237e-05
6502,Cat_30,367633,132,55,3,9276,2,55,0.05454545454545454,9.604424821761481e-05
1261,Cat_19,367589,135,56,6,21207,3,56,0.10714285714285714,9.603275320241875e-05
5187,Cat_26,367578,142,52,1,664,0,52,0.019230769230769232,9.602987944861973e-05
4449,Cat_6,367549,159,62,3,9532,0,62,0.04838709677419355,9.602230318860414e-05
4416,Cat_6,367532,157,60,8,18309,2,60,0.13333333333333333,9.601786193273294e-05
8716,Cat_28,367514,136,51,3,8507,1,51,0.058823529411764705,9.601315942651637e-05
7898,Cat_20,367512,131,52,3,12015,0,52,0.057692307692307696,9.601263692582564e-05
5958,Cat_7,367504,150,58,4,15226,1,58,0.06896551724137931,9.601054692306272e-05
1211,Cat_20,367495,151,63,1,2229,1,63,0.015873015873015872,9.600819566995443e-05
9144,Cat_4,367476,146,55,2,4231,0,55,0.03636363636363636,9.60032319133925e-05
4941,Cat_13,367443,149,58,3,13082,0,58,0.05172413793103448,9.599461065199544e-05
174,Cat_17,367438,141,56,1,3418,1,56,0.017857142857142856,9.599330440026862e-05
615,Cat_15,367427,142,58,4,10813,1,58,0.06896551724137931,9.59904306464696e-05
2449,Cat_1,367370,132,58,3,7988,1,58,0.05172413793103448,9.597553937678379e-05
7661,Cat_9,367363,156,59,2,3293,0,59,0.03389830508474576,9.597371062436623e-05
8147,Cat_29,367344,151,58,5,12724,2,58,0.08620689655172414,9.59687468678043e-05
6992,Cat_18,367338,160,69,4,13309,1,69,0.057971014492753624,9.59671793657321e-05
5171,Cat_4,367336,148,60,4,3244,1,60,0.06666666666666667,9.596665686504137e-05
1162,Cat_28,367325,130,54,1,2314,0,54,0.018518518518518517,9.596378311124236e-05
3736,Cat_24,367293,133,54,4,8275,1,54,0.07407407407407407,9.595542310019068e-05
5829,Cat_6,367247,149,64,1,4822,1,64,0.015625,9.594340558430388e-05
4768,Cat_30,367207,150,63,2,3809,2,63,0.031746031746031744,9.593295557048927e-05
420,Cat_17,367206,146,55,1,4415,0,55,0.01818181818181818,9.593269432014392e-05
9417,Cat_27,367191,151,61,4,12564,2,61,0.06557377049180328,9.592877556496343e-05
8895,Cat_1,367189,131,54,2,7970,1,54,0.037037037037037035,9.592825306427271e-05
2369,Cat_21,367188,141,59,2,8713,2,59,0.03389830508474576,9.592799181392734e-05
9761,Cat_14,367181,138,52,1,685,0,52,0.019230769230769232,9.592616306150979e-05
1355,Cat_10,367157,142,60,5,16529,1,60,0.08333333333333333,9.591989305322102e-05
1882,Cat_25,367153,139,64,4,11883,2,64,0.0625,9.591884805183955e-05
9612,Cat_22,367147,150,64,6,17450,2,64,0.09375,9.591728054976737e-05
5610,Cat_4,367123,135,61,2,5276,0,61,0.03278688524590164,9.59110105414786e-05
9346,Cat_25,367123,148,55,3,4508,1,55,0.05454545454545454,9.59110105414786e-05
7246,Cat_14,367117,134,52,2,8643,0,52,0.038461538461538464,9.590944303940641e-05
6551,Cat_7,367101,154,61,2,4224,2,61,0.03278688524590164,9.590526303388058e-05
5974,Cat_5,367093,153,59,5,12973,2,59,0.0847457627118644,9.590317303111765e-05
9096,Cat_22,367093,147,63,1,490,0,63,0.015873015873015872,9.590317303111765e-05
1874,Cat_18,367080,148,62,3,8001,1,62,0.04838709677419355,9.589977677662791e-05
6767,Cat_16,367066,147,59,2,4007,0,59,0.03389830508474576,9.589611927179279e-05
2173,Cat_10,367061,140,53,2,4462,1,53,0.03773584905660377,9.589481302006597e-05
8159,Cat_23,367061,142,55,2,7738,1,55,0.03636363636363636,9.589481302006597e-05
3412,Cat_14,367044,144,56,3,9630,2,56,0.05357142857142857,9.589037176419476e-05
9691,Cat_23,367022,140,59,6,14108,2,59,0.1016949152542373,9.588462425659672e-05
873,Cat_15,367005,146,58,3,10184,2,58,0.05172413793103448,9.588018300072552e-05
7120,Cat_13,366988,129,50,1,2328,0,50,0.02,9.587574174485431e-05
6216,Cat_17,366986,136,56,1,2178,0,56,0.017857142857142856,9.587521924416358e-05
6152,Cat_25,366941,137,53,0,0,0,53,0.0,9.586346297862216e-05
9397,Cat_19,366936,141,56,5,14017,2,56,0.08928571428571429,9.586215672689532e-05
2481,Cat_1,366922,133,55,3,7539,0,55,0.05454545454545454,9.585849922206022e-05
605,Cat_9,366921,145,55,3,5684,1,55,0.05454545454545454,9.585823797171485e-05
1357,Cat_19,366880,134,50,2,6016,1,50,0.04,9.584752670755488e-05
5781,Cat_2,366835,146,61,2,6320,0,61,0.03278688524590164,9.583577044201346e-05
2271,Cat_4,366803,134,53,0,0,0,53,0.0,9.582741043096176e-05
4521,Cat_15,366802,145,60,1,4844,1,60,0.016666666666666666,9.58271491806164e-05
7144,Cat_19,366749,141,56,1,622,0,56,0.017857142857142856,9.581330291231205e-05
8606,Cat_16,366726,135,59,4,16615,2,59,0.06779661016949153,9.580729415436865e-05
2764,Cat_13,366715,143,52,4,9958,1,52,0.07692307692307693,9.580442040056964e-05
8910,Cat_4,366683,127,49,6,11075,2,49,0.12244897959183673,9.579606038951795e-05
9195,Cat_10,366682,130,55,0,0,0,55,0.0,9.579579913917259e-05
6706,Cat_24,366681,159,69,7,20028,2,69,0.10144927536231885,9.579553788882723e-05
9538,Cat_16,366674,176,65,1,991,0,65,0.015384615384615385,9.579370913640966e-05
428,Cat_8,366673,134,50,2,424,0,50,0.04,9.57934478860643e-05
666,Cat_23,366671,142,54,4,8353,1,54,0.07407407407407407,9.579292538537357e-05
3057,Cat_20,366660,129,56,2,4788,1,56,0.03571428571428571,9.579005163157456e-05
812,Cat_11,366655,141,54,2,4557,1,54,0.037037037037037035,9.578874537984773e-05
2809,Cat_14,366576,140,58,1,1937,0,58,0.017241379310344827,9.576810660256389e-05
9996,Cat_15,366573,154,68,2,3575,1,68,0.029411764705882353,9.576732285152779e-05
3235,Cat_5,366549,147,55,3,7907,1,55,0.05454545454545454,9.576105284323903e-05
7307,Cat_6,366529,139,57,1,3883,1,57,0.017543859649122806,9.575582783633172e-05
3742,Cat_22,366508,133,50,3,3211,1,50,0.06,9.575034157907905e-05
5543,Cat_6,366506,150,57,2,2926,0,57,0.03508771929824561,9.574981907838833e-05
7815,Cat_29,366503,143,59,3,9155,1,59,0.05084745762711865,9.574903532735223e-05
3759,Cat_16,366494,130,50,1,1962,0,50,0.02,9.574668407424395e-05
2878,Cat_28,366461,143,58,2,5491,1,58,0.034482758620689655,9.57380628128469e-05
6303,Cat_30,366411,139,55,0,0,0,55,0.0,9.572500029557863e-05
926,Cat_30,366400,146,61,1,3288,0,61,0.01639344262295082,9.572212654177962e-05
1450,Cat_5,366381,135,58,1,2905,0,58,0.017241379310344827,9.571716278521768e-05
178,Cat_2,366371,150,59,2,6795,0,59,0.03389830508474576,9.571455028176403e-05
4970,Cat_19,366368,148,60,4,9046,0,60,0.06666666666666667,9.571376653072794e-05
1129,Cat_11,366356,145,57,4,8590,1,57,0.07017543859649122,9.571063152658355e-05
6940,Cat_27,366350,142,56,3,6198,0,56,0.05357142857142857,9.570906402451137e-05
8641,Cat_12,366345,146,58,4,10677,0,58,0.06896551724137931,9.570775777278454e-05
476,Cat_12,366330,152,59,1,3549,0,59,0.01694915254237288,9.570383901760407e-05
2277,Cat_4,366328,148,63,1,1664,1,63,0.015873015873015872,9.570331651691333e-05
8953,Cat_22,366313,133,50,2,5961,0,50,0.04,9.569939776173286e-05
3709,Cat_20,366286,141,54,3,11404,0,54,0.05555555555555555,9.5692344002408e-05
9772,Cat_16,366274,149,58,3,7892,1,58,0.05172413793103448,9.568920899826361e-05
8447,Cat_19,366273,152,65,2,3483,1,65,0.03076923076923077,9.568894774791825e-05
6291,Cat_12,366262,148,59,4,8876,0,59,0.06779661016949153,9.568607399411924e-05
626,Cat_26,366232,146,54,4,7401,1,54,0.07407407407407407,9.567823648375829e-05
6207,Cat_16,366211,149,58,4,10645,0,58,0.06896551724137931,9.567275022650562e-05
6276,Cat_13,366194,149,59,0,0,0,59,0.0,9.566830897063442e-05
4234,Cat_22,366189,149,59,6,16561,3,59,0.1016949152542373,9.566700271890758e-05
2235,Cat_5,366184,170,61,2,3987,1,61,0.03278688524590164,9.566569646718076e-05
2532,Cat_6,366181,158,59,1,1759,0,59,0.01694915254237288,9.566491271614466e-05
1889,Cat_14,366170,155,63,7,16156,2,63,0.1111111111111111,9.566203896234564e-05
3110,Cat_9,366122,146,64,4,14640,1,64,0.0625,9.564949894576812e-05
3059,Cat_5,366091,140,58,2,8024,1,58,0.034482758620689655,9.564140018506181e-05
4571,Cat_7,366064,141,54,4,12555,1,54,0.07407407407407407,9.563434642573695e-05
5862,Cat_5,366039,141,52,2,6167,1,52,0.038461538461538464,9.562781516710282e-05
7647,Cat_13,366039,143,61,1,447,0,61,0.01639344262295082,9.562781516710282e-05
9305,Cat_23,366015,153,60,1,3144,0,60,0.016666666666666666,9.562154515881406e-05
1117,Cat_24,366008,155,64,3,11522,1,64,0.046875,9.56197164063965e-05
2630,Cat_28,366000,142,57,6,16256,3,57,0.10526315789473684,9.561762640363358e-05
8038,Cat_17,365957,132,53,3,9058,0,53,0.05660377358490566,9.560639263878288e-05
9637,Cat_9,365942,153,65,3,9227,2,65,0.046153846153846156,9.56024738836024e-05
1574,Cat_9,365924,158,71,1,3449,0,71,0.014084507042253521,9.559777137738582e-05
118,Cat_21,365913,129,54,3,5651,1,54,0.05555555555555555,9.559489762358681e-05
5005,Cat_9,365910,164,66,5,15018,2,66,0.07575757575757576,9.559411387255072e-05
8164,Cat_30,365898,145,57,2,3387,0,57,0.03508771929824561,9.559097886840633e-05
9750,Cat_30,365887,125,55,1,2169,0,55,0.01818181818181818,9.558810511460732e-05
3017,Cat_30,365819,141,52,2,5221,0,52,0.038461538461538464,9.55703400911225e-05
5982,Cat_11,365799,145,58,4,10211,0,58,0.06896551724137931,9.556511508421519e-05
2592,Cat_11,365756,160,66,2,1824,0,66,0.030303030303030304,9.555388131936449e-05
4564,Cat_21,365745,163,69,8,21743,3,69,0.11594202898550725,9.555100756556548e-05
6582,Cat_21,365742,129,55,2,5777,1,55,0.03636363636363636,9.555022381452937e-05
4544,Cat_10,365724,127,50,3,7528,0,50,0.06,9.554552130831281e-05
6059,Cat_17,365712,147,59,5,16542,3,59,0.0847457627118644,9.554238630416842e-05
4902,Cat_18,365711,134,58,1,337,0,58,0.017241379310344827,9.554212505382305e-05
8069,Cat_6,365686,141,51,3,9050,0,51,0.058823529411764705,9.553559379518894e-05
2985,Cat_25,365667,138,59,4,9656,1,59,0.06779661016949153,9.5530630038627e-05
2299,Cat_28,365666,137,49,3,7726,0,49,0.061224489795918366,9.553036878828163e-05
2300,Cat_10,365663,139,61,5,18372,3,61,0.08196721311475409,9.552958503724554e-05
2593,Cat_14,365657,133,53,2,4117,0,53,0.03773584905660377,9.552801753517334e-05
1763,Cat_22,365637,130,54,0,0,0,54,0.0,9.552279252826603e-05
9445,Cat_15,365609,137,60,1,3284,1,60,0.016666666666666666,9.551547751859581e-05
1480,Cat_29,365565,141,52,2,6238,0,52,0.038461538461538464,9.550398250339975e-05
4044,Cat_7,365551,136,60,1,4995,0,60,0.016666666666666666,9.550032499856464e-05
9130,Cat_18,365525,141,58,2,3402,1,58,0.034482758620689655,9.549353248958514e-05
4336,Cat_18,365515,134,53,4,9460,0,53,0.07547169811320754,9.549091998613149e-05
2058,Cat_30,365478,162,72,1,3148,0,72,0.013888888888888888,9.548125372335299e-05
1352,Cat_11,365466,141,54,2,7372,1,54,0.037037037037037035,9.54781187192086e-05
4098,Cat_25,365446,146,62,5,16650,3,62,0.08064516129032258,9.54728937123013e-05
4173,Cat_5,365433,152,68,4,13732,1,68,0.058823529411764705,9.546949745781156e-05
2813,Cat_24,365410,140,56,3,11340,1,56,0.05357142857142857,9.546348869986816e-05
2216,Cat_7,365403,155,63,3,7763,1,63,0.047619047619047616,9.54616599474506e-05
8408,Cat_6,365398,134,58,4,12494,1,58,0.06896551724137931,9.546035369572378e-05
1880,Cat_29,365397,136,54,2,5144,0,54,0.037037037037037035,9.54600924453784e-05
7904,Cat_2,365380,150,61,4,7863,2,61,0.06557377049180328,9.54556511895072e-05
1167,Cat_5,365370,126,51,4,9949,2,51,0.0784313725490196,9.545303868605356e-05
3963,Cat_16,365355,151,62,1,2698,0,62,0.016129032258064516,9.544911993087308e-05
8101,Cat_16,365344,137,57,3,11248,1,57,0.05263157894736842,9.544624617707405e-05
4395,Cat_6,365341,147,65,3,7591,0,65,0.046153846153846156,9.544546242603796e-05
5999,Cat_12,365336,154,61,3,7597,1,61,0.04918032786885246,9.544415617431114e-05
4037,Cat_6,365325,135,55,2,5643,0,55,0.03636363636363636,9.544128242051212e-05
9462,Cat_5,365309,142,56,4,7082,0,56,0.07142857142857142,9.543710241498628e-05
9600,Cat_11,365293,137,56,0,0,0,56,0.0,9.543292240946044e-05
5174,Cat_4,365293,139,53,1,771,1,53,0.018867924528301886,9.543292240946044e-05
4002,Cat_7,365292,153,61,1,3329,0,61,0.01639344262295082,9.543266115911508e-05
5576,Cat_16,365287,132,57,5,13518,3,57,0.08771929824561403,9.543135490738824e-05
319,Cat_1,365280,143,57,2,5564,1,57,0.03508771929824561,9.542952615497069e-05
1612,Cat_26,365256,141,57,4,15008,2,57,0.07017543859649122,9.542325614668193e-05
7735,Cat_8,365227,138,58,1,3032,1,58,0.017241379310344827,9.541567988666634e-05
629,Cat_26,365206,149,58,3,2457,0,58,0.05172413793103448,9.541019362941367e-05
2228,Cat_28,365126,166,65,4,6241,2,65,0.06153846153846154,9.538929360178446e-05
4648,Cat_23,365111,136,56,2,2844,0,56,0.03571428571428571,9.538537484660399e-05
440,Cat_18,365108,147,66,3,5881,2,66,0.045454545454545456,9.538459109556789e-05
8553,Cat_20,365087,127,56,6,12932,1,56,0.10714285714285714,9.537910483831522e-05
7084,Cat_8,365070,160,64,5,16148,2,64,0.078125,9.537466358244401e-05
5877,Cat_16,365038,155,58,0,0,0,58,0.0,9.536630357139233e-05
3560,Cat_27,365035,131,53,0,0,0,53,0.0,9.536551982035624e-05
4800,Cat_3,365022,162,62,4,9209,0,62,0.06451612903225806,9.53621235658665e-05
9694,Cat_8,365003,151,61,3,8522,1,61,0.04918032786885246,9.535715980930456e-05
3929,Cat_22,364984,147,62,2,5375,1,62,0.03225806451612903,9.535219605274262e-05
8315,Cat_3,364966,134,52,2,3660,1,52,0.038461538461538464,9.534749354652604e-05
1337,Cat_16,364962,159,67,6,15636,1,67,0.08955223880597014,9.534644854514458e-05
3666,Cat_2,364949,144,55,2,5348,1,55,0.03636363636363636,9.534305229065484e-05
6576,Cat_11,364943,135,54,3,6171,0,54,0.05555555555555555,9.534148478858264e-05
7392,Cat_15,364930,140,53,2,6686,0,53,0.03773584905660377,9.53380885340929e-05
6839,Cat_26,364914,138,52,2,7761,1,52,0.038461538461538464,9.533390852856705e-05
9568,Cat_23,364893,142,57,4,9259,0,57,0.07017543859649122,9.532842227131438e-05
2585,Cat_29,364881,143,57,3,4728,0,57,0.05263157894736842,9.532528726717001e-05
7146,Cat_28,364869,133,59,2,2771,0,59,0.03389830508474576,9.532215226302563e-05
2328,Cat_22,364841,121,52,2,8081,1,52,0.038461538461538464,9.531483725335541e-05
9286,Cat_28,364837,153,63,2,6878,0,63,0.031746031746031744,9.531379225197395e-05
2489,Cat_28,364834,152,62,5,14988,2,62,0.08064516129032258,9.531300850093784e-05
5280,Cat_21,364791,160,64,1,2227,0,64,0.015625,9.530177473608715e-05
3651,Cat_25,364753,128,56,2,4538,1,56,0.03571428571428571,9.529184722296327e-05
1328,Cat_26,364739,141,60,2,4250,1,60,0.03333333333333333,9.528818971812816e-05
326,Cat_18,364725,144,60,3,8321,0,60,0.05,9.528453221329305e-05
2652,Cat_19,364705,161,62,3,9941,2,62,0.04838709677419355,9.527930720638574e-05
5654,Cat_12,364705,148,59,3,12494,1,59,0.05084745762711865,9.527930720638574e-05
5772,Cat_10,364691,134,59,2,439,0,59,0.03389830508474576,9.527564970155064e-05
5180,Cat_30,364691,140,59,3,4325,0,59,0.05084745762711865,9.527564970155064e-05
7115,Cat_19,364680,135,59,3,8901,1,59,0.05084745762711865,9.527277594775161e-05
7180,Cat_28,364655,149,60,1,1300,0,60,0.016666666666666666,9.52662446891175e-05
110,Cat_1,364626,158,60,2,8529,1,60,0.03333333333333333,9.52586684291019e-05
8527,Cat_8,364616,151,63,5,12959,1,63,0.07936507936507936,9.525605592564825e-05
4415,Cat_29,364608,150,60,4,8401,1,60,0.06666666666666667,9.525396592288533e-05
7905,Cat_4,364564,125,46,3,2040,0,46,0.06521739130434782,9.524247090768926e-05
8473,Cat_4,364533,151,58,3,5384,0,58,0.05172413793103448,9.523437214698295e-05
9238,Cat_12,364528,132,56,2,7299,0,56,0.03571428571428571,9.523306589525612e-05
6417,Cat_29,364511,142,58,5,14335,1,58,0.08620689655172414,9.522862463938491e-05
8156,Cat_12,364508,150,60,4,16560,4,60,0.06666666666666667,9.522784088834882e-05
5685,Cat_2,364503,145,56,1,4546,0,56,0.017857142857142856,9.522653463662199e-05
5,Cat_10,364497,165,65,2,1354,0,65,0.03076923076923077,9.522496713454981e-05
6574,Cat_24,364488,153,58,4,8909,1,58,0.06896551724137931,9.522261588144151e-05
4411,Cat_5,364460,149,59,5,8516,1,59,0.0847457627118644,9.521530087177129e-05
339,Cat_6,364433,154,64,1,4298,0,64,0.015625,9.520824711244643e-05
5290,Cat_29,364409,146,66,3,5147,0,66,0.045454545454545456,9.520197710415767e-05
5393,Cat_12,364401,142,60,4,10659,1,60,0.06666666666666667,9.519988710139475e-05
5764,Cat_29,364397,137,56,3,4212,0,56,0.05357142857142857,9.519884210001329e-05
7918,Cat_8,364379,147,56,1,986,0,56,0.017857142857142856,9.519413959379672e-05
9047,Cat_24,364370,123,48,2,1464,0,48,0.041666666666666664,9.519178834068843e-05
8266,Cat_3,364357,133,49,3,5399,1,49,0.061224489795918366,9.518839208619868e-05
9127,Cat_10,364353,132,58,0,0,0,58,0.0,9.518734708481722e-05
4012,Cat_27,364341,140,60,1,2577,0,60,0.016666666666666666,9.518421208067285e-05
1677,Cat_7,364331,158,63,4,11772,1,63,0.06349206349206349,9.51815995772192e-05
2840,Cat_7,364308,160,62,6,11612,1,62,0.0967741935483871,9.51755908192758e-05
5855,Cat_17,364271,151,64,3,3954,0,64,0.046875,9.516592455649728e-05
3504,Cat_16,364267,145,53,6,9713,1,53,0.11320754716981132,9.516487955511582e-05
8799,Cat_4,364261,165,63,2,3098,0,63,0.031746031746031744,9.516331205304364e-05
7411,Cat_28,364235,158,63,2,10480,1,63,0.031746031746031744,9.515651954406414e-05
3346,Cat_3,364199,142,54,1,818,0,54,0.018518518518518517,9.5147114531631e-05
4560,Cat_9,364188,136,60,3,5934,1,60,0.05,9.514424077783198e-05
1812,Cat_28,364167,150,52,5,21069,0,52,0.09615384615384616,9.513875452057931e-05
9296,Cat_16,364161,138,52,3,3161,0,52,0.057692307692307696,9.513718701850712e-05
5427,Cat_24,364148,142,58,3,7729,1,58,0.05172413793103448,9.513379076401738e-05
4558,Cat_19,364142,140,58,3,5754,0,58,0.05172413793103448,9.513222326194518e-05
4377,Cat_11,364136,140,54,8,25159,1,54,0.14814814814814814,9.513065575987299e-05
9712,Cat_12,364130,136,49,3,4104,0,49,0.061224489795918366,9.512908825780081e-05
4535,Cat_9,364123,138,54,4,13010,0,54,0.07407407407407407,9.512725950538325e-05
3681,Cat_29,364091,143,56,2,2989,0,56,0.03571428571428571,9.511889949433156e-05
982,Cat_24,364086,158,66,1,4235,1,66,0.015151515151515152,9.511759324260474e-05
4588,Cat_10,364078,146,55,3,7378,1,55,0.05454545454545454,9.511550323984182e-05
2497,Cat_27,364072,139,58,5,16995,1,58,0.08620689655172414,9.511393573776963e-05
2064,Cat_10,364072,136,54,3,6623,2,54,0.05555555555555555,9.511393573776963e-05
3615,Cat_1,364066,148,60,2,5195,0,60,0.03333333333333333,9.511236823569743e-05
4197,Cat_23,364057,138,54,2,4834,1,54,0.037037037037037035,9.511001698258915e-05
7574,Cat_1,364045,140,56,4,9679,1,56,0.07142857142857142,9.510688197844477e-05
412,Cat_29,364039,149,60,4,12002,1,60,0.06666666666666667,9.510531447637257e-05
1475,Cat_5,364035,148,56,2,2055,0,56,0.03571428571428571,9.510426947499111e-05
8382,Cat_27,364031,132,60,2,7317,1,60,0.03333333333333333,9.510322447360966e-05
1832,Cat_8,364003,146,59,3,9373,0,59,0.05084745762711865,9.509590946393943e-05
536,Cat_23,364002,155,58,5,7974,0,58,0.08620689655172414,9.509564821359407e-05
7639,Cat_9,364000,148,58,3,6972,0,58,0.05172413793103448,9.509512571290334e-05
2926,Cat_2,363999,132,56,0,0,0,56,0.0,9.509486446255797e-05
3667,Cat_27,363997,153,61,3,4954,0,61,0.04918032786885246,9.509434196186724e-05
1463,Cat_6,363983,145,62,6,18859,4,62,0.0967741935483871,9.509068445703213e-05
1515,Cat_23,363978,142,53,1,306,0,53,0.018867924528301886,9.50893782053053e-05
3918,Cat_13,363973,130,49,1,3387,1,49,0.02040816326530612,9.508807195357848e-05
8826,Cat_13,363968,161,62,2,4285,0,62,0.03225806451612903,9.508676570185166e-05
6130,Cat_14,363967,147,55,5,14570,3,55,0.09090909090909091,9.508650445150629e-05
508,Cat_11,363964,140,55,2,3943,0,55,0.03636363636363636,9.50857207004702e-05
5594,Cat_10,363949,152,61,4,12534,2,61,0.06557377049180328,9.508180194528972e-05
1178,Cat_10,363945,143,58,4,6035,1,58,0.06896551724137931,9.508075694390826e-05
4579,Cat_10,363941,156,63,2,7860,1,63,0.031746031746031744,9.50797119425268e-05
8373,Cat_29,363936,138,60,4,9242,1,60,0.06666666666666667,9.507840569079996e-05
7148,Cat_2,363919,134,51,5,9726,0,51,0.09803921568627451,9.507396443492876e-05
6661,Cat_9,363917,144,59,4,10634,1,59,0.06779661016949153,9.507344193423803e-05
4976,Cat_6,363911,153,55,2,6629,1,55,0.03636363636363636,9.507187443216585e-05
2654,Cat_9,363909,138,60,5,9923,1,60,0.08333333333333333,9.507135193147512e-05
6917,Cat_4,363897,144,58,3,7012,1,58,0.05172413793103448,9.506821692733073e-05
3871,Cat_20,363892,139,57,4,11712,0,57,0.07017543859649122,9.506691067560391e-05
8341,Cat_16,363882,136,53,5,13702,0,53,0.09433962264150944,9.506429817215026e-05
7972,Cat_24,363868,144,60,1,3345,1,60,0.016666666666666666,9.506064066731514e-05
8210,Cat_24,363868,125,56,3,8917,0,56,0.05357142857142857,9.506064066731514e-05
2787,Cat_4,363857,137,54,3,3977,0,54,0.05555555555555555,9.505776691351613e-05
2156,Cat_23,363814,149,61,2,4745,0,61,0.03278688524590164,9.504653314866543e-05
7621,Cat_18,363744,125,50,2,4516,0,50,0.04,9.502824562448986e-05
32,Cat_17,363742,147,62,3,7963,1,62,0.04838709677419355,9.502772312379913e-05
2223,Cat_4,363740,147,53,1,3960,0,53,0.018867924528301886,9.502720062310841e-05
235,Cat_20,363739,126,51,3,6412,0,51,0.058823529411764705,9.502693937276304e-05
9177,Cat_4,363714,128,55,1,4668,0,55,0.01818181818181818,9.502040811412891e-05
7110,Cat_15,363694,148,64,1,2260,0,64,0.015625,9.501518310722162e-05
5831,Cat_5,363678,148,55,2,2048,0,55,0.03636363636363636,9.501100310169577e-05
2073,Cat_3,363641,153,61,4,6985,0,61,0.06557377049180328,9.500133683891727e-05
9000,Cat_16,363623,143,59,4,10935,1,59,0.06779661016949153,9.499663433270069e-05
2635,Cat_2,363598,144,55,4,10625,1,55,0.07272727272727272,9.499010307406656e-05
7195,Cat_4,363593,130,54,2,4737,0,54,0.037037037037037035,9.498879682233974e-05
6114,Cat_12,363570,156,62,4,7958,0,62,0.06451612903225806,9.498278806439634e-05
1003,Cat_17,363511,144,59,2,6988,1,59,0.03389830508474576,9.49673742940198e-05
2533,Cat_18,363502,138,54,3,6447,1,54,0.05555555555555555,9.496502304091151e-05
3201,Cat_21,363491,142,64,3,13040,1,64,0.046875,9.496214928711249e-05
120,Cat_22,363465,136,52,3,7129,1,52,0.057692307692307696,9.4955356778133e-05
4147,Cat_16,363453,172,67,4,14028,3,67,0.05970149253731343,9.495222177398861e-05
2510,Cat_8,363436,128,51,4,5367,0,51,0.0784313725490196,9.494778051811741e-05
5662,Cat_14,363382,144,59,4,9069,1,59,0.06779661016949153,9.49336729994677e-05
5927,Cat_1,363379,157,61,3,4498,0,61,0.04918032786885246,9.49328892484316e-05
8510,Cat_11,363376,143,57,2,2967,0,57,0.03508771929824561,9.49321054973955e-05
7238,Cat_11,363372,143,67,4,3486,1,67,0.05970149253731343,9.493106049601404e-05
1150,Cat_8,363339,141,60,5,15558,3,60,0.08333333333333333,9.492243923461699e-05
4293,Cat_17,363315,155,65,6,14131,2,65,0.09230769230769231,9.491616922632823e-05
2832,Cat_3,363310,152,60,1,2560,1,60,0.016666666666666666,9.491486297460141e-05
7635,Cat_26,363288,141,57,4,7099,1,57,0.07017543859649122,9.490911546700337e-05
2960,Cat_24,363282,131,47,3,1680,0,47,0.06382978723404255,9.490754796493118e-05
1619,Cat_3,363280,128,49,1,2724,0,49,0.02040816326530612,9.490702546424045e-05
1572,Cat_24,363273,162,63,2,9382,1,63,0.031746031746031744,9.49051967118229e-05
8141,Cat_29,363265,142,59,3,4903,0,59,0.05084745762711865,9.490310670905997e-05
8840,Cat_22,363259,143,60,1,417,0,60,0.016666666666666666,9.490153920698778e-05
6640,Cat_17,363243,147,60,1,4377,0,60,0.016666666666666666,9.489735920146195e-05
3671,Cat_3,363217,139,55,6,15976,2,55,0.10909090909090909,9.489056669248244e-05
2091,Cat_6,363211,159,64,3,7177,0,64,0.046875,9.488899919041027e-05
617,Cat_17,363198,152,58,1,1557,0,58,0.017241379310344827,9.488560293592051e-05
9593,Cat_28,363195,137,51,3,5374,0,51,0.058823529411764705,9.488481918488442e-05
2158,Cat_20,363192,147,61,2,1689,0,61,0.03278688524590164,9.488403543384833e-05
1452,Cat_15,363188,143,58,4,6140,1,58,0.06896551724137931,9.488299043246687e-05
917,Cat_8,363152,132,50,4,13124,1,50,0.08,9.487358542003372e-05
6378,Cat_9,363073,133,57,2,5534,1,57,0.03508771929824561,9.485294664274987e-05
4677,Cat_28,363046,158,60,1,501,0,60,0.016666666666666666,9.484589288342501e-05
7247,Cat_26,363005,130,50,1,903,0,50,0.02,9.483518161926505e-05
6946,Cat_22,362994,149,61,4,3219,0,61,0.06557377049180328,9.483230786546603e-05
8968,Cat_6,362985,155,65,4,10267,1,65,0.06153846153846154,9.482995661235774e-05
8153,Cat_9,362909,149,60,3,9321,1,60,0.05,9.481010158610999e-05
5036,Cat_9,362907,151,61,4,8358,1,61,0.06557377049180328,9.480957908541926e-05
4307,Cat_1,362902,140,56,2,1350,1,56,0.03571428571428571,9.480827283369244e-05
3517,Cat_4,362882,164,65,0,0,0,65,0.0,9.480304782678514e-05
4883,Cat_26,362877,162,64,3,6810,1,64,0.046875,9.480174157505831e-05
6226,Cat_26,362846,133,54,2,8014,1,54,0.037037037037037035,9.479364281435198e-05
3868,Cat_27,362840,126,47,3,8111,1,47,0.06382978723404255,9.47920753122798e-05
9929,Cat_17,362747,143,62,2,9348,0,62,0.03225806451612903,9.476777903016085e-05
4368,Cat_11,362733,148,56,2,5012,1,56,0.03571428571428571,9.476412152532573e-05
6620,Cat_18,362685,160,66,3,8385,1,66,0.045454545454545456,9.47515815087482e-05
6695,Cat_13,362671,118,51,3,7840,2,51,0.058823529411764705,9.474792400391309e-05
6956,Cat_3,362656,136,50,3,2588,0,50,0.06,9.474400524873261e-05
7330,Cat_2,362648,137,54,3,11570,1,54,0.05555555555555555,9.47419152459697e-05
2771,Cat_1,362635,137,55,4,12092,1,55,0.07272727272727272,9.473851899147995e-05
2740,Cat_19,362634,134,55,0,0,0,55,0.0,9.473825774113459e-05
2248,Cat_11,362633,135,52,3,10821,1,52,0.057692307692307696,9.473799649078922e-05
4659,Cat_22,362614,139,53,2,3684,0,53,0.03773584905660377,9.473303273422728e-05
5116,Cat_29,362597,143,60,1,279,0,60,0.016666666666666666,9.472859147835607e-05
6041,Cat_16,362594,133,55,2,4707,0,55,0.03636363636363636,9.472780772731998e-05
6240,Cat_18,362579,162,66,2,577,0,66,0.030303030303030304,9.472388897213951e-05
1736,Cat_29,362552,151,56,4,12991,2,56,0.07142857142857142,9.471683521281465e-05
3586,Cat_25,362532,142,57,2,5481,1,57,0.03508771929824561,9.471161020590735e-05
9274,Cat_19,362495,162,63,4,12680,1,63,0.06349206349206349,9.470194394312883e-05
2640,Cat_11,362465,139,54,5,9654,1,54,0.09259259259259259,9.469410643276788e-05
4864,Cat_14,362456,143,65,2,2973,0,65,0.03076923076923077,9.469175517965959e-05
5283,Cat_30,362445,136,54,5,13256,0,54,0.09259259259259259,9.468888142586058e-05
1618,Cat_23,362438,125,50,2,6624,0,50,0.04,9.468705267344302e-05
6429,Cat_20,362436,142,60,3,4333,0,60,0.05,9.468653017275229e-05
1118,Cat_25,362403,136,53,1,4970,0,53,0.018867924528301886,9.467790891135524e-05
8049,Cat_7,362397,139,60,7,17463,0,60,0.11666666666666667,9.467634140928305e-05
2617,Cat_26,362367,136,57,4,11274,2,57,0.07017543859649122,9.46685038989221e-05
2185,Cat_20,362359,131,57,1,373,0,57,0.017543859649122806,9.466641389615917e-05
2475,Cat_6,362344,153,57,2,8728,1,57,0.03508771929824561,9.46624951409787e-05
6887,Cat_17,362341,157,64,2,5312,1,64,0.03125,9.466171138994261e-05
9008,Cat_23,362336,130,52,5,13609,1,52,0.09615384615384616,9.466040513821579e-05
4425,Cat_14,362334,154,67,5,17088,3,67,0.07462686567164178,9.465988263752506e-05
1494,Cat_7,362311,151,62,0,0,0,62,0.0,9.465387387958166e-05
8377,Cat_19,362307,146,57,5,15678,1,57,0.08771929824561403,9.46528288782002e-05
5263,Cat_29,362304,139,58,3,9429,0,58,0.05172413793103448,9.465204512716409e-05
7504,Cat_6,362297,145,57,4,5477,1,57,0.07017543859649122,9.465021637474654e-05
2746,Cat_12,362293,136,56,3,10163,0,56,0.05357142857142857,9.464917137336508e-05
4658,Cat_15,362279,138,56,3,6072,1,56,0.05357142857142857,9.464551386852998e-05
5548,Cat_8,362256,144,56,3,8516,0,56,0.05357142857142857,9.463950511058658e-05
1927,Cat_12,362252,135,59,1,1513,0,59,0.01694915254237288,9.463846010920511e-05
6382,Cat_5,362235,146,62,3,9290,2,62,0.04838709677419355,9.463401885333391e-05
5969,Cat_27,362224,165,71,2,5770,0,71,0.028169014084507043,9.463114509953488e-05
1393,Cat_3,362210,139,58,2,7675,0,58,0.034482758620689655,9.462748759469978e-05
8923,Cat_5,362206,139,57,4,11742,2,57,0.07017543859649122,9.462644259331832e-05
9676,Cat_19,362193,131,55,8,31864,2,55,0.14545454545454545,9.462304633882857e-05
5732,Cat_1,362184,149,61,3,5266,1,61,0.04918032786885246,9.462069508572028e-05
8098,Cat_15,362178,161,64,3,7702,2,64,0.046875,9.46191275836481e-05
2204,Cat_9,362163,155,66,1,4266,0,66,0.015151515151515152,9.461520882846761e-05
2436,Cat_21,362139,137,55,6,16268,1,55,0.10909090909090909,9.460893882017885e-05
3207,Cat_17,362120,148,61,4,7476,1,61,0.06557377049180328,9.460397506361691e-05
3857,Cat_19,362118,130,58,2,4843,0,58,0.034482758620689655,9.460345256292618e-05
9519,Cat_23,362115,138,57,4,10863,0,57,0.07017543859649122,9.460266881189009e-05
6719,Cat_12,362115,149,59,3,8811,1,59,0.05084745762711865,9.460266881189009e-05
8777,Cat_21,362101,142,54,3,10541,1,54,0.05555555555555555,9.459901130705498e-05
8414,Cat_19,362074,152,62,1,1997,0,62,0.016129032258064516,9.459195754773012e-05
4424,Cat_28,362066,146,59,3,4493,0,59,0.05084745762711865,9.458986754496719e-05
1215,Cat_19,362041,152,62,3,6762,2,62,0.04838709677419355,9.458333628633308e-05
7748,Cat_1,362017,163,63,2,6662,0,63,0.031746031746031744,9.45770662780443e-05
4140,Cat_25,362006,149,58,0,0,0,58,0.0,9.457419252424529e-05
1125,Cat_27,361981,140,58,1,2999,0,58,0.017241379310344827,9.456766126561116e-05
1265,Cat_21,361959,155,64,4,9833,1,64,0.0625,9.456191375801313e-05
7006,Cat_21,361959,153,60,1,253,0,60,0.016666666666666666,9.456191375801313e-05
5774,Cat_30,361940,129,61,6,10059,1,61,0.09836065573770492,9.45569500014512e-05
8718,Cat_3,361911,156,55,3,10117,1,55,0.05454545454545454,9.45493737414356e-05
988,Cat_5,361899,144,52,3,9426,2,52,0.057692307692307696,9.454623873729122e-05
8191,Cat_14,361882,148,62,1,4778,1,62,0.016129032258064516,9.454179748142001e-05
7557,Cat_21,361831,126,58,3,5994,1,58,0.05172413793103448,9.45284737138064e-05
2575,Cat_17,361813,147,57,1,3630,1,57,0.017543859649122806,9.452377120758982e-05
8167,Cat_18,361810,144,63,2,3154,0,63,0.031746031746031744,9.452298745655373e-05
2453,Cat_9,361803,146,56,1,3146,0,56,0.017857142857142856,9.452115870413618e-05
2934,Cat_10,361778,140,58,1,684,0,58,0.017241379310344827,9.451462744550205e-05
2136,Cat_27,361726,131,57,3,8934,0,57,0.05263157894736842,9.450104242754306e-05
1972,Cat_24,361712,166,62,4,7906,0,62,0.06451612903225806,9.449738492270795e-05
4128,Cat_1,361703,135,52,5,17306,2,52,0.09615384615384616,9.449503366959966e-05
3684,Cat_14,361674,139,57,2,4650,0,57,0.03508771929824561,9.448745740958408e-05
3124,Cat_10,361607,153,59,5,7195,3,59,0.0847457627118644,9.446995363644461e-05
7575,Cat_18,361571,137,54,0,0,0,54,0.0,9.446054862401147e-05
2042,Cat_7,361545,148,54,1,2957,0,53,0.018518518518518517,9.445375611503197e-05
483,Cat_22,361540,134,58,3,12514,0,58,0.05172413793103448,9.445244986330515e-05
3228,Cat_11,361530,131,49,4,10646,0,49,0.08163265306122448,9.444983735985149e-05
1983,Cat_6,361529,139,57,6,14360,1,57,0.10526315789473684,9.444957610950613e-05
3698,Cat_13,361499,137,48,6,21925,2,48,0.125,9.444173859914518e-05
8598,Cat_28,361453,150,59,2,5755,1,59,0.03389830508474576,9.442972108325838e-05
2160,Cat_18,361453,137,58,4,14705,1,58,0.06896551724137931,9.442972108325838e-05
6849,Cat_16,361449,149,57,2,3065,0,57,0.03508771929824561,9.442867608187692e-05
8682,Cat_29,361419,121,49,3,8715,1,49,0.061224489795918366,9.442083857151597e-05
4886,Cat_3,361404,133,58,3,8576,0,58,0.05172413793103448,9.441691981633548e-05
2805,Cat_27,361387,125,50,2,5049,1,50,0.04,9.441247856046428e-05
5009,Cat_6,361386,133,61,5,7117,0,61,0.08196721311475409,9.441221731011892e-05
4684,Cat_26,361362,144,57,2,6989,0,57,0.03508771929824561,9.440594730183016e-05
4948,Cat_6,361358,136,55,3,7341,1,55,0.05454545454545454,9.44049023004487e-05
9617,Cat_27,361318,129,51,4,13941,2,51,0.0784313725490196,9.43944522866341e-05
4444,Cat_25,361316,167,62,3,8520,0,62,0.04838709677419355,9.439392978594336e-05
5715,Cat_10,361292,154,61,4,21900,2,61,0.06557377049180328,9.438765977765459e-05
3329,Cat_6,361284,138,62,2,2447,0,62,0.03225806451612903,9.438556977489168e-05
9556,Cat_16,361251,141,59,7,13684,3,59,0.11864406779661017,9.437694851349463e-05
8336,Cat_7,361242,146,60,6,20307,2,60,0.1,9.437459726038635e-05
7480,Cat_14,361240,139,57,1,456,0,57,0.017543859649122806,9.437407475969561e-05
1767,Cat_4,361231,148,65,0,0,0,65,0.0,9.437172350658732e-05
7771,Cat_25,361230,140,61,2,796,0,61,0.03278688524590164,9.437146225624196e-05
9352,Cat_17,361219,133,58,6,11848,1,58,0.10344827586206896,9.436858850244295e-05
2104,Cat_10,361202,134,51,2,4197,1,51,0.0392156862745098,9.436414724657174e-05
2366,Cat_3,361182,149,60,4,13216,0,60,0.06666666666666667,9.435892223966443e-05
5784,Cat_4,361166,137,57,1,2392,0,57,0.017543859649122806,9.43547422341386e-05
7772,Cat_29,361155,157,64,4,14450,1,64,0.0625,9.435186848033957e-05
5531,Cat_4,361151,131,55,3,5805,0,55,0.05454545454545454,9.435082347895811e-05
1105,Cat_22,361140,133,61,4,9916,0,61,0.06557377049180328,9.43479497251591e-05
9859,Cat_9,361133,149,61,2,3097,0,61,0.03278688524590164,9.434612097274154e-05
2048,Cat_18,361120,163,67,3,14680,3,67,0.04477611940298507,9.43427247182518e-05
5476,Cat_20,361117,160,65,7,10346,1,65,0.1076923076923077,9.43419409672157e-05
9861,Cat_1,361098,144,59,4,7095,1,59,0.06779661016949153,9.433697721065376e-05
9369,Cat_20,361094,154,67,2,6760,1,67,0.029850746268656716,9.43359322092723e-05
112,Cat_23,361081,164,62,5,18450,1,62,0.08064516129032258,9.433253595478255e-05
2859,Cat_12,361076,137,55,4,11937,1,55,0.07272727272727272,9.433122970305573e-05
4474,Cat_21,361057,151,56,6,12827,1,56,0.10714285714285714,9.43262659464938e-05
6373,Cat_8,361053,131,54,2,4939,0,54,0.037037037037037035,9.432522094511233e-05
9406,Cat_2,361050,143,61,1,71,0,61,0.01639344262295082,9.432443719407624e-05
7165,Cat_27,361044,134,49,2,4783,1,49,0.04081632653061224,9.432286969200405e-05
3004,Cat_26,361029,135,58,0,0,0,58,0.0,9.431895093682358e-05
6238,Cat_24,361000,141,56,3,6566,0,56,0.05357142857142857,9.431137467680798e-05
2221,Cat_6,360985,139,55,3,13148,1,55,0.05454545454545454,9.430745592162751e-05
8819,Cat_26,360983,142,59,2,2496,0,59,0.03389830508474576,9.430693342093678e-05
2409,Cat_4,360970,155,63,3,6743,0,63,0.047619047619047616,9.430353716644703e-05
1383,Cat_22,360952,171,66,2,717,0,66,0.030303030303030304,9.429883466023045e-05
3375,Cat_7,360949,124,53,3,4057,1,53,0.05660377358490566,9.429805090919437e-05
7178,Cat_17,360940,122,51,0,0,0,51,0.0,9.429569965608607e-05
5946,Cat_20,360889,147,59,3,10140,2,59,0.05084745762711865,9.428237588847245e-05
465,Cat_14,360883,157,61,2,9358,2,61,0.03278688524590164,9.428080838640026e-05
6596,Cat_12,360878,136,51,5,17521,2,51,0.09803921568627451,9.427950213467344e-05
923,Cat_14,360874,140,57,1,1304,1,57,0.017543859649122806,9.427845713329198e-05
6497,Cat_30,360849,142,56,4,9739,1,56,0.07142857142857142,9.427192587465785e-05
2358,Cat_17,360837,133,60,2,6999,1,60,0.03333333333333333,9.426879087051347e-05
9591,Cat_26,360812,154,63,6,15620,1,63,0.09523809523809523,9.426225961187934e-05
9414,Cat_7,360810,146,56,6,13909,1,56,0.10714285714285714,9.426173711118861e-05
214,Cat_10,360806,142,60,0,0,0,60,0.0,9.426069210980715e-05
9383,Cat_16,360783,132,52,1,2713,0,52,0.019230769230769232,9.425468335186375e-05
3564,Cat_26,360768,124,48,2,4668,1,48,0.041666666666666664,9.425076459668328e-05
6132,Cat_8,360752,144,55,2,7978,0,55,0.03636363636363636,9.424658459115743e-05
592,Cat_16,360719,149,58,2,3810,1,58,0.034482758620689655,9.423796332976039e-05
2170,Cat_16,360701,155,61,1,1569,0,61,0.01639344262295082,9.423326082354381e-05
4708,Cat_27,360695,124,54,2,8439,1,54,0.037037037037037035,9.423169332147162e-05
5677,Cat_26,360675,156,59,3,4222,1,59,0.05084745762711865,9.422646831456432e-05
6189,Cat_24,360649,127,47,0,0,0,47,0.0,9.421967580558482e-05
5652,Cat_20,360613,153,60,2,8148,0,60,0.03333333333333333,9.421027079315168e-05
1036,Cat_8,360566,141,56,0,0,0,56,0.0,9.419799202691952e-05
4638,Cat_30,360556,144,60,6,11867,1,60,0.1,9.419537952346587e-05
5633,Cat_14,360552,135,57,4,12356,3,57,0.07017543859649122,9.41943345220844e-05
3449,Cat_18,360538,141,58,3,5868,0,58,0.05172413793103448,9.41906770172493e-05
6135,Cat_6,360535,138,55,1,1208,0,55,0.01818181818181818,9.41898932662132e-05
8578,Cat_16,360519,143,61,2,2663,0,61,0.03278688524590164,9.418571326068736e-05
2692,Cat_1,360510,149,63,3,9066,0,63,0.047619047619047616,9.418336200757907e-05
8524,Cat_24,360506,160,61,0,0,0,61,0.0,9.418231700619762e-05
39,Cat_12,360490,123,54,2,1881,0,54,0.037037037037037035,9.417813700067177e-05
7274,Cat_8,360486,138,57,9,20112,2,57,0.15789473684210525,9.417709199929031e-05
614,Cat_30,360476,149,60,6,19624,3,60,0.1,9.417447949583666e-05
7769,Cat_9,360475,137,57,2,5955,0,57,0.03508771929824561,9.41742182454913e-05
4860,Cat_26,360456,161,60,4,12177,1,60,0.06666666666666667,9.416925448892936e-05
2431,Cat_11,360443,158,65,4,5502,1,65,0.06153846153846154,9.416585823443962e-05
755,Cat_6,360420,158,63,1,1017,0,63,0.015873015873015872,9.415984947649622e-05
2874,Cat_3,360399,140,53,3,6166,0,53,0.05660377358490566,9.415436321924355e-05
5382,Cat_25,360396,141,56,1,3887,0,56,0.017857142857142856,9.415357946820744e-05
2101,Cat_11,360379,160,67,6,11338,1,67,0.08955223880597014,9.414913821233624e-05
7065,Cat_2,360377,140,50,2,6813,1,50,0.04,9.414861571164551e-05
7663,Cat_6,360373,135,60,2,5576,1,60,0.03333333333333333,9.414757071026405e-05
5542,Cat_8,360367,155,64,2,1841,0,64,0.03125,9.414600320819187e-05
2443,Cat_4,360365,139,58,4,7993,2,58,0.06896551724137931,9.414548070750114e-05
4764,Cat_6,360362,146,57,2,7290,0,57,0.03508771929824561,9.414469695646503e-05
8931,Cat_25,360347,144,60,3,8811,1,60,0.05,9.414077820128456e-05
257,Cat_3,360329,148,61,5,12346,2,61,0.08196721311475409,9.413607569506799e-05
30,Cat_1,360292,139,57,6,24934,2,57,0.10526315789473684,9.412640943228948e-05
9140,Cat_29,360269,140,57,2,6307,1,57,0.03508771929824561,9.412040067434608e-05
77,Cat_13,360264,141,58,1,4952,0,58,0.017241379310344827,9.411909442261926e-05
708,Cat_28,360256,141,59,6,13639,1,59,0.1016949152542373,9.411700441985633e-05
2352,Cat_19,360255,142,57,3,6379,0,57,0.05263157894736842,9.411674316951096e-05
1999,Cat_14,360254,150,61,4,10083,2,61,0.06557377049180328,9.41164819191656e-05
8431,Cat_25,360222,142,52,4,8847,2,52,0.07692307692307693,9.410812190811392e-05
2916,Cat_11,360214,165,61,8,19451,3,61,0.13114754098360656,9.4106031905351e-05
1606,Cat_19,360212,139,54,4,6921,1,54,0.07407407407407407,9.410550940466027e-05
2735,Cat_21,360202,145,60,8,18132,2,60,0.13333333333333333,9.410289690120661e-05
6340,Cat_22,360187,141,61,3,9857,3,61,0.04918032786885246,9.409897814602614e-05
8287,Cat_26,360178,149,55,1,233,0,55,0.01818181818181818,9.409662689291785e-05
8883,Cat_24,360138,145,58,5,11310,2,58,0.08620689655172414,9.408617687910325e-05
622,Cat_1,360134,171,63,1,4379,0,63,0.015873015873015872,9.408513187772179e-05
4591,Cat_2,360128,143,56,2,6961,0,56,0.03571428571428571,9.40835643756496e-05
1043,Cat_15,360109,131,50,3,6204,1,50,0.06,9.407860061908766e-05
2294,Cat_14,360107,128,51,2,2768,0,51,0.0392156862745098,9.407807811839693e-05
1539,Cat_12,360103,122,50,5,11795,0,50,0.1,9.407703311701546e-05
3488,Cat_20,360096,149,59,2,4597,1,59,0.03389830508474576,9.407520436459791e-05
78,Cat_4,360081,137,57,3,7534,1,57,0.05263157894736842,9.407128560941744e-05
8396,Cat_9,360072,135,58,2,3825,1,58,0.034482758620689655,9.406893435630916e-05
9850,Cat_11,360053,136,54,3,11902,0,54,0.05555555555555555,9.406397059974722e-05
5377,Cat_19,360051,138,56,4,7137,0,56,0.07142857142857142,9.406344809905649e-05
2099,Cat_2,360050,136,57,4,7737,1,57,0.07017543859649122,9.406318684871112e-05
242,Cat_5,360049,153,57,5,14175,2,57,0.08771929824561403,9.406292559836576e-05
3753,Cat_1,360021,152,62,2,6517,0,62,0.03225806451612903,9.405561058869552e-05
3254,Cat_21,360007,140,60,3,8075,0,60,0.05,9.405195308386042e-05
5493,Cat_22,359934,155,63,2,4904,1,63,0.031746031746031744,9.403288180864876e-05
6328,Cat_28,359928,129,51,3,10689,0,51,0.058823529411764705,9.403131430657657e-05
3081,Cat_26,359925,135,52,3,4239,0,52,0.057692307692307696,9.403053055554048e-05
1794,Cat_19,359923,155,68,4,10517,1,68,0.058823529411764705,9.403000805484975e-05
4349,Cat_30,359882,133,54,3,7245,1,54,0.05555555555555555,9.401929679068978e-05
1857,Cat_28,359880,159,68,2,3498,0,68,0.029411764705882353,9.401877428999905e-05
3225,Cat_16,359849,131,52,3,7894,0,52,0.057692307692307696,9.401067552929273e-05
4794,Cat_8,359840,141,55,3,3960,1,55,0.05454545454545454,9.400832427618445e-05
3613,Cat_24,359837,158,62,2,7049,1,62,0.03225806451612903,9.400754052514835e-05
8454,Cat_29,359833,145,56,2,3430,0,56,0.03571428571428571,9.400649552376688e-05
6039,Cat_21,359825,137,61,2,2988,0,61,0.03278688524590164,9.400440552100397e-05
3071,Cat_5,359815,133,53,0,0,0,53,0.0,9.400179301755032e-05
9,Cat_29,359804,146,61,3,4965,1,61,0.04918032786885246,9.39989192637513e-05
1604,Cat_4,359797,150,62,2,5768,1,62,0.03225806451612903,9.399709051133374e-05
5449,Cat_4,359788,139,52,2,2255,0,52,0.038461538461538464,9.399473925822546e-05
5955,Cat_28,359776,135,53,2,5192,0,53,0.03773584905660377,9.399160425408107e-05
1766,Cat_27,359759,140,57,1,3589,1,57,0.017543859649122806,9.398716299820987e-05
1011,Cat_10,359750,127,51,3,10185,2,51,0.058823529411764705,9.398481174510158e-05
5854,Cat_4,359746,149,63,1,3036,0,63,0.015873015873015872,9.398376674372012e-05
4628,Cat_29,359745,150,62,3,8011,1,62,0.04838709677419355,9.398350549337476e-05
5145,Cat_6,359743,158,70,4,6105,1,70,0.05714285714285714,9.398298299268403e-05
4943,Cat_28,359715,138,56,2,1499,0,56,0.03571428571428571,9.39756679830138e-05
1362,Cat_5,359682,161,64,3,6225,0,64,0.046875,9.396704672161676e-05
1834,Cat_21,359681,157,60,4,9592,1,60,0.06666666666666667,9.396678547127139e-05
2399,Cat_26,359672,133,59,5,18886,2,59,0.0847457627118644,9.39644342181631e-05
4610,Cat_4,359664,147,62,1,3943,1,62,0.016129032258064516,9.396234421540018e-05
2145,Cat_5,359656,138,55,2,7908,0,55,0.03636363636363636,9.396025421263726e-05
8154,Cat_20,359648,154,64,4,4179,1,64,0.0625,9.395816420987435e-05
3250,Cat_22,359638,159,66,5,16825,1,66,0.07575757575757576,9.395555170642069e-05
4534,Cat_17,359587,133,53,1,1550,1,53,0.018867924528301886,9.394222793880707e-05
820,Cat_28,359577,146,60,4,12719,1,60,0.06666666666666667,9.393961543535342e-05
449,Cat_19,359571,173,65,9,28535,2,65,0.13846153846153847,9.393804793328123e-05
5740,Cat_12,359564,141,55,0,0,0,55,0.0,9.393621918086367e-05
1136,Cat_1,359559,151,58,0,0,0,58,0.0,9.393491292913684e-05
6838,Cat_13,359549,138,56,4,11146,0,56,0.07142857142857142,9.39323004256832e-05
3768,Cat_4,359548,146,62,4,10851,2,62,0.06451612903225806,9.393203917533783e-05
9115,Cat_15,359540,142,59,2,4077,1,59,0.03389830508474576,9.39299491725749e-05
1056,Cat_4,359515,136,59,3,8052,0,59,0.05084745762711865,9.392341791394077e-05
3807,Cat_27,359499,142,54,3,7688,1,54,0.05555555555555555,9.391923790841494e-05
9967,Cat_18,359463,150,64,1,3925,0,64,0.015625,9.39098328959818e-05
4471,Cat_19,359453,121,50,0,0,0,50,0.0,9.390722039252814e-05
2157,Cat_3,359448,137,51,3,7699,1,51,0.058823529411764705,9.390591414080132e-05
9542,Cat_1,359433,163,64,2,6282,0,64,0.03125,9.390199538562085e-05
301,Cat_27,359415,143,57,4,8791,0,57,0.07017543859649122,9.389729287940427e-05
7428,Cat_8,359384,130,52,1,239,0,52,0.019230769230769232,9.388919411869794e-05
2014,Cat_28,359344,135,57,4,10273,1,57,0.07017543859649122,9.387874410488334e-05
2030,Cat_9,359341,136,57,5,16079,0,57,0.08771929824561403,9.387796035384725e-05
6307,Cat_20,359315,144,58,1,2748,0,58,0.017241379310344827,9.387116784486776e-05
729,Cat_2,359314,149,59,3,10524,3,59,0.05084745762711865,9.387090659452239e-05
4176,Cat_28,359298,140,58,1,3542,0,58,0.017241379310344827,9.386672658899656e-05
9014,Cat_26,359288,152,60,5,15164,3,60,0.08333333333333333,9.38641140855429e-05
3458,Cat_5,359281,156,57,2,7101,0,57,0.03508771929824561,9.386228533312534e-05
1753,Cat_12,359274,136,60,3,9007,2,60,0.05,9.386045658070778e-05
871,Cat_3,359220,133,52,1,2137,0,52,0.019230769230769232,9.384634906205808e-05
3197,Cat_12,359189,136,59,3,7760,2,59,0.05084745762711865,9.383825030135175e-05
2422,Cat_17,359187,152,60,4,11743,1,60,0.06666666666666667,9.383772780066102e-05
7989,Cat_26,359163,132,52,2,6306,1,52,0.038461538461538464,9.383145779237225e-05
8694,Cat_17,359152,161,63,1,2527,1,63,0.015873015873015872,9.382858403857324e-05
5469,Cat_22,359150,139,55,3,7090,2,55,0.05454545454545454,9.382806153788251e-05
42,Cat_8,359129,153,61,1,4681,1,61,0.01639344262295082,9.382257528062984e-05
7155,Cat_10,359129,128,54,2,9663,1,54,0.037037037037037035,9.382257528062984e-05
3205,Cat_19,359112,153,63,5,13840,2,63,0.07936507936507936,9.381813402475863e-05
4909,Cat_30,359096,143,64,1,617,0,64,0.015625,9.38139540192328e-05
9590,Cat_27,359082,157,61,3,7819,1,61,0.04918032786885246,9.381029651439768e-05
3946,Cat_2,359073,155,58,2,4894,1,58,0.034482758620689655,9.38079452612894e-05
9553,Cat_1,359054,142,58,0,0,0,58,0.0,9.380298150472746e-05
5526,Cat_14,359049,153,62,2,4599,1,62,0.03225806451612903,9.380167525300063e-05
2963,Cat_9,359036,131,54,2,1805,0,54,0.037037037037037035,9.379827899851088e-05
1396,Cat_16,359031,145,62,4,8270,0,62,0.06451612903225806,9.379697274678406e-05
4815,Cat_6,359017,151,60,1,4377,1,60,0.016666666666666666,9.379331524194895e-05
2890,Cat_28,359007,126,56,1,248,0,56,0.017857142857142856,9.379070273849529e-05
4177,Cat_24,358983,141,58,4,11677,0,58,0.06896551724137931,9.378443273020653e-05
3349,Cat_25,358971,134,54,2,5314,1,54,0.037037037037037035,9.378129772606215e-05
2448,Cat_28,358941,142,60,4,12905,2,60,0.06666666666666667,9.37734602157012e-05
8830,Cat_19,358892,125,48,0,0,0,48,0.0,9.376065894877831e-05
6538,Cat_9,358881,145,55,3,11897,0,55,0.05454545454545454,9.37577851949793e-05
3051,Cat_22,358867,131,53,2,7108,0,53,0.03773584905660377,9.375412769014418e-05
8183,Cat_28,358856,143,58,0,0,0,58,0.0,9.375125393634517e-05
2182,Cat_4,358813,121,46,3,8129,1,46,0.06521739130434782,9.374002017149446e-05
6256,Cat_3,358811,143,54,3,3090,0,54,0.05555555555555555,9.373949767080374e-05
5878,Cat_23,358767,146,58,1,3942,1,58,0.017241379310344827,9.372800265560768e-05
7013,Cat_19,358710,127,50,3,10415,0,50,0.06,9.371311138592186e-05
4354,Cat_15,358684,133,51,1,279,0,51,0.0196078431372549,9.370631887694236e-05
8526,Cat_14,358669,150,58,2,1736,0,58,0.034482758620689655,9.370240012176189e-05
5451,Cat_14,358668,140,53,1,2252,0,53,0.018867924528301886,9.370213887141653e-05
2844,Cat_17,358630,172,65,2,3543,0,65,0.03076923076923077,9.369221135829265e-05
6627,Cat_24,358620,136,51,7,20297,2,51,0.13725490196078433,9.3689598854839e-05
5793,Cat_25,358618,143,57,3,8012,0,57,0.05263157894736842,9.368907635414827e-05
5205,Cat_27,358605,140,54,3,9124,0,54,0.05555555555555555,9.368568009965852e-05
103,Cat_29,358599,138,49,1,3558,1,49,0.02040816326530612,9.368411259758633e-05
9213,Cat_7,358596,143,65,2,7830,1,65,0.03076923076923077,9.368332884655024e-05
595,Cat_3,358573,143,60,4,8952,0,60,0.06666666666666667,9.367732008860684e-05
3582,Cat_26,358558,128,52,2,8142,1,52,0.038461538461538464,9.367340133342637e-05
2486,Cat_26,358538,134,52,3,3891,0,52,0.057692307692307696,9.366817632651906e-05
4010,Cat_19,358528,143,61,3,10716,0,61,0.04918032786885246,9.36655638230654e-05
3514,Cat_4,358512,159,70,2,7867,1,70,0.02857142857142857,9.366138381753957e-05
5766,Cat_13,358471,145,59,2,1791,1,59,0.03389830508474576,9.365067255337959e-05
495,Cat_12,358451,138,53,5,4975,1,53,0.09433962264150944,9.36454475464723e-05
9255,Cat_9,358441,146,61,3,9786,1,61,0.04918032786885246,9.364283504301864e-05
2087,Cat_28,358429,152,61,2,4539,2,61,0.03278688524590164,9.363970003887426e-05
6010,Cat_23,358394,160,60,2,5031,0,60,0.03333333333333333,9.363055627678648e-05
3038,Cat_5,358370,139,55,5,13911,2,55,0.09090909090909091,9.362428626849771e-05
7850,Cat_14,358356,130,52,2,6813,1,52,0.038461538461538464,9.362062876366261e-05
3158,Cat_4,358348,149,61,5,9635,1,61,0.08196721311475409,9.361853876089969e-05
1198,Cat_10,358345,146,63,5,14360,2,63,0.07936507936507936,9.361775500986358e-05
8339,Cat_18,358334,147,65,7,22194,1,65,0.1076923076923077,9.361488125606457e-05
1716,Cat_17,358316,155,59,4,13955,1,59,0.06779661016949153,9.3610178749848e-05
9449,Cat_24,358277,143,61,5,12730,2,61,0.08196721311475409,9.359998998637876e-05
6257,Cat_20,358276,146,56,1,4224,0,56,0.017857142857142856,9.35997287360334e-05
8915,Cat_19,358273,141,60,0,0,0,60,0.0,9.35989449849973e-05
1028,Cat_28,358267,127,45,4,12117,1,45,0.08888888888888889,9.35973774829251e-05
5217,Cat_27,358260,144,53,1,2792,0,53,0.018867924528301886,9.359554873050755e-05
8790,Cat_3,358256,119,46,2,6282,1,46,0.043478260869565216,9.359450372912609e-05
400,Cat_23,358254,131,52,2,4363,1,52,0.038461538461538464,9.359398122843536e-05
2155,Cat_9,358252,143,61,4,11166,0,61,0.06557377049180328,9.359345872774463e-05
9186,Cat_14,358236,117,48,5,14414,2,48,0.10416666666666667,9.35892787222188e-05
4019,Cat_12,358195,135,51,3,5099,0,51,0.058823529411764705,9.357856745805882e-05
7273,Cat_21,358186,131,55,4,13345,1,55,0.07272727272727272,9.357621620495054e-05
3656,Cat_16,358179,162,65,1,1918,0,65,0.015384615384615385,9.357438745253298e-05
1148,Cat_23,358161,146,55,2,6198,0,55,0.03636363636363636,9.35696849463164e-05
8196,Cat_28,358146,141,55,6,18263,1,55,0.10909090909090909,9.356576619113593e-05
1490,Cat_29,358125,158,55,1,1300,0,55,0.01818181818181818,9.356027993388326e-05
3478,Cat_30,358114,134,52,1,3374,0,52,0.019230769230769232,9.355740618008425e-05
8492,Cat_15,358113,140,59,1,4239,0,59,0.01694915254237288,9.355714492973888e-05
6612,Cat_28,358023,132,60,1,4357,0,60,0.016666666666666666,9.353363239865603e-05
5592,Cat_7,358000,151,62,2,5263,0,62,0.03225806451612903,9.352762364071263e-05
9454,Cat_20,357999,163,67,2,3604,1,67,0.029850746268656716,9.352736239036725e-05
565,Cat_22,357992,150,58,8,19567,3,58,0.13793103448275862,9.35255336379497e-05
1602,Cat_28,357992,145,54,2,7322,1,54,0.037037037037037035,9.35255336379497e-05
2031,Cat_11,357988,140,55,1,4123,0,55,0.01818181818181818,9.352448863656824e-05
5121,Cat_16,357982,141,58,3,7206,1,58,0.05172413793103448,9.352292113449605e-05
6172,Cat_15,357979,136,54,1,4527,1,54,0.018518518518518517,9.352213738345996e-05
5351,Cat_11,357976,142,60,8,20662,3,60,0.13333333333333333,9.352135363242386e-05
9215,Cat_22,357964,148,56,2,9679,1,56,0.03571428571428571,9.351821862827948e-05
33,Cat_9,357960,135,59,6,19970,1,59,0.1016949152542373,9.351717362689802e-05
2492,Cat_19,357937,130,52,0,0,0,52,0.0,9.351116486895462e-05
6930,Cat_8,357927,139,49,5,8225,1,49,0.10204081632653061,9.350855236550097e-05
9248,Cat_16,357914,152,59,3,3248,0,59,0.05084745762711865,9.350515611101122e-05
9142,Cat_10,357900,148,60,5,10565,1,60,0.08333333333333333,9.350149860617611e-05
6549,Cat_13,357892,142,58,5,11909,1,58,0.08620689655172414,9.34994086034132e-05
5959,Cat_21,357870,155,59,8,20131,2,59,0.13559322033898305,9.349366109581516e-05
589,Cat_17,357865,138,52,4,5774,0,52,0.07692307692307693,9.349235484408834e-05
2382,Cat_26,357826,148,58,7,17272,3,58,0.1206896551724138,9.348216608061909e-05
9169,Cat_27,357810,153,59,2,9376,0,59,0.03389830508474576,9.347798607509326e-05
1258,Cat_27,357809,160,68,3,7780,1,68,0.04411764705882353,9.347772482474788e-05
7271,Cat_1,357808,155,64,5,12104,1,64,0.078125,9.347746357440252e-05
7576,Cat_17,357802,150,61,3,7825,0,61,0.04918032786885246,9.347589607233033e-05
6043,Cat_4,357790,135,60,5,12123,1,60,0.08333333333333333,9.347276106818595e-05
8922,Cat_5,357778,144,53,4,8503,0,53,0.07547169811320754,9.346962606404157e-05
2190,Cat_3,357731,152,63,6,20546,2,63,0.09523809523809523,9.34573472978094e-05
8387,Cat_27,357719,152,60,4,13570,2,60,0.06666666666666667,9.345421229366503e-05
7712,Cat_28,357701,138,58,3,10352,0,58,0.05172413793103448,9.344950978744845e-05
2920,Cat_20,357672,139,57,1,3001,0,57,0.017543859649122806,9.344193352743286e-05
4157,Cat_28,357666,141,60,5,21719,3,60,0.08333333333333333,9.344036602536067e-05
6052,Cat_13,357644,145,55,6,14536,1,55,0.10909090909090909,9.343461851776264e-05
2867,Cat_21,357602,158,66,2,5032,1,66,0.030303030303030304,9.34236460032573e-05
4233,Cat_23,357598,152,57,1,720,0,57,0.017543859649122806,9.342260100187584e-05
7088,Cat_22,357598,150,60,1,2732,0,59,0.016666666666666666,9.342260100187584e-05
2125,Cat_5,357570,140,57,2,5692,0,57,0.03508771929824561,9.341528599220562e-05
7916,Cat_20,357522,135,55,0,0,0,55,0.0,9.34027459756281e-05
7418,Cat_27,357476,144,61,3,3438,0,61,0.04918032786885246,9.33907284597413e-05
1663,Cat_25,357468,148,60,3,8604,0,60,0.05,9.338863845697837e-05
363,Cat_2,357432,147,58,3,8381,1,58,0.05172413793103448,9.337923344454523e-05
4123,Cat_12,357415,151,64,3,10156,2,64,0.046875,9.337479218867402e-05
3608,Cat_5,357410,146,62,1,882,0,62,0.016129032258064516,9.33734859369472e-05
4910,Cat_2,357406,148,65,2,3831,0,65,0.03076923076923077,9.337244093556574e-05
5031,Cat_11,357396,147,54,1,4722,0,54,0.018518518518518517,9.336982843211209e-05
3638,Cat_19,357395,141,53,0,0,0,53,0.0,9.336956718176673e-05
920,Cat_14,357379,131,52,2,5676,0,52,0.038461538461538464,9.336538717624088e-05
1652,Cat_15,357351,147,62,2,3089,0,62,0.03225806451612903,9.335807216657066e-05
6042,Cat_20,357338,147,55,2,8212,1,55,0.03636363636363636,9.335467591208092e-05
403,Cat_22,357335,150,64,4,8855,1,64,0.0625,9.335389216104481e-05
2731,Cat_16,357273,145,57,3,4404,1,57,0.05263157894736842,9.333769463963218e-05
8981,Cat_4,357268,147,59,2,5226,1,59,0.03389830508474576,9.333638838790536e-05
7811,Cat_29,357264,136,54,5,12095,1,54,0.09259259259259259,9.33353433865239e-05
9166,Cat_29,357255,130,54,4,11771,0,54,0.07407407407407407,9.33329921334156e-05
2627,Cat_14,357245,126,52,1,2879,0,52,0.019230769230769232,9.333037962996196e-05
3720,Cat_8,357242,154,62,3,7853,0,62,0.04838709677419355,9.332959587892586e-05
9815,Cat_2,357241,138,52,1,2820,0,52,0.019230769230769232,9.33293346285805e-05
8000,Cat_11,357223,133,56,6,12814,1,56,0.10714285714285714,9.332463212236392e-05
5622,Cat_3,357215,136,56,0,0,0,56,0.0,9.3322542119601e-05
5770,Cat_24,357214,147,61,5,17848,3,61,0.08196721311475409,9.332228086925564e-05
5857,Cat_5,357208,146,64,7,17840,1,64,0.109375,9.332071336718345e-05
7738,Cat_2,357200,151,66,3,6435,0,66,0.045454545454545456,9.331862336442052e-05
1567,Cat_9,357192,140,53,4,8862,0,53,0.07547169811320754,9.331653336165761e-05
5113,Cat_21,357164,123,52,2,6834,0,52,0.038461538461538464,9.330921835198738e-05
2783,Cat_2,357137,140,57,2,8058,2,57,0.03508771929824561,9.330216459266252e-05
3888,Cat_13,357089,166,63,2,9238,0,63,0.031746031746031744,9.3289624576085e-05
7646,Cat_16,357088,143,58,4,13423,0,57,0.06896551724137931,9.328936332573963e-05
6888,Cat_1,357085,136,57,1,471,0,57,0.017543859649122806,9.328857957470354e-05
7051,Cat_4,357079,161,64,3,5187,0,64,0.046875,9.328701207263135e-05
7821,Cat_21,357049,156,60,0,0,0,60,0.0,9.32791745622704e-05
3633,Cat_15,357028,143,63,4,10489,1,63,0.06349206349206349,9.327368830501773e-05
5318,Cat_5,357024,149,56,3,9692,1,56,0.05357142857142857,9.327264330363627e-05
3563,Cat_8,356985,154,63,4,10315,1,63,0.06349206349206349,9.326245454016702e-05
5560,Cat_7,356980,147,63,3,6259,1,63,0.047619047619047616,9.32611482884402e-05
744,Cat_10,356965,149,61,5,11042,2,61,0.08196721311475409,9.325722953325973e-05
9527,Cat_30,356961,134,52,2,3040,0,52,0.038461538461538464,9.325618453187827e-05
2587,Cat_5,356947,147,64,1,2977,1,64,0.015625,9.325252702704315e-05
4045,Cat_7,356946,142,57,2,7002,1,57,0.03508771929824561,9.325226577669779e-05
5181,Cat_17,356896,155,61,2,4962,1,61,0.03278688524590164,9.323920325942953e-05
7767,Cat_19,356884,122,52,4,11011,1,52,0.07692307692307693,9.323606825528514e-05
8411,Cat_9,356849,144,61,1,3878,0,61,0.01639344262295082,9.322692449319737e-05
9197,Cat_17,356847,133,51,3,6509,1,51,0.058823529411764705,9.322640199250664e-05
4839,Cat_28,356812,151,57,4,13488,2,57,0.07017543859649122,9.321725823041886e-05
9968,Cat_3,356780,142,56,1,3032,1,56,0.017857142857142856,9.320889821936718e-05
5701,Cat_9,356770,131,54,4,9800,1,54,0.07407407407407407,9.320628571591352e-05
7311,Cat_19,356758,142,60,2,7239,2,60,0.03333333333333333,9.320315071176915e-05
8599,Cat_1,356724,140,56,2,5408,1,56,0.03571428571428571,9.319426820002674e-05
4174,Cat_25,356696,142,57,3,4781,0,57,0.05263157894736842,9.31869531903565e-05
1315,Cat_8,356674,149,57,4,5887,0,57,0.07017543859649122,9.318120568275848e-05
6369,Cat_17,356654,154,61,3,8870,0,61,0.04918032786885246,9.317598067585117e-05
5971,Cat_29,356653,142,57,2,7232,2,57,0.03508771929824561,9.317571942550581e-05
5557,Cat_22,356616,134,54,1,2970,0,54,0.018518518518518517,9.31660531627273e-05
213,Cat_12,356604,145,53,4,9871,2,53,0.07547169811320754,9.316291815858292e-05
3230,Cat_7,356589,132,47,5,14712,1,47,0.10638297872340426,9.315899940340245e-05
8575,Cat_13,356580,135,55,2,7497,1,55,0.03636363636363636,9.315664815029415e-05
1988,Cat_16,356555,138,57,4,9544,1,57,0.07017543859649122,9.315011689166002e-05
2685,Cat_7,356544,160,62,6,15988,2,62,0.0967741935483871,9.314724313786101e-05
2946,Cat_6,356529,145,61,2,6870,1,61,0.03278688524590164,9.314332438268053e-05
9860,Cat_13,356502,155,67,4,12945,1,67,0.05970149253731343,9.313627062335567e-05
1343,Cat_14,356494,140,60,4,17311,0,60,0.06666666666666667,9.313418062059275e-05
9103,Cat_15,356483,126,52,1,309,0,52,0.019230769230769232,9.313130686679373e-05
7940,Cat_16,356476,153,70,6,16106,3,70,0.08571428571428572,9.312947811437618e-05
6809,Cat_17,356458,156,65,6,7523,1,65,0.09230769230769231,9.31247756081596e-05
3801,Cat_7,356425,143,58,3,11533,1,58,0.05172413793103448,9.311615434676256e-05
2303,Cat_21,356416,131,53,2,6053,1,53,0.03773584905660377,9.311380309365427e-05
3167,Cat_10,356413,121,52,1,3432,0,52,0.019230769230769232,9.311301934261818e-05
7371,Cat_11,356395,136,60,4,6525,1,60,0.06666666666666667,9.310831683640161e-05
560,Cat_5,356362,134,50,0,0,0,50,0.0,9.309969557500456e-05
1353,Cat_28,356356,154,59,4,17112,3,59,0.06779661016949153,9.309812807293237e-05
4241,Cat_2,356324,145,57,5,15375,1,57,0.08771929824561403,9.308976806188069e-05
4690,Cat_14,356319,145,56,7,18971,3,56,0.125,9.308846181015385e-05
9634,Cat_27,356306,151,59,4,16286,1,59,0.06779661016949153,9.308506555566411e-05
978,Cat_5,356301,147,65,0,0,0,65,0.0,9.308375930393729e-05
1000,Cat_10,356301,136,56,6,11391,0,56,0.10714285714285714,9.308375930393729e-05
443,Cat_24,356251,155,61,2,5142,1,61,0.03278688524590164,9.307069678666903e-05
639,Cat_14,356250,132,54,0,0,0,54,0.0,9.307043553632367e-05
3748,Cat_26,356244,152,63,2,7588,0,63,0.031746031746031744,9.306886803425148e-05
392,Cat_29,356244,150,57,3,5842,0,57,0.05263157894736842,9.306886803425148e-05
402,Cat_4,356223,157,62,4,8033,1,62,0.06451612903225806,9.306338177699881e-05
8197,Cat_12,356204,141,60,2,5011,0,60,0.03333333333333333,9.305841802043687e-05
2191,Cat_1,356169,142,63,1,4399,1,63,0.015873015873015872,9.304927425834909e-05
4065,Cat_8,356164,139,61,5,7689,0,61,0.08196721311475409,9.304796800662227e-05
5399,Cat_26,356156,144,54,6,9674,1,54,0.1111111111111111,9.304587800385934e-05
5070,Cat_28,356146,143,60,3,5002,1,60,0.05,9.304326550040569e-05
623,Cat_20,356146,137,55,5,17136,4,55,0.09090909090909091,9.304326550040569e-05
56,Cat_26,356131,129,53,4,10930,0,53,0.07547169811320754,9.303934674522521e-05
3741,Cat_9,356085,137,56,3,7700,1,56,0.05357142857142857,9.302732922933841e-05
526,Cat_7,356084,143,61,3,4199,1,61,0.04918032786885246,9.302706797899306e-05
2658,Cat_28,356074,143,62,3,9557,0,62,0.04838709677419355,9.30244554755394e-05
9631,Cat_1,356060,145,60,5,15572,1,60,0.08333333333333333,9.30207979707043e-05
2172,Cat_29,356047,142,53,2,9156,0,53,0.03773584905660377,9.301740171621454e-05
5683,Cat_16,356037,120,53,2,2781,0,53,0.03773584905660377,9.30147892127609e-05
8065,Cat_20,355983,153,62,2,7620,1,62,0.03225806451612903,9.300068169411118e-05
5289,Cat_4,355966,135,52,4,6591,0,52,0.07692307692307693,9.299624043823997e-05
2677,Cat_21,355959,143,52,5,20284,1,52,0.09615384615384616,9.299441168582242e-05
439,Cat_1,355959,138,61,4,7302,0,61,0.06557377049180328,9.299441168582242e-05
3688,Cat_14,355957,165,59,4,15598,2,59,0.06779661016949153,9.299388918513169e-05
1809,Cat_16,355937,148,60,2,11282,1,60,0.03333333333333333,9.298866417822438e-05
3624,Cat_11,355915,139,60,5,14793,1,60,0.08333333333333333,9.298291667062635e-05
6547,Cat_17,355900,151,57,8,23134,3,57,0.14035087719298245,9.297899791544588e-05
5294,Cat_25,355900,141,55,2,3232,1,55,0.03636363636363636,9.297899791544588e-05
59,Cat_8,355882,121,55,3,7529,1,55,0.05454545454545454,9.29742954092293e-05
6134,Cat_14,355873,146,61,6,14083,3,61,0.09836065573770492,9.297194415612102e-05
6556,Cat_5,355855,146,58,0,0,0,58,0.0,9.296724164990444e-05
5362,Cat_20,355838,132,58,3,9672,1,58,0.05172413793103448,9.296280039403323e-05
2870,Cat_26,355827,128,55,2,6947,1,55,0.03636363636363636,9.295992664023422e-05
3866,Cat_15,355789,131,50,2,893,0,50,0.04,9.294999912711034e-05
7251,Cat_25,355704,136,53,3,5175,1,53,0.05660377358490566,9.292779284775431e-05
8774,Cat_6,355702,147,55,2,2708,0,55,0.03636363636363636,9.292727034706358e-05
8568,Cat_6,355699,133,52,2,5829,0,52,0.038461538461538464,9.292648659602748e-05
1458,Cat_30,355677,143,55,2,6607,0,55,0.03636363636363636,9.292073908842945e-05
4578,Cat_7,355658,157,64,2,8009,1,64,0.03125,9.291577533186752e-05
8085,Cat_8,355658,137,59,3,6108,0,59,0.05084745762711865,9.291577533186752e-05
2554,Cat_8,355652,152,62,3,6893,0,62,0.04838709677419355,9.291420782979532e-05
5297,Cat_19,355644,151,60,2,3627,1,60,0.03333333333333333,9.29121178270324e-05
3896,Cat_1,355635,150,65,2,4861,1,65,0.03076923076923077,9.290976657392412e-05
1111,Cat_13,355603,156,56,3,9310,1,56,0.05357142857142857,9.290140656287244e-05
9999,Cat_18,355598,121,55,2,5022,0,55,0.03636363636363636,9.29001003111456e-05
667,Cat_3,355594,133,52,5,11663,1,52,0.09615384615384616,9.289905530976415e-05
5184,Cat_12,355562,137,56,2,7868,1,56,0.03571428571428571,9.289069529871246e-05
5274,Cat_11,355506,138,58,1,4165,0,58,0.017241379310344827,9.287606527937202e-05
3618,Cat_25,355504,144,60,5,10506,1,60,0.08333333333333333,9.287554277868129e-05
5593,Cat_3,355503,143,58,1,1535,0,58,0.017241379310344827,9.287528152833592e-05
9947,Cat_3,355480,120,49,1,4408,0,49,0.02040816326530612,9.286927277039253e-05
2807,Cat_3,355476,149,63,1,3242,1,63,0.015873015873015872,9.286822776901107e-05
8368,Cat_2,355471,141,56,3,8417,1,56,0.05357142857142857,9.286692151728423e-05
9953,Cat_20,355384,142,61,3,5900,0,61,0.04918032786885246,9.284419273723747e-05
7493,Cat_15,355376,145,59,0,0,0,59,0.0,9.284210273447455e-05
2319,Cat_2,355371,164,65,3,7511,0,65,0.046153846153846156,9.284079648274773e-05
8281,Cat_27,355337,136,59,5,15794,0,59,0.0847457627118644,9.283191397100532e-05
787,Cat_21,355329,144,61,0,0,0,61,0.0,9.282982396824239e-05
7077,Cat_28,355306,152,65,3,1586,0,65,0.046153846153846156,9.2823815210299e-05
1689,Cat_17,355290,128,50,1,4679,0,50,0.02,9.281963520477315e-05
4584,Cat_18,355244,158,60,7,14904,2,60,0.11666666666666667,9.280761768888636e-05
7948,Cat_17,355243,137,57,2,4515,0,57,0.03508771929824561,9.280735643854099e-05
1417,Cat_5,355222,131,51,0,0,0,51,0.0,9.280187018128832e-05
8979,Cat_25,355194,154,66,4,5307,1,66,0.06060606060606061,9.27945551716181e-05
1758,Cat_3,355193,154,59,4,13505,2,59,0.06779661016949153,9.279429392127273e-05
1891,Cat_27,355152,137,56,1,1638,1,56,0.017857142857142856,9.278358265711277e-05
3935,Cat_6,355106,143,62,4,8076,2,62,0.06451612903225806,9.277156514122597e-05
3910,Cat_15,355093,141,58,4,8704,0,58,0.06896551724137931,9.276816888673622e-05
8173,Cat_5,355083,133,52,1,3549,0,52,0.019230769230769232,9.276555638328257e-05
4359,Cat_29,355070,148,62,1,2743,1,62,0.016129032258064516,9.276216012879282e-05
277,Cat_3,355056,132,57,4,7217,0,57,0.07017543859649122,9.275850262395771e-05
6174,Cat_19,355053,134,51,3,6622,1,51,0.058823529411764705,9.275771887292162e-05
4788,Cat_18,355041,133,55,3,6203,1,55,0.05454545454545454,9.275458386877723e-05
7684,Cat_28,355032,169,70,1,1997,0,70,0.014285714285714285,9.275223261566895e-05
1872,Cat_29,355006,139,60,4,11573,1,60,0.06666666666666667,9.274544010668946e-05
2669,Cat_19,354981,136,59,5,8861,1,59,0.0847457627118644,9.273890884805533e-05
9328,Cat_19,354980,134,54,1,4168,1,54,0.018518518518518517,9.273864759770996e-05
6372,Cat_9,354956,127,47,2,3785,1,47,0.0425531914893617,9.27323775894212e-05
9800,Cat_27,354948,143,60,5,16009,5,60,0.08333333333333333,9.273028758665828e-05
8485,Cat_8,354942,140,54,0,0,0,54,0.0,9.272872008458609e-05
9577,Cat_8,354931,148,53,1,2101,0,53,0.018867924528301886,9.272584633078707e-05
563,Cat_25,354918,154,64,1,2833,1,64,0.015625,9.272245007629733e-05
8635,Cat_21,354917,152,63,7,20195,2,63,0.1111111111111111,9.272218882595196e-05
7857,Cat_22,354899,143,59,4,8277,1,59,0.06779661016949153,9.271748631973539e-05
6391,Cat_22,354898,162,59,7,24297,2,59,0.11864406779661017,9.271722506939002e-05
4987,Cat_27,354894,139,58,5,15061,3,58,0.08620689655172414,9.271618006800857e-05
857,Cat_8,354885,154,63,3,11204,1,63,0.047619047619047616,9.271382881490027e-05
4366,Cat_5,354874,147,54,2,7565,2,54,0.037037037037037035,9.271095506110126e-05
803,Cat_12,354865,164,62,3,6513,0,62,0.04838709677419355,9.270860380799298e-05
7007,Cat_5,354848,135,50,0,0,0,50,0.0,9.270416255212177e-05
4881,Cat_29,354842,155,68,6,17426,3,68,0.08823529411764706,9.270259505004958e-05
3389,Cat_24,354837,133,49,2,8293,1,49,0.04081632653061224,9.270128879832276e-05
3644,Cat_14,354807,147,55,4,9172,1,55,0.07272727272727272,9.26934512879618e-05
5093,Cat_27,354802,143,59,5,9296,1,59,0.0847457627118644,9.269214503623497e-05
8351,Cat_18,354801,133,52,1,4056,0,52,0.019230769230769232,9.26918837858896e-05
416,Cat_5,354795,165,67,5,13939,1,67,0.07462686567164178,9.269031628381742e-05
2975,Cat_14,354791,140,53,4,10836,1,53,0.07547169811320754,9.268927128243596e-05
9184,Cat_14,354769,145,61,3,11496,2,61,0.04918032786885246,9.268352377483792e-05
8474,Cat_8,354759,138,57,5,18047,2,57,0.08771929824561403,9.268091127138428e-05
1418,Cat_3,354714,129,57,3,7398,0,57,0.05263157894736842,9.266915500584284e-05
6051,Cat_16,354710,146,58,4,13977,3,58,0.06896551724137931,9.266811000446138e-05
5771,Cat_13,354707,157,62,3,5632,2,62,0.04838709677419355,9.266732625342529e-05
1849,Cat_13,354699,158,59,2,2451,0,59,0.03389830508474576,9.266523625066237e-05
5406,Cat_11,354688,151,64,3,8100,1,64,0.046875,9.266236249686335e-05
8945,Cat_18,354656,143,56,0,0,0,56,0.0,9.265400248581167e-05
7613,Cat_4,354656,137,51,2,5942,2,51,0.0392156862745098,9.265400248581167e-05
543,Cat_12,354633,137,57,5,20308,2,57,0.08771929824561403,9.264799372786827e-05
8567,Cat_30,354619,142,60,1,2961,0,60,0.016666666666666666,9.264433622303316e-05
8231,Cat_22,354583,133,48,3,2167,0,48,0.0625,9.263493121060001e-05
380,Cat_2,354566,145,55,2,7336,0,55,0.03636363636363636,9.26304899547288e-05
1231,Cat_25,354564,142,59,2,3659,1,59,0.03389830508474576,9.262996745403807e-05
8437,Cat_26,354550,147,60,4,12436,2,60,0.06666666666666667,9.262630994920296e-05
2036,Cat_8,354547,149,60,2,9160,2,60,0.03333333333333333,9.262552619816687e-05
8187,Cat_28,354544,135,54,2,4942,1,54,0.037037037037037035,9.262474244713078e-05
7056,Cat_26,354524,148,58,4,11332,0,58,0.06896551724137931,9.261951744022347e-05
2945,Cat_26,354523,149,58,2,3823,0,58,0.034482758620689655,9.261925618987811e-05
6710,Cat_29,354522,128,52,3,11280,2,52,0.057692307692307696,9.261899493953274e-05
8756,Cat_22,354518,147,59,3,8579,0,59,0.05084745762711865,9.261794993815128e-05
8846,Cat_20,354501,131,57,3,8250,1,57,0.05263157894736842,9.261350868228007e-05
5128,Cat_5,354457,142,57,6,22859,1,57,0.10526315789473684,9.2602013667084e-05
3907,Cat_12,354433,151,56,0,0,0,56,0.0,9.259574365879525e-05
2928,Cat_9,354404,144,61,3,5961,1,61,0.04918032786885246,9.258816739877965e-05
4956,Cat_8,354391,137,55,3,9198,0,55,0.05454545454545454,9.258477114428991e-05
3220,Cat_13,354390,138,58,2,2261,0,58,0.034482758620689655,9.258450989394454e-05
5141,Cat_18,354379,151,61,3,5973,1,61,0.04918032786885246,9.258163614014552e-05
641,Cat_6,354341,131,52,0,0,0,52,0.0,9.257170862702165e-05
7536,Cat_25,354326,154,64,4,14436,1,64,0.0625,9.256778987184118e-05
9696,Cat_8,354323,132,54,4,8772,2,54,0.07407407407407407,9.256700612080509e-05
1176,Cat_12,354316,129,59,5,10369,0,59,0.0847457627118644,9.256517736838752e-05
9335,Cat_16,354281,154,57,1,339,0,57,0.017543859649122806,9.255603360629975e-05
1915,Cat_8,354278,141,59,3,8651,0,59,0.05084745762711865,9.255524985526365e-05
7524,Cat_4,354199,165,66,6,11628,1,66,0.09090909090909091,9.253461107797981e-05
6626,Cat_29,354192,139,55,1,3249,0,55,0.01818181818181818,9.253278232556226e-05
7050,Cat_12,354180,146,62,3,11606,1,62,0.04838709677419355,9.252964732141787e-05
4479,Cat_26,354075,133,52,6,12598,1,52,0.11538461538461539,9.250221603515453e-05
7780,Cat_23,354071,135,55,2,4306,0,55,0.03636363636363636,9.250117103377307e-05
91,Cat_29,354035,155,59,4,9948,1,59,0.06779661016949153,9.249176602133993e-05
6876,Cat_30,353960,145,59,6,13932,1,59,0.1016949152542373,9.247217224543755e-05
8476,Cat_12,353943,128,51,3,5710,1,51,0.058823529411764705,9.246773098956633e-05
1021,Cat_10,353942,131,51,2,5786,1,51,0.0392156862745098,9.246746973922097e-05
689,Cat_7,353941,156,59,5,12982,2,59,0.0847457627118644,9.246720848887561e-05
2418,Cat_26,353929,127,56,2,5032,0,56,0.03571428571428571,9.246407348473123e-05
905,Cat_22,353927,139,55,3,5640,0,55,0.05454545454545454,9.24635509840405e-05
1935,Cat_6,353912,139,56,4,11419,1,56,0.07142857142857142,9.245963222886002e-05
2053,Cat_19,353909,144,61,2,5694,0,61,0.03278688524590164,9.245884847782392e-05
2282,Cat_11,353909,135,53,2,5337,1,53,0.03773584905660377,9.245884847782392e-05
8201,Cat_23,353900,129,50,4,5618,0,50,0.08,9.245649722471564e-05
8446,Cat_13,353895,137,58,2,7057,0,58,0.034482758620689655,9.245519097298881e-05
7900,Cat_26,353869,143,58,2,4895,0,58,0.034482758620689655,9.244839846400931e-05
6144,Cat_28,353868,146,57,2,2684,1,57,0.03508771929824561,9.244813721366395e-05
8520,Cat_8,353840,135,52,1,3477,0,52,0.019230769230769232,9.244082220399373e-05
7986,Cat_17,353820,155,68,3,10007,2,68,0.04411764705882353,9.243559719708642e-05
1660,Cat_28,353805,129,54,2,4367,1,54,0.037037037037037035,9.243167844190595e-05
9092,Cat_26,353790,147,62,2,6970,1,62,0.03225806451612903,9.242775968672547e-05
7847,Cat_21,353787,159,65,5,11932,3,65,0.07692307692307693,9.242697593568937e-05
9974,Cat_3,353764,145,56,3,1527,0,56,0.05357142857142857,9.242096717774599e-05
9835,Cat_10,353734,139,54,2,5256,0,54,0.037037037037037035,9.241312966738502e-05
3877,Cat_10,353731,157,62,3,8910,1,62,0.04838709677419355,9.241234591634893e-05
4136,Cat_16,353698,155,62,2,8118,0,62,0.03225806451612903,9.240372465495188e-05
6305,Cat_12,353697,140,52,4,13295,0,52,0.07692307692307693,9.240346340460652e-05
1093,Cat_30,353641,138,58,2,4619,1,58,0.034482758620689655,9.238883338526607e-05
7590,Cat_6,353601,136,55,1,2516,1,55,0.01818181818181818,9.237838337145146e-05
6058,Cat_7,353601,155,61,3,8870,0,61,0.04918032786885246,9.237838337145146e-05
303,Cat_8,353572,138,56,1,3652,0,56,0.017857142857142856,9.237080711143587e-05
9614,Cat_26,353544,137,58,0,0,0,58,0.0,9.236349210176565e-05
4459,Cat_4,353503,131,54,1,2557,0,54,0.018518518518518517,9.235278083760569e-05
6097,Cat_23,353502,141,56,4,7986,0,56,0.07142857142857142,9.235251958726031e-05
5536,Cat_8,353497,136,55,2,2066,0,55,0.03636363636363636,9.23512133355335e-05
575,Cat_27,353488,134,50,3,10642,1,50,0.06,9.234886208242521e-05
9636,Cat_6,353487,144,55,4,5118,0,55,0.07272727272727272,9.234860083207984e-05
197,Cat_4,353466,131,52,5,15285,1,52,0.09615384615384616,9.234311457482717e-05
9535,Cat_15,353442,136,58,6,11993,1,58,0.10344827586206896,9.233684456653841e-05
3079,Cat_12,353377,156,62,2,3946,0,62,0.03225806451612903,9.231986329408968e-05
3150,Cat_15,353310,134,53,3,8724,1,53,0.05660377358490566,9.230235952095021e-05
5739,Cat_1,353292,155,62,3,10229,0,62,0.04838709677419355,9.229765701473365e-05
7079,Cat_24,353236,144,59,5,13392,2,59,0.0847457627118644,9.22830269953932e-05
2565,Cat_27,353221,135,55,5,16430,0,55,0.09090909090909091,9.227910824021272e-05
5980,Cat_17,353193,153,61,5,7660,2,61,0.08196721311475409,9.22717932305425e-05
2759,Cat_8,353191,143,61,5,13416,3,61,0.08196721311475409,9.227127072985177e-05
7694,Cat_24,353179,125,51,1,4313,0,51,0.0196078431372549,9.226813572570738e-05
8314,Cat_9,353149,148,61,2,1955,0,61,0.03278688524590164,9.226029821534643e-05
3003,Cat_24,353091,125,50,4,12398,1,50,0.08,9.224514569531525e-05
1016,Cat_19,353085,122,52,0,0,0,52,0.0,9.224357819324306e-05
2984,Cat_1,353072,149,54,3,10772,3,54,0.05555555555555555,9.224018193875331e-05
3006,Cat_8,353066,136,55,1,1102,0,55,0.01818181818181818,9.223861443668112e-05
3545,Cat_15,353042,148,60,4,12065,0,60,0.06666666666666667,9.223234442839236e-05
4555,Cat_11,353042,154,69,2,4869,0,69,0.028985507246376812,9.223234442839236e-05
1370,Cat_28,353039,147,56,2,7294,1,56,0.03571428571428571,9.223156067735627e-05
2842,Cat_15,353033,154,59,1,2974,1,59,0.01694915254237288,9.222999317528408e-05
1615,Cat_6,352989,145,52,3,9211,3,52,0.057692307692307696,9.221849816008801e-05
3409,Cat_4,352987,125,49,1,3897,0,49,0.02040816326530612,9.221797565939728e-05
179,Cat_27,352985,145,58,2,6244,1,58,0.034482758620689655,9.221745315870655e-05
215,Cat_8,352982,149,62,8,23475,2,62,0.12903225806451613,9.221666940767046e-05
1217,Cat_1,352974,134,50,2,6035,1,50,0.04,9.221457940490754e-05
351,Cat_27,352966,141,57,0,0,0,57,0.0,9.221248940214461e-05
637,Cat_24,352965,144,55,1,3214,1,55,0.01818181818181818,9.221222815179926e-05
361,Cat_19,352965,149,67,4,4848,1,67,0.05970149253731343,9.221222815179926e-05
9863,Cat_14,352963,151,64,3,12118,1,64,0.046875,9.221170565110852e-05
5466,Cat_10,352917,150,57,2,2946,0,57,0.03508771929824561,9.219968813522173e-05
4819,Cat_5,352876,155,58,1,249,0,58,0.017241379310344827,9.218897687106175e-05
3526,Cat_28,352863,124,51,4,5099,1,51,0.0784313725490196,9.2185580616572e-05
5649,Cat_7,352811,149,60,0,0,0,60,0.0,9.217199559861303e-05
8886,Cat_21,352769,128,59,3,6552,0,59,0.05084745762711865,9.216102308410769e-05
618,Cat_16,352754,151,66,4,11940,1,66,0.06060606060606061,9.21571043289272e-05
8610,Cat_8,352732,133,53,2,3568,1,53,0.03773584905660377,9.215135682132918e-05
942,Cat_30,352718,132,52,3,11798,1,52,0.057692307692307696,9.214769931649406e-05
1289,Cat_11,352697,152,61,4,9581,0,61,0.06557377049180328,9.214221305924139e-05
5892,Cat_13,352694,126,49,2,5814,1,49,0.04081632653061224,9.21414293082053e-05
8019,Cat_5,352666,128,57,1,4497,1,57,0.017543859649122806,9.213411429853508e-05
9944,Cat_17,352664,149,58,4,16401,2,58,0.06896551724137931,9.213359179784435e-05
5821,Cat_2,352652,156,57,3,5726,1,57,0.05263157894736842,9.213045679369997e-05
910,Cat_5,352647,142,54,1,1330,1,54,0.018518518518518517,9.212915054197315e-05
2395,Cat_1,352634,133,55,1,1474,0,55,0.01818181818181818,9.21257542874834e-05
2579,Cat_26,352629,146,65,3,11540,0,65,0.046153846153846156,9.212444803575657e-05
9741,Cat_16,352621,129,50,4,12312,0,50,0.08,9.212235803299364e-05
8013,Cat_1,352608,135,56,1,2907,0,56,0.017857142857142856,9.21189617785039e-05
9531,Cat_6,352596,144,61,4,12994,2,61,0.06557377049180328,9.211582677435953e-05
7890,Cat_27,352572,135,54,1,4817,0,54,0.018518518518518517,9.210955676607076e-05
9501,Cat_28,352539,159,62,4,6803,2,62,0.06451612903225806,9.210093550467372e-05
6635,Cat_30,352536,144,63,1,2439,1,63,0.015873015873015872,9.210015175363761e-05
6034,Cat_24,352499,146,57,2,6368,2,57,0.03508771929824561,9.209048549085911e-05
9301,Cat_22,352499,143,61,5,7064,0,61,0.08196721311475409,9.209048549085911e-05
1508,Cat_29,352497,135,56,1,3856,0,56,0.017857142857142856,9.208996299016838e-05
8321,Cat_5,352443,141,54,4,7887,0,54,0.07407407407407407,9.207585547151866e-05
8888,Cat_22,352425,142,57,4,9469,1,57,0.07017543859649122,9.207115296530208e-05
4548,Cat_16,352425,143,61,1,2543,0,61,0.01639344262295082,9.207115296530208e-05
9652,Cat_15,352415,135,57,2,2748,0,57,0.03508771929824561,9.206854046184844e-05
8539,Cat_23,352403,135,58,2,5265,1,58,0.034482758620689655,9.206540545770405e-05
3010,Cat_18,352396,141,60,7,11135,1,60,0.11666666666666667,9.20635767052865e-05
8180,Cat_15,352357,152,64,2,7918,1,64,0.03125,9.205338794181726e-05
7687,Cat_30,352331,146,56,2,7740,0,56,0.03571428571428571,9.204659543283777e-05
1638,Cat_17,352299,137,53,2,6935,1,53,0.03773584905660377,9.203823542178609e-05
7755,Cat_22,352295,128,53,2,4834,0,53,0.03773584905660377,9.203719042040462e-05
5881,Cat_6,352269,137,51,4,16486,2,51,0.0784313725490196,9.203039791142512e-05
4992,Cat_1,352269,125,57,4,5794,0,57,0.07017543859649122,9.203039791142512e-05
833,Cat_4,352263,135,54,3,8374,0,54,0.05555555555555555,9.202883040935294e-05
2540,Cat_5,352257,134,56,2,4400,1,56,0.03571428571428571,9.202726290728075e-05
1535,Cat_7,352226,134,57,1,4884,0,57,0.017543859649122806,9.201916414657443e-05
1779,Cat_20,352222,134,50,5,5007,0,50,0.1,9.201811914519296e-05
132,Cat_25,352219,132,54,0,0,0,54,0.0,9.201733539415687e-05
5595,Cat_11,352216,139,54,0,0,0,54,0.0,9.201655164312077e-05
5499,Cat_20,352215,147,57,1,3757,0,57,0.017543859649122806,9.201629039277541e-05
2925,Cat_24,352200,136,55,2,4688,0,55,0.03636363636363636,9.201237163759494e-05
6568,Cat_7,352173,132,60,7,16114,2,60,0.11666666666666667,9.200531787827008e-05
6705,Cat_16,352164,156,61,4,13358,3,61,0.06557377049180328,9.20029666251618e-05
4871,Cat_25,352151,145,56,3,6940,2,56,0.05357142857142857,9.199957037067204e-05
2015,Cat_15,352136,138,58,1,1287,1,58,0.017241379310344827,9.199565161549156e-05
4961,Cat_11,352115,125,55,0,0,0,55,0.0,9.19901653582389e-05
1984,Cat_15,352112,143,58,1,1755,0,58,0.017241379310344827,9.19893816072028e-05
8642,Cat_20,352111,139,55,2,2474,0,55,0.03636363636363636,9.198912035685743e-05
6598,Cat_3,352108,135,54,0,0,0,54,0.0,9.198833660582134e-05
445,Cat_27,352102,130,53,4,9482,0,53,0.07547169811320754,9.198676910374915e-05
4696,Cat_23,352101,145,59,2,4150,0,59,0.03389830508474576,9.198650785340379e-05
9954,Cat_2,352101,137,60,4,10471,2,60,0.06666666666666667,9.198650785340379e-05
8301,Cat_9,352022,131,58,5,16386,0,58,0.08620689655172414,9.196586907611994e-05
6877,Cat_9,352022,150,58,2,3723,1,58,0.034482758620689655,9.196586907611994e-05
3413,Cat_29,352022,123,50,1,621,0,50,0.02,9.196586907611994e-05
459,Cat_26,352019,150,60,5,17086,1,60,0.08333333333333333,9.196508532508385e-05
6810,Cat_2,351980,129,53,1,918,0,53,0.018867924528301886,9.19548965616146e-05
1610,Cat_26,351962,145,54,2,2708,0,54,0.037037037037037035,9.195019405539804e-05
8857,Cat_29,351937,141,53,3,10700,2,53,0.05660377358490566,9.194366279676391e-05
7582,Cat_2,351928,148,59,6,17599,3,59,0.1016949152542373,9.194131154365563e-05
7765,Cat_20,351919,134,50,2,3121,1,50,0.04,9.193896029054733e-05
8435,Cat_18,351913,143,57,3,9030,0,57,0.05263157894736842,9.193739278847515e-05
7260,Cat_28,351905,141,54,3,7302,0,54,0.05555555555555555,9.193530278571223e-05
906,Cat_29,351893,136,58,2,6663,1,58,0.034482758620689655,9.193216778156784e-05
5730,Cat_24,351887,136,54,2,615,0,54,0.037037037037037035,9.193060027949565e-05
1234,Cat_26,351881,144,61,1,7746,1,61,0.01639344262295082,9.192903277742346e-05
3101,Cat_4,351875,153,60,5,7887,1,60,0.08333333333333333,9.192746527535128e-05
7516,Cat_7,351860,140,56,4,11375,1,56,0.07142857142857142,9.192354652017079e-05
6869,Cat_23,351846,135,56,3,6742,0,56,0.05357142857142857,9.191988901533568e-05
3828,Cat_17,351835,146,60,2,2066,0,60,0.03333333333333333,9.191701526153667e-05
3486,Cat_27,351832,142,56,2,8548,2,56,0.03571428571428571,9.191623151050057e-05
8127,Cat_28,351766,132,54,6,21508,2,54,0.1111111111111111,9.189898898770647e-05
8835,Cat_26,351750,140,62,5,16082,0,62,0.08064516129032258,9.189480898218063e-05
992,Cat_27,351743,139,55,1,160,0,55,0.01818181818181818,9.189298022976308e-05
1361,Cat_24,351697,147,57,1,1825,0,57,0.017543859649122806,9.188096271387628e-05
6193,Cat_18,351693,146,59,3,8928,2,59,0.05084745762711865,9.187991771249482e-05
4646,Cat_12,351682,128,52,2,5367,1,52,0.038461538461538464,9.18770439586958e-05
6081,Cat_25,351674,150,58,2,4602,0,58,0.034482758620689655,9.187495395593288e-05
3489,Cat_23,351673,146,54,3,6966,0,54,0.05555555555555555,9.187469270558752e-05
7002,Cat_5,351666,148,56,1,3500,1,56,0.017857142857142856,9.187286395316995e-05
7759,Cat_13,351662,143,57,4,12571,1,57,0.07017543859649122,9.18718189517885e-05
3639,Cat_25,351660,146,61,2,7790,0,61,0.03278688524590164,9.187129645109778e-05
3460,Cat_14,351652,140,62,2,5258,1,62,0.03225806451612903,9.186920644833485e-05
3831,Cat_28,351648,163,62,3,7153,1,62,0.04838709677419355,9.186816144695339e-05
6317,Cat_3,351627,141,58,2,7267,2,58,0.034482758620689655,9.186267518970072e-05
7624,Cat_28,351559,152,64,6,18507,1,64,0.09375,9.18449101662159e-05
5314,Cat_4,351539,140,56,2,6264,1,56,0.03571428571428571,9.183968515930859e-05
229,Cat_10,351512,140,56,2,6404,1,56,0.03571428571428571,9.183263139998373e-05
5189,Cat_10,351511,145,54,0,0,0,54,0.0,9.183237014963837e-05
2947,Cat_15,351507,151,61,4,11786,3,61,0.06557377049180328,9.18313251482569e-05
4922,Cat_9,351491,155,63,4,11494,1,63,0.06349206349206349,9.182714514273106e-05
1527,Cat_24,351479,141,51,5,14920,2,51,0.09803921568627451,9.182401013858669e-05
9029,Cat_30,351474,146,59,6,18176,1,59,0.1016949152542373,9.182270388685985e-05
4770,Cat_1,351449,143,55,1,2805,0,55,0.01818181818181818,9.181617262822572e-05
3513,Cat_2,351442,133,56,3,5232,1,56,0.05357142857142857,9.181434387580817e-05
5244,Cat_6,351426,142,61,1,3359,1,61,0.01639344262295082,9.181016387028234e-05
3908,Cat_13,351400,139,53,5,7692,1,53,0.09433962264150944,9.180337136130284e-05
9441,Cat_24,351389,131,59,4,15736,1,59,0.06779661016949153,9.180049760750382e-05
5913,Cat_11,351385,139,50,3,13494,1,50,0.06,9.179945260612236e-05
7747,Cat_7,351358,138,61,1,1818,0,61,0.01639344262295082,9.17923988467975e-05
6830,Cat_30,351353,122,54,2,8250,0,54,0.037037037037037035,9.179109259507068e-05
4867,Cat_26,351336,150,62,4,11668,2,62,0.06451612903225806,9.178665133919947e-05
1731,Cat_27,351331,141,63,5,11774,1,63,0.07936507936507936,9.178534508747265e-05
3438,Cat_23,351313,113,43,2,7724,0,43,0.046511627906976744,9.178064258125607e-05
2388,Cat_16,351271,140,59,4,10413,0,59,0.06779661016949153,9.176967006675074e-05
5436,Cat_6,351270,161,63,3,3028,0,63,0.047619047619047616,9.176940881640538e-05
53,Cat_26,351267,140,57,5,9317,1,57,0.08771929824561403,9.176862506536928e-05
6514,Cat_28,351259,131,56,1,3620,0,56,0.017857142857142856,9.176653506260635e-05
3282,Cat_8,351255,126,49,2,3298,0,49,0.04081632653061224,9.176549006122489e-05
2278,Cat_25,351247,145,57,2,5529,2,57,0.03508771929824561,9.176340005846198e-05
2376,Cat_23,351242,135,54,1,2823,1,54,0.018518518518518517,9.176209380673515e-05
5807,Cat_25,351224,134,54,3,7248,2,54,0.05555555555555555,9.175739130051858e-05
480,Cat_7,351219,120,48,4,8989,2,48,0.08333333333333333,9.175608504879175e-05
3788,Cat_1,351206,160,64,1,976,1,64,0.015625,9.1752688794302e-05
8714,Cat_13,351184,152,55,3,8303,1,55,0.05454545454545454,9.174694128670398e-05
3523,Cat_27,351132,135,56,2,5103,0,56,0.03571428571428571,9.173335626874499e-05
8077,Cat_8,351129,137,55,3,9252,2,55,0.05454545454545454,9.17325725177089e-05
9013,Cat_18,351119,118,50,2,4140,0,50,0.04,9.172996001425524e-05
4314,Cat_10,351110,139,59,1,2077,0,59,0.01694915254237288,9.172760876114696e-05
7983,Cat_30,351088,135,56,4,12550,1,56,0.07142857142857142,9.172186125354892e-05
4203,Cat_16,351067,148,56,0,0,0,56,0.0,9.171637499629625e-05
8160,Cat_8,351030,145,60,5,7788,1,60,0.08333333333333333,9.170670873351775e-05
8410,Cat_9,351029,154,61,3,7259,1,61,0.04918032786885246,9.170644748317238e-05
6313,Cat_17,350979,141,59,1,3671,1,59,0.01694915254237288,9.169338496590413e-05
1252,Cat_4,350974,138,59,3,5170,0,59,0.05084745762711865,9.16920787141773e-05
6320,Cat_8,350973,144,59,5,15837,2,59,0.0847457627118644,9.169181746383194e-05
758,Cat_13,350946,128,53,5,12711,2,53,0.09433962264150944,9.168476370450708e-05
6237,Cat_29,350936,137,57,1,755,0,57,0.017543859649122806,9.168215120105342e-05
2683,Cat_25,350928,136,55,4,13675,2,55,0.07272727272727272,9.16800611982905e-05
1193,Cat_20,350901,149,61,1,4713,1,61,0.01639344262295082,9.167300743896565e-05
1397,Cat_6,350899,134,53,4,11767,2,53,0.07547169811320754,9.167248493827492e-05
3790,Cat_9,350897,145,52,1,858,0,52,0.019230769230769232,9.167196243758419e-05
4135,Cat_19,350876,143,55,3,10788,1,55,0.05454545454545454,9.166647618033152e-05
5538,Cat_29,350857,147,64,4,13123,2,64,0.0625,9.166151242376958e-05
4924,Cat_13,350820,144,61,6,13875,1,61,0.09836065573770492,9.165184616099107e-05
6080,Cat_7,350814,144,57,2,6202,0,57,0.03508771929824561,9.165027865891888e-05
9977,Cat_12,350791,135,56,2,4988,0,56,0.03571428571428571,9.164426990097548e-05
9275,Cat_14,350778,127,46,2,6235,1,46,0.043478260869565216,9.164087364648573e-05
683,Cat_28,350760,141,55,1,1196,0,55,0.01818181818181818,9.163617114026917e-05
7508,Cat_7,350748,150,59,2,5712,2,59,0.03389830508474576,9.163303613612478e-05
5937,Cat_30,350700,128,54,4,11403,0,54,0.07407407407407407,9.162049611954725e-05
1858,Cat_17,350698,129,56,1,842,0,56,0.017857142857142856,9.161997361885652e-05
6433,Cat_8,350698,139,59,8,26530,1,59,0.13559322033898305,9.161997361885652e-05
7707,Cat_5,350688,143,57,5,4898,1,57,0.08771929824561403,9.161736111540288e-05
858,Cat_11,350668,136,55,5,16781,3,55,0.09090909090909091,9.161213610849557e-05
8710,Cat_20,350635,126,53,3,10973,1,53,0.05660377358490566,9.160351484709852e-05
7826,Cat_27,350603,151,61,4,9468,1,61,0.06557377049180328,9.159515483604684e-05
5021,Cat_27,350587,164,66,2,6520,0,66,0.030303030303030304,9.1590974830521e-05
3735,Cat_13,350573,144,59,1,3619,1,59,0.01694915254237288,9.158731732568589e-05
4575,Cat_11,350507,131,54,3,9369,1,54,0.05555555555555555,9.157007480289179e-05
4515,Cat_27,350448,156,59,3,10486,2,59,0.05084745762711865,9.155466103251525e-05
7754,Cat_27,350447,134,52,7,23599,2,52,0.1346153846153846,9.155439978216988e-05
6972,Cat_14,350422,147,62,2,3516,1,62,0.03225806451612903,9.154786852353575e-05
7054,Cat_16,350419,158,67,2,6182,0,67,0.029850746268656716,9.154708477249966e-05
5065,Cat_1,350410,141,58,2,4500,0,58,0.034482758620689655,9.154473351939138e-05
2774,Cat_15,350382,152,68,3,12634,2,68,0.04411764705882353,9.153741850972114e-05
9123,Cat_13,350319,140,53,4,14039,1,53,0.07547169811320754,9.152095973796314e-05
6324,Cat_12,350309,147,59,2,8476,1,59,0.03389830508474576,9.15183472345095e-05
9864,Cat_7,350297,145,56,3,6961,1,56,0.05357142857142857,9.151521223036511e-05
6673,Cat_18,350280,140,63,1,2524,0,62,0.015873015873015872,9.15107709744939e-05
4637,Cat_24,350269,134,51,3,13035,0,51,0.058823529411764705,9.150789722069489e-05
3244,Cat_17,350250,134,54,1,3466,0,54,0.018518518518518517,9.150293346413295e-05
7475,Cat_5,350204,145,58,4,9366,0,58,0.06896551724137931,9.149091594824616e-05
545,Cat_3,350203,145,61,0,0,0,61,0.0,9.149065469790078e-05
4536,Cat_25,350157,146,60,3,6516,0,60,0.05,9.1478637182014e-05
3410,Cat_15,350150,127,52,3,7080,1,52,0.057692307692307696,9.147680842959644e-05
2063,Cat_13,350145,155,63,1,154,0,63,0.015873015873015872,9.147550217786961e-05
7402,Cat_24,350104,136,53,5,15178,3,53,0.09433962264150944,9.146479091370964e-05
7583,Cat_21,350064,144,54,1,2991,0,54,0.018518518518518517,9.145434089989505e-05
2288,Cat_4,350059,138,55,3,8162,0,55,0.05454545454545454,9.145303464816821e-05
3537,Cat_18,350015,123,46,2,1507,0,46,0.043478260869565216,9.144153963297214e-05
5226,Cat_8,350001,144,58,5,10882,3,58,0.08620689655172414,9.143788212813704e-05
8810,Cat_25,349983,150,56,6,16425,0,56,0.10714285714285714,9.143317962192046e-05
8536,Cat_15,349977,144,60,4,12515,2,60,0.06666666666666667,9.143161211984827e-05
3979,Cat_22,349976,150,60,4,10314,1,60,0.06666666666666667,9.143135086950291e-05
247,Cat_16,349970,150,60,3,7287,0,60,0.05,9.142978336743072e-05
7942,Cat_9,349963,119,49,5,9141,1,49,0.10204081632653061,9.142795461501317e-05
1921,Cat_11,349956,133,53,3,4966,0,53,0.05660377358490566,9.14261258625956e-05
7463,Cat_16,349940,151,63,5,8161,2,63,0.07936507936507936,9.142194585706977e-05
2594,Cat_24,349936,135,50,3,7120,1,50,0.06,9.142090085568831e-05
3091,Cat_14,349925,154,53,3,6724,0,53,0.05660377358490566,9.14180271018893e-05
3241,Cat_11,349916,131,47,1,3872,1,47,0.02127659574468085,9.1415675848781e-05
1431,Cat_18,349912,142,60,1,2140,0,60,0.016666666666666666,9.141463084739954e-05
9204,Cat_2,349897,141,58,5,14368,2,58,0.08620689655172414,9.141071209221906e-05
9624,Cat_17,349869,123,52,1,971,0,52,0.019230769230769232,9.140339708254884e-05
8262,Cat_11,349857,149,61,1,4004,0,61,0.01639344262295082,9.140026207840446e-05
5804,Cat_29,349850,131,55,2,6449,0,55,0.03636363636363636,9.13984333259869e-05
6296,Cat_29,349844,137,54,1,1540,0,54,0.018518518518518517,9.139686582391471e-05
3216,Cat_28,349826,137,53,1,1689,0,53,0.018867924528301886,9.139216331769815e-05
1232,Cat_11,349820,162,62,1,834,0,62,0.016129032258064516,9.139059581562595e-05
5154,Cat_2,349812,159,61,6,15839,2,61,0.09836065573770492,9.138850581286303e-05
470,Cat_15,349801,152,63,2,3485,2,63,0.031746031746031744,9.138563205906402e-05
6252,Cat_5,349774,120,49,2,5923,1,49,0.04081632653061224,9.137857829973916e-05
511,Cat_27,349769,144,59,4,10468,1,59,0.06779661016949153,9.137727204801233e-05
3297,Cat_23,349740,148,60,2,7957,0,60,0.03333333333333333,9.136969578799674e-05
9898,Cat_20,349733,137,54,4,10980,1,54,0.07407407407407407,9.136786703557919e-05
3310,Cat_6,349728,148,66,2,5009,0,66,0.030303030303030304,9.136656078385236e-05
5535,Cat_30,349698,134,52,2,5600,0,52,0.038461538461538464,9.135872327349141e-05
6658,Cat_9,349658,142,60,5,10187,0,60,0.08333333333333333,9.13482732596768e-05
7486,Cat_10,349656,141,60,3,3119,1,60,0.05,9.134775075898607e-05
3572,Cat_6,349594,147,61,6,12338,1,61,0.09836065573770492,9.133155323757344e-05
6004,Cat_28,349539,132,54,4,3213,0,54,0.07407407407407407,9.131718446857835e-05
10,Cat_29,349534,140,53,5,14798,2,53,0.09433962264150944,9.131587821685152e-05
8618,Cat_3,349533,123,47,2,7559,0,47,0.0425531914893617,9.131561696650617e-05
5272,Cat_28,349514,141,52,5,12214,0,52,0.09615384615384616,9.131065320994423e-05
6145,Cat_2,349499,149,64,0,0,0,64,0.0,9.130673445476375e-05
6180,Cat_21,349498,151,61,4,15692,2,61,0.06557377049180328,9.130647320441838e-05
2505,Cat_10,349444,130,53,4,8150,0,53,0.07547169811320754,9.129236568576866e-05
3821,Cat_11,349437,132,51,4,8612,1,51,0.0784313725490196,9.129053693335111e-05
7453,Cat_24,349433,159,63,1,3010,0,63,0.015873015873015872,9.128949193196965e-05
5910,Cat_15,349421,147,57,2,6256,1,57,0.03508771929824561,9.128635692782527e-05
3377,Cat_16,349369,142,59,1,3968,1,59,0.01694915254237288,9.127277190986628e-05
8115,Cat_13,349359,126,52,2,3854,0,52,0.038461538461538464,9.127015940641263e-05
2893,Cat_7,349345,140,49,1,3638,1,49,0.02040816326530612,9.126650190157751e-05
3609,Cat_5,349326,133,58,2,1875,0,58,0.034482758620689655,9.126153814501558e-05
2517,Cat_11,349323,142,58,5,9546,0,58,0.08620689655172414,9.126075439397949e-05
6780,Cat_21,349307,155,62,7,22997,2,62,0.11290322580645161,9.125657438845364e-05
2178,Cat_19,349282,136,56,0,0,0,56,0.0,9.125004312981952e-05
8878,Cat_18,349253,141,61,5,15337,5,61,0.08196721311475409,9.124246686980393e-05
5260,Cat_8,349238,140,58,5,7601,0,58,0.08620689655172414,9.123854811462345e-05
5387,Cat_8,349229,134,55,3,6168,0,55,0.05454545454545454,9.123619686151516e-05
7806,Cat_6,349213,141,61,2,2606,0,61,0.03278688524590164,9.123201685598932e-05
3008,Cat_2,349207,129,49,2,4161,0,49,0.04081632653061224,9.123044935391713e-05
1090,Cat_6,349181,142,59,3,8447,0,59,0.05084745762711865,9.122365684493764e-05
7338,Cat_5,349169,139,56,5,14089,0,56,0.08928571428571429,9.122052184079326e-05
3300,Cat_21,349145,146,61,3,9293,1,61,0.04918032786885246,9.12142518325045e-05
9155,Cat_4,349133,153,56,5,11011,0,56,0.08928571428571429,9.121111682836011e-05
6214,Cat_28,349131,145,60,3,10946,3,60,0.05,9.121059432766938e-05
5623,Cat_15,349131,134,61,3,3430,0,61,0.04918032786885246,9.121059432766938e-05
5899,Cat_19,349129,146,58,7,18028,1,58,0.1206896551724138,9.121007182697865e-05
5686,Cat_2,349102,127,51,1,352,0,51,0.0196078431372549,9.120301806765379e-05
1094,Cat_9,349100,122,49,1,4766,1,49,0.02040816326530612,9.120249556696306e-05
9828,Cat_26,349097,146,58,1,1495,0,58,0.017241379310344827,9.120171181592697e-05
153,Cat_20,349068,136,62,2,1620,0,62,0.03225806451612903,9.119413555591138e-05
5365,Cat_25,349032,134,55,5,15921,1,55,0.09090909090909091,9.118473054347824e-05
5856,Cat_6,348999,146,61,4,12317,1,61,0.06557377049180328,9.117610928208118e-05
2982,Cat_10,348987,125,52,5,11838,1,52,0.09615384615384616,9.117297427793681e-05
8735,Cat_5,348964,138,56,3,9034,0,56,0.05357142857142857,9.116696551999341e-05
1155,Cat_9,348944,142,59,1,2349,0,59,0.01694915254237288,9.11617405130861e-05
3053,Cat_17,348927,137,52,4,11926,0,52,0.07692307692307693,9.11572992572149e-05
6566,Cat_30,348902,134,58,3,8087,1,58,0.05172413793103448,9.115076799858077e-05
1646,Cat_28,348886,144,64,1,2035,0,64,0.015625,9.114658799305493e-05
3178,Cat_14,348884,153,56,2,8588,1,56,0.03571428571428571,9.11460654923642e-05
4018,Cat_19,348874,137,55,4,18421,2,55,0.07272727272727272,9.114345298891055e-05
3571,Cat_25,348866,139,56,2,3520,0,56,0.03571428571428571,9.114136298614762e-05
5789,Cat_23,348865,150,55,2,6186,0,55,0.03636363636363636,9.114110173580226e-05
8964,Cat_8,348846,144,56,4,13334,2,56,0.07142857142857142,9.113613797924033e-05
5945,Cat_16,348840,140,56,0,0,0,56,0.0,9.113457047716813e-05
9231,Cat_15,348814,131,55,1,2932,0,55,0.01818181818181818,9.112777796818865e-05
6863,Cat_10,348810,142,54,8,28823,3,54,0.14814814814814814,9.112673296680718e-05
9326,Cat_5,348807,143,60,0,0,0,60,0.0,9.112594921577108e-05
7636,Cat_28,348783,137,60,2,7218,0,60,0.03333333333333333,9.111967920748232e-05
3320,Cat_14,348764,139,55,2,4733,1,55,0.03636363636363636,9.111471545092039e-05
6625,Cat_29,348750,141,55,0,0,0,55,0.0,9.111105794608527e-05
9986,Cat_28,348743,139,65,2,6536,0,65,0.03076923076923077,9.110922919366772e-05
87,Cat_4,348742,148,57,6,23237,0,57,0.10526315789473684,9.110896794332235e-05
3070,Cat_21,348669,128,52,1,3622,0,52,0.019230769230769232,9.10898966681107e-05
645,Cat_30,348663,120,50,2,3213,0,50,0.04,9.108832916603851e-05
4083,Cat_4,348663,136,51,3,11337,0,51,0.058823529411764705,9.108832916603851e-05
1169,Cat_21,348627,153,62,6,13232,0,62,0.0967741935483871,9.107892415360536e-05
7814,Cat_28,348621,139,62,3,3404,0,62,0.04838709677419355,9.107735665153317e-05
8445,Cat_15,348611,138,53,1,2447,0,53,0.018867924528301886,9.107474414807952e-05
4822,Cat_22,348597,131,48,0,0,0,48,0.0,9.107108664324441e-05
3783,Cat_9,348595,145,55,2,1059,0,55,0.03636363636363636,9.107056414255368e-05
887,Cat_17,348576,139,57,0,0,0,57,0.0,9.106560038599175e-05
6061,Cat_5,348573,143,61,1,4845,0,61,0.01639344262295082,9.106481663495564e-05
2265,Cat_8,348570,147,57,5,14121,1,57,0.08771929824561403,9.106403288391955e-05
4418,Cat_4,348567,130,53,2,5623,0,53,0.03773584905660377,9.106324913288345e-05
1099,Cat_19,348526,146,57,2,3084,1,57,0.03508771929824561,9.105253786872349e-05
9407,Cat_23,348521,126,44,4,6717,1,44,0.09090909090909091,9.105123161699667e-05
7216,Cat_16,348520,137,57,2,1991,0,57,0.03508771929824561,9.10509703666513e-05
7314,Cat_9,348515,129,52,3,10606,2,52,0.057692307692307696,9.104966411492447e-05
5114,Cat_23,348505,144,59,2,6146,1,59,0.03389830508474576,9.104705161147082e-05
1479,Cat_17,348459,147,55,3,10020,1,55,0.05454545454545454,9.103503409558402e-05
2643,Cat_10,348405,141,52,0,0,0,52,0.0,9.102092657693431e-05
4088,Cat_12,348404,140,61,4,10830,0,61,0.06557377049180328,9.102066532658894e-05
5085,Cat_24,348391,153,66,4,8729,1,66,0.06060606060606061,9.10172690720992e-05
17,Cat_15,348375,139,53,2,3495,0,53,0.03773584905660377,9.101308906657335e-05
3085,Cat_20,348335,146,60,2,2980,0,60,0.03333333333333333,9.100263905275874e-05
9089,Cat_17,348334,125,55,1,2082,0,55,0.01818181818181818,9.100237780241338e-05
7131,Cat_5,348306,148,59,1,4375,0,59,0.01694915254237288,9.099506279274316e-05
1554,Cat_18,348225,134,50,2,10825,0,50,0.04,9.097390151476858e-05
2258,Cat_25,348168,137,50,3,9894,1,50,0.06,9.095901024508277e-05
7665,Cat_30,348140,133,60,4,11362,1,60,0.06666666666666667,9.095169523541255e-05
4784,Cat_23,348133,146,63,3,1904,0,63,0.047619047619047616,9.0949866482995e-05
5014,Cat_29,348093,145,63,5,13680,3,63,0.07936507936507936,9.09394164691804e-05
6743,Cat_16,348053,153,62,5,11087,0,62,0.08064516129032258,9.092896645536579e-05
3924,Cat_30,348029,154,66,6,12510,2,66,0.09090909090909091,9.092269644707702e-05
3267,Cat_1,348015,146,59,1,4680,1,59,0.01694915254237288,9.091903894224192e-05
345,Cat_25,348012,145,57,2,3879,0,57,0.03508771929824561,9.091825519120581e-05
9783,Cat_10,347938,128,54,6,14151,0,54,0.1111111111111111,9.08989226656488e-05
1195,Cat_27,347929,144,53,5,12788,2,53,0.09433962264150944,9.089657141254051e-05
1073,Cat_1,347909,154,60,2,9115,0,60,0.03333333333333333,9.08913464056332e-05
5322,Cat_7,347893,136,58,7,26961,1,58,0.1206896551724138,9.088716640010737e-05
899,Cat_6,347886,149,61,2,5060,1,61,0.03278688524590164,9.08853376476898e-05
5695,Cat_1,347869,146,57,5,12180,2,57,0.08771929824561403,9.08808963918186e-05
3951,Cat_5,347851,157,57,3,5572,1,57,0.05263157894736842,9.087619388560203e-05
8265,Cat_17,347847,138,58,2,5693,0,58,0.034482758620689655,9.087514888422057e-05
9717,Cat_3,347802,176,68,1,1382,1,68,0.014705882352941176,9.086339261867915e-05
2462,Cat_27,347741,159,62,3,7268,1,62,0.04838709677419355,9.084745634761187e-05
7592,Cat_23,347722,140,54,1,4583,0,54,0.018518518518518517,9.084249259104994e-05
6376,Cat_22,347715,137,53,2,4933,0,53,0.03773584905660377,9.084066383863237e-05
8978,Cat_2,347703,138,55,2,6792,0,55,0.03636363636363636,9.0837528834488e-05
7964,Cat_23,347698,127,52,4,10153,0,52,0.07692307692307693,9.083622258276116e-05
7752,Cat_10,347680,126,55,10,27749,5,55,0.18181818181818182,9.08315200765446e-05
5068,Cat_2,347666,154,59,1,2944,0,59,0.01694915254237288,9.082786257170948e-05
9833,Cat_27,347645,143,53,2,4747,1,53,0.03773584905660377,9.082237631445681e-05
2304,Cat_22,347600,155,61,1,1061,0,61,0.01639344262295082,9.081062004891539e-05
7276,Cat_21,347579,165,67,4,7925,1,67,0.05970149253731343,9.080513379166272e-05
4968,Cat_22,347571,134,50,3,4249,0,50,0.06,9.08030437888998e-05
1269,Cat_3,347564,122,52,2,4328,0,52,0.038461538461538464,9.080121503648225e-05
2357,Cat_7,347542,151,59,2,6282,0,59,0.03389830508474576,9.07954675288842e-05
8983,Cat_1,347542,142,55,2,5571,1,55,0.03636363636363636,9.07954675288842e-05
8312,Cat_6,347520,122,50,2,3902,0,50,0.04,9.078972002128618e-05
4733,Cat_18,347506,135,57,1,2995,1,57,0.017543859649122806,9.078606251645106e-05
2483,Cat_16,347489,145,51,3,3898,1,51,0.058823529411764705,9.078162126057986e-05
6875,Cat_15,347391,122,49,3,6571,0,49,0.061224489795918366,9.075601872673408e-05
3058,Cat_29,347351,143,60,3,15019,2,60,0.05,9.074556871291948e-05
9247,Cat_19,347343,138,56,2,1388,0,56,0.03571428571428571,9.074347871015655e-05
3164,Cat_11,347323,152,54,1,3950,0,54,0.018518518518518517,9.073825370324924e-05
9022,Cat_29,347320,147,60,5,9168,1,60,0.08333333333333333,9.073746995221315e-05
7802,Cat_17,347315,135,55,4,11988,2,55,0.07272727272727272,9.073616370048633e-05
4120,Cat_6,347297,140,60,0,0,0,60,0.0,9.073146119426975e-05
5430,Cat_6,347292,137,49,3,12628,0,49,0.061224489795918366,9.073015494254293e-05
9719,Cat_6,347261,150,58,1,3595,1,58,0.017241379310344827,9.072205618183661e-05
7497,Cat_11,347251,118,53,1,2564,1,53,0.018867924528301886,9.071944367838296e-05
888,Cat_12,347240,156,59,5,11168,1,59,0.0847457627118644,9.071656992458394e-05
1533,Cat_22,347229,138,55,3,1430,0,55,0.05454545454545454,9.071369617078493e-05
732,Cat_13,347214,140,57,2,6350,1,57,0.03508771929824561,9.070977741560445e-05
1191,Cat_17,347194,149,63,3,7709,1,63,0.047619047619047616,9.070455240869715e-05
7316,Cat_22,347128,148,58,3,7789,1,58,0.05172413793103448,9.068730988590305e-05
5105,Cat_3,347103,130,48,1,1433,1,48,0.020833333333333332,9.068077862726892e-05
8256,Cat_4,347094,157,63,1,2099,0,63,0.015873015873015872,9.067842737416064e-05
9832,Cat_21,347067,146,57,3,8207,1,57,0.05263157894736842,9.067137361483578e-05
7523,Cat_21,347067,129,57,2,6768,0,57,0.03508771929824561,9.067137361483578e-05
3356,Cat_11,347062,124,54,3,8521,2,54,0.05555555555555555,9.067006736310896e-05
2333,Cat_15,347059,130,51,7,22334,2,51,0.13725490196078433,9.066928361207285e-05
3730,Cat_16,347047,149,63,2,5324,1,63,0.031746031746031744,9.066614860792847e-05
3176,Cat_15,347011,136,55,3,11870,1,55,0.05454545454545454,9.065674359549533e-05
2361,Cat_15,346997,127,55,4,11285,2,55,0.07272727272727272,9.065308609066022e-05
2885,Cat_27,346994,136,57,2,3285,1,57,0.03508771929824561,9.065230233962412e-05
2166,Cat_15,346951,131,52,1,2031,0,52,0.019230769230769232,9.064106857477342e-05
6558,Cat_3,346941,159,63,4,11212,1,63,0.06349206349206349,9.063845607131977e-05
16,Cat_10,346904,140,54,2,3106,0,54,0.037037037037037035,9.062878980854127e-05
8818,Cat_21,346890,144,65,1,387,0,65,0.015384615384615385,9.062513230370615e-05
6075,Cat_8,346876,133,55,3,7434,1,55,0.05454545454545454,9.062147479887104e-05
137,Cat_19,346864,135,58,4,9083,1,58,0.06896551724137931,9.061833979472666e-05
4470,Cat_22,346852,132,57,5,16010,1,57,0.08771929824561403,9.061520479058228e-05
4155,Cat_1,346818,142,56,1,116,0,56,0.017857142857142856,9.060632227883987e-05
4,Cat_19,346770,153,63,5,13375,1,63,0.07936507936507936,9.059378226226234e-05
4148,Cat_28,346745,138,56,2,2863,0,56,0.03571428571428571,9.05872510036282e-05
323,Cat_4,346692,146,60,3,9402,0,60,0.05,9.057340473532386e-05
4056,Cat_17,346678,107,50,2,4370,0,50,0.04,9.056974723048874e-05
1143,Cat_1,346669,130,53,2,4801,1,53,0.03773584905660377,9.056739597738046e-05
2608,Cat_16,346653,155,64,6,14843,2,64,0.09375,9.056321597185462e-05
1278,Cat_10,346647,136,59,3,6298,1,59,0.05084745762711865,9.056164846978243e-05
772,Cat_22,346632,121,49,6,21544,2,49,0.12244897959183673,9.055772971460196e-05
9227,Cat_20,346630,134,53,3,8257,1,53,0.05660377358490566,9.055720721391123e-05
8202,Cat_27,346628,146,61,2,6959,1,61,0.03278688524590164,9.05566847132205e-05
3212,Cat_24,346628,127,54,2,6631,1,54,0.037037037037037035,9.05566847132205e-05
863,Cat_17,346608,130,53,4,9768,0,53,0.07547169811320754,9.055145970631318e-05
5954,Cat_9,346580,135,54,2,2874,0,54,0.037037037037037035,9.054414469664297e-05
6202,Cat_29,346578,131,52,0,0,0,52,0.0,9.054362219595223e-05
2845,Cat_1,346578,133,54,6,20073,1,54,0.1111111111111111,9.054362219595223e-05
3369,Cat_13,346576,141,59,1,1153,1,59,0.01694915254237288,9.05430996952615e-05
1903,Cat_2,346566,132,54,2,2845,1,54,0.037037037037037035,9.054048719180785e-05
7368,Cat_15,346547,133,53,1,2911,0,53,0.018867924528301886,9.053552343524591e-05
8114,Cat_29,346513,143,58,4,15014,2,58,0.06896551724137931,9.05266409235035e-05
3392,Cat_21,346505,136,60,1,4636,0,60,0.016666666666666666,9.052455092074058e-05
2962,Cat_6,346494,144,57,3,5581,1,57,0.05263157894736842,9.052167716694156e-05
352,Cat_30,346475,140,54,2,4582,1,54,0.037037037037037035,9.051671341037963e-05
6408,Cat_7,346460,136,58,2,3821,0,58,0.034482758620689655,9.051279465519915e-05
1069,Cat_14,346460,146,54,3,5621,1,54,0.05555555555555555,9.051279465519915e-05
9035,Cat_25,346437,129,51,4,10716,1,51,0.0784313725490196,9.050678589725575e-05
8186,Cat_4,346414,129,52,2,7791,0,52,0.038461538461538464,9.050077713931235e-05
8381,Cat_16,346376,138,55,3,7158,1,55,0.05454545454545454,9.049084962618848e-05
6821,Cat_15,346351,153,63,3,10301,2,63,0.047619047619047616,9.048431836755435e-05
6086,Cat_13,346351,145,58,4,13795,1,58,0.06896551724137931,9.048431836755435e-05
1537,Cat_21,346338,145,60,1,105,0,60,0.016666666666666666,9.04809221130646e-05
8457,Cat_22,346336,127,52,1,3573,0,52,0.019230769230769232,9.048039961237387e-05
9867,Cat_5,346335,127,57,7,15377,2,57,0.12280701754385964,9.048013836202851e-05
6287,Cat_27,346333,129,49,0,0,0,49,0.0,9.047961586133778e-05
9795,Cat_29,346329,140,56,3,8590,1,56,0.05357142857142857,9.047857085995632e-05
549,Cat_25,346329,133,60,2,2682,1,60,0.03333333333333333,9.047857085995632e-05
8947,Cat_10,346309,142,63,4,10426,1,63,0.06349206349206349,9.047334585304901e-05
9269,Cat_26,346300,138,59,4,8052,0,59,0.06779661016949153,9.047099459994073e-05
5561,Cat_2,346279,147,68,3,6849,1,68,0.04411764705882353,9.046550834268806e-05
3342,Cat_13,346248,140,65,1,3000,0,65,0.015384615384615385,9.045740958198174e-05
5786,Cat_20,346240,139,52,2,5151,0,52,0.038461538461538464,9.045531957921883e-05
4031,Cat_23,346228,135,62,6,16461,3,62,0.0967741935483871,9.045218457507444e-05
6490,Cat_10,346219,132,56,2,5222,1,56,0.03571428571428571,9.044983332196616e-05
723,Cat_27,346181,140,55,5,16024,1,54,0.09090909090909091,9.043990580884229e-05
4927,Cat_6,346173,148,62,1,2214,0,62,0.016129032258064516,9.043781580607936e-05
4059,Cat_11,346133,134,52,2,6145,1,52,0.038461538461538464,9.042736579226476e-05
9610,Cat_3,346116,133,55,1,819,0,55,0.01818181818181818,9.042292453639355e-05
9711,Cat_9,346102,158,65,4,11506,0,65,0.06153846153846154,9.041926703155843e-05
4119,Cat_10,346065,124,48,1,2164,0,48,0.020833333333333332,9.040960076877993e-05
9006,Cat_26,346030,145,57,4,9479,1,57,0.07017543859649122,9.040045700669215e-05
5465,Cat_16,346005,131,54,2,4717,1,54,0.037037037037037035,9.039392574805802e-05
3939,Cat_7,346004,150,63,6,15214,1,63,0.09523809523809523,9.039366449771266e-05
7034,Cat_10,345932,139,57,1,1416,0,57,0.017543859649122806,9.037485447284637e-05
746,Cat_12,345928,164,59,3,4737,0,59,0.05084745762711865,9.037380947146491e-05
2169,Cat_30,345912,146,60,2,2978,1,60,0.03333333333333333,9.036962946593906e-05
5566,Cat_26,345910,144,65,1,2291,0,65,0.015384615384615385,9.036910696524833e-05
2391,Cat_17,345846,148,56,1,2111,0,56,0.017857142857142856,9.035238694314497e-05
9498,Cat_2,345837,139,54,2,5095,0,54,0.037037037037037035,9.035003569003669e-05
2641,Cat_30,345808,145,57,0,0,0,57,0.0,9.03424594300211e-05
2750,Cat_18,345807,146,62,3,6451,2,62,0.04838709677419355,9.034219817967572e-05
9681,Cat_2,345796,133,56,4,15219,1,56,0.07142857142857142,9.033932442587671e-05
307,Cat_26,345793,140,59,3,9508,1,59,0.05084745762711865,9.033854067484062e-05
4838,Cat_14,345791,127,56,1,4268,1,56,0.017857142857142856,9.033801817414989e-05
4746,Cat_20,345788,140,50,1,3257,0,50,0.02,9.033723442311379e-05
9526,Cat_27,345783,152,67,1,3036,0,66,0.014925373134328358,9.033592817138697e-05
2415,Cat_14,345767,141,60,4,6079,2,60,0.06666666666666667,9.033174816586112e-05
5228,Cat_7,345753,154,65,4,10076,2,65,0.06153846153846154,9.032809066102602e-05
1631,Cat_28,345723,162,63,1,2784,1,63,0.015873015873015872,9.032025315066505e-05
3738,Cat_7,345700,139,55,2,8164,1,55,0.03636363636363636,9.031424439272167e-05
5182,Cat_29,345695,142,57,4,12755,3,57,0.07017543859649122,9.031293814099483e-05
4978,Cat_1,345646,122,55,2,4878,1,55,0.03636363636363636,9.030013687407194e-05
6346,Cat_16,345634,133,60,4,10072,1,60,0.06666666666666667,9.029700186992756e-05
2804,Cat_18,345620,145,63,1,4041,1,63,0.015873015873015872,9.029334436509246e-05
6572,Cat_1,345616,139,61,2,4198,0,61,0.03278688524590164,9.0292299363711e-05
2184,Cat_22,345606,155,64,3,7902,0,64,0.046875,9.028968686025734e-05
6251,Cat_28,345580,137,51,5,9690,1,51,0.09803921568627451,9.028289435127785e-05
4477,Cat_1,345566,127,48,1,2238,0,48,0.020833333333333332,9.027923684644273e-05
9408,Cat_29,345529,129,50,2,2086,0,50,0.04,9.026957058366422e-05
8794,Cat_19,345523,154,61,5,13825,5,61,0.08196721311475409,9.026800308159204e-05
5519,Cat_5,345513,154,56,1,1361,0,56,0.017857142857142856,9.026539057813838e-05
6720,Cat_28,345490,150,57,3,11303,3,57,0.05263157894736842,9.025938182019499e-05
2901,Cat_26,345486,118,50,3,5693,1,50,0.06,9.025833681881352e-05
9916,Cat_2,345485,151,58,0,0,0,58,0.0,9.025807556846817e-05
2851,Cat_14,345466,165,63,4,6515,0,63,0.06349206349206349,9.025311181190623e-05
1096,Cat_22,345447,141,58,2,7561,2,58,0.034482758620689655,9.024814805534429e-05
9604,Cat_23,345420,134,58,0,0,0,58,0.0,9.024109429601943e-05
3233,Cat_24,345413,140,52,5,14626,1,52,0.09615384615384616,9.023926554360187e-05
309,Cat_2,345405,144,64,1,4685,1,64,0.015625,9.023717554083896e-05
3843,Cat_11,345388,131,51,5,15867,2,51,0.09803921568627451,9.023273428496775e-05
2253,Cat_2,345387,126,49,4,10403,1,49,0.08163265306122448,9.023247303462238e-05
1369,Cat_1,345378,119,46,1,169,0,46,0.021739130434782608,9.02301217815141e-05
7670,Cat_26,345361,165,67,5,11097,0,67,0.07462686567164178,9.022568052564289e-05
40,Cat_20,345359,138,54,2,553,0,54,0.037037037037037035,9.022515802495216e-05
8700,Cat_18,345342,130,54,1,1202,0,54,0.018518518518518517,9.022071676908095e-05
4040,Cat_16,345329,131,55,4,8866,1,55,0.07272727272727272,9.021732051459121e-05
6024,Cat_13,345327,135,58,2,3760,1,58,0.034482758620689655,9.021679801390048e-05
4363,Cat_5,345270,165,59,1,2386,1,59,0.01694915254237288,9.020190674421466e-05
293,Cat_16,345260,147,66,6,11931,3,66,0.09090909090909091,9.019929424076101e-05
1224,Cat_10,345239,141,57,3,9269,1,57,0.05263157894736842,9.019380798350834e-05
4565,Cat_14,345225,142,56,4,12391,0,56,0.07142857142857142,9.019015047867323e-05
3034,Cat_11,345220,130,60,3,9331,0,60,0.05,9.01888442269464e-05
2338,Cat_17,345196,137,53,3,8879,0,53,0.05660377358490566,9.018257421865763e-05
9589,Cat_2,345165,120,52,1,2647,0,52,0.019230769230769232,9.017447545795132e-05
9272,Cat_10,345131,127,52,2,5673,1,52,0.038461538461538464,9.016559294620891e-05
6143,Cat_5,345119,162,65,0,0,0,65,0.0,9.016245794206453e-05
893,Cat_16,345107,149,58,0,0,0,58,0.0,9.015932293792014e-05
9211,Cat_9,345081,137,56,3,5826,0,56,0.05357142857142857,9.015253042894065e-05
1249,Cat_24,345077,154,60,4,12319,1,60,0.06666666666666667,9.015148542755919e-05
3115,Cat_22,345077,123,49,3,3955,0,49,0.061224489795918366,9.015148542755919e-05
3507,Cat_3,345070,134,54,3,8654,1,54,0.05555555555555555,9.014965667514164e-05
4524,Cat_19,345049,135,48,1,4428,0,48,0.020833333333333332,9.014417041788897e-05
5405,Cat_9,345031,164,63,1,3031,1,63,0.015873015873015872,9.013946791167239e-05
6853,Cat_9,345030,130,48,4,6076,0,48,0.08333333333333333,9.013920666132703e-05
1351,Cat_24,345007,137,49,6,15194,1,49,0.12244897959183673,9.013319790338363e-05
5690,Cat_22,344971,143,50,3,8747,0,50,0.06,9.012379289095049e-05
3579,Cat_16,344938,137,59,4,3800,2,59,0.06779661016949153,9.011517162955344e-05
5741,Cat_9,344934,143,57,2,839,0,57,0.03508771929824561,9.011412662817198e-05
4093,Cat_24,344933,134,56,3,8239,1,56,0.05357142857142857,9.011386537782662e-05
342,Cat_1,344923,142,60,3,15461,2,60,0.05,9.011125287437296e-05
7805,Cat_28,344910,142,58,4,8255,2,58,0.06896551724137931,9.010785661988322e-05
8400,Cat_23,344876,142,57,4,7554,1,57,0.07017543859649122,9.00989741081408e-05
6666,Cat_27,344856,166,63,1,2740,0,63,0.015873015873015872,9.00937491012335e-05
7249,Cat_27,344844,136,55,2,9553,2,55,0.03636363636363636,9.009061409708911e-05
1469,Cat_9,344838,138,56,3,11364,2,56,0.05357142857142857,9.008904659501693e-05
7114,Cat_15,344831,125,53,4,11766,3,53,0.07547169811320754,9.008721784259937e-05
8421,Cat_23,344797,140,56,4,7848,1,56,0.07142857142857142,9.007833533085695e-05
9842,Cat_1,344791,152,59,3,8569,1,59,0.05084745762711865,9.007676782878476e-05
8918,Cat_29,344782,150,59,5,14159,2,59,0.0847457627118644,9.007441657567648e-05
7941,Cat_6,344735,148,62,4,10936,2,62,0.06451612903225806,9.006213780944432e-05
3884,Cat_19,344702,129,59,3,8404,2,59,0.05084745762711865,9.005351654804727e-05
7700,Cat_15,344699,163,67,3,8835,0,66,0.04477611940298507,9.005273279701118e-05
653,Cat_4,344677,134,53,5,16555,2,53,0.09433962264150944,9.004698528941314e-05
5773,Cat_6,344655,146,56,2,4780,1,56,0.03571428571428571,9.004123778181511e-05
8360,Cat_9,344653,134,59,5,17820,2,59,0.0847457627118644,9.004071528112438e-05
3379,Cat_3,344646,131,55,7,19249,2,55,0.12727272727272726,9.003888652870683e-05
7377,Cat_26,344556,134,56,1,1228,0,56,0.017857142857142856,9.001537399762397e-05
7358,Cat_12,344499,138,59,3,6605,1,59,0.05084745762711865,9.000048272793815e-05
688,Cat_2,344458,139,58,1,2981,0,57,0.017241379310344827,8.998977146377818e-05
921,Cat_1,344450,135,59,3,8197,1,59,0.05084745762711865,8.998768146101527e-05
1487,Cat_28,344431,131,52,2,3876,0,52,0.038461538461538464,8.998271770445333e-05
4371,Cat_27,344410,125,50,4,15272,2,50,0.08,8.997723144720066e-05
6127,Cat_3,344396,126,53,1,4582,1,53,0.018867924528301886,8.997357394236554e-05
8344,Cat_14,344379,139,56,3,6366,1,56,0.05357142857142857,8.996913268649434e-05
4193,Cat_5,344336,133,57,5,12176,0,57,0.08771929824561403,8.995789892164364e-05
1851,Cat_4,344333,132,54,3,6242,0,54,0.05555555555555555,8.995711517060754e-05
2602,Cat_12,344328,121,51,1,1424,0,51,0.0196078431372549,8.995580891888072e-05
3236,Cat_29,344320,143,57,1,2474,0,57,0.017543859649122806,8.99537189161178e-05
3776,Cat_28,344294,131,49,2,7611,1,49,0.04081632653061224,8.994692640713831e-05
491,Cat_13,344255,150,59,4,8666,2,59,0.06779661016949153,8.993673764366906e-05
3308,Cat_28,344242,133,52,2,7378,1,52,0.038461538461538464,8.993334138917932e-05
7611,Cat_11,344241,147,63,3,7352,0,63,0.047619047619047616,8.993308013883394e-05
4372,Cat_29,344237,135,55,3,9631,1,55,0.05454545454545454,8.99320351374525e-05
6357,Cat_17,344229,138,55,4,8307,0,55,0.07272727272727272,8.992994513468957e-05
5030,Cat_2,344186,148,61,4,9838,2,61,0.06557377049180328,8.991871136983886e-05
6023,Cat_25,344180,138,60,1,176,0,60,0.016666666666666666,8.991714386776669e-05
7840,Cat_18,344145,131,55,4,9995,1,55,0.07272727272727272,8.99080001056789e-05
6624,Cat_13,344141,146,59,3,3511,1,59,0.05084745762711865,8.990695510429744e-05
7697,Cat_11,344076,154,65,2,4098,1,65,0.03076923076923077,8.98899738318487e-05
1214,Cat_10,344074,144,63,0,0,0,63,0.0,8.988945133115797e-05
1748,Cat_30,344037,135,58,3,13848,1,58,0.05172413793103448,8.987978506837947e-05
4462,Cat_26,344031,140,60,2,6361,1,60,0.03333333333333333,8.987821756630728e-05
6157,Cat_27,344024,129,50,2,977,0,50,0.04,8.987638881388973e-05
4223,Cat_11,344008,129,59,1,799,0,59,0.01694915254237288,8.987220880836388e-05
4483,Cat_12,343997,138,58,3,10701,1,58,0.05172413793103448,8.986933505456487e-05
8380,Cat_14,343971,137,55,2,1861,1,55,0.03636363636363636,8.986254254558536e-05
6524,Cat_15,343966,150,56,0,0,0,56,0.0,8.986123629385854e-05
7522,Cat_6,343947,130,51,5,14919,0,51,0.09803921568627451,8.98562725372966e-05
5994,Cat_9,343927,125,57,4,16957,2,57,0.07017543859649122,8.985104753038931e-05
1212,Cat_6,343887,141,60,6,14657,1,60,0.1,8.98405975165747e-05
5348,Cat_8,343873,154,62,0,0,0,62,0.0,8.983694001173959e-05
5215,Cat_16,343871,139,54,2,8068,2,54,0.037037037037037035,8.983641751104886e-05
1996,Cat_17,343835,140,51,5,12240,1,51,0.09803921568627451,8.982701249861571e-05
5997,Cat_27,343805,133,60,1,2894,0,60,0.016666666666666666,8.981917498825476e-05
7313,Cat_21,343752,130,51,0,0,0,51,0.0,8.980532871995041e-05
1282,Cat_14,343743,137,58,2,4486,0,58,0.034482758620689655,8.980297746684212e-05
9763,Cat_28,343728,159,59,1,2368,0,59,0.01694915254237288,8.979905871166164e-05
1268,Cat_10,343722,134,52,5,11247,1,52,0.09615384615384616,8.979749120958945e-05
8119,Cat_27,343719,136,56,1,1751,0,56,0.017857142857142856,8.979670745855336e-05
1867,Cat_24,343689,118,44,1,4030,0,44,0.022727272727272728,8.978886994819241e-05
1344,Cat_30,343684,144,60,4,9261,1,60,0.06666666666666667,8.978756369646558e-05
4257,Cat_30,343661,150,63,5,11865,1,63,0.07936507936507936,8.978155493852218e-05
8513,Cat_21,343658,145,59,1,1157,0,59,0.01694915254237288,8.978077118748609e-05
6255,Cat_6,343656,122,56,1,3230,0,56,0.017857142857142856,8.978024868679536e-05
8691,Cat_4,343648,157,64,1,1148,0,64,0.015625,8.977815868403243e-05
6690,Cat_29,343644,150,60,0,0,0,60,0.0,8.977711368265097e-05
6337,Cat_7,343603,141,58,3,7423,2,58,0.05172413793103448,8.976640241849101e-05
7124,Cat_28,343602,137,58,1,1878,0,58,0.017241379310344827,8.976614116814564e-05
4774,Cat_20,343599,145,61,1,2818,0,61,0.01639344262295082,8.976535741710955e-05
5820,Cat_8,343564,123,52,1,4905,0,52,0.019230769230769232,8.975621365502176e-05
2777,Cat_26,343563,152,61,3,5971,0,61,0.04918032786885246,8.97559524046764e-05
3940,Cat_19,343554,158,66,5,6902,1,66,0.07575757575757576,8.975360115156812e-05
2033,Cat_23,343553,151,60,1,2546,1,60,0.016666666666666666,8.975333990122275e-05
8800,Cat_4,343553,139,59,0,0,0,59,0.0,8.975333990122275e-05
9270,Cat_23,343550,136,50,3,8282,2,50,0.06,8.975255615018666e-05
3209,Cat_14,343508,144,52,1,4957,1,52,0.019230769230769232,8.974158363568132e-05
7510,Cat_29,343505,134,59,1,1941,1,59,0.01694915254237288,8.974079988464522e-05
8591,Cat_2,343502,140,56,2,1879,0,56,0.03571428571428571,8.974001613360913e-05
3327,Cat_2,343476,146,57,3,7189,0,57,0.05263157894736842,8.973322362462964e-05
4484,Cat_2,343450,146,61,4,10418,2,61,0.06557377049180328,8.972643111565014e-05
8601,Cat_11,343442,142,60,3,5969,0,60,0.05,8.972434111288721e-05
2400,Cat_20,343439,129,56,2,4728,0,56,0.03571428571428571,8.972355736185112e-05
1139,Cat_8,343427,141,58,2,4496,0,58,0.034482758620689655,8.972042235770674e-05
6483,Cat_27,343372,131,53,5,12123,2,53,0.09433962264150944,8.970605358871166e-05
6038,Cat_14,343344,132,56,7,13763,1,56,0.125,8.969873857904144e-05
5645,Cat_22,343287,131,54,4,14918,2,54,0.07407407407407407,8.968384730935563e-05
2855,Cat_16,343280,141,57,1,1367,0,57,0.017543859649122806,8.968201855693808e-05
7222,Cat_7,343263,135,56,5,11706,1,56,0.08928571428571429,8.967757730106687e-05
3512,Cat_6,343252,136,51,2,13296,1,51,0.0392156862745098,8.967470354726784e-05
5816,Cat_6,343238,129,51,0,0,0,51,0.0,8.967104604243274e-05
335,Cat_8,343231,122,48,0,0,0,48,0.0,8.966921729001518e-05
8542,Cat_24,343218,139,59,1,1679,0,59,0.01694915254237288,8.966582103552543e-05
9486,Cat_30,343202,152,58,6,18798,3,58,0.10344827586206896,8.96616410299996e-05
1835,Cat_9,343180,136,51,1,3583,1,51,0.0196078431372549,8.965589352240156e-05
1522,Cat_12,343154,132,54,1,601,0,54,0.018518518518518517,8.964910101342207e-05
3726,Cat_5,343140,141,52,1,2345,1,52,0.019230769230769232,8.964544350858695e-05
5152,Cat_29,343128,113,49,2,4527,0,49,0.04081632653061224,8.964230850444258e-05
760,Cat_8,343088,139,54,0,0,0,54,0.0,8.963185849062797e-05
1434,Cat_30,343087,143,57,3,8749,0,57,0.05263157894736842,8.96315972402826e-05
7192,Cat_22,343077,126,50,3,12388,1,50,0.06,8.962898473682895e-05
1002,Cat_30,343040,140,55,0,0,0,55,0.0,8.961931847405045e-05
8957,Cat_25,343022,133,59,2,428,0,59,0.03389830508474576,8.961461596783387e-05
1587,Cat_21,343005,142,52,1,54,0,52,0.019230769230769232,8.961017471196266e-05
2656,Cat_6,343004,149,59,2,4862,0,59,0.03389830508474576,8.96099134616173e-05
372,Cat_23,343001,151,60,2,2369,0,60,0.03333333333333333,8.96091297105812e-05
4604,Cat_23,343001,135,56,5,15656,3,56,0.08928571428571429,8.96091297105812e-05
8638,Cat_11,342994,128,53,2,1576,0,53,0.03773584905660377,8.960730095816365e-05
5437,Cat_12,342953,146,55,1,336,0,55,0.01818181818181818,8.959658969400368e-05
3022,Cat_2,342940,134,50,2,7850,0,50,0.04,8.959319343951393e-05
985,Cat_17,342933,141,53,3,5166,0,53,0.05660377358490566,8.959136468709637e-05
2775,Cat_5,342928,147,61,7,20456,3,61,0.11475409836065574,8.959005843536955e-05
7686,Cat_11,342916,139,53,3,9943,0,53,0.05660377358490566,8.958692343122517e-05
3425,Cat_19,342910,135,53,3,6829,1,53,0.05660377358490566,8.958535592915298e-05
9603,Cat_25,342898,127,54,5,15501,2,54,0.09259259259259259,8.958222092500859e-05
5579,Cat_25,342880,136,51,3,8465,1,51,0.058823529411764705,8.957751841879203e-05
9638,Cat_19,342868,125,50,1,3254,0,50,0.02,8.957438341464764e-05
6239,Cat_29,342865,150,69,5,14603,1,69,0.07246376811594203,8.957359966361155e-05
6651,Cat_9,342850,139,55,4,9294,1,55,0.07272727272727272,8.956968090843107e-05
3880,Cat_21,342836,138,59,5,16221,2,59,0.0847457627118644,8.956602340359596e-05
7220,Cat_1,342821,145,55,3,11553,3,55,0.05454545454545454,8.956210464841548e-05
186,Cat_5,342809,144,57,1,448,0,57,0.017543859649122806,8.95589696442711e-05
355,Cat_10,342795,134,56,4,8083,0,56,0.07142857142857142,8.9555312139436e-05
6543,Cat_25,342794,149,58,1,751,0,58,0.017241379310344827,8.955505088909062e-05
2800,Cat_10,342759,134,58,2,4417,1,58,0.034482758620689655,8.954590712700285e-05
9678,Cat_24,342728,145,60,3,11359,2,60,0.05,8.953780836629653e-05
9129,Cat_4,342726,116,49,2,5579,0,49,0.04081632653061224,8.95372858656058e-05
1667,Cat_18,342716,111,51,2,5400,0,51,0.0392156862745098,8.953467336215214e-05
3521,Cat_1,342695,146,55,5,9954,1,55,0.09090909090909091,8.952918710489948e-05
7064,Cat_27,342689,160,55,1,475,0,55,0.01818181818181818,8.952761960282728e-05
7979,Cat_17,342654,126,53,3,8174,0,53,0.05660377358490566,8.951847584073951e-05
5607,Cat_22,342630,128,55,2,4510,1,55,0.03636363636363636,8.951220583245074e-05
3289,Cat_12,342603,145,58,3,7172,1,58,0.05172413793103448,8.950515207312589e-05
304,Cat_26,342596,156,62,4,12048,2,62,0.06451612903225806,8.950332332070833e-05
3112,Cat_10,342587,133,55,2,6831,1,55,0.03636363636363636,8.950097206760005e-05
221,Cat_23,342556,127,57,2,6676,0,57,0.03508771929824561,8.949287330689372e-05
510,Cat_13,342505,131,53,0,0,0,53,0.0,8.94795495392801e-05
2405,Cat_25,342504,135,56,1,2733,0,56,0.017857142857142856,8.947928828893475e-05
3856,Cat_6,342502,135,56,3,8743,1,56,0.05357142857142857,8.947876578824401e-05
5079,Cat_10,342496,116,52,0,0,0,52,0.0,8.947719828617182e-05
1486,Cat_29,342480,123,49,2,3238,0,49,0.04081632653061224,8.947301828064597e-05
4773,Cat_26,342470,138,53,5,11177,2,53,0.09433962264150944,8.947040577719232e-05
7296,Cat_21,342464,140,59,6,8863,2,59,0.1016949152542373,8.946883827512014e-05
759,Cat_6,342463,143,65,2,6167,0,65,0.03076923076923077,8.946857702477477e-05
2803,Cat_27,342454,132,56,3,11384,2,56,0.05357142857142857,8.946622577166649e-05
9882,Cat_3,342453,140,54,2,6170,0,54,0.037037037037037035,8.946596452132111e-05
499,Cat_4,342406,125,53,2,7068,0,53,0.03773584905660377,8.945368575508896e-05
9364,Cat_22,342374,137,56,2,4182,1,56,0.03571428571428571,8.944532574403728e-05
6118,Cat_23,342368,125,57,2,4411,1,57,0.03508771929824561,8.944375824196508e-05
9465,Cat_7,342346,119,55,1,2280,0,55,0.01818181818181818,8.943801073436706e-05
4288,Cat_7,342339,139,60,1,4035,1,60,0.016666666666666666,8.943618198194949e-05
9359,Cat_30,342302,135,57,6,20122,2,57,0.10526315789473684,8.942651571917099e-05
5895,Cat_2,342255,125,50,1,2641,0,50,0.02,8.941423695293882e-05
4975,Cat_7,342212,144,52,3,9100,0,52,0.057692307692307696,8.940300318808812e-05
1956,Cat_24,342156,125,57,4,11803,1,57,0.07017543859649122,8.938837316874767e-05
736,Cat_18,342150,121,52,2,6621,1,52,0.038461538461538464,8.938680566667549e-05
9653,Cat_20,342140,136,59,0,0,0,59,0.0,8.938419316322184e-05
2907,Cat_21,342133,123,46,1,794,0,46,0.021739130434782608,8.938236441080429e-05
4308,Cat_13,342115,121,55,1,3519,0,55,0.01818181818181818,8.937766190458771e-05
7240,Cat_19,342091,147,60,1,542,0,59,0.016666666666666666,8.937139189629895e-05
83,Cat_11,342057,128,54,2,4809,0,54,0.037037037037037035,8.936250938455654e-05
3648,Cat_1,342056,140,59,2,3054,1,59,0.03389830508474576,8.936224813421117e-05
3033,Cat_6,342027,127,54,3,8048,1,54,0.05555555555555555,8.935467187419557e-05
180,Cat_3,342025,143,55,5,19160,2,55,0.09090909090909091,8.935414937350484e-05
3959,Cat_26,342025,151,58,3,12305,1,58,0.05172413793103448,8.935414937350484e-05
3285,Cat_6,342017,142,56,2,1040,1,56,0.03571428571428571,8.935205937074193e-05
2266,Cat_1,342010,139,54,2,5626,0,54,0.037037037037037035,8.935023061832437e-05
8844,Cat_8,342007,128,57,2,4942,0,57,0.03508771929824561,8.934944686728828e-05
3107,Cat_25,342000,133,51,2,4023,0,51,0.0392156862745098,8.934761811487071e-05
2857,Cat_20,341981,144,60,2,7011,0,60,0.03333333333333333,8.934265435830878e-05
7634,Cat_9,341973,135,55,0,0,0,55,0.0,8.934056435554587e-05
6822,Cat_26,341967,145,57,0,0,0,57,0.0,8.933899685347367e-05
7156,Cat_19,341959,139,55,2,3594,0,55,0.03636363636363636,8.933690685071075e-05
1866,Cat_12,341935,115,44,0,0,0,44,0.0,8.933063684242199e-05
8252,Cat_7,341898,114,43,1,1163,0,43,0.023255813953488372,8.932097057964348e-05
3777,Cat_3,341883,136,59,7,16450,5,59,0.11864406779661017,8.9317051824463e-05
8889,Cat_12,341843,127,55,3,6433,0,55,0.05454545454545454,8.93066018106484e-05
1734,Cat_10,341823,156,61,2,5046,1,61,0.03278688524590164,8.93013768037411e-05
7537,Cat_29,341806,137,62,3,13379,1,62,0.04838709677419355,8.929693554786988e-05
947,Cat_30,341767,144,60,3,8581,1,60,0.05,8.928674678440065e-05
7204,Cat_26,341734,137,58,4,12918,1,58,0.06896551724137931,8.92781255230036e-05
4112,Cat_27,341719,148,62,1,751,0,62,0.016129032258064516,8.927420676782312e-05
7352,Cat_26,341717,128,56,2,6037,1,56,0.03571428571428571,8.927368426713239e-05
4811,Cat_14,341702,127,51,1,932,0,51,0.0196078431372549,8.926976551195191e-05
3660,Cat_29,341690,122,58,3,10977,2,58,0.05172413793103448,8.926663050780753e-05
1270,Cat_12,341679,127,46,4,9942,1,46,0.08695652173913043,8.926375675400851e-05
473,Cat_23,341665,150,64,5,9003,2,64,0.078125,8.926009924917341e-05
160,Cat_20,341658,145,60,8,19122,3,60,0.13333333333333333,8.925827049675585e-05
3966,Cat_28,341636,140,59,1,2401,0,59,0.01694915254237288,8.925252298915782e-05
3340,Cat_11,341594,130,53,3,7517,0,53,0.05660377358490566,8.924155047465248e-05
4351,Cat_1,341577,138,57,1,3168,0,57,0.017543859649122806,8.923710921878128e-05
43,Cat_21,341576,138,55,0,0,0,55,0.0,8.92368479684359e-05
2496,Cat_16,341554,130,53,0,0,0,53,0.0,8.923110046083788e-05
5102,Cat_4,341551,143,55,2,4285,0,54,0.03636363636363636,8.923031670980179e-05
8867,Cat_6,341549,143,51,3,3430,0,51,0.058823529411764705,8.922979420911106e-05
2417,Cat_7,341540,146,61,2,4106,1,61,0.03278688524590164,8.922744295600276e-05
3936,Cat_18,341533,141,54,5,10200,2,54,0.09259259259259259,8.922561420358521e-05
6141,Cat_24,341522,138,57,1,1740,0,57,0.017543859649122806,8.92227404497862e-05
3838,Cat_1,341511,140,56,2,6165,1,56,0.03571428571428571,8.921986669598718e-05
8254,Cat_20,341503,149,57,6,17921,2,57,0.10526315789473684,8.921777669322426e-05
370,Cat_15,341453,116,47,2,1424,0,47,0.0425531914893617,8.9204714175956e-05
794,Cat_12,341436,150,61,4,14357,1,61,0.06557377049180328,8.920027292008479e-05
5463,Cat_15,341407,146,59,1,3485,0,59,0.01694915254237288,8.91926966600692e-05
318,Cat_5,341401,140,56,2,4934,0,56,0.03571428571428571,8.919112915799701e-05
4551,Cat_9,341386,153,57,1,2880,1,57,0.017543859649122806,8.918721040281653e-05
474,Cat_1,341379,123,50,10,27852,3,50,0.2,8.918538165039898e-05
6420,Cat_9,341370,134,49,9,20114,2,49,0.1836734693877551,8.91830303972907e-05
8269,Cat_15,341321,153,54,2,7822,1,54,0.037037037037037035,8.91702291303678e-05
4949,Cat_23,341318,146,57,2,6184,0,57,0.03508771929824561,8.916944537933171e-05
3232,Cat_9,341310,128,54,4,10338,1,54,0.07407407407407407,8.916735537656878e-05
3538,Cat_23,341287,148,57,4,4845,0,57,0.07017543859649122,8.916134661862539e-05
6197,Cat_28,341285,138,57,2,3029,0,57,0.03508771929824561,8.916082411793465e-05
2849,Cat_18,341283,133,59,3,8990,1,59,0.05084745762711865,8.916030161724392e-05
8745,Cat_20,341260,146,64,7,19464,2,64,0.109375,8.915429285930052e-05
6125,Cat_3,341233,137,53,1,321,0,53,0.018867924528301886,8.914723909997568e-05
3546,Cat_17,341227,132,55,3,2107,0,55,0.05454545454545454,8.914567159790348e-05
5722,Cat_8,341226,143,60,4,12672,1,60,0.06666666666666667,8.914541034755811e-05
2949,Cat_24,341171,146,61,1,4337,0,61,0.01639344262295082,8.913104157856303e-05
1696,Cat_19,341161,141,55,4,7889,1,55,0.07272727272727272,8.912842907510939e-05
2562,Cat_20,341145,150,63,6,17853,3,63,0.09523809523809523,8.912424906958354e-05
6594,Cat_3,341144,148,60,2,8271,1,60,0.03333333333333333,8.912398781923817e-05
1442,Cat_12,341133,137,53,2,6511,1,53,0.03773584905660377,8.912111406543916e-05
5364,Cat_12,341083,156,59,4,13058,3,59,0.06779661016949153,8.910805154817091e-05
2912,Cat_7,341013,149,59,2,7197,1,59,0.03389830508474576,8.908976402399534e-05
3944,Cat_16,340988,137,52,4,17123,1,52,0.07692307692307693,8.908323276536121e-05
8703,Cat_19,340971,140,58,1,1164,0,58,0.017241379310344827,8.907879150949e-05
6994,Cat_3,340966,143,49,5,8116,2,49,0.10204081632653061,8.907748525776319e-05
5915,Cat_27,340917,143,59,5,12084,0,59,0.0847457627118644,8.90646839908403e-05
2117,Cat_13,340903,158,58,3,4467,1,58,0.05172413793103448,8.906102648600518e-05
1190,Cat_15,340885,143,60,6,16505,1,60,0.1,8.905632397978862e-05
4689,Cat_3,340875,139,55,1,2386,0,55,0.01818181818181818,8.905371147633496e-05
9802,Cat_15,340874,138,61,4,7405,0,61,0.06557377049180328,8.905345022598959e-05
8150,Cat_8,340873,126,51,0,0,0,51,0.0,8.905318897564423e-05
5600,Cat_14,340863,138,57,2,5033,1,57,0.03508771929824561,8.905057647219058e-05
4785,Cat_2,340826,133,61,3,8540,0,61,0.04918032786885246,8.904091020941207e-05
1372,Cat_9,340793,130,57,3,7885,0,57,0.05263157894736842,8.903228894801502e-05
9404,Cat_12,340785,173,64,5,11660,2,64,0.078125,8.90301989452521e-05
1509,Cat_22,340777,138,56,1,3206,1,56,0.017857142857142856,8.902810894248917e-05
3075,Cat_18,340765,141,60,5,17237,2,60,0.08333333333333333,8.90249739383448e-05
6783,Cat_7,340763,134,52,4,6207,0,52,0.07692307692307693,8.902445143765407e-05
203,Cat_4,340763,131,54,2,3254,0,54,0.037037037037037035,8.902445143765407e-05
1818,Cat_8,340759,153,64,2,4544,0,64,0.03125,8.902340643627261e-05
7495,Cat_15,340756,154,56,1,2536,0,56,0.017857142857142856,8.90226226852365e-05
8907,Cat_5,340719,143,61,5,15865,2,61,0.08196721311475409,8.9012956422458e-05
5975,Cat_1,340718,123,53,1,1008,0,53,0.018867924528301886,8.901269517211263e-05
9907,Cat_11,340687,139,54,4,11832,1,54,0.07407407407407407,8.900459641140632e-05
2334,Cat_22,340668,132,53,2,5609,1,53,0.03773584905660377,8.899963265484439e-05
5054,Cat_9,340667,134,54,8,28528,2,54,0.14814814814814814,8.899937140449901e-05
6646,Cat_17,340664,160,64,8,20091,2,64,0.125,8.899858765346292e-05
7082,Cat_15,340656,136,55,3,10532,2,55,0.05454545454545454,8.89964976507e-05
1742,Cat_14,340634,144,62,3,7496,1,62,0.04838709677419355,8.899075014310197e-05
8106,Cat_13,340599,138,56,1,2335,0,56,0.017857142857142856,8.898160638101419e-05
1281,Cat_8,340588,113,46,1,3959,0,46,0.021739130434782608,8.897873262721517e-05
8870,Cat_3,340583,154,59,1,2653,1,59,0.01694915254237288,8.897742637548834e-05
1701,Cat_12,340552,128,50,1,1034,0,50,0.02,8.896932761478203e-05
2386,Cat_8,340528,127,55,1,2510,0,55,0.01818181818181818,8.896305760649326e-05
2412,Cat_30,340479,154,59,3,11508,2,59,0.05084745762711865,8.895025633957037e-05
1605,Cat_15,340472,123,50,3,8208,1,50,0.06,8.894842758715282e-05
4316,Cat_6,340451,128,55,4,11301,1,55,0.07272727272727272,8.894294132990015e-05
5912,Cat_29,340442,141,57,4,12308,0,57,0.07017543859649122,8.894059007679186e-05
2824,Cat_29,340442,135,53,2,1625,0,53,0.03773584905660377,8.894059007679186e-05
4616,Cat_2,340372,137,51,2,2483,0,51,0.0392156862745098,8.89223025526163e-05
8992,Cat_20,340328,136,52,5,9941,1,52,0.09615384615384616,8.891080753742023e-05
7958,Cat_10,340326,138,61,7,20968,5,61,0.11475409836065574,8.89102850367295e-05
2234,Cat_23,340320,125,50,3,9112,2,50,0.06,8.890871753465732e-05
4260,Cat_19,340307,137,56,4,8526,1,56,0.07142857142857142,8.890532128016757e-05
4681,Cat_7,340290,155,68,4,11520,2,68,0.058823529411764705,8.890088002429636e-05
5790,Cat_18,340230,131,58,4,10953,2,58,0.06896551724137931,8.888520500357446e-05
6227,Cat_23,340212,134,60,4,10205,2,60,0.06666666666666667,8.888050249735788e-05
6562,Cat_19,340195,152,59,4,13311,2,59,0.06779661016949153,8.887606124148668e-05
8078,Cat_22,340176,142,56,6,19227,2,56,0.10714285714285714,8.887109748492474e-05
8579,Cat_21,340168,133,58,4,4006,1,58,0.06896551724137931,8.886900748216183e-05
9496,Cat_29,340167,154,62,2,7331,1,62,0.03225806451612903,8.886874623181646e-05
6760,Cat_24,340160,138,55,2,3001,0,55,0.03636363636363636,8.88669174793989e-05
2381,Cat_10,340148,117,48,2,6710,2,48,0.041666666666666664,8.886378247525452e-05
9319,Cat_9,340113,135,57,1,4261,1,57,0.017543859649122806,8.885463871316673e-05
5299,Cat_26,340112,140,57,2,8010,2,57,0.03508771929824561,8.885437746282138e-05
934,Cat_2,340093,131,54,1,4603,1,54,0.018518518518518517,8.884941370625944e-05
6850,Cat_2,340020,139,57,1,1860,0,57,0.017543859649122806,8.883034243104778e-05
6260,Cat_12,340005,137,56,2,6354,2,56,0.03571428571428571,8.88264236758673e-05
1081,Cat_12,340000,155,67,5,15299,0,67,0.07462686567164178,8.882511742414048e-05
703,Cat_5,339997,148,55,0,0,0,55,0.0,8.882433367310438e-05
8057,Cat_29,339997,136,55,1,1294,0,55,0.01818181818181818,8.882433367310438e-05
1051,Cat_26,339995,133,60,3,7119,0,60,0.05,8.882381117241365e-05
223,Cat_19,339990,146,61,2,6243,1,61,0.03278688524590164,8.882250492068683e-05
8171,Cat_22,339986,136,58,3,12119,1,58,0.05172413793103448,8.882145991930537e-05
9837,Cat_28,339928,126,45,4,9705,0,45,0.08888888888888889,8.88063073992742e-05
9673,Cat_15,339924,129,57,1,2489,0,57,0.017543859649122806,8.880526239789274e-05
7760,Cat_12,339921,141,56,3,8994,0,56,0.05357142857142857,8.880447864685663e-05
9097,Cat_1,339906,129,54,4,22515,2,54,0.07407407407407407,8.880055989167616e-05
4499,Cat_16,339868,139,53,5,12346,2,53,0.09433962264150944,8.879063237855228e-05
8500,Cat_5,339867,145,61,4,12188,1,61,0.06557377049180328,8.879037112820692e-05
8875,Cat_29,339858,133,52,2,5410,0,52,0.038461538461538464,8.878801987509863e-05
7014,Cat_16,339856,144,56,2,4585,0,56,0.03571428571428571,8.878749737440791e-05
6889,Cat_9,339828,140,55,2,5211,0,55,0.03636363636363636,8.878018236473768e-05
4613,Cat_4,339822,140,58,4,12165,2,58,0.06896551724137931,8.877861486266548e-05
1308,Cat_2,339817,150,55,3,7683,0,55,0.05454545454545454,8.877730861093866e-05
1684,Cat_18,339783,141,60,2,7665,2,60,0.03333333333333333,8.876842609919625e-05
7803,Cat_25,339779,125,50,0,0,0,50,0.0,8.876738109781479e-05
8723,Cat_16,339766,118,44,3,9511,2,44,0.06818181818181818,8.876398484332505e-05
3496,Cat_25,339761,153,64,5,13495,2,64,0.078125,8.876267859159821e-05
9494,Cat_23,339759,122,49,1,4618,1,49,0.02040816326530612,8.87621560909075e-05
3628,Cat_18,339748,142,59,3,4156,1,59,0.05084745762711865,8.875928233710847e-05
2020,Cat_10,339714,153,63,2,7452,1,63,0.031746031746031744,8.875039982536606e-05
4039,Cat_17,339695,136,61,2,9444,1,61,0.03278688524590164,8.874543606880412e-05
2176,Cat_28,339690,134,51,4,6097,0,51,0.0784313725490196,8.87441298170773e-05
9664,Cat_19,339680,117,47,1,4467,1,47,0.02127659574468085,8.874151731362364e-05
1263,Cat_3,339664,132,55,5,8624,0,55,0.09090909090909091,8.87373373080978e-05
6909,Cat_30,339664,141,55,4,9486,0,55,0.07272727272727272,8.87373373080978e-05
8293,Cat_25,339623,126,53,2,6752,2,53,0.03773584905660377,8.872662604393783e-05
2838,Cat_22,339619,142,58,2,7714,1,58,0.034482758620689655,8.872558104255637e-05
7228,Cat_9,339606,137,61,3,9777,1,61,0.04918032786885246,8.872218478806663e-05
364,Cat_19,339603,135,55,2,4901,0,55,0.03636363636363636,8.872140103703054e-05
3737,Cat_10,339595,142,57,0,0,0,56,0.0,8.871931103426761e-05
6168,Cat_25,339581,137,51,2,4588,1,51,0.0392156862745098,8.87156535294325e-05
8081,Cat_21,339566,127,56,2,4692,1,56,0.03571428571428571,8.871173477425202e-05
1219,Cat_5,339552,147,64,4,16321,2,64,0.0625,8.87080772694169e-05
3981,Cat_13,339549,137,50,3,3244,0,50,0.06,8.870729351838081e-05
4777,Cat_10,339530,147,54,2,2557,0,54,0.037037037037037035,8.870232976181888e-05
2354,Cat_7,339508,135,51,3,4846,0,51,0.058823529411764705,8.869658225422084e-05
5558,Cat_13,339493,140,54,1,2338,0,54,0.018518518518518517,8.869266349904036e-05
1788,Cat_14,339491,128,49,4,10315,1,49,0.08163265306122448,8.869214099834963e-05
2001,Cat_5,339490,133,55,2,7785,2,55,0.03636363636363636,8.869187974800427e-05
5777,Cat_27,339457,140,61,5,13124,3,61,0.08196721311475409,8.868325848660722e-05
3086,Cat_4,339409,117,47,0,0,0,47,0.0,8.867071847002969e-05
250,Cat_16,339408,133,50,1,3877,1,50,0.02,8.867045721968433e-05
3390,Cat_27,339377,137,53,0,0,0,53,0.0,8.866235845897801e-05
6386,Cat_26,339375,152,59,4,9985,1,59,0.06779661016949153,8.866183595828728e-05
3923,Cat_28,339367,138,55,5,11468,2,55,0.09090909090909091,8.865974595552437e-05
6924,Cat_12,339367,139,57,3,4730,0,57,0.05263157894736842,8.865974595552437e-05
8343,Cat_29,339348,145,55,6,15914,3,55,0.10909090909090909,8.865478219896243e-05
571,Cat_25,339345,147,59,3,5911,1,59,0.05084745762711865,8.865399844792633e-05
8319,Cat_6,339334,138,53,3,4494,0,53,0.05660377358490566,8.865112469412731e-05
6232,Cat_27,339334,134,55,3,7890,0,55,0.05454545454545454,8.865112469412731e-05
770,Cat_11,339330,133,53,2,5198,1,53,0.03773584905660377,8.865007969274585e-05
698,Cat_27,339316,134,55,1,1099,1,55,0.01818181818181818,8.864642218791073e-05
1772,Cat_4,339309,130,53,4,11197,2,53,0.07547169811320754,8.864459343549318e-05
6737,Cat_15,339257,143,57,4,13601,0,57,0.07017543859649122,8.863100841753419e-05
2576,Cat_4,339246,139,54,2,3361,0,54,0.037037037037037035,8.862813466373518e-05
1904,Cat_6,339234,153,58,3,10345,1,58,0.05172413793103448,8.86249996595908e-05
414,Cat_20,339234,143,61,3,4176,1,61,0.04918032786885246,8.86249996595908e-05
914,Cat_1,339222,137,59,4,12676,3,59,0.06779661016949153,8.862186465544642e-05
7833,Cat_14,339196,141,56,4,12170,1,56,0.07142857142857142,8.861507214646692e-05
9688,Cat_4,339193,142,60,4,15840,1,60,0.06666666666666667,8.861428839543083e-05
2323,Cat_7,339187,125,55,3,9607,2,55,0.05454545454545454,8.861272089335864e-05
8831,Cat_13,339169,126,58,3,7284,1,58,0.05172413793103448,8.860801838714207e-05
8456,Cat_20,339157,139,54,3,11408,0,54,0.05555555555555555,8.860488338299769e-05
9825,Cat_25,339152,155,57,2,2809,0,57,0.03508771929824561,8.860357713127087e-05
7052,Cat_27,339134,123,54,4,13246,0,54,0.07407407407407407,8.859887462505429e-05
980,Cat_11,339087,124,54,3,6160,0,54,0.05555555555555555,8.858659585882213e-05
8543,Cat_18,339061,125,51,4,12706,1,51,0.0784313725490196,8.857980334984263e-05
7147,Cat_8,339057,128,52,0,0,0,52,0.0,8.857875834846118e-05
1622,Cat_18,339041,136,56,6,13058,2,56,0.10714285714285714,8.857457834293533e-05
354,Cat_29,339010,132,54,2,5803,0,54,0.037037037037037035,8.856647958222901e-05
7353,Cat_28,339001,145,64,3,6082,1,64,0.046875,8.856412832912073e-05
4443,Cat_13,338997,133,53,3,11701,1,53,0.05660377358490566,8.856308332773927e-05
4592,Cat_8,338979,122,49,4,14466,3,49,0.08163265306122448,8.85583808215227e-05
4278,Cat_29,338965,135,60,4,8679,3,60,0.06666666666666667,8.855472331668758e-05
1952,Cat_11,338955,131,51,7,14716,1,51,0.13725490196078433,8.855211081323393e-05
9061,Cat_15,338947,137,58,5,19590,3,58,0.08620689655172414,8.8550020810471e-05
6779,Cat_26,338945,133,53,2,4492,0,53,0.03773584905660377,8.854949830978028e-05
4160,Cat_18,338929,133,50,3,5284,0,50,0.06,8.854531830425444e-05
168,Cat_9,338848,155,61,2,7094,0,61,0.03278688524590164,8.852415702627986e-05
6383,Cat_10,338846,133,55,2,6522,0,55,0.03636363636363636,8.852363452558913e-05
786,Cat_11,338793,123,45,2,8235,1,45,0.044444444444444446,8.850978825728478e-05
3172,Cat_24,338775,129,55,3,9226,0,55,0.05454545454545454,8.850508575106821e-05
7893,Cat_16,338766,141,57,5,17071,2,57,0.08771929824561403,8.850273449795992e-05
3442,Cat_17,338741,150,63,1,1914,0,63,0.015873015873015872,8.84962032393258e-05
5723,Cat_10,338729,135,53,2,4198,0,53,0.03773584905660377,8.849306823518142e-05
5479,Cat_9,338724,138,53,1,4227,0,53,0.018867924528301886,8.84917619834546e-05
1106,Cat_26,338681,125,46,0,0,0,46,0.0,8.848052821860389e-05
7987,Cat_12,338623,129,52,2,3228,0,52,0.038461538461538464,8.846537569857272e-05
5949,Cat_20,338607,145,63,1,4229,1,63,0.015873015873015872,8.846119569304687e-05
8443,Cat_30,338600,145,58,5,15972,3,58,0.08620689655172414,8.845936694062932e-05
3925,Cat_24,338580,139,55,1,3398,0,55,0.01818181818181818,8.845414193372201e-05
4268,Cat_8,338551,141,56,2,2472,1,56,0.03571428571428571,8.844656567370643e-05
1607,Cat_13,338541,148,60,2,4511,0,60,0.03333333333333333,8.844395317025278e-05
1771,Cat_17,338535,133,53,1,1639,1,53,0.018867924528301886,8.844238566818058e-05
9645,Cat_9,338513,135,51,2,8989,0,51,0.0392156862745098,8.843663816058254e-05
5840,Cat_22,338477,127,55,2,7753,0,55,0.03636363636363636,8.84272331481494e-05
4985,Cat_21,338465,134,53,4,8743,0,53,0.07547169811320754,8.842409814400503e-05
5724,Cat_8,338411,128,54,4,10150,1,54,0.07407407407407407,8.84099906253553e-05
1910,Cat_13,338406,143,58,4,9910,0,58,0.06896551724137931,8.840868437362849e-05
609,Cat_17,338397,119,51,2,5089,1,51,0.0392156862745098,8.840633312052019e-05
498,Cat_13,338390,125,55,4,15100,2,55,0.07272727272727272,8.840450436810264e-05
5942,Cat_13,338347,151,61,4,11481,0,61,0.06557377049180328,8.839327060325194e-05
6754,Cat_15,338342,133,58,2,8272,1,58,0.034482758620689655,8.839196435152511e-05
7549,Cat_9,338332,142,58,3,5389,0,58,0.05172413793103448,8.838935184807147e-05
2396,Cat_21,338314,134,50,2,4532,0,50,0.04,8.838464934185489e-05
570,Cat_24,338310,134,56,2,4503,0,56,0.03571428571428571,8.838360434047343e-05
5443,Cat_12,338294,124,51,1,4562,0,51,0.0196078431372549,8.83794243349476e-05
3763,Cat_7,338245,144,58,2,2040,0,58,0.034482758620689655,8.836662306802469e-05
6065,Cat_21,338232,126,51,4,7741,1,51,0.0784313725490196,8.836322681353495e-05
461,Cat_10,338187,146,54,3,8651,2,54,0.05555555555555555,8.835147054799352e-05
1168,Cat_15,338185,148,58,4,12379,1,58,0.06896551724137931,8.835094804730279e-05
9941,Cat_22,338184,127,54,5,14639,3,54,0.09259259259259259,8.835068679695742e-05
849,Cat_10,338171,128,50,2,5873,0,50,0.04,8.834729054246767e-05
1208,Cat_9,338161,142,59,1,2191,1,59,0.01694915254237288,8.834467803901403e-05
9357,Cat_10,338143,161,65,7,21892,1,65,0.1076923076923077,8.833997553279746e-05
5742,Cat_18,338105,142,60,2,6266,0,60,0.03333333333333333,8.833004801967358e-05
2513,Cat_3,338077,131,58,1,3197,0,58,0.017241379310344827,8.832273301000336e-05
1521,Cat_2,338042,132,52,3,7520,2,52,0.057692307692307696,8.831358924791558e-05
8103,Cat_14,338040,134,52,4,11007,0,52,0.07692307692307693,8.831306674722485e-05
665,Cat_20,338015,141,58,6,10285,1,58,0.10344827586206896,8.830653548859072e-05
5597,Cat_25,337981,130,50,0,0,0,50,0.0,8.82976529768483e-05
6047,Cat_2,337971,125,48,1,4521,1,48,0.020833333333333332,8.829504047339465e-05
5012,Cat_12,337961,168,72,2,4807,1,72,0.027777777777777776,8.829242796994101e-05
8309,Cat_14,337951,130,54,3,9573,0,54,0.05555555555555555,8.828981546648735e-05
1545,Cat_11,337950,142,58,2,4811,0,58,0.034482758620689655,8.828955421614198e-05
7505,Cat_17,337924,134,58,5,20464,1,58,0.08620689655172414,8.828276170716249e-05
1104,Cat_26,337924,136,54,4,5407,0,54,0.07407407407407407,8.828276170716249e-05
1477,Cat_20,337907,138,55,3,7529,0,55,0.05454545454545454,8.827832045129129e-05
5193,Cat_27,337901,141,57,1,1356,0,57,0.017543859649122806,8.82767529492191e-05
8023,Cat_2,337883,152,58,2,7124,0,58,0.034482758620689655,8.827205044300253e-05
8222,Cat_2,337883,145,60,5,18784,3,60,0.08333333333333333,8.827205044300253e-05
1702,Cat_25,337828,125,55,0,0,0,55,0.0,8.825768167400745e-05
2898,Cat_24,337824,134,49,1,3170,0,49,0.02040816326530612,8.825663667262599e-05
2717,Cat_15,337820,125,48,0,0,0,48,0.0,8.825559167124452e-05
27,Cat_16,337780,133,53,7,13894,1,53,0.1320754716981132,8.824514165742992e-05
6843,Cat_10,337763,141,59,1,4740,1,59,0.01694915254237288,8.824070040155871e-05
2329,Cat_30,337714,133,52,2,9927,2,52,0.038461538461538464,8.822789913463581e-05
8407,Cat_10,337696,134,56,2,2852,0,56,0.03571428571428571,8.822319662841925e-05
1401,Cat_9,337692,139,52,2,9389,1,51,0.038461538461538464,8.822215162703779e-05
1960,Cat_26,337689,130,54,1,4352,0,54,0.018518518518518517,8.82213678760017e-05
7164,Cat_14,337663,150,56,3,7833,1,56,0.05357142857142857,8.82145753670222e-05
9830,Cat_5,337658,139,55,3,8022,0,55,0.05454545454545454,8.821326911529537e-05
2590,Cat_15,337641,134,57,3,7839,1,57,0.05263157894736842,8.820882785942417e-05
5458,Cat_15,337631,126,52,3,7786,0,52,0.057692307692307696,8.820621535597051e-05
7513,Cat_1,337606,134,56,4,11421,3,56,0.07142857142857142,8.819968409733638e-05
4691,Cat_7,337525,127,56,2,6497,1,56,0.03571428571428571,8.817852281936181e-05
4006,Cat_18,337524,131,53,3,7527,1,53,0.05660377358490566,8.817826156901644e-05
8455,Cat_10,337496,130,48,2,3409,0,48,0.041666666666666664,8.817094655934622e-05
5851,Cat_21,337479,136,55,3,9724,2,55,0.05454545454545454,8.816650530347502e-05
3482,Cat_27,337464,131,55,1,4732,1,55,0.01818181818181818,8.816258654829454e-05
4713,Cat_4,337457,122,49,1,3294,0,49,0.02040816326530612,8.816075779587699e-05
1049,Cat_17,337420,145,56,3,1688,0,56,0.05357142857142857,8.815109153309847e-05
540,Cat_8,337416,136,56,5,8831,1,56,0.08928571428571429,8.815004653171701e-05
6935,Cat_10,337416,141,61,1,2421,0,61,0.01639344262295082,8.815004653171701e-05
4939,Cat_16,337377,139,53,1,431,0,53,0.018867924528301886,8.813985776824778e-05
1586,Cat_17,337359,127,53,2,5112,1,53,0.03773584905660377,8.81351552620312e-05
2113,Cat_3,337356,133,62,5,11597,1,62,0.08064516129032258,8.813437151099511e-05
2428,Cat_1,337345,145,62,3,6630,1,62,0.04838709677419355,8.813149775719608e-05
9239,Cat_14,337341,128,52,4,9324,2,52,0.07692307692307693,8.813045275581464e-05
4568,Cat_9,337339,128,49,1,1343,0,49,0.02040816326530612,8.81299302551239e-05
9372,Cat_9,337299,154,68,4,12357,1,68,0.058823529411764705,8.81194802413093e-05
7676,Cat_8,337283,133,58,4,7227,1,58,0.06896551724137931,8.811530023578345e-05
6800,Cat_19,337271,131,52,3,7973,0,52,0.057692307692307696,8.811216523163907e-05
6963,Cat_17,337264,130,52,3,5553,1,52,0.057692307692307696,8.811033647922151e-05
4775,Cat_23,337255,143,57,2,2550,0,57,0.03508771929824561,8.810798522611323e-05
7953,Cat_30,337252,145,58,0,0,0,58,0.0,8.810720147507713e-05
1119,Cat_21,337241,136,57,1,72,0,57,0.017543859649122806,8.810432772127812e-05
2841,Cat_26,337191,132,63,5,12750,2,63,0.07936507936507936,8.809126520400986e-05
1205,Cat_24,337186,126,53,3,9598,2,52,0.05660377358490566,8.808995895228304e-05
2598,Cat_25,337180,131,55,5,11269,2,55,0.09090909090909091,8.808839145021084e-05
868,Cat_16,337129,135,61,1,570,0,61,0.01639344262295082,8.807506768259722e-05
2983,Cat_18,337122,141,61,5,12275,3,61,0.08196721311475409,8.807323893017967e-05
2055,Cat_13,337104,143,58,6,9541,1,58,0.10344827586206896,8.80685364239631e-05
8972,Cat_20,337020,142,55,4,7748,1,55,0.07272727272727272,8.804659139495242e-05
6377,Cat_11,336987,146,58,2,7176,1,58,0.034482758620689655,8.803797013355538e-05
6613,Cat_9,336965,135,51,4,13083,2,51,0.0784313725490196,8.803222262595734e-05
5316,Cat_6,336943,139,61,5,13271,2,61,0.08196721311475409,8.802647511835932e-05
8075,Cat_12,336938,139,56,5,14336,1,56,0.08928571428571429,8.802516886663248e-05
6353,Cat_27,336937,121,52,1,3046,1,52,0.019230769230769232,8.802490761628712e-05
4715,Cat_21,336908,129,51,5,15673,1,51,0.09803921568627451,8.801733135627153e-05
2306,Cat_2,336894,137,58,3,8636,0,58,0.05172413793103448,8.801367385143643e-05
5936,Cat_26,336874,137,54,2,6167,1,54,0.037037037037037035,8.800844884452912e-05
9325,Cat_22,336865,130,51,3,6604,1,51,0.058823529411764705,8.800609759142084e-05
6221,Cat_14,336848,144,57,0,0,0,57,0.0,8.800165633554963e-05
36,Cat_8,336828,127,48,2,5069,0,48,0.041666666666666664,8.799643132864232e-05
4930,Cat_8,336795,142,55,0,0,0,55,0.0,8.798781006724528e-05
986,Cat_7,336778,130,51,3,6291,1,51,0.058823529411764705,8.798336881137407e-05
1739,Cat_4,336749,137,56,2,6042,2,56,0.03571428571428571,8.797579255135848e-05
9154,Cat_8,336733,134,53,2,2034,0,53,0.03773584905660377,8.797161254583263e-05
7200,Cat_28,336680,136,53,3,6615,0,53,0.05660377358490566,8.795776627752829e-05
8371,Cat_12,336676,145,60,4,5354,1,60,0.06666666666666667,8.795672127614682e-05
6841,Cat_17,336652,111,51,5,9310,0,51,0.09803921568627451,8.795045126785807e-05
7038,Cat_28,336629,131,56,5,13599,1,56,0.08928571428571429,8.794444250991467e-05
1499,Cat_19,336620,136,55,3,5575,0,55,0.05454545454545454,8.794209125680638e-05
2918,Cat_10,336583,151,61,2,8526,0,61,0.03278688524590164,8.793242499402787e-05
4520,Cat_10,336568,149,62,2,4944,0,62,0.03225806451612903,8.79285062388474e-05
2766,Cat_26,336541,142,61,2,2766,0,61,0.03278688524590164,8.792145247952253e-05
496,Cat_6,336502,133,56,2,5227,0,56,0.03571428571428571,8.79112637160533e-05
5797,Cat_29,336497,139,59,4,11975,2,59,0.06779661016949153,8.790995746432647e-05
8728,Cat_26,336464,131,52,5,9147,2,52,0.09615384615384616,8.790133620292943e-05
1098,Cat_17,336448,140,56,6,11404,1,56,0.10714285714285714,8.789715619740358e-05
6434,Cat_16,336431,154,65,4,6747,1,65,0.06153846153846154,8.789271494153237e-05
6188,Cat_1,336430,141,53,3,7444,0,53,0.05660377358490566,8.7892453691187e-05
7055,Cat_6,336426,149,59,4,5423,0,59,0.06779661016949153,8.789140868980555e-05
9072,Cat_5,336419,150,58,5,11119,0,58,0.08620689655172414,8.788957993738799e-05
1559,Cat_26,336359,132,53,3,10825,0,53,0.05660377358490566,8.787390491666609e-05
4799,Cat_2,336337,129,56,2,7735,1,56,0.03571428571428571,8.786815740906805e-05
4108,Cat_13,336287,129,51,3,9828,2,51,0.058823529411764705,8.78550948917998e-05
5920,Cat_22,336228,145,64,3,2999,0,64,0.046875,8.783968112142326e-05
9847,Cat_21,336217,121,47,1,2520,0,47,0.02127659574468085,8.783680736762423e-05
3487,Cat_11,336197,140,55,2,5559,1,55,0.03636363636363636,8.783158236071693e-05
7435,Cat_8,336195,135,51,4,9213,1,51,0.0784313725490196,8.78310598600262e-05
8936,Cat_26,336184,136,62,1,500,1,62,0.016129032258064516,8.782818610622719e-05
8117,Cat_21,336178,115,46,2,4279,1,46,0.043478260869565216,8.7826618604155e-05
5040,Cat_22,336105,131,59,2,8622,2,59,0.03389830508474576,8.780754732894334e-05
9025,Cat_11,336081,151,60,1,300,0,60,0.016666666666666666,8.780127732065458e-05
5671,Cat_3,336071,132,55,2,8125,2,55,0.03636363636363636,8.779866481720093e-05
5767,Cat_14,336048,147,59,3,10193,0,59,0.05084745762711865,8.779265605925753e-05
4437,Cat_1,336028,136,54,3,5884,0,54,0.05555555555555555,8.778743105235023e-05
2784,Cat_19,336026,121,49,3,11165,1,49,0.061224489795918366,8.77869085516595e-05
3385,Cat_20,336011,132,52,3,9800,1,52,0.057692307692307696,8.778298979647903e-05
7208,Cat_12,336004,136,48,2,4312,0,48,0.041666666666666664,8.778116104406146e-05
2024,Cat_26,335984,128,53,2,6354,0,53,0.03773584905660377,8.777593603715416e-05
8900,Cat_14,335928,129,58,3,11887,2,58,0.05172413793103448,8.776130601781371e-05
3527,Cat_18,335923,140,60,2,7584,2,60,0.03333333333333333,8.775999976608689e-05
1491,Cat_5,335922,127,52,3,6651,0,52,0.057692307692307696,8.775973851574152e-05
1277,Cat_2,335895,133,57,0,0,0,57,0.0,8.775268475641667e-05
3093,Cat_11,335862,128,55,6,16286,1,55,0.10909090909090909,8.774406349501962e-05
2516,Cat_14,335833,136,55,2,6153,0,55,0.03636363636363636,8.773648723500403e-05
7160,Cat_7,335778,141,59,4,15798,2,59,0.06779661016949153,8.772211846600895e-05
5779,Cat_1,335765,136,48,3,4253,0,48,0.0625,8.77187222115192e-05
8076,Cat_23,335761,147,61,3,8900,0,61,0.04918032786885246,8.771767721013774e-05
4486,Cat_4,335756,138,61,2,882,0,61,0.03278688524590164,8.771637095841092e-05
1856,Cat_5,335708,138,54,2,9351,1,54,0.037037037037037035,8.770383094183339e-05
4465,Cat_20,335682,130,50,3,7614,0,50,0.06,8.76970384328539e-05
9481,Cat_21,335671,136,52,5,14510,3,52,0.09615384615384616,8.769416467905488e-05
2325,Cat_12,335665,143,55,2,1431,0,55,0.03636363636363636,8.76925971769827e-05
870,Cat_24,335662,132,56,2,6318,1,56,0.03571428571428571,8.769181342594659e-05
911,Cat_27,335661,142,56,4,11804,2,56,0.07142857142857142,8.769155217560123e-05
8809,Cat_23,335661,146,57,2,6982,1,57,0.03508771929824561,8.769155217560123e-05
6200,Cat_29,335659,121,51,3,6943,0,51,0.058823529411764705,8.76910296749105e-05
4543,Cat_19,335642,139,53,2,6506,0,53,0.03773584905660377,8.76865884190393e-05
635,Cat_27,335636,159,69,2,5061,0,69,0.028985507246376812,8.76850209169671e-05
3498,Cat_8,335627,143,54,3,9833,2,54,0.05555555555555555,8.768266966385882e-05
9735,Cat_7,335622,143,54,2,6718,1,54,0.037037037037037035,8.768136341213199e-05
5357,Cat_30,335618,138,55,4,12796,2,55,0.07272727272727272,8.768031841075053e-05
5951,Cat_9,335581,134,55,2,5144,0,55,0.03636363636363636,8.767065214797202e-05
1720,Cat_15,335529,109,45,6,10090,1,45,0.13333333333333333,8.765706713001303e-05
4562,Cat_27,335523,138,57,1,150,0,57,0.017543859649122806,8.765549962794084e-05
165,Cat_4,335506,140,56,1,2721,0,56,0.017857142857142856,8.765105837206963e-05
1462,Cat_30,335491,134,56,4,8149,0,56,0.07142857142857142,8.764713961688916e-05
2967,Cat_6,335486,135,56,4,12199,2,56,0.07142857142857142,8.764583336516234e-05
1666,Cat_2,335485,139,55,3,6138,0,55,0.05454545454545454,8.764557211481697e-05
8647,Cat_18,335467,136,55,2,2295,1,55,0.03636363636363636,8.76408696086004e-05
9548,Cat_6,335448,132,52,2,7706,1,52,0.038461538461538464,8.763590585203846e-05
5870,Cat_18,335447,145,55,1,2884,0,55,0.01818181818181818,8.763564460169309e-05
9583,Cat_24,335422,141,64,1,4647,0,64,0.015625,8.762911334305896e-05
1777,Cat_15,335415,140,58,4,6047,0,58,0.06896551724137931,8.762728459064141e-05
8836,Cat_7,335404,143,65,6,12430,2,65,0.09230769230769231,8.76244108368424e-05
1517,Cat_15,335397,133,60,3,7008,0,60,0.05,8.762258208442483e-05
6319,Cat_30,335390,121,45,1,4490,1,45,0.022222222222222223,8.762075333200728e-05
8438,Cat_1,335382,130,55,2,6415,0,55,0.03636363636363636,8.761866332924436e-05
3451,Cat_24,335354,136,56,2,8854,1,56,0.03571428571428571,8.761134831957414e-05
1920,Cat_30,335348,152,57,2,5228,2,57,0.03508771929824561,8.760978081750194e-05
3739,Cat_15,335338,135,50,2,3506,0,50,0.04,8.760716831404829e-05
4847,Cat_13,335323,117,46,4,12850,1,46,0.08695652173913043,8.760324955886781e-05
2128,Cat_20,335322,158,62,3,11144,1,62,0.04838709677419355,8.760298830852246e-05
4422,Cat_30,335321,142,61,7,18758,2,61,0.11475409836065574,8.760272705817708e-05
3922,Cat_4,335303,121,51,1,2982,0,51,0.0196078431372549,8.759802455196052e-05
5004,Cat_3,335297,134,55,2,8401,1,55,0.03636363636363636,8.759645704988833e-05
9322,Cat_18,335244,145,61,2,2738,0,61,0.03278688524590164,8.758261078158398e-05
8355,Cat_18,335238,126,47,4,9243,1,47,0.0851063829787234,8.758104327951178e-05
6610,Cat_18,335216,155,58,4,12296,1,58,0.06896551724137931,8.757529577191376e-05
4705,Cat_12,335208,131,56,1,6801,0,56,0.017857142857142856,8.757320576915083e-05
4033,Cat_5,335203,127,51,2,6801,1,51,0.0392156862745098,8.7571899517424e-05
3837,Cat_12,335176,145,57,3,1968,0,57,0.05263157894736842,8.756484575809915e-05
2525,Cat_7,335169,122,53,1,832,0,53,0.018867924528301886,8.756301700568159e-05
3643,Cat_5,335153,131,53,3,7834,0,53,0.05660377358490566,8.755883700015575e-05
3367,Cat_16,335136,138,59,1,1224,0,59,0.01694915254237288,8.755439574428455e-05
7688,Cat_16,335085,148,57,2,4964,0,57,0.03508771929824561,8.754107197667091e-05
9510,Cat_3,335082,129,52,0,0,0,52,0.0,8.754028822563483e-05
2028,Cat_29,335071,141,53,4,11991,2,53,0.07547169811320754,8.753741447183581e-05
2211,Cat_28,335057,136,54,5,15219,2,54,0.09259259259259259,8.75337569670007e-05
7547,Cat_9,335051,149,59,0,0,0,59,0.0,8.75321894649285e-05
4920,Cat_29,335051,133,55,3,9453,0,55,0.05454545454545454,8.75321894649285e-05
8188,Cat_18,335034,129,51,3,5539,2,51,0.058823529411764705,8.75277482090573e-05
4626,Cat_16,335025,125,49,0,0,0,49,0.0,8.752539695594901e-05
424,Cat_20,335010,158,61,5,14834,1,61,0.08196721311475409,8.752147820076854e-05
5481,Cat_3,335008,139,59,1,3505,1,59,0.01694915254237288,8.752095570007781e-05
4790,Cat_25,334993,164,62,4,11311,1,62,0.06451612903225806,8.751703694489733e-05
9831,Cat_12,334982,128,50,2,7653,0,50,0.04,8.751416319109832e-05
1410,Cat_27,334976,141,56,2,6975,2,56,0.03571428571428571,8.751259568902613e-05
2597,Cat_2,334973,129,56,1,276,0,56,0.017857142857142856,8.751181193799002e-05
1170,Cat_1,334888,141,55,4,9387,2,55,0.07272727272727272,8.748960565863399e-05
1500,Cat_18,334883,142,55,2,3480,0,55,0.03636363636363636,8.748829940690717e-05
4532,Cat_28,334853,143,55,1,2698,0,55,0.01818181818181818,8.748046189654621e-05
2765,Cat_29,334843,119,48,1,3840,1,48,0.020833333333333332,8.747784939309257e-05
5358,Cat_6,334830,120,54,3,7337,1,54,0.05555555555555555,8.747445313860282e-05
366,Cat_9,334821,152,59,1,624,0,59,0.01694915254237288,8.747210188549453e-05
7080,Cat_21,334820,135,58,1,1304,1,58,0.017241379310344827,8.747184063514917e-05
4299,Cat_28,334774,137,60,5,16040,2,60,0.08333333333333333,8.745982311926237e-05
1464,Cat_7,334736,144,56,3,11106,1,56,0.05357142857142857,8.74498956061385e-05
8217,Cat_2,334713,126,51,1,2508,1,51,0.0196078431372549,8.74438868481951e-05
3428,Cat_28,334693,131,52,1,57,0,52,0.019230769230769232,8.74386618412878e-05
8138,Cat_12,334665,156,59,4,10436,1,59,0.06779661016949153,8.743134683161757e-05
6279,Cat_9,334646,138,51,0,0,0,51,0.0,8.742638307505563e-05
4511,Cat_26,334641,126,57,3,3200,0,57,0.05263157894736842,8.742507682332881e-05
3721,Cat_18,334640,119,46,2,6022,1,46,0.043478260869565216,8.742481557298344e-05
9138,Cat_12,334639,147,54,5,17543,1,54,0.09259259259259259,8.742455432263808e-05
3118,Cat_12,334637,132,52,2,2991,0,52,0.038461538461538464,8.742403182194735e-05
6459,Cat_11,334633,140,57,4,12661,0,57,0.07017543859649122,8.742298682056589e-05
2313,Cat_13,334586,121,51,1,3645,0,51,0.0196078431372549,8.741070805433373e-05
8998,Cat_23,334539,132,57,5,16713,3,57,0.08771929824561403,8.739842928810156e-05
3331,Cat_20,334496,142,54,3,11518,1,54,0.05555555555555555,8.738719552325086e-05
8409,Cat_18,334443,129,50,3,11048,1,50,0.06,8.737334925494652e-05
2861,Cat_9,334406,142,54,2,4925,0,54,0.037037037037037035,8.7363682992168e-05
3986,Cat_17,334385,145,59,4,11766,1,59,0.06779661016949153,8.735819673491533e-05
4436,Cat_12,334382,126,51,3,6658,1,51,0.058823529411764705,8.735741298387924e-05
5811,Cat_9,334379,143,61,3,8043,2,61,0.04918032786885246,8.735662923284315e-05
4857,Cat_15,334372,133,56,2,9099,0,56,0.03571428571428571,8.735480048042559e-05
6506,Cat_11,334353,143,55,12,31580,3,55,0.21818181818181817,8.734983672386365e-05
3121,Cat_9,334352,126,52,0,0,0,52,0.0,8.734957547351829e-05
2884,Cat_25,334349,118,49,2,5951,0,49,0.04081632653061224,8.734879172248219e-05
7897,Cat_9,334317,152,63,2,1522,0,63,0.031746031746031744,8.734043171143051e-05
7909,Cat_20,334313,152,58,3,8904,2,58,0.05172413793103448,8.733938671004905e-05
500,Cat_2,334291,147,61,3,9214,2,61,0.04918032786885246,8.733363920245102e-05
5575,Cat_26,334280,121,53,3,6770,1,53,0.05660377358490566,8.7330765448652e-05
4403,Cat_22,334235,134,54,0,0,0,54,0.0,8.731900918311057e-05
8449,Cat_3,334217,134,54,2,3602,0,54,0.037037037037037035,8.7314306676894e-05
2862,Cat_1,334216,142,58,2,6260,0,58,0.034482758620689655,8.731404542654863e-05
6292,Cat_26,334213,125,50,4,10098,1,50,0.08,8.731326167551254e-05
7874,Cat_25,334181,139,56,5,12776,2,56,0.08928571428571429,8.730490166446086e-05
5175,Cat_21,334163,139,54,4,7941,1,54,0.07407407407407407,8.730019915824428e-05
2075,Cat_7,334156,140,60,5,15674,0,60,0.08333333333333333,8.729837040582673e-05
5293,Cat_26,334151,118,54,3,7208,1,54,0.05555555555555555,8.72970641540999e-05
7360,Cat_1,334145,150,62,6,10051,1,62,0.0967741935483871,8.729549665202771e-05
9309,Cat_6,334128,139,60,1,1214,0,60,0.016666666666666666,8.729105539615651e-05
7367,Cat_14,334074,136,52,2,5581,0,52,0.038461538461538464,8.727694787750679e-05
3585,Cat_11,334047,129,50,1,3512,0,50,0.02,8.726989411818193e-05
2744,Cat_2,334045,127,48,2,5707,1,48,0.041666666666666664,8.72693716174912e-05
6106,Cat_26,333973,132,49,1,2207,0,49,0.02040816326530612,8.725056159262491e-05
9343,Cat_11,333973,146,57,6,14631,1,57,0.10526315789473684,8.725056159262491e-05
5706,Cat_30,333904,131,61,2,4301,0,61,0.03278688524590164,8.723253531879471e-05
7692,Cat_19,333886,105,47,2,4833,0,47,0.0425531914893617,8.722783281257815e-05
8385,Cat_19,333880,130,52,6,6809,1,52,0.11538461538461539,8.722626531050595e-05
721,Cat_1,333864,127,52,4,9602,1,52,0.07692307692307693,8.72220853049801e-05
388,Cat_2,333813,137,55,1,1570,0,55,0.01818181818181818,8.720876153736649e-05
6735,Cat_23,333811,158,68,6,23768,2,68,0.08823529411764706,8.720823903667576e-05
219,Cat_16,333789,148,58,3,8069,0,58,0.05172413793103448,8.720249152907773e-05
8195,Cat_5,333778,128,53,2,6586,0,53,0.03773584905660377,8.719961777527872e-05
7234,Cat_24,333777,137,58,2,5677,0,58,0.034482758620689655,8.719935652493334e-05
1040,Cat_18,333749,140,61,2,2848,1,61,0.03278688524590164,8.719204151526313e-05
8613,Cat_21,333722,120,53,6,11489,3,53,0.11320754716981132,8.718498775593826e-05
9233,Cat_17,333705,145,58,6,9980,0,58,0.10344827586206896,8.718054650006706e-05
1223,Cat_27,333693,135,54,2,5850,1,54,0.037037037037037035,8.717741149592267e-05
2557,Cat_3,333686,122,52,1,2596,0,52,0.019230769230769232,8.717558274350512e-05
3139,Cat_15,333654,151,57,5,11403,1,57,0.08771929824561403,8.716722273245344e-05
6870,Cat_5,333634,145,61,3,7339,1,61,0.04918032786885246,8.716199772554613e-05
6867,Cat_4,333611,139,57,3,7577,1,57,0.05263157894736842,8.715598896760273e-05
3224,Cat_13,333602,137,52,4,10979,0,52,0.07692307692307693,8.715363771449445e-05
3234,Cat_23,333598,130,51,2,4814,0,51,0.0392156862745098,8.715259271311299e-05
2251,Cat_12,333508,153,56,2,7431,0,56,0.03571428571428571,8.712908018203012e-05
6623,Cat_12,333487,116,54,3,2461,0,54,0.05555555555555555,8.712359392477745e-05
8490,Cat_18,333464,133,48,6,24549,3,48,0.125,8.711758516683407e-05
5889,Cat_21,333428,131,52,0,0,0,52,0.0,8.710818015440091e-05
8632,Cat_23,333413,140,59,3,9231,0,59,0.05084745762711865,8.710426139922044e-05
8904,Cat_7,333385,138,60,8,20403,3,60,0.13333333333333333,8.709694638955022e-05
5537,Cat_15,333362,145,61,3,9451,1,61,0.04918032786885246,8.709093763160682e-05
9350,Cat_5,333350,145,57,1,301,0,57,0.017543859649122806,8.708780262746243e-05
5791,Cat_24,333343,120,47,2,5929,0,47,0.0425531914893617,8.708597387504488e-05
3962,Cat_29,333321,141,59,2,4328,0,59,0.03389830508474576,8.708022636744685e-05
3762,Cat_3,333303,141,58,4,11168,0,58,0.06896551724137931,8.707552386123028e-05
2990,Cat_27,333228,137,55,2,4773,1,55,0.03636363636363636,8.70559300853279e-05
1842,Cat_13,333213,158,68,2,6281,2,68,0.029411764705882353,8.705201133014742e-05
8833,Cat_22,333174,127,53,3,8068,0,53,0.05660377358490566,8.704182256667818e-05
9033,Cat_9,333169,134,52,1,391,0,52,0.019230769230769232,8.704051631495136e-05
5505,Cat_20,333165,133,56,4,8291,0,56,0.07142857142857142,8.70394713135699e-05
4834,Cat_28,333123,138,57,7,19254,4,57,0.12280701754385964,8.702849879906456e-05
5893,Cat_28,333123,134,57,6,13633,1,57,0.10526315789473684,8.702849879906456e-05
8404,Cat_15,333091,137,50,4,8517,1,50,0.08,8.702013878801288e-05
6247,Cat_15,333080,132,56,5,11245,3,56,0.08928571428571429,8.701726503421385e-05
6519,Cat_12,333071,141,56,2,5004,0,56,0.03571428571428571,8.701491378110557e-05
4143,Cat_26,333065,129,56,2,9337,1,56,0.03571428571428571,8.701334627903338e-05
5104,Cat_23,333039,133,52,5,15750,2,52,0.09615384615384616,8.700655377005389e-05
2192,Cat_5,333024,158,58,1,2012,1,58,0.017241379310344827,8.700263501487341e-05
7473,Cat_16,333006,122,52,5,14752,2,52,0.09615384615384616,8.699793250865683e-05
5394,Cat_2,332986,125,53,9,20608,5,53,0.16981132075471697,8.699270750174954e-05
7223,Cat_19,332825,135,53,0,0,0,53,0.0,8.695064619614575e-05
3313,Cat_12,332813,120,53,1,4116,0,53,0.018867924528301886,8.694751119200137e-05
6470,Cat_8,332810,133,55,4,9117,3,55,0.07272727272727272,8.694672744096527e-05
2500,Cat_29,332807,118,55,4,10726,1,55,0.07272727272727272,8.694594368992918e-05
6852,Cat_28,332774,128,54,2,4801,1,54,0.037037037037037035,8.693732242853213e-05
6352,Cat_14,332768,147,60,1,2293,0,60,0.016666666666666666,8.693575492645993e-05
5957,Cat_12,332765,127,50,2,6221,1,50,0.04,8.693497117542384e-05
7783,Cat_13,332675,146,56,2,5043,1,56,0.03571428571428571,8.691145864434098e-05
7945,Cat_13,332668,141,55,3,6633,0,55,0.05454545454545454,8.690962989192343e-05
3125,Cat_17,332663,139,60,2,2841,0,60,0.03333333333333333,8.690832364019661e-05
607,Cat_1,332656,131,53,4,10162,1,53,0.07547169811320754,8.690649488777904e-05
49,Cat_6,332654,125,58,1,1019,0,58,0.017241379310344827,8.690597238708831e-05
504,Cat_18,332647,148,61,0,0,0,61,0.0,8.690414363467076e-05
6164,Cat_9,332645,140,57,4,12312,1,57,0.07017543859649122,8.690362113398003e-05
6360,Cat_20,332613,152,58,0,0,0,58,0.0,8.689526112292835e-05
2217,Cat_5,332603,141,63,2,4797,1,63,0.031746031746031744,8.68926486194747e-05
6761,Cat_16,332599,145,63,4,17228,3,63,0.06349206349206349,8.689160361809323e-05
8669,Cat_8,332507,127,56,2,3827,1,56,0.03571428571428571,8.686756858631965e-05
1295,Cat_28,332502,131,57,1,1349,0,57,0.017543859649122806,8.686626233459282e-05
3252,Cat_29,332497,125,60,2,3912,1,60,0.03333333333333333,8.6864956082866e-05
6025,Cat_16,332497,136,58,1,2561,0,58,0.017241379310344827,8.6864956082866e-05
7001,Cat_21,332494,119,46,4,10691,0,46,0.08695652173913043,8.686417233182989e-05
1160,Cat_16,332493,132,53,3,10168,1,53,0.05660377358490566,8.686391108148453e-05
7018,Cat_30,332470,129,51,1,2041,0,51,0.0196078431372549,8.685790232354113e-05
3685,Cat_23,332458,145,57,1,656,0,57,0.017543859649122806,8.685476731939675e-05
302,Cat_4,332421,139,55,3,11553,0,55,0.05454545454545454,8.684510105661825e-05
4898,Cat_2,332407,142,64,3,5063,1,64,0.046875,8.684144355178313e-05
217,Cat_28,332403,124,55,1,4669,0,55,0.01818181818181818,8.684039855040167e-05
2761,Cat_23,332368,138,57,5,16604,2,57,0.08771929824561403,8.68312547883139e-05
839,Cat_9,332335,153,60,2,7718,1,60,0.03333333333333333,8.682263352691684e-05
2275,Cat_13,332329,134,51,4,4458,0,51,0.0784313725490196,8.682106602484465e-05
4100,Cat_24,332318,123,51,6,13429,1,51,0.11764705882352941,8.681819227104564e-05
6789,Cat_19,332261,130,54,3,9413,2,54,0.05555555555555555,8.680330100135983e-05
2571,Cat_8,332216,138,55,3,7831,1,55,0.05454545454545454,8.67915447358184e-05
8126,Cat_8,332211,133,57,5,16266,3,57,0.08771929824561403,8.679023848409157e-05
9413,Cat_10,332204,135,53,1,4194,1,53,0.018867924528301886,8.678840973167401e-05
5612,Cat_13,332199,160,67,4,11483,2,67,0.05970149253731343,8.67871034799472e-05
1623,Cat_10,332182,146,62,4,11370,1,62,0.06451612903225806,8.678266222407597e-05
7527,Cat_19,332151,123,53,2,8255,1,53,0.03773584905660377,8.677456346336966e-05
555,Cat_4,332150,136,56,5,17602,2,56,0.08928571428571429,8.677430221302429e-05
3080,Cat_27,332133,158,60,7,22913,5,60,0.11666666666666667,8.676986095715309e-05
4836,Cat_17,332050,148,63,5,13338,0,63,0.07936507936507936,8.674817717848779e-05
6161,Cat_18,332046,136,56,5,8027,2,56,0.08928571428571429,8.674713217710632e-05
5487,Cat_21,332008,137,56,5,17216,2,56,0.08928571428571429,8.673720466398245e-05
1579,Cat_17,331971,140,59,5,12824,2,59,0.0847457627118644,8.672753840120394e-05
8113,Cat_13,331967,144,65,4,5039,0,65,0.06153846153846154,8.672649339982247e-05
8320,Cat_8,331956,148,59,3,10244,1,59,0.05084745762711865,8.672361964602346e-05
7091,Cat_21,331923,149,55,4,5164,0,55,0.07272727272727272,8.671499838462642e-05
450,Cat_19,331923,121,47,3,11380,2,47,0.06382978723404255,8.671499838462642e-05
5120,Cat_4,331908,121,56,1,2247,0,56,0.017857142857142856,8.671107962944593e-05
4599,Cat_2,331904,133,57,4,8181,1,57,0.07017543859649122,8.671003462806448e-05
7570,Cat_7,331901,135,56,3,7883,0,56,0.05357142857142857,8.670925087702838e-05
1913,Cat_15,331894,126,49,3,9080,1,49,0.061224489795918366,8.670742212461083e-05
8678,Cat_28,331888,147,59,5,17110,1,59,0.0847457627118644,8.670585462253864e-05
9240,Cat_17,331883,131,51,1,772,0,51,0.0196078431372549,8.670454837081181e-05
1624,Cat_2,331867,143,57,1,1877,1,57,0.017543859649122806,8.670036836528597e-05
7230,Cat_17,331866,143,58,1,1710,0,58,0.017241379310344827,8.670010711494061e-05
9780,Cat_22,331853,145,54,2,3780,1,54,0.037037037037037035,8.669671086045085e-05
3279,Cat_7,331823,129,47,4,11312,1,47,0.0851063829787234,8.66888733500899e-05
6150,Cat_3,331817,136,62,5,9392,0,62,0.08064516129032258,8.668730584801771e-05
8747,Cat_16,331817,125,51,3,11574,1,51,0.058823529411764705,8.668730584801771e-05
3376,Cat_25,331806,143,58,2,10397,1,58,0.034482758620689655,8.66844320942187e-05
1504,Cat_28,331771,127,54,1,308,0,54,0.018518518518518517,8.667528833213092e-05
2196,Cat_1,331659,138,57,2,3092,0,57,0.03508771929824561,8.664602829345002e-05
3237,Cat_26,331649,138,59,2,8791,2,59,0.03389830508474576,8.664341578999638e-05
3431,Cat_1,331637,138,50,2,5775,0,50,0.04,8.664028078585199e-05
4545,Cat_22,331607,132,56,1,1999,1,56,0.017857142857142856,8.663244327549104e-05
9698,Cat_9,331605,140,58,7,20301,3,58,0.1206896551724138,8.663192077480031e-05
288,Cat_14,331582,115,46,1,1893,1,46,0.021739130434782608,8.662591201685691e-05
5758,Cat_9,331556,138,56,5,15353,2,56,0.08928571428571429,8.661911950787742e-05
4735,Cat_10,331492,130,60,3,8021,1,60,0.05,8.660239948577405e-05
4427,Cat_9,331489,152,64,2,622,0,64,0.03125,8.660161573473796e-05
8516,Cat_5,331468,144,59,2,4212,1,59,0.03389830508474576,8.659612947748529e-05
831,Cat_20,331453,145,55,2,4421,0,55,0.03636363636363636,8.659221072230481e-05
7374,Cat_19,331447,133,53,1,487,0,53,0.018867924528301886,8.659064322023262e-05
4154,Cat_12,331444,141,49,3,3305,0,49,0.061224489795918366,8.658985946919652e-05
1989,Cat_24,331426,127,56,2,1898,0,56,0.03571428571428571,8.658515696297995e-05
8690,Cat_16,331374,134,59,2,4827,1,59,0.03389830508474576,8.657157194502096e-05
3286,Cat_13,331369,146,58,2,2008,0,58,0.034482758620689655,8.657026569329414e-05
8342,Cat_11,331352,155,59,1,2961,0,59,0.01694915254237288,8.656582443742293e-05
7963,Cat_19,331344,138,52,0,0,0,52,0.0,8.656373443466001e-05
3599,Cat_4,331336,114,49,5,13407,1,49,0.10204081632653061,8.656164443189709e-05
8235,Cat_17,331318,142,52,2,6795,1,52,0.038461538461538464,8.655694192568052e-05
3169,Cat_6,331316,129,55,1,3409,0,55,0.01818181818181818,8.655641942498979e-05
4701,Cat_1,331307,132,53,5,14662,2,53,0.09433962264150944,8.65540681718815e-05
579,Cat_9,331305,136,52,6,16822,1,52,0.11538461538461539,8.655354567119076e-05
9316,Cat_9,331300,133,53,2,3181,0,53,0.03773584905660377,8.655223941946394e-05
1147,Cat_5,331238,137,54,2,4830,0,54,0.037037037037037035,8.653604189805131e-05
1313,Cat_4,331203,125,46,2,8246,0,46,0.043478260869565216,8.652689813596353e-05
8015,Cat_23,331197,135,59,6,11005,0,59,0.1016949152542373,8.652533063389133e-05
1633,Cat_5,331136,169,65,1,1021,0,65,0.015384615384615385,8.650939436282406e-05
8686,Cat_18,331095,149,61,3,10569,1,61,0.04918032786885246,8.64986830986641e-05
7419,Cat_30,331076,109,45,3,7507,1,45,0.06666666666666667,8.649371934210216e-05
4073,Cat_2,331060,144,59,4,11195,1,59,0.06779661016949153,8.648953933657631e-05
6607,Cat_24,331059,119,45,3,11563,1,45,0.06666666666666667,8.648927808623095e-05
2090,Cat_14,331042,130,47,2,2816,0,47,0.0425531914893617,8.648483683035975e-05
3087,Cat_10,331033,125,48,0,0,0,48,0.0,8.648248557725145e-05
9167,Cat_14,331024,150,58,7,20589,2,58,0.1206896551724138,8.648013432414317e-05
2377,Cat_10,331019,147,58,5,10399,0,58,0.08620689655172414,8.647882807241635e-05
4823,Cat_6,331009,124,53,2,4797,0,53,0.03773584905660377,8.64762155689627e-05
6482,Cat_29,330984,138,54,2,1862,0,54,0.037037037037037035,8.646968431032856e-05
3203,Cat_27,330976,130,62,4,7172,1,62,0.06451612903225806,8.646759430756564e-05
1376,Cat_20,330971,139,61,2,7972,2,61,0.03278688524590164,8.646628805583882e-05
3952,Cat_8,330838,140,56,1,464,0,56,0.017857142857142856,8.643154175990526e-05
7102,Cat_21,330821,139,58,2,9666,1,58,0.034482758620689655,8.642710050403405e-05
5801,Cat_17,330817,134,55,2,5083,0,55,0.03636363636363636,8.642605550265259e-05
8134,Cat_25,330813,135,55,2,2290,0,55,0.03636363636363636,8.642501050127113e-05
8828,Cat_25,330794,143,52,1,666,0,52,0.019230769230769232,8.64200467447092e-05
2254,Cat_4,330782,128,55,3,3603,0,55,0.05454545454545454,8.641691174056481e-05
7682,Cat_10,330778,139,55,4,9894,2,55,0.07272727272727272,8.641586673918336e-05
5824,Cat_6,330777,143,53,4,15927,3,53,0.07547169811320754,8.641560548883799e-05
3990,Cat_1,330718,142,56,2,6586,1,56,0.03571428571428571,8.640019171846145e-05
4409,Cat_26,330697,120,52,3,8685,0,52,0.057692307692307696,8.639470546120878e-05
2291,Cat_11,330693,135,56,3,9607,0,56,0.05357142857142857,8.639366045982732e-05
3817,Cat_15,330677,146,60,1,2895,0,60,0.016666666666666666,8.638948045430148e-05
5718,Cat_24,330666,139,57,1,605,0,57,0.017543859649122806,8.638660670050245e-05
3287,Cat_17,330651,134,57,2,2126,0,57,0.03508771929824561,8.638268794532198e-05
1954,Cat_26,330633,153,60,3,4892,0,60,0.05,8.637798543910541e-05
4600,Cat_18,330628,135,53,2,6789,0,53,0.03773584905660377,8.637667918737858e-05
9300,Cat_25,330627,126,53,3,10137,2,53,0.05660377358490566,8.637641793703322e-05
1562,Cat_14,330590,138,56,2,4682,1,56,0.03571428571428571,8.63667516742547e-05
7757,Cat_10,330551,128,51,3,4129,0,51,0.058823529411764705,8.635656291078547e-05
9214,Cat_6,330524,142,60,1,2414,0,60,0.016666666666666666,8.634950915146061e-05
1986,Cat_20,330485,137,51,1,1462,0,51,0.0196078431372549,8.633932038799138e-05
8401,Cat_18,330480,137,53,2,3624,1,53,0.03773584905660377,8.633801413626455e-05
1778,Cat_16,330448,118,49,5,18247,2,49,0.10204081632653061,8.632965412521286e-05
5896,Cat_29,330425,136,60,2,4349,0,60,0.03333333333333333,8.632364536726947e-05
1985,Cat_15,330407,125,50,3,12749,1,50,0.06,8.63189428610529e-05
613,Cat_29,330336,157,61,2,6874,0,61,0.03278688524590164,8.630039408653197e-05
4676,Cat_28,330329,116,47,2,2341,1,47,0.0425531914893617,8.629856533411442e-05
7702,Cat_30,330297,141,53,2,2412,0,53,0.03773584905660377,8.629020532306273e-05
7653,Cat_4,330286,125,52,1,3474,0,52,0.019230769230769232,8.628733156926371e-05
7919,Cat_23,330276,127,54,1,9603,1,54,0.018518518518518517,8.628471906581006e-05
9931,Cat_28,330263,128,51,5,12233,0,51,0.09803921568627451,8.628132281132031e-05
5573,Cat_9,330251,132,54,2,7701,1,54,0.037037037037037035,8.627818780717594e-05
630,Cat_16,330232,125,51,3,6941,1,51,0.058823529411764705,8.6273224050614e-05
4766,Cat_4,330214,124,44,3,3776,0,44,0.06818181818181818,8.626852154439743e-05
2456,Cat_16,330170,147,62,3,6526,0,62,0.04838709677419355,8.625702652920136e-05
7581,Cat_16,330162,150,70,1,3033,0,70,0.014285714285714285,8.625493652643844e-05
3774,Cat_2,330129,136,49,2,2080,0,49,0.04081632653061224,8.62463152650414e-05
8200,Cat_29,330117,127,54,0,0,0,54,0.0,8.624318026089701e-05
5138,Cat_29,330117,156,56,4,7064,2,56,0.07142857142857142,8.624318026089701e-05
1969,Cat_27,330097,152,60,4,12121,1,60,0.06666666666666667,8.62379552539897e-05
1287,Cat_18,330075,111,48,2,4162,0,48,0.041666666666666664,8.623220774639167e-05
5041,Cat_8,330067,139,58,5,13613,3,58,0.08620689655172414,8.623011774362875e-05
2706,Cat_7,330066,131,56,4,8887,0,56,0.07142857142857142,8.622985649328339e-05
2793,Cat_6,330061,140,59,5,16315,3,59,0.0847457627118644,8.622855024155656e-05
3301,Cat_7,330050,149,57,2,1310,0,57,0.03508771929824561,8.622567648775754e-05
2922,Cat_25,330049,130,52,3,14189,3,52,0.057692307692307696,8.622541523741219e-05
7093,Cat_3,330047,136,51,1,639,0,51,0.0196078431372549,8.622489273672145e-05
4825,Cat_29,330034,125,58,2,4757,0,58,0.034482758620689655,8.622149648223171e-05
8001,Cat_10,330016,140,57,3,10477,0,57,0.05263157894736842,8.621679397601513e-05
6035,Cat_2,329989,127,58,1,3160,1,58,0.017241379310344827,8.620974021669027e-05
6509,Cat_23,329986,126,53,4,14982,2,53,0.07547169811320754,8.620895646565418e-05
9259,Cat_10,329947,143,55,3,10754,2,55,0.05454545454545454,8.619876770218493e-05
3830,Cat_2,329928,143,60,1,1457,1,60,0.016666666666666666,8.6193803945623e-05
9403,Cat_30,329907,156,66,5,14687,2,66,0.07575757575757576,8.618831768837033e-05
9064,Cat_11,329839,145,58,2,9271,0,58,0.034482758620689655,8.61705526648855e-05
9892,Cat_8,329824,131,56,4,7854,3,56,0.07142857142857142,8.616663390970503e-05
2700,Cat_13,329823,130,58,2,7529,1,58,0.034482758620689655,8.616637265935967e-05
5321,Cat_27,329819,152,58,3,6933,1,58,0.05172413793103448,8.616532765797821e-05
2657,Cat_16,329796,152,56,4,9290,1,56,0.07142857142857142,8.615931890003481e-05
3397,Cat_21,329781,141,56,1,1790,0,56,0.017857142857142856,8.615540014485434e-05
3497,Cat_3,329760,148,52,1,4271,0,52,0.019230769230769232,8.614991388760167e-05
763,Cat_10,329756,149,62,6,12866,3,62,0.0967741935483871,8.61488688862202e-05
1783,Cat_10,329737,147,55,1,93,0,55,0.01818181818181818,8.614390512965827e-05
4643,Cat_28,329719,127,45,2,3849,1,45,0.044444444444444446,8.613920262344169e-05
1283,Cat_27,329701,151,65,6,17208,2,65,0.09230769230769231,8.613450011722512e-05
9571,Cat_3,329695,132,49,2,3653,0,49,0.04081632653061224,8.613293261515293e-05
5751,Cat_10,329695,136,57,6,20575,3,57,0.10526315789473684,8.613293261515293e-05
3717,Cat_21,329690,127,54,5,14151,2,54,0.09259259259259259,8.61316263634261e-05
3949,Cat_3,329684,149,58,3,5786,0,58,0.05172413793103448,8.613005886135392e-05
4620,Cat_13,329663,149,63,3,9094,0,63,0.047619047619047616,8.612457260410125e-05
4168,Cat_8,329624,149,58,3,11177,0,58,0.05172413793103448,8.6114383840632e-05
1786,Cat_14,329546,145,56,3,6632,0,56,0.05357142857142857,8.609400631369352e-05
8589,Cat_19,329517,138,50,6,14157,3,50,0.12,8.608643005367793e-05
5871,Cat_6,329468,149,63,3,8770,0,63,0.047619047619047616,8.607362878675505e-05
2846,Cat_6,329467,141,53,1,786,0,53,0.018867924528301886,8.607336753640969e-05
1262,Cat_11,329467,130,51,3,4311,0,51,0.058823529411764705,8.607336753640969e-05
3679,Cat_5,329449,135,57,2,5833,1,57,0.03508771929824561,8.606866503019311e-05
2736,Cat_10,329411,135,51,2,4914,1,51,0.0392156862745098,8.605873751706923e-05
7567,Cat_22,329302,126,53,2,7090,0,53,0.03773584905660377,8.603026122942443e-05
9339,Cat_16,329299,138,57,3,5110,2,57,0.05263157894736842,8.602947747838834e-05
5636,Cat_26,329298,135,54,3,9908,1,54,0.05555555555555555,8.602921622804297e-05
2599,Cat_10,329292,143,56,1,4886,1,56,0.017857142857142856,8.602764872597079e-05
9856,Cat_11,329285,136,57,6,8596,0,57,0.10526315789473684,8.602581997355323e-05
7982,Cat_15,329268,113,47,6,9886,1,47,0.1276595744680851,8.602137871768202e-05
7340,Cat_29,329261,137,53,1,2924,0,53,0.018867924528301886,8.601954996526447e-05
1769,Cat_19,329196,150,57,3,9052,2,57,0.05263157894736842,8.600256869281573e-05
2995,Cat_10,329187,153,61,0,0,0,61,0.0,8.600021743970745e-05
5423,Cat_17,329173,143,55,2,5691,1,55,0.03636363636363636,8.599655993487233e-05
5839,Cat_3,329143,143,58,0,0,0,58,0.0,8.598872242451138e-05
7962,Cat_14,329138,136,57,2,3503,1,57,0.03508771929824561,8.598741617278456e-05
8233,Cat_15,329134,131,54,5,13988,2,54,0.09259259259259259,8.59863711714031e-05
1942,Cat_9,329126,133,58,1,2058,0,58,0.017241379310344827,8.598428116864018e-05
6655,Cat_27,329106,137,54,3,5668,1,54,0.05555555555555555,8.597905616173287e-05
1441,Cat_2,329081,127,53,3,6701,2,53,0.05660377358490566,8.597252490309875e-05
7379,Cat_25,329046,142,59,4,15550,2,59,0.06779661016949153,8.596338114101097e-05
5605,Cat_24,328979,138,55,1,776,0,55,0.01818181818181818,8.59458773678715e-05
5860,Cat_1,328978,144,56,2,6248,1,56,0.03571428571428571,8.594561611752614e-05
816,Cat_3,328946,138,54,1,225,0,54,0.018518518518518517,8.593725610647446e-05
85,Cat_20,328939,136,59,1,623,0,59,0.01694915254237288,8.59354273540569e-05
6368,Cat_2,328922,140,59,2,8256,1,59,0.03389830508474576,8.593098609818569e-05
3026,Cat_6,328915,129,52,5,12211,1,52,0.09615384615384616,8.592915734576814e-05
5000,Cat_27,328914,140,56,0,0,0,56,0.0,8.592889609542277e-05
154,Cat_30,328907,143,56,5,8923,2,56,0.08928571428571429,8.592706734300522e-05
1896,Cat_22,328824,143,57,2,7669,1,57,0.03508771929824561,8.590538356433992e-05
34,Cat_24,328816,140,64,1,237,0,64,0.015625,8.590329356157699e-05
348,Cat_3,328807,134,62,1,3971,0,62,0.016129032258064516,8.590094230846871e-05
2639,Cat_7,328797,134,54,1,112,0,54,0.018518518518518517,8.589832980501505e-05
5331,Cat_12,328789,140,59,1,598,0,59,0.01694915254237288,8.589623980225213e-05
9476,Cat_18,328782,135,59,2,2888,1,59,0.03389830508474576,8.589441104983458e-05
9402,Cat_9,328773,123,55,5,10741,0,55,0.09090909090909091,8.589205979672628e-05
8273,Cat_29,328759,128,56,2,8420,2,56,0.03571428571428571,8.588840229189118e-05
3194,Cat_29,328746,126,54,2,7442,0,54,0.037037037037037035,8.588500603740144e-05
8363,Cat_19,328743,130,51,1,4558,1,51,0.0196078431372549,8.588422228636533e-05
9088,Cat_8,328739,138,64,2,7692,1,64,0.03125,8.588317728498387e-05
6883,Cat_5,328708,121,52,5,16505,1,52,0.09615384615384616,8.587507852427756e-05
7484,Cat_22,328633,133,56,3,9119,2,56,0.05357142857142857,8.585548474837517e-05
8493,Cat_26,328621,109,46,0,0,0,46,0.0,8.585234974423079e-05
1543,Cat_7,328609,128,49,1,4302,0,49,0.02040816326530612,8.584921474008641e-05
6117,Cat_27,328589,146,56,2,3759,1,56,0.03571428571428571,8.58439897331791e-05
7844,Cat_11,328571,125,48,3,7279,1,48,0.0625,8.583928722696254e-05
1795,Cat_1,328566,134,59,3,11901,1,59,0.05084745762711865,8.58379809752357e-05
9062,Cat_15,328521,136,58,4,12081,1,58,0.06896551724137931,8.582622470969428e-05
8284,Cat_26,328517,141,58,6,16965,1,58,0.10344827586206896,8.582517970831282e-05
7130,Cat_9,328516,134,53,0,0,0,53,0.0,8.582491845796746e-05
1884,Cat_13,328514,159,56,1,2675,0,56,0.017857142857142856,8.582439595727673e-05
8974,Cat_27,328511,138,62,6,19529,2,62,0.0967741935483871,8.582361220624063e-05
6282,Cat_30,328488,135,59,4,8188,0,59,0.06779661016949153,8.581760344829723e-05
9112,Cat_11,328481,146,58,1,766,0,58,0.017241379310344827,8.581577469587968e-05
2826,Cat_7,328426,143,56,4,13700,1,56,0.07142857142857142,8.58014059268846e-05
9401,Cat_19,328402,154,59,5,12824,3,59,0.0847457627118644,8.579513591859582e-05
5134,Cat_16,328314,139,61,4,10845,1,61,0.06557377049180328,8.57721458882037e-05
61,Cat_2,328313,137,54,0,0,0,54,0.0,8.577188463785833e-05
3549,Cat_23,328308,133,51,3,4381,1,51,0.058823529411764705,8.577057838613151e-05
4619,Cat_24,328303,123,56,3,7284,0,56,0.05357142857142857,8.576927213440469e-05
7263,Cat_8,328294,114,47,2,6196,1,47,0.0425531914893617,8.57669208812964e-05
5710,Cat_26,328244,137,55,3,7561,3,55,0.05454545454545454,8.575385836402815e-05
3450,Cat_25,328201,166,65,2,7563,0,65,0.03076923076923077,8.574262459917744e-05
3318,Cat_24,328194,131,53,2,4517,0,53,0.03773584905660377,8.574079584675989e-05
1253,Cat_12,328184,132,56,3,7374,1,56,0.05357142857142857,8.573818334330623e-05
6379,Cat_13,328172,143,64,3,3259,0,64,0.046875,8.573504833916185e-05
9492,Cat_14,328151,160,57,3,8746,0,57,0.05263157894736842,8.572956208190918e-05
3890,Cat_23,328123,130,51,3,9085,2,51,0.058823529411764705,8.572224707223896e-05
8362,Cat_19,328059,125,57,3,11081,0,57,0.05263157894736842,8.57055270501356e-05
672,Cat_17,328055,152,55,1,3412,0,55,0.01818181818181818,8.570448204875414e-05
5972,Cat_6,328052,141,61,3,5395,2,61,0.04918032786885246,8.570369829771803e-05
7295,Cat_8,327993,121,54,2,4999,1,54,0.037037037037037035,8.568828452734149e-05
3752,Cat_14,327987,129,49,3,7217,1,49,0.061224489795918366,8.568671702526931e-05
2318,Cat_4,327943,132,50,4,13964,1,50,0.08,8.567522201007324e-05
5525,Cat_7,327935,124,47,2,7947,1,47,0.0425531914893617,8.567313200731032e-05
1679,Cat_8,327923,127,57,4,8470,1,57,0.07017543859649122,8.566999700316593e-05
955,Cat_24,327897,128,49,3,9935,1,49,0.061224489795918366,8.566320449418645e-05
8392,Cat_22,327877,143,62,6,15347,1,62,0.0967741935483871,8.565797948727914e-05
1933,Cat_18,327854,123,49,1,2706,0,48,0.02040816326530612,8.565197072933575e-05
7565,Cat_28,327714,152,59,2,5644,1,59,0.03389830508474576,8.561539568098463e-05
7921,Cat_3,327704,133,58,2,5974,1,58,0.034482758620689655,8.561278317753097e-05
3437,Cat_28,327665,148,59,0,0,0,59,0.0,8.560259441406174e-05
2374,Cat_13,327662,142,56,4,9013,1,56,0.07142857142857142,8.560181066302564e-05
2751,Cat_7,327633,136,59,3,8319,2,59,0.05084745762711865,8.559423440301006e-05
8741,Cat_2,327566,128,50,0,0,0,50,0.0,8.557673062987059e-05
444,Cat_26,327531,123,51,0,0,0,51,0.0,8.556758686778281e-05
5861,Cat_27,327499,112,46,2,7097,1,46,0.043478260869565216,8.555922685673113e-05
987,Cat_10,327467,123,53,5,16850,1,53,0.09433962264150944,8.555086684567944e-05
1024,Cat_22,327430,114,51,2,5014,1,51,0.0392156862745098,8.554120058290093e-05
4441,Cat_28,327424,139,56,2,2986,0,56,0.03571428571428571,8.553963308082875e-05
2427,Cat_19,327407,139,56,6,16140,1,56,0.10714285714285714,8.553519182495754e-05
3561,Cat_1,327405,126,54,5,10411,3,54,0.09259259259259259,8.553466932426681e-05
4988,Cat_20,327362,125,52,6,13020,1,52,0.11538461538461539,8.55234355594161e-05
553,Cat_28,327360,127,53,3,8916,0,53,0.05660377358490566,8.552291305872537e-05
54,Cat_5,327357,138,55,2,7214,1,55,0.03636363636363636,8.552212930768928e-05
2999,Cat_16,327272,121,52,3,9783,2,52,0.057692307692307696,8.549992302833324e-05
4601,Cat_25,327258,143,59,4,4015,1,59,0.06779661016949153,8.549626552349814e-05
5624,Cat_10,327242,137,53,1,3787,1,53,0.018867924528301886,8.549208551797229e-05
1496,Cat_5,327237,130,48,1,2391,0,48,0.020833333333333332,8.549077926624547e-05
4761,Cat_13,327163,141,60,5,15061,1,60,0.08333333333333333,8.547144674068845e-05
7015,Cat_5,327150,139,53,2,9198,1,53,0.03773584905660377,8.54680504861987e-05
6397,Cat_3,327076,153,60,2,3654,0,60,0.03333333333333333,8.544871796064169e-05
8166,Cat_23,327069,119,47,3,9246,0,47,0.06382978723404255,8.544688920822412e-05
7804,Cat_14,327062,140,59,4,11807,1,59,0.06779661016949153,8.544506045580657e-05
3912,Cat_28,327026,131,53,2,6669,1,53,0.03773584905660377,8.543565544337343e-05
1152,Cat_5,326977,122,44,1,3863,0,44,0.022727272727272728,8.542285417645054e-05
713,Cat_24,326973,137,49,4,13075,2,49,0.08163265306122448,8.542180917506908e-05
6491,Cat_29,326957,126,58,5,13394,2,58,0.08620689655172414,8.541762916954323e-05
2986,Cat_8,326952,135,54,3,7998,1,54,0.05555555555555555,8.541632291781641e-05
8100,Cat_9,326936,149,60,5,15980,1,60,0.08333333333333333,8.541214291229056e-05
4884,Cat_12,326869,156,68,3,10260,1,68,0.04411764705882353,8.53946391391511e-05
4048,Cat_18,326850,129,54,1,3821,0,54,0.018518518518518517,8.538967538258916e-05
1787,Cat_22,326788,123,51,2,4773,0,51,0.0392156862745098,8.537347786117653e-05
3825,Cat_6,326766,148,58,7,18945,4,58,0.1206896551724138,8.536773035357849e-05
8327,Cat_23,326759,123,51,1,2551,1,51,0.0196078431372549,8.536590160116094e-05
3525,Cat_4,326740,134,57,2,3524,0,57,0.03508771929824561,8.5360937844599e-05
1068,Cat_4,326675,150,63,2,7260,0,63,0.031746031746031744,8.534395657215027e-05
48,Cat_1,326668,116,49,3,12692,1,49,0.061224489795918366,8.534212781973271e-05
6440,Cat_17,326650,133,56,6,19437,1,56,0.10714285714285714,8.533742531351614e-05
9840,Cat_4,326635,137,56,1,1630,0,56,0.017857142857142856,8.533350655833566e-05
7391,Cat_2,326622,135,55,4,13433,1,55,0.07272727272727272,8.533011030384592e-05
8595,Cat_28,326610,130,54,0,0,0,54,0.0,8.532697529970153e-05
5759,Cat_17,326610,133,55,3,4928,1,55,0.05454545454545454,8.532697529970153e-05
8050,Cat_28,326583,142,58,3,8241,1,58,0.05172413793103448,8.531992154037668e-05
8247,Cat_29,326577,133,54,1,3372,0,54,0.018518518518518517,8.531835403830449e-05
8680,Cat_5,326523,146,58,0,0,0,58,0.0,8.530424651965477e-05
5570,Cat_16,326497,129,55,6,16341,3,55,0.10909090909090909,8.529745401067528e-05
8990,Cat_8,326457,141,52,2,6480,2,52,0.038461538461538464,8.528700399686068e-05
6820,Cat_5,326445,141,59,0,0,0,59,0.0,8.528386899271629e-05
5926,Cat_29,326444,146,58,3,10843,1,58,0.05172413793103448,8.528360774237093e-05
130,Cat_14,326395,133,55,3,5240,1,55,0.05454545454545454,8.527080647544803e-05
3009,Cat_10,326377,144,61,3,8745,2,61,0.04918032786885246,8.526610396923146e-05
9245,Cat_28,326367,139,59,4,12490,2,59,0.06779661016949153,8.526349146577781e-05
9101,Cat_9,326359,123,51,2,5214,0,51,0.0392156862745098,8.526140146301489e-05
825,Cat_26,326351,134,54,3,10935,1,54,0.05555555555555555,8.525931146025198e-05
2713,Cat_7,326344,147,58,3,5985,0,58,0.05172413793103448,8.525748270783441e-05
3733,Cat_14,326340,135,53,3,11456,1,53,0.05660377358490566,8.525643770645295e-05
6500,Cat_4,326315,133,56,4,12720,1,56,0.07142857142857142,8.524990644781883e-05
7622,Cat_8,326307,134,55,2,4867,0,55,0.03636363636363636,8.524781644505591e-05
4275,Cat_16,326304,125,43,2,4336,1,43,0.046511627906976744,8.52470326940198e-05
3012,Cat_9,326272,142,57,6,7663,0,57,0.10526315789473684,8.523867268296812e-05
2660,Cat_14,326257,133,53,5,12657,0,53,0.09433962264150944,8.523475392778765e-05
509,Cat_17,326201,132,56,3,10030,0,56,0.05357142857142857,8.52201239084472e-05
3780,Cat_9,326187,141,62,0,0,0,62,0.0,8.52164664036121e-05
5968,Cat_10,326186,115,52,3,9272,0,52,0.057692307692307696,8.521620515326672e-05
2054,Cat_27,326175,141,56,4,14044,2,56,0.07142857142857142,8.521333139946771e-05
6499,Cat_21,326155,136,54,3,8857,0,54,0.05555555555555555,8.520810639256041e-05
1331,Cat_17,326155,106,44,1,2227,0,44,0.022727272727272728,8.520810639256041e-05
8629,Cat_16,326112,126,47,8,24157,2,47,0.1702127659574468,8.51968726277097e-05
6452,Cat_14,326091,140,59,4,14077,3,59,0.06779661016949153,8.519138637045704e-05
1924,Cat_13,326068,143,59,3,9040,0,59,0.05084745762711865,8.518537761251364e-05
2365,Cat_2,326061,157,62,6,22268,3,62,0.0967741935483871,8.518354886009609e-05
8121,Cat_17,326055,130,56,1,4582,0,56,0.017857142857142856,8.518198135802389e-05
5611,Cat_16,326053,127,59,3,5147,0,59,0.05084745762711865,8.518145885733316e-05
1025,Cat_2,326036,123,45,2,6117,0,45,0.044444444444444446,8.517701760146196e-05
202,Cat_3,326036,123,54,3,10380,2,54,0.05555555555555555,8.517701760146196e-05
7348,Cat_6,326032,143,57,3,5317,1,57,0.05263157894736842,8.51759726000805e-05
272,Cat_10,326032,131,52,3,7337,1,52,0.057692307692307696,8.51759726000805e-05
2244,Cat_11,325988,143,55,3,4536,0,55,0.05454545454545454,8.516447758488443e-05
19,Cat_8,325954,130,54,2,3869,1,54,0.037037037037037035,8.515559507314201e-05
2755,Cat_8,325954,122,46,2,5766,1,46,0.043478260869565216,8.515559507314201e-05
7097,Cat_25,325949,139,57,4,8123,0,57,0.07017543859649122,8.51542888214152e-05
8877,Cat_12,325927,144,56,1,4917,0,56,0.017857142857142856,8.514854131381717e-05
9463,Cat_30,325913,134,61,5,14088,1,61,0.08196721311475409,8.514488380898205e-05
2082,Cat_11,325911,128,52,6,16738,3,52,0.11538461538461539,8.514436130829132e-05
7787,Cat_30,325904,128,53,2,6079,0,53,0.03773584905660377,8.514253255587377e-05
757,Cat_13,325865,124,48,4,11469,1,48,0.08333333333333333,8.513234379240452e-05
5038,Cat_27,325847,146,56,5,10736,3,56,0.08928571428571429,8.512764128618796e-05
4348,Cat_11,325815,142,61,2,3725,0,61,0.03278688524590164,8.511928127513626e-05
4546,Cat_1,325804,127,55,5,7183,0,55,0.09090909090909091,8.511640752133725e-05
4340,Cat_4,325793,119,46,3,1249,0,46,0.06521739130434782,8.511353376753824e-05
2511,Cat_22,325764,135,56,3,3895,1,56,0.05357142857142857,8.510595750752264e-05
532,Cat_9,325698,136,58,3,5097,0,58,0.05172413793103448,8.508871498472855e-05
815,Cat_10,325697,135,55,0,0,0,55,0.0,8.508845373438318e-05
391,Cat_9,325658,153,68,2,4460,1,68,0.029411764705882353,8.507826497091394e-05
6608,Cat_16,325604,145,54,2,2230,0,54,0.037037037037037035,8.506415745226422e-05
3447,Cat_20,325596,146,60,1,1011,0,60,0.016666666666666666,8.50620674495013e-05
3306,Cat_22,325580,138,56,4,16593,1,56,0.07142857142857142,8.505788744397547e-05
8925,Cat_22,325557,129,50,2,7557,0,50,0.04,8.505187868603207e-05
1916,Cat_9,325550,141,51,4,10118,0,51,0.0784313725490196,8.505004993361452e-05
7728,Cat_28,325546,143,59,1,1673,0,59,0.01694915254237288,8.504900493223305e-05
3040,Cat_25,325534,128,55,3,10129,2,55,0.05454545454545454,8.504586992808867e-05
6031,Cat_3,325491,136,58,5,15948,3,58,0.08620689655172414,8.503463616323797e-05
1409,Cat_3,325407,143,53,1,1466,0,53,0.018867924528301886,8.50126911342273e-05
4090,Cat_29,325372,122,51,7,18702,1,51,0.13725490196078433,8.500354737213952e-05
2337,Cat_22,325364,141,63,7,19167,2,63,0.1111111111111111,8.500145736937659e-05
4235,Cat_11,325360,149,56,3,9437,2,56,0.05357142857142857,8.500041236799514e-05
4042,Cat_30,325333,139,57,1,4128,1,57,0.017543859649122806,8.499335860867028e-05
9201,Cat_19,325309,119,45,4,10704,1,45,0.08888888888888889,8.498708860038151e-05
5614,Cat_7,325297,122,52,4,9419,1,52,0.07692307692307693,8.498395359623714e-05
5687,Cat_14,325293,132,50,2,4622,0,50,0.04,8.498290859485568e-05
3440,Cat_23,325278,137,56,4,14173,1,56,0.07142857142857142,8.49789898396752e-05
8303,Cat_16,325278,131,52,2,5453,1,51,0.038461538461538464,8.49789898396752e-05
6589,Cat_24,325260,124,53,3,9937,1,53,0.05660377358490566,8.497428733345862e-05
1590,Cat_14,325220,123,54,1,2019,0,54,0.018518518518518517,8.496383731964402e-05
1166,Cat_23,325183,116,47,1,2523,0,47,0.02127659574468085,8.495417105686552e-05
8587,Cat_25,325168,125,50,2,1435,0,50,0.04,8.495025230168503e-05
8913,Cat_3,325144,131,49,6,13868,1,49,0.12244897959183673,8.494398229339627e-05
1495,Cat_28,325141,137,57,7,13683,3,57,0.12280701754385964,8.494319854236018e-05
2416,Cat_28,325101,136,58,3,5551,0,58,0.05172413793103448,8.493274852854558e-05
3226,Cat_5,325089,131,52,1,4275,0,52,0.019230769230769232,8.492961352440119e-05
2487,Cat_12,325054,135,51,4,8592,1,51,0.0784313725490196,8.49204697623134e-05
6718,Cat_16,325046,145,58,0,0,0,58,0.0,8.49183797595505e-05
1506,Cat_24,324949,128,51,1,1104,0,51,0.0196078431372549,8.489303847605008e-05
8944,Cat_13,324907,124,55,3,9180,1,55,0.05454545454545454,8.488206596154474e-05
4250,Cat_25,324897,112,43,4,13512,1,43,0.09302325581395349,8.487945345809109e-05
3132,Cat_4,324880,127,57,2,5269,0,57,0.03508771929824561,8.487501220221988e-05
9883,Cat_17,324875,129,51,3,10317,1,51,0.058823529411764705,8.487370595049306e-05
8412,Cat_9,324873,143,54,1,2127,1,54,0.018518518518518517,8.487318344980233e-05
4313,Cat_5,324859,127,54,1,1931,0,54,0.018518518518518517,8.486952594496721e-05
1141,Cat_10,324840,141,57,6,7288,2,57,0.10526315789473684,8.486456218840528e-05
4719,Cat_24,324806,125,51,5,10621,2,51,0.09803921568627451,8.485567967666287e-05
7469,Cat_24,324780,135,59,1,2026,0,59,0.01694915254237288,8.484888716768336e-05
423,Cat_22,324773,126,53,2,2685,0,53,0.03773584905660377,8.484705841526581e-05
5049,Cat_26,324762,156,64,4,9966,0,64,0.0625,8.48441846614668e-05
1686,Cat_12,324734,132,51,4,11091,2,51,0.0784313725490196,8.483686965179658e-05
1432,Cat_26,324729,154,60,4,7593,0,60,0.06666666666666667,8.483556340006974e-05
2612,Cat_20,324726,129,50,3,7156,0,50,0.06,8.483477964903365e-05
9187,Cat_8,324719,153,56,3,6402,0,56,0.05357142857142857,8.48329508966161e-05
8736,Cat_13,324718,127,55,3,12318,1,55,0.05454545454545454,8.483268964627073e-05
2606,Cat_8,324709,134,53,1,4725,0,53,0.018867924528301886,8.483033839316245e-05
8586,Cat_26,324688,136,58,4,7807,1,58,0.06896551724137931,8.482485213590978e-05
7539,Cat_13,324654,124,52,3,8969,1,52,0.057692307692307696,8.481596962416737e-05
2397,Cat_3,324654,122,46,2,4376,1,46,0.043478260869565216,8.481596962416737e-05
2074,Cat_21,324649,135,56,1,2218,0,56,0.017857142857142856,8.481466337244053e-05
5894,Cat_22,324598,156,64,1,3813,1,64,0.015625,8.480133960482692e-05
3238,Cat_22,324577,121,47,2,3628,0,47,0.0425531914893617,8.479585334757425e-05
8574,Cat_26,324574,133,53,1,137,0,53,0.018867924528301886,8.479506959653816e-05
2435,Cat_10,324524,140,64,3,9304,2,64,0.046875,8.47820070792699e-05
6475,Cat_30,324503,125,54,3,7852,1,54,0.05555555555555555,8.477652082201723e-05
3269,Cat_11,324478,112,47,1,4816,1,47,0.02127659574468085,8.47699895633831e-05
5360,Cat_6,324466,128,47,1,1918,0,47,0.02127659574468085,8.476685455923873e-05
842,Cat_22,324461,121,58,5,18802,4,58,0.08620689655172414,8.47655483075119e-05
1793,Cat_7,324417,114,48,1,4225,1,48,0.020833333333333332,8.475405329231583e-05
5799,Cat_3,324406,153,58,3,9873,0,58,0.05172413793103448,8.475117953851681e-05
2760,Cat_4,324312,121,43,3,14638,1,43,0.06976744186046512,8.472662200605249e-05
8237,Cat_23,324304,129,54,3,6417,0,54,0.05555555555555555,8.472453200328958e-05
2067,Cat_12,324280,125,49,3,6777,0,49,0.061224489795918366,8.47182619950008e-05
9395,Cat_5,324277,124,47,1,636,0,47,0.02127659574468085,8.471747824396472e-05
8003,Cat_30,324266,130,47,0,0,0,47,0.0,8.47146044901657e-05
5452,Cat_10,324248,127,55,0,0,0,55,0.0,8.470990198394912e-05
7674,Cat_24,324206,132,52,3,7442,0,52,0.057692307692307696,8.469892946944379e-05
6400,Cat_18,324188,129,54,3,4353,1,54,0.05555555555555555,8.469422696322722e-05
2989,Cat_23,324178,148,55,4,11799,1,55,0.07272727272727272,8.469161445977357e-05
529,Cat_24,324158,141,59,3,8620,0,59,0.05084745762711865,8.468638945286626e-05
6428,Cat_10,324155,119,51,3,3221,0,51,0.058823529411764705,8.468560570183017e-05
4084,Cat_9,324148,134,57,1,2551,1,57,0.017543859649122806,8.468377694941262e-05
5389,Cat_13,324112,125,50,4,10124,3,50,0.08,8.467437193697948e-05
8811,Cat_18,324051,148,60,2,6395,1,60,0.03333333333333333,8.46584356659122e-05
4028,Cat_3,323987,132,51,2,3288,1,51,0.0392156862745098,8.464171564380883e-05
966,Cat_13,323960,129,52,3,6284,1,52,0.057692307692307696,8.463466188448396e-05
5979,Cat_30,323905,145,52,0,0,0,52,0.0,8.462029311548888e-05
2187,Cat_16,323895,147,57,5,9813,0,57,0.08771929824561403,8.461768061203524e-05
9747,Cat_24,323882,120,49,1,4991,0,49,0.02040816326530612,8.461428435754549e-05
6948,Cat_17,323855,132,52,3,8352,0,52,0.057692307692307696,8.460723059822064e-05
2801,Cat_1,323851,113,51,1,600,1,51,0.0196078431372549,8.460618559683918e-05
9778,Cat_7,323832,113,50,0,0,0,50,0.0,8.460122184027724e-05
530,Cat_3,323827,132,61,4,12813,2,61,0.06557377049180328,8.45999155885504e-05
1925,Cat_12,323807,134,62,4,9847,1,62,0.06451612903225806,8.459469058164311e-05
166,Cat_18,323802,134,52,2,5760,0,52,0.038461538461538464,8.459338432991629e-05
2671,Cat_23,323779,124,48,0,0,0,48,0.0,8.458737557197289e-05
1784,Cat_14,323775,129,51,1,4833,1,51,0.0196078431372549,8.458633057059143e-05
9439,Cat_22,323733,128,50,3,3857,0,50,0.06,8.457535805608609e-05
8483,Cat_13,323705,135,61,3,7929,1,61,0.04918032786885246,8.456804304641587e-05
1236,Cat_27,323704,120,51,4,9754,2,51,0.0784313725490196,8.45677817960705e-05
1320,Cat_12,323686,120,46,5,15044,2,46,0.10869565217391304,8.456307928985394e-05
9007,Cat_10,323678,133,55,5,12135,1,55,0.09090909090909091,8.456098928709101e-05
5596,Cat_20,323646,126,53,2,2892,0,53,0.03773584905660377,8.455262927603933e-05
8307,Cat_19,323533,137,54,5,14474,3,54,0.09259259259259259,8.452310798701307e-05
4550,Cat_29,323497,129,54,2,5071,1,54,0.037037037037037035,8.451370297457992e-05
9265,Cat_9,323471,132,56,1,1961,0,56,0.017857142857142856,8.450691046560043e-05
9796,Cat_26,323471,129,52,5,12358,1,52,0.09615384615384616,8.450691046560043e-05
9912,Cat_8,323434,142,58,3,6930,1,58,0.05172413793103448,8.449724420282192e-05
7889,Cat_9,323408,133,52,3,7435,0,52,0.057692307692307696,8.449045169384243e-05
1415,Cat_27,323343,136,58,8,23265,1,58,0.13793103448275862,8.44734704213937e-05
2131,Cat_26,323342,137,56,0,0,0,56,0.0,8.447320917104832e-05
4106,Cat_23,323278,146,61,2,8138,0,61,0.03278688524590164,8.445648914894496e-05
799,Cat_23,323266,149,58,2,2911,2,58,0.034482758620689655,8.445335414480057e-05
8442,Cat_10,323237,122,52,3,5098,2,52,0.057692307692307696,8.4445777884785e-05
1001,Cat_13,323215,121,51,2,5201,0,51,0.0392156862745098,8.444003037718696e-05
898,Cat_5,323214,127,52,1,1496,0,51,0.019230769230769232,8.44397691268416e-05
5591,Cat_4,323204,117,48,0,0,0,48,0.0,8.443715662338794e-05
3754,Cat_21,323204,137,53,4,11449,1,53,0.07547169811320754,8.443715662338794e-05
1756,Cat_29,323202,127,57,5,4154,0,57,0.08771929824561403,8.443663412269721e-05
2741,Cat_29,323194,130,52,4,9722,2,52,0.07692307692307693,8.443454411993429e-05
9785,Cat_22,323187,152,57,3,10782,1,57,0.05263157894736842,8.443271536751674e-05
2798,Cat_7,323173,141,53,3,5212,0,53,0.05660377358490566,8.442905786268162e-05
7287,Cat_1,323164,129,55,2,1906,0,55,0.03636363636363636,8.442670660957334e-05
5179,Cat_22,323139,105,46,0,0,0,46,0.0,8.442017535093921e-05
2315,Cat_16,323026,126,52,3,11335,0,52,0.057692307692307696,8.439065406191294e-05
6745,Cat_19,323001,113,47,0,0,0,47,0.0,8.438412280327883e-05
401,Cat_13,322964,129,53,4,3839,0,53,0.07547169811320754,8.437445654050031e-05
7864,Cat_9,322939,115,47,5,7645,1,47,0.10638297872340426,8.436792528186618e-05
1682,Cat_18,322914,127,49,1,3078,0,49,0.02040816326530612,8.436139402323205e-05
141,Cat_1,322866,132,54,2,5401,1,54,0.037037037037037035,8.434885400665454e-05
5140,Cat_16,322861,127,57,3,9262,1,57,0.05263157894736842,8.43475477549277e-05
551,Cat_1,322857,135,55,4,7520,0,55,0.07272727272727272,8.434650275354624e-05
8398,Cat_19,322853,119,49,2,3102,0,49,0.04081632653061224,8.434545775216478e-05
5720,Cat_30,322824,124,53,2,5136,1,53,0.03773584905660377,8.43378814921492e-05
9109,Cat_22,322791,128,49,0,0,0,49,0.0,8.432926023075215e-05
7026,Cat_7,322777,136,58,6,16941,1,58,0.10344827586206896,8.432560272591703e-05
8255,Cat_29,322761,129,50,5,13861,1,50,0.1,8.43214227203912e-05
2179,Cat_18,322761,120,51,0,0,0,51,0.0,8.43214227203912e-05
7444,Cat_26,322745,119,51,1,2236,1,51,0.0196078431372549,8.431724271486535e-05
7837,Cat_9,322725,124,48,1,413,0,48,0.020833333333333332,8.431201770795805e-05
8026,Cat_6,322722,131,52,0,0,0,52,0.0,8.431123395692195e-05
6966,Cat_21,322690,137,54,2,5467,0,54,0.037037037037037035,8.430287394587027e-05
6505,Cat_16,322664,139,60,4,15966,2,60,0.06666666666666667,8.429608143689078e-05
1371,Cat_8,322650,141,61,4,10168,3,61,0.06557377049180328,8.429242393205566e-05
4273,Cat_21,322624,131,54,1,1402,0,54,0.018518518518518517,8.428563142307618e-05
6637,Cat_27,322621,124,53,3,6536,1,53,0.05660377358490566,8.428484767204007e-05
8070,Cat_17,322603,122,53,2,8565,0,53,0.03773584905660377,8.428014516582351e-05
1050,Cat_14,322602,114,45,3,6518,1,45,0.06666666666666667,8.427988391547814e-05
6987,Cat_10,322572,132,50,2,6289,1,50,0.04,8.427204640511718e-05
7950,Cat_17,322551,155,60,3,7513,0,60,0.05,8.426656014786452e-05
6077,Cat_27,322503,121,47,1,1418,0,47,0.02127659574468085,8.425402013128699e-05
8626,Cat_20,322471,126,52,5,13326,0,52,0.09615384615384616,8.42456601202353e-05
4913,Cat_19,322454,125,48,5,12263,3,48,0.10416666666666667,8.42412188643641e-05
3114,Cat_20,322422,128,55,2,8499,2,55,0.03636363636363636,8.423285885331242e-05
1811,Cat_28,322352,138,54,0,0,0,54,0.0,8.421457132913686e-05
3253,Cat_13,322345,126,50,3,10325,1,50,0.06,8.42127425767193e-05
6444,Cat_12,322339,127,52,2,2542,0,52,0.038461538461538464,8.421117507464712e-05
9470,Cat_15,322322,132,57,5,11042,1,57,0.08771929824561403,8.420673381877591e-05
3700,Cat_30,322303,128,54,3,4086,0,54,0.05555555555555555,8.420177006221398e-05
1704,Cat_19,322239,131,52,2,6866,0,52,0.038461538461538464,8.41850500401106e-05
7321,Cat_8,322239,145,58,2,5421,1,58,0.034482758620689655,8.41850500401106e-05
5033,Cat_10,322210,124,45,4,10369,0,45,0.08888888888888889,8.417747378009501e-05
5407,Cat_4,322171,122,50,3,3650,0,50,0.06,8.416728501662577e-05
8653,Cat_23,322156,137,59,2,3591,1,59,0.03389830508474576,8.41633662614453e-05
5347,Cat_19,322131,122,56,1,4965,0,56,0.017857142857142856,8.415683500281117e-05
5020,Cat_21,322098,125,50,5,7147,0,50,0.1,8.414821374141412e-05
7062,Cat_2,322083,126,54,5,13110,2,54,0.09259259259259259,8.414429498623364e-05
7526,Cat_25,322056,133,55,0,0,0,55,0.0,8.413724122690878e-05
8093,Cat_14,322044,130,53,3,8016,0,53,0.05660377358490566,8.413410622276441e-05
6531,Cat_20,322000,126,48,1,3132,0,48,0.020833333333333332,8.412261120756834e-05
1674,Cat_27,321977,136,54,3,8422,0,54,0.05555555555555555,8.411660244962494e-05
3461,Cat_25,321960,132,53,3,12209,1,53,0.05660377358490566,8.411216119375374e-05
2214,Cat_5,321912,137,54,3,6714,2,54,0.05555555555555555,8.409962117717621e-05
9803,Cat_26,321898,120,49,1,959,0,49,0.02040816326530612,8.409596367234109e-05
7652,Cat_30,321837,146,62,3,8784,1,62,0.04838709677419355,8.408002740127382e-05
7214,Cat_26,321824,126,53,3,10491,1,53,0.05660377358490566,8.407663114678407e-05
4745,Cat_9,321819,130,58,3,7345,1,58,0.05172413793103448,8.407532489505725e-05
6327,Cat_2,321779,127,50,0,0,0,50,0.0,8.406487488124265e-05
4789,Cat_24,321752,115,46,4,9139,1,46,0.08695652173913043,8.405782112191779e-05
6311,Cat_23,321740,116,50,5,15357,1,50,0.1,8.40546861177734e-05
7445,Cat_11,321739,127,55,5,14670,1,55,0.09090909090909091,8.405442486742804e-05
3186,Cat_28,321737,134,52,3,1683,0,52,0.057692307692307696,8.405390236673731e-05
5866,Cat_23,321734,133,57,1,141,0,57,0.017543859649122806,8.405311861570122e-05
4221,Cat_1,321704,132,50,1,1417,0,50,0.02,8.404528110534026e-05
9464,Cat_2,321657,113,48,3,9302,1,48,0.0625,8.40330023391081e-05
1750,Cat_28,321636,123,52,1,1239,0,52,0.019230769230769232,8.402751608185543e-05
8557,Cat_18,321634,126,53,3,8896,0,53,0.05660377358490566,8.40269935811647e-05
356,Cat_28,321622,134,57,5,10590,1,57,0.08771929824561403,8.402385857702032e-05
2018,Cat_21,321620,120,49,2,5620,1,49,0.04081632653061224,8.40233360763296e-05
518,Cat_8,321618,111,44,0,0,0,44,0.0,8.402281357563887e-05
2589,Cat_8,321604,127,52,4,11905,2,52,0.07692307692307693,8.401915607080375e-05
4081,Cat_2,321579,130,54,1,5484,0,54,0.018518518518518517,8.401262481216962e-05
9287,Cat_9,321570,140,57,3,4033,0,57,0.05263157894736842,8.401027355906134e-05
6753,Cat_18,321554,129,48,3,10269,2,48,0.0625,8.400609355353549e-05
3364,Cat_12,321476,135,54,3,5600,0,54,0.05555555555555555,8.398571602659701e-05
4281,Cat_1,321420,140,55,4,13290,0,55,0.07272727272727272,8.397108600725657e-05
1798,Cat_7,321379,131,53,2,7729,1,53,0.03773584905660377,8.39603747430966e-05
5825,Cat_4,321372,149,59,4,16790,0,59,0.06779661016949153,8.395854599067904e-05
5914,Cat_2,321362,121,47,1,1385,1,47,0.02127659574468085,8.395593348722539e-05
969,Cat_14,321355,117,50,1,1851,0,50,0.02,8.395410473480784e-05
6314,Cat_4,321353,150,57,4,8383,1,57,0.07017543859649122,8.395358223411711e-05
5277,Cat_15,321329,129,54,3,8355,1,54,0.05555555555555555,8.394731222582835e-05
3626,Cat_18,321326,140,60,6,8847,1,60,0.1,8.394652847479225e-05
3779,Cat_25,321317,126,49,3,10339,2,49,0.061224489795918366,8.394417722168396e-05
8304,Cat_27,321298,150,63,5,12148,1,63,0.07936507936507936,8.393921346512203e-05
7781,Cat_23,321280,150,57,1,3585,0,57,0.017543859649122806,8.393451095890545e-05
8993,Cat_21,321243,127,54,1,2716,0,54,0.018518518518518517,8.392484469612695e-05
23,Cat_19,321230,133,59,2,8314,0,59,0.03389830508474576,8.39214484416372e-05
5588,Cat_18,321225,131,52,6,13160,2,52,0.11538461538461539,8.392014218991037e-05
6085,Cat_29,321202,129,53,4,8173,0,53,0.07547169811320754,8.391413343196697e-05
5385,Cat_24,321164,130,54,2,5497,0,54,0.037037037037037035,8.39042059188431e-05
4408,Cat_10,321108,119,47,3,10213,1,47,0.06382978723404255,8.388957589950266e-05
7689,Cat_29,321090,124,52,1,3349,0,52,0.019230769230769232,8.388487339328608e-05
9153,Cat_25,321066,115,45,5,14290,0,45,0.1111111111111111,8.387860338499732e-05
6087,Cat_11,320993,132,53,3,6503,2,53,0.05660377358490566,8.385953210978566e-05
3152,Cat_24,320986,151,58,3,3959,0,58,0.05172413793103448,8.385770335736811e-05
2316,Cat_27,320978,133,49,1,1730,0,49,0.02040816326530612,8.385561335460519e-05
4574,Cat_22,320949,128,54,3,8577,0,54,0.05555555555555555,8.38480370945896e-05
4117,Cat_21,320916,146,58,1,1814,0,58,0.017241379310344827,8.383941583319255e-05
1707,Cat_26,320906,123,53,3,12543,0,53,0.05660377358490566,8.38368033297389e-05
6782,Cat_18,320878,139,51,4,9787,2,51,0.0784313725490196,8.382948832006868e-05
9911,Cat_22,320871,141,58,3,5142,0,58,0.05172413793103448,8.382765956765112e-05
2850,Cat_15,320866,128,51,2,7274,1,51,0.0392156862745098,8.38263533159243e-05
172,Cat_5,320824,142,55,4,2924,0,55,0.07272727272727272,8.381538080141896e-05
6952,Cat_15,320821,114,45,3,8853,0,45,0.06666666666666667,8.381459705038287e-05
4468,Cat_5,320802,131,59,1,2394,0,59,0.01694915254237288,8.380963329382093e-05
2171,Cat_19,320800,119,44,2,3040,0,44,0.045454545454545456,8.38091107931302e-05
6575,Cat_1,320771,114,48,2,5421,1,48,0.041666666666666664,8.380153453311461e-05
8450,Cat_18,320759,121,48,5,13368,0,48,0.10416666666666667,8.379839952897022e-05
8505,Cat_26,320745,136,51,5,12214,1,51,0.09803921568627451,8.379474202413512e-05
3002,Cat_6,320741,140,63,0,0,0,63,0.0,8.379369702275366e-05
2780,Cat_2,320719,150,58,3,10082,2,58,0.05172413793103448,8.378794951515562e-05
8162,Cat_30,320717,126,51,3,10317,2,51,0.058823529411764705,8.378742701446489e-05
918,Cat_7,320680,133,54,4,10304,1,54,0.07407407407407407,8.377776075168639e-05
7915,Cat_5,320649,123,50,6,19880,2,50,0.12,8.376966199098006e-05
320,Cat_5,320587,129,54,2,8089,0,54,0.037037037037037035,8.375346446956743e-05
3900,Cat_20,320558,145,56,1,2857,1,56,0.017857142857142856,8.374588820955184e-05
5522,Cat_6,320529,138,54,2,4190,0,54,0.037037037037037035,8.373831194953625e-05
7030,Cat_4,320470,135,57,2,7892,0,57,0.03508771929824561,8.37228981791597e-05
4333,Cat_2,320462,122,50,3,10132,2,50,0.06,8.372080817639678e-05
3528,Cat_20,320432,133,57,4,8567,1,57,0.07017543859649122,8.371297066603583e-05
9727,Cat_6,320426,120,49,1,2556,0,49,0.02040816326530612,8.371140316396364e-05
5123,Cat_15,320401,120,49,2,5152,0,49,0.04081632653061224,8.370487190532951e-05
4330,Cat_15,320380,143,59,2,5236,1,59,0.03389830508474576,8.369938564807684e-05
1510,Cat_26,320351,138,63,5,11193,3,63,0.07936507936507936,8.369180938806126e-05
1420,Cat_21,320331,130,55,0,0,0,55,0.0,8.368658438115395e-05
5164,Cat_21,320285,149,64,1,551,0,64,0.015625,8.367456686526715e-05
1914,Cat_17,320177,136,56,6,19554,3,56,0.10714285714285714,8.364635182796772e-05
959,Cat_18,320177,136,54,2,3893,0,54,0.037037037037037035,8.364635182796772e-05
6165,Cat_13,320145,110,43,2,5276,1,43,0.046511627906976744,8.363799181691604e-05
8722,Cat_10,320140,134,50,3,8010,2,50,0.06,8.363668556518922e-05
4310,Cat_17,320122,124,49,2,4900,0,49,0.04081632653061224,8.363198305897264e-05
4502,Cat_28,320120,130,49,2,7820,1,49,0.04081632653061224,8.363146055828191e-05
2633,Cat_27,320093,128,52,2,4409,0,52,0.038461538461538464,8.362440679895705e-05
2603,Cat_14,319954,120,45,1,711,0,45,0.022222222222222223,8.35880930009513e-05
6438,Cat_6,319940,125,53,2,7222,1,53,0.03773584905660377,8.35844354961162e-05
3501,Cat_8,319938,135,63,6,7849,3,63,0.09523809523809523,8.358391299542547e-05
8921,Cat_23,319934,133,52,3,6413,0,52,0.057692307692307696,8.3582867994044e-05
5349,Cat_13,319930,118,50,3,7241,2,50,0.06,8.358182299266254e-05
6018,Cat_24,319901,142,60,4,13582,2,60,0.06666666666666667,8.357424673264695e-05
280,Cat_11,319859,114,50,2,5871,0,50,0.04,8.356327421814161e-05
3761,Cat_26,319849,119,49,1,1901,0,49,0.02040816326530612,8.356066171468796e-05
6171,Cat_24,319715,117,52,0,0,0,52,0.0,8.352565416840904e-05
1900,Cat_8,319690,120,46,2,5321,1,46,0.043478260869565216,8.351912290977491e-05
3860,Cat_8,319688,143,56,1,5310,0,56,0.017857142857142856,8.351860040908418e-05
7869,Cat_9,319657,142,59,3,6556,0,59,0.05084745762711865,8.351050164837786e-05
5906,Cat_30,319654,123,52,2,4899,0,52,0.038461538461538464,8.350971789734177e-05
5247,Cat_11,319581,105,45,0,0,0,45,0.0,8.349064662213011e-05
7829,Cat_22,319507,132,56,4,7304,1,56,0.07142857142857142,8.347131409657309e-05
2880,Cat_30,319476,137,53,1,2713,0,53,0.018867924528301886,8.346321533586678e-05
1200,Cat_2,319465,128,50,6,20375,0,50,0.12,8.346034158206776e-05
9438,Cat_16,319456,135,55,4,8141,0,55,0.07272727272727272,8.345799032895947e-05
3998,Cat_22,319450,126,56,3,7528,0,56,0.05357142857142857,8.345642282688728e-05
2372,Cat_3,319364,116,49,3,4871,1,49,0.061224489795918366,8.343395529718588e-05
8317,Cat_20,319315,122,51,4,7820,1,51,0.0784313725490196,8.342115403026299e-05
702,Cat_17,319307,130,52,3,5695,1,52,0.057692307692307696,8.341906402750007e-05
8448,Cat_10,319260,133,51,4,4379,2,51,0.0784313725490196,8.340678526126791e-05
4686,Cat_15,319145,130,51,3,6625,1,51,0.058823529411764705,8.337674147155093e-05
9788,Cat_25,319088,123,54,2,4689,1,54,0.037037037037037035,8.336185020186512e-05
7467,Cat_4,319088,137,51,1,4116,1,51,0.0196078431372549,8.336185020186512e-05
7331,Cat_17,319081,121,46,1,139,0,46,0.021739130434782608,8.336002144944755e-05
2186,Cat_21,319080,140,55,2,6460,0,55,0.03636363636363636,8.33597601991022e-05
6478,Cat_25,319050,142,54,3,7612,1,54,0.05555555555555555,8.335192268874124e-05
2398,Cat_11,319046,136,54,1,3859,0,54,0.018518518518518517,8.335087768735978e-05
6446,Cat_21,319046,128,53,3,5840,1,53,0.05660377358490566,8.335087768735978e-05
2314,Cat_23,319003,143,59,2,7517,0,59,0.03389830508474576,8.333964392250907e-05
385,Cat_21,318971,136,57,2,9377,2,57,0.03508771929824561,8.333128391145739e-05
8005,Cat_22,318964,125,57,1,2888,1,57,0.017543859649122806,8.332945515903984e-05
1061,Cat_5,318957,125,53,1,3854,1,53,0.018867924528301886,8.332762640662228e-05
2522,Cat_24,318948,143,58,3,7574,1,58,0.05172413793103448,8.332527515351399e-05
1319,Cat_3,318946,118,46,0,0,0,46,0.0,8.332475265282326e-05
8388,Cat_15,318941,151,62,3,7931,1,62,0.04838709677419355,8.332344640109644e-05
1144,Cat_2,318912,130,58,4,10963,3,58,0.06896551724137931,8.331587014108085e-05
7235,Cat_2,318868,135,57,4,7896,1,57,0.07017543859649122,8.330437512588478e-05
2086,Cat_15,318866,131,57,6,11449,1,57,0.10526315789473684,8.330385262519405e-05
2332,Cat_4,318841,126,52,0,0,0,52,0.0,8.329732136655992e-05
3266,Cat_12,318826,136,53,0,0,0,53,0.0,8.329340261137945e-05
7345,Cat_11,318815,124,50,1,1047,0,50,0.02,8.329052885758043e-05
3898,Cat_6,318768,129,53,0,0,0,53,0.0,8.327825009134828e-05
9822,Cat_10,318739,143,53,3,7159,0,53,0.05660377358490566,8.327067383133269e-05
3964,Cat_6,318733,121,48,2,4204,0,48,0.041666666666666664,8.326910632926049e-05
8851,Cat_10,318725,125,50,1,4875,0,50,0.02,8.326701632649757e-05
7173,Cat_13,318683,141,57,3,8724,1,57,0.05263157894736842,8.325604381199223e-05
2625,Cat_20,318664,130,52,4,8671,1,52,0.07692307692307693,8.32510800554303e-05
829,Cat_30,318660,123,45,2,4595,1,45,0.044444444444444446,8.325003505404885e-05
7891,Cat_14,318638,139,50,4,11834,1,50,0.08,8.32442875464508e-05
6222,Cat_7,318502,111,45,2,7241,0,45,0.044444444444444446,8.320875749948116e-05
4743,Cat_1,318458,120,53,1,4613,0,53,0.018867924528301886,8.319726248428509e-05
2088,Cat_28,318432,144,59,1,1140,0,59,0.01694915254237288,8.319046997530559e-05
7397,Cat_5,318354,134,58,4,4840,1,58,0.06896551724137931,8.317009244836711e-05
722,Cat_14,318287,141,56,3,6605,0,56,0.05357142857142857,8.315258867522766e-05
1816,Cat_5,318270,126,50,1,644,0,50,0.02,8.314814741935645e-05
4634,Cat_6,318259,140,58,1,4557,0,58,0.017241379310344827,8.314527366555742e-05
5549,Cat_10,318249,133,54,2,2602,0,54,0.037037037037037035,8.314266116210378e-05
8488,Cat_27,318240,131,51,2,5061,0,51,0.0392156862745098,8.314030990899549e-05
3718,Cat_10,318226,129,52,4,13179,1,52,0.07692307692307693,8.313665240416038e-05
8105,Cat_23,318205,112,47,3,6941,0,47,0.06382978723404255,8.313116614690772e-05
89,Cat_3,318195,139,56,5,9118,1,56,0.08928571428571429,8.312855364345406e-05
464,Cat_28,318189,138,50,2,3487,0,50,0.04,8.312698614138187e-05
3179,Cat_29,318158,132,55,2,7123,0,55,0.03636363636363636,8.311888738067555e-05
4230,Cat_16,318153,130,50,3,2264,0,50,0.06,8.311758112894872e-05
9937,Cat_11,318147,130,56,4,10776,2,56,0.07142857142857142,8.311601362687653e-05
9149,Cat_5,318110,119,47,7,22504,1,47,0.14893617021276595,8.310634736409803e-05
7405,Cat_6,318081,129,56,2,3837,0,56,0.03571428571428571,8.309877110408244e-05
6201,Cat_3,318066,140,55,3,6368,1,55,0.05454545454545454,8.309485234890196e-05
5059,Cat_3,318011,119,49,5,12852,0,49,0.10204081632653061,8.308048357990688e-05
7704,Cat_25,318002,141,59,2,2279,0,59,0.03389830508474576,8.307813232679859e-05
453,Cat_26,317991,148,61,4,6635,1,61,0.06557377049180328,8.307525857299957e-05
5904,Cat_14,317942,132,49,4,10562,2,49,0.08163265306122448,8.306245730607669e-05
3153,Cat_20,317898,135,55,1,4176,0,55,0.01818181818181818,8.305096229088062e-05
1390,Cat_1,317882,143,56,3,1080,0,56,0.05357142857142857,8.304678228535477e-05
8577,Cat_27,317865,137,58,3,12037,1,58,0.05172413793103448,8.304234102948357e-05
8471,Cat_24,317820,120,52,3,9974,1,52,0.057692307692307696,8.303058476394214e-05
1751,Cat_3,317737,133,54,5,13910,0,54,0.09259259259259259,8.300890098527684e-05
4530,Cat_18,317657,124,53,2,7683,0,53,0.03773584905660377,8.298800095764763e-05
68,Cat_1,317656,146,60,4,14266,3,60,0.06666666666666667,8.298773970730226e-05
4798,Cat_19,317653,145,62,2,5998,0,62,0.03225806451612903,8.298695595626617e-05
9866,Cat_10,317631,116,46,3,8342,1,46,0.06521739130434782,8.298120844866813e-05
8501,Cat_11,317500,130,57,2,7303,1,57,0.03508771929824561,8.29469846534253e-05
1455,Cat_13,317481,123,50,3,11386,1,50,0.06,8.294202089686336e-05
3590,Cat_16,317455,126,48,0,0,0,48,0.0,8.293522838788387e-05
8376,Cat_10,317388,117,47,1,2655,0,47,0.02127659574468085,8.291772461474441e-05
5414,Cat_2,317335,138,50,0,0,0,50,0.0,8.290387834644006e-05
6953,Cat_21,317330,127,53,5,13458,2,53,0.09433962264150944,8.290257209471324e-05
8359,Cat_25,317326,116,46,2,8868,1,46,0.043478260869565216,8.290152709333177e-05
6067,Cat_12,317294,119,49,2,7528,0,49,0.04081632653061224,8.28931670822801e-05
9176,Cat_14,317278,134,51,2,7626,0,51,0.0392156862745098,8.288898707675425e-05
2013,Cat_2,317275,130,50,1,1677,0,50,0.02,8.288820332571816e-05
5096,Cat_3,317245,133,52,4,10977,1,52,0.07692307692307693,8.288036581535719e-05
7430,Cat_12,317237,127,55,6,14215,3,55,0.10909090909090909,8.287827581259428e-05
1004,Cat_22,317201,134,51,2,5358,1,51,0.0392156862745098,8.286887080016113e-05
3945,Cat_29,317197,131,49,2,5955,0,49,0.04081632653061224,8.286782579877968e-05
205,Cat_2,317166,136,54,5,11548,2,54,0.09259259259259259,8.285972703807335e-05
7107,Cat_24,317152,141,58,3,5639,0,58,0.05172413793103448,8.285606953323824e-05
1023,Cat_8,317136,111,47,3,7923,2,47,0.06382978723404255,8.28518895277124e-05
4284,Cat_9,317134,131,52,2,1918,0,52,0.038461538461538464,8.285136702702167e-05
6510,Cat_17,317117,129,53,0,0,0,53,0.0,8.284692577115047e-05
5618,Cat_13,317091,118,48,2,7946,1,48,0.041666666666666664,8.284013326217096e-05
8149,Cat_6,317066,139,55,1,4124,0,55,0.01818181818181818,8.283360200353683e-05
3971,Cat_18,317032,133,53,2,8477,2,53,0.03773584905660377,8.282471949179442e-05
9202,Cat_12,317004,137,54,1,2779,0,54,0.018518518518518517,8.28174044821242e-05
8724,Cat_23,316886,126,49,1,71,0,49,0.02040816326530612,8.278657694137112e-05
9951,Cat_5,316880,134,51,0,0,0,51,0.0,8.278500943929893e-05
9314,Cat_24,316860,114,45,3,10897,0,45,0.06666666666666667,8.277978443239163e-05
9356,Cat_30,316847,130,54,2,3867,0,54,0.037037037037037035,8.277638817790189e-05
6527,Cat_2,316822,153,66,3,11153,3,66,0.045454545454545456,8.276985691926776e-05
4246,Cat_29,316791,120,54,3,10774,0,54,0.05555555555555555,8.276175815856143e-05
7602,Cat_11,316736,146,58,3,7626,0,58,0.05172413793103448,8.274738938956635e-05
333,Cat_8,316705,119,53,4,12863,2,53,0.07547169811320754,8.273929062886003e-05
3533,Cat_29,316692,120,51,3,5551,1,51,0.058823529411764705,8.273589437437029e-05
3511,Cat_9,316686,123,53,6,17632,2,53,0.11320754716981132,8.273432687229809e-05
7881,Cat_29,316656,113,45,2,4774,1,45,0.044444444444444446,8.272648936193714e-05
8291,Cat_23,316643,139,60,4,8866,0,60,0.06666666666666667,8.27230931074474e-05
9040,Cat_3,316631,115,51,3,6552,0,51,0.058823529411764705,8.271995810330301e-05
891,Cat_12,316623,136,52,5,15137,3,52,0.09615384615384616,8.271786810054009e-05
4608,Cat_17,316598,143,53,2,5406,1,53,0.03773584905660377,8.271133684190596e-05
4134,Cat_6,316582,146,56,3,13052,0,56,0.05357142857142857,8.270715683638013e-05
850,Cat_13,316492,136,53,1,3163,0,53,0.018867924528301886,8.268364430529726e-05
5809,Cat_5,316385,128,50,3,7192,1,50,0.06,8.265569051834319e-05
2873,Cat_15,316370,136,60,2,6879,1,60,0.03333333333333333,8.265177176316271e-05
9371,Cat_19,316356,122,49,1,3374,0,49,0.02040816326530612,8.264811425832761e-05
2118,Cat_27,316341,118,50,1,2239,0,50,0.02,8.264419550314714e-05
9516,Cat_29,316317,123,52,4,9910,0,52,0.07692307692307693,8.263792549485836e-05
8901,Cat_2,316295,135,57,1,1346,1,57,0.017543859649122806,8.263217798726034e-05
2349,Cat_10,316249,122,50,1,3943,0,50,0.02,8.262016047137354e-05
6712,Cat_10,316237,135,54,4,11394,2,54,0.07407407407407407,8.261702546722915e-05
3928,Cat_13,316215,135,50,2,4871,0,50,0.04,8.261127795963113e-05
692,Cat_13,316215,131,52,5,12462,0,52,0.09615384615384616,8.261127795963113e-05
2139,Cat_14,316210,119,49,2,4763,0,49,0.04081632653061224,8.26099717079043e-05
3104,Cat_4,316209,145,54,5,13574,2,54,0.09259259259259259,8.260971045755893e-05
4030,Cat_16,316209,143,58,6,20355,2,58,0.10344827586206896,8.260971045755893e-05
818,Cat_30,316208,128,51,2,8182,2,51,0.0392156862745098,8.260944920721356e-05
1680,Cat_16,316200,132,61,3,7389,1,61,0.04918032786885246,8.260735920445065e-05
2355,Cat_5,316159,126,55,4,11416,1,55,0.07272727272727272,8.259664794029067e-05
3483,Cat_25,316149,115,50,3,7708,0,50,0.06,8.259403543683702e-05
367,Cat_17,316147,132,51,3,1217,0,51,0.058823529411764705,8.25935129361463e-05
7189,Cat_23,316142,128,59,4,12927,1,59,0.06779661016949153,8.259220668441947e-05
1523,Cat_15,316074,140,63,0,0,0,63,0.0,8.257444166093464e-05
8827,Cat_11,316003,130,53,4,14091,1,53,0.07547169811320754,8.255589288641372e-05
4077,Cat_16,316003,115,50,0,0,0,50,0.0,8.255589288641372e-05
1153,Cat_4,316002,127,51,3,9420,1,51,0.058823529411764705,8.255563163606836e-05
9979,Cat_6,315984,140,55,4,11217,0,55,0.07272727272727272,8.255092912985178e-05
6022,Cat_8,315970,129,52,2,5869,0,52,0.038461538461538464,8.254727162501668e-05
9581,Cat_2,315870,152,63,3,11132,2,63,0.047619047619047616,8.252114659048016e-05
104,Cat_9,315841,129,53,3,7038,0,53,0.05660377358490566,8.251357033046456e-05
6187,Cat_16,315826,129,47,4,7919,0,47,0.0851063829787234,8.250965157528409e-05
2269,Cat_12,315804,134,54,3,4743,1,54,0.05555555555555555,8.250390406768606e-05
6341,Cat_11,315698,140,59,6,15692,2,59,0.1016949152542373,8.247621153107736e-05
7135,Cat_24,315683,117,49,3,7256,1,49,0.061224489795918366,8.247229277589688e-05
1558,Cat_28,315683,136,51,2,6746,2,51,0.0392156862745098,8.247229277589688e-05
9044,Cat_7,315620,126,54,5,7505,0,54,0.09259259259259259,8.245583400413888e-05
5435,Cat_25,315613,142,58,2,4605,0,58,0.034482758620689655,8.245400525172132e-05
482,Cat_30,315578,135,49,1,1138,1,49,0.02040816326530612,8.244486148963355e-05
3352,Cat_28,315550,134,53,5,9590,2,53,0.09433962264150944,8.243754647996332e-05
6224,Cat_15,315540,131,58,6,12489,2,58,0.10344827586206896,8.243493397650967e-05
7681,Cat_8,315527,120,50,2,6174,0,50,0.04,8.243153772201992e-05
1556,Cat_21,315523,116,50,2,5385,1,50,0.04,8.243049272063847e-05
5879,Cat_28,315506,137,59,2,5041,0,59,0.03389830508474576,8.242605146476725e-05
8896,Cat_9,315476,136,56,4,9716,1,56,0.07142857142857142,8.24182139544063e-05
5401,Cat_7,315469,144,56,2,3486,0,56,0.03571428571428571,8.241638520198875e-05
1183,Cat_14,315453,160,66,7,14512,1,66,0.10606060606060606,8.24122051964629e-05
3668,Cat_3,315444,140,54,3,8236,1,54,0.05555555555555555,8.240985394335462e-05
2069,Cat_9,315420,124,53,1,4316,0,53,0.018867924528301886,8.240358393506586e-05
4323,Cat_4,315369,129,54,3,3983,2,54,0.05555555555555555,8.239026016745223e-05
7388,Cat_1,315350,130,53,3,8589,0,53,0.05660377358490566,8.238529641089029e-05
139,Cat_30,315346,128,55,3,7527,2,55,0.05454545454545454,8.238425140950884e-05
1238,Cat_19,315293,143,59,1,714,0,59,0.01694915254237288,8.237040514120448e-05
8784,Cat_2,315271,123,48,0,0,0,48,0.0,8.236465763360645e-05
5616,Cat_2,315243,107,42,3,9962,1,42,0.07142857142857142,8.235734262393623e-05
4392,Cat_16,315236,134,55,2,4791,0,55,0.03636363636363636,8.235551387151867e-05
4702,Cat_15,315226,132,54,5,15073,1,54,0.09259259259259259,8.235290136806503e-05
3221,Cat_29,315202,152,64,2,1545,0,64,0.03125,8.234663135977626e-05
3663,Cat_23,315192,110,46,3,9201,0,46,0.06521739130434782,8.234401885632261e-05
3100,Cat_5,315143,122,48,3,7517,1,48,0.0625,8.233121758939971e-05
6191,Cat_12,315092,144,60,5,15134,2,60,0.08333333333333333,8.23178938217861e-05
3766,Cat_11,315087,132,53,3,11667,1,52,0.05660377358490566,8.231658757005927e-05
1555,Cat_7,315081,130,52,3,9605,0,52,0.057692307692307696,8.231502006798708e-05
6356,Cat_12,314997,116,47,2,1317,0,47,0.0425531914893617,8.229307503897641e-05
977,Cat_23,314970,111,44,1,1394,0,44,0.022727272727272728,8.228602127965155e-05
1233,Cat_21,314955,128,56,1,1186,0,56,0.017857142857142856,8.228210252447107e-05
4932,Cat_24,314955,138,60,1,2297,0,60,0.016666666666666666,8.228210252447107e-05
2070,Cat_29,314951,120,47,2,5496,0,47,0.0425531914893617,8.228105752308961e-05
208,Cat_9,314949,130,54,2,6237,1,54,0.037037037037037035,8.228053502239888e-05
2924,Cat_14,314889,122,49,4,12158,3,49,0.08163265306122448,8.226486000167698e-05
5665,Cat_28,314881,132,54,4,6913,0,54,0.07407407407407407,8.226276999891406e-05
6663,Cat_30,314873,117,50,2,7014,0,50,0.04,8.226067999615113e-05
2252,Cat_14,314838,125,50,3,10085,2,50,0.06,8.225153623406336e-05
5133,Cat_17,314834,117,49,2,6915,0,49,0.04081632653061224,8.22504912326819e-05
9584,Cat_18,314657,135,54,4,9608,2,54,0.07407407407407407,8.220424992155227e-05
9752,Cat_6,314637,144,62,3,6089,1,62,0.04838709677419355,8.219902491464496e-05
1541,Cat_3,314633,132,52,1,3969,0,52,0.019230769230769232,8.21979799132635e-05
9482,Cat_6,314472,143,53,2,5857,1,53,0.03773584905660377,8.215591860765972e-05
7063,Cat_25,314443,116,53,3,7852,2,53,0.05660377358490566,8.214834234764413e-05
2485,Cat_5,314398,125,52,1,857,1,52,0.019230769230769232,8.21365860821027e-05
9622,Cat_17,314394,138,57,4,6328,1,57,0.07017543859649122,8.213554108072124e-05
8333,Cat_7,314371,114,46,1,832,0,46,0.021739130434782608,8.212953232277784e-05
9580,Cat_30,314329,112,46,4,10180,0,46,0.08695652173913043,8.211855980827251e-05
2596,Cat_6,314303,138,57,1,3689,1,57,0.017543859649122806,8.211176729929302e-05
5745,Cat_25,314287,124,53,1,4345,0,53,0.018867924528301886,8.210758729376717e-05
3245,Cat_19,314270,151,56,6,11152,2,56,0.10714285714285714,8.210314603789597e-05
9985,Cat_19,314265,132,50,3,8595,2,50,0.06,8.210183978616914e-05
340,Cat_9,314256,121,51,1,1108,0,51,0.0196078431372549,8.209948853306086e-05
7925,Cat_2,314212,129,61,3,4850,1,61,0.04918032786885246,8.20879935178648e-05
9836,Cat_4,314205,152,64,3,9344,0,64,0.046875,8.208616476544723e-05
8137,Cat_30,314205,115,48,2,11541,2,48,0.041666666666666664,8.208616476544723e-05
3982,Cat_30,314194,127,53,3,7563,0,53,0.05660377358490566,8.208329101164822e-05
8253,Cat_18,314141,132,59,0,0,0,59,0.0,8.206944474334387e-05
5769,Cat_12,314127,116,50,3,10580,1,50,0.06,8.206578723850875e-05
9672,Cat_23,314098,143,62,4,9020,3,62,0.06451612903225806,8.205821097849317e-05
3816,Cat_1,314095,144,54,2,2468,0,54,0.037037037037037035,8.205742722745707e-05
7956,Cat_30,314021,114,52,1,3726,1,52,0.019230769230769232,8.203809470190005e-05
8102,Cat_23,314002,130,51,0,0,0,51,0.0,8.203313094533811e-05
7810,Cat_7,313963,135,57,2,354,0,57,0.03508771929824561,8.202294218186888e-05
3402,Cat_9,313962,126,48,1,3241,0,48,0.020833333333333332,8.202268093152351e-05
5213,Cat_30,313933,138,53,1,4773,1,53,0.018867924528301886,8.201510467150792e-05
5897,Cat_19,313930,101,43,0,0,0,43,0.0,8.201432092047183e-05
814,Cat_3,313854,118,54,1,3100,1,54,0.018518518518518517,8.199446589422408e-05
9530,Cat_9,313829,132,53,2,13432,2,53,0.03773584905660377,8.198793463558995e-05
8263,Cat_6,313820,125,54,2,2954,1,54,0.037037037037037035,8.198558338248167e-05
9871,Cat_1,313735,131,58,4,12357,1,58,0.06896551724137931,8.196337710312562e-05
70,Cat_8,313731,129,52,6,18763,1,52,0.11538461538461539,8.196233210174418e-05
1380,Cat_28,313676,126,51,4,14855,1,51,0.0784313725490196,8.194796333274908e-05
5783,Cat_2,313672,134,57,1,4151,0,57,0.017543859649122806,8.194691833136763e-05
3044,Cat_7,313659,127,53,0,0,0,53,0.0,8.194352207687788e-05
4540,Cat_25,313640,130,59,3,11798,1,59,0.05084745762711865,8.193855832031594e-05
7749,Cat_16,313638,123,54,11,28324,2,54,0.2037037037037037,8.193803581962521e-05
6000,Cat_18,313556,120,48,1,1557,0,48,0.020833333333333332,8.191661329130528e-05
788,Cat_6,313549,119,47,4,8222,1,47,0.0851063829787234,8.191478453888771e-05
5230,Cat_1,313411,147,57,0,0,0,57,0.0,8.187873199122733e-05
2830,Cat_27,313396,140,52,3,10155,2,52,0.057692307692307696,8.187481323604686e-05
198,Cat_4,313348,112,45,5,7475,2,45,0.1111111111111111,8.186227321946933e-05
8768,Cat_28,313340,147,64,4,7363,0,64,0.0625,8.18601832167064e-05
8538,Cat_24,313231,146,60,5,15919,3,60,0.08333333333333333,8.18317069290616e-05
8778,Cat_12,313214,132,56,2,3287,0,56,0.03571428571428571,8.18272656731904e-05
9595,Cat_8,313209,136,56,6,12937,1,56,0.10714285714285714,8.182595942146358e-05
7606,Cat_24,313179,130,53,1,2741,0,53,0.018867924528301886,8.181812191110263e-05
3867,Cat_13,313098,122,50,3,7954,0,50,0.06,8.179696063312804e-05
3405,Cat_30,313076,114,48,2,3169,0,48,0.041666666666666664,8.179121312553002e-05
9905,Cat_10,313056,123,50,1,1453,1,50,0.02,8.178598811862271e-05
7640,Cat_11,313051,132,53,2,3545,1,53,0.03773584905660377,8.178468186689589e-05
5282,Cat_6,313016,119,53,4,6498,0,53,0.07547169811320754,8.17755381048081e-05
4925,Cat_17,312997,147,62,2,8569,1,62,0.03225806451612903,8.177057434824617e-05
1833,Cat_5,312983,138,59,6,14968,3,59,0.1016949152542373,8.176691684341106e-05
3653,Cat_25,312978,130,49,1,1837,0,49,0.02040816326530612,8.176561059168423e-05
299,Cat_15,312951,128,50,1,2642,0,50,0.02,8.175855683235938e-05
2613,Cat_14,312949,126,53,2,1005,0,53,0.03773584905660377,8.175803433166865e-05
1009,Cat_9,312931,125,53,2,4123,0,53,0.03773584905660377,8.175333182545207e-05
6413,Cat_16,312927,128,47,1,4599,0,47,0.02127659574468085,8.175228682407061e-05
1075,Cat_16,312885,139,57,5,8379,0,57,0.08771929824561403,8.174131430956527e-05
5822,Cat_14,312867,120,49,1,4120,0,49,0.02040816326530612,8.173661180334871e-05
6169,Cat_18,312865,119,52,2,2685,0,52,0.038461538461538464,8.173608930265798e-05
4216,Cat_21,312859,143,64,4,11907,2,64,0.0625,8.173452180058579e-05
108,Cat_25,312856,114,49,2,5299,1,49,0.04081632653061224,8.173373804954968e-05
6308,Cat_20,312852,144,51,1,2446,1,51,0.0196078431372549,8.173269304816823e-05
6027,Cat_11,312829,130,52,4,8018,1,51,0.07692307692307693,8.172668429022484e-05
2430,Cat_20,312798,123,57,3,6008,1,57,0.05263157894736842,8.171858552951851e-05
6265,Cat_14,312731,137,53,3,3994,0,53,0.05660377358490566,8.170108175637905e-05
5709,Cat_7,312722,139,54,1,2221,0,54,0.018518518518518517,8.169873050327076e-05
1082,Cat_12,312718,115,46,3,4079,0,46,0.06521739130434782,8.16976855018893e-05
9596,Cat_18,312717,132,51,4,10101,1,51,0.0784313725490196,8.169742425154394e-05
2096,Cat_18,312701,138,60,3,8801,2,60,0.05,8.16932442460181e-05
5122,Cat_9,312695,141,62,4,15444,2,62,0.06451612903225806,8.16916767439459e-05
4426,Cat_27,312691,142,58,3,4769,1,58,0.05172413793103448,8.169063174256444e-05
9178,Cat_20,312649,126,50,3,6606,1,50,0.06,8.16796592280591e-05
7351,Cat_17,312642,116,51,4,4970,0,51,0.0784313725490196,8.167783047564155e-05
8651,Cat_20,312640,133,58,2,2934,0,58,0.034482758620689655,8.167730797495082e-05
4433,Cat_29,312603,143,57,4,7536,0,57,0.07017543859649122,8.166764171217231e-05
1719,Cat_20,312585,136,57,5,18964,2,57,0.08771929824561403,8.166293920595574e-05
654,Cat_3,312569,121,48,2,5441,1,48,0.041666666666666664,8.16587592004299e-05
6285,Cat_18,312564,126,47,2,8002,0,47,0.0425531914893617,8.165745294870308e-05
6280,Cat_13,312530,123,50,3,7544,1,50,0.06,8.164857043696066e-05
8029,Cat_19,312493,142,59,5,13377,1,59,0.0847457627118644,8.163890417418215e-05
1883,Cat_22,312414,125,54,2,5066,0,54,0.037037037037037035,8.161826539689831e-05
1810,Cat_19,312406,144,58,2,8986,0,58,0.034482758620689655,8.161617539413539e-05
1084,Cat_19,312376,131,60,1,3994,1,60,0.016666666666666666,8.160833788377444e-05
8995,Cat_22,312373,118,55,2,8483,0,55,0.03636363636363636,8.160755413273833e-05
9249,Cat_16,312348,121,52,3,7990,2,52,0.057692307692307696,8.160102287410422e-05
1530,Cat_8,312345,131,51,2,8902,1,51,0.0392156862745098,8.160023912306811e-05
797,Cat_5,312322,136,54,2,3655,0,54,0.037037037037037035,8.159423036512471e-05
1382,Cat_20,312308,124,54,1,1383,0,54,0.018518518518518517,8.159057286028961e-05
14,Cat_10,312300,125,50,1,621,0,50,0.02,8.158848285752669e-05
603,Cat_5,312263,117,49,2,6106,1,49,0.04081632653061224,8.157881659474817e-05
7187,Cat_14,312263,153,60,6,12948,1,60,0.1,8.157881659474817e-05
3795,Cat_9,312145,137,57,5,16331,2,57,0.08771929824561403,8.154798905399509e-05
2215,Cat_19,312135,123,42,2,3150,1,42,0.047619047619047616,8.154537655054143e-05
567,Cat_22,312118,128,52,2,2254,0,52,0.038461538461538464,8.154093529467023e-05
1544,Cat_8,312089,137,62,3,9157,2,62,0.04838709677419355,8.153335903465465e-05
8337,Cat_11,312081,118,52,3,8711,3,52,0.057692307692307696,8.153126903189172e-05
2601,Cat_10,312049,153,65,2,5656,1,65,0.03076923076923077,8.152290902084004e-05
489,Cat_19,312046,145,60,2,2331,0,60,0.03333333333333333,8.152212526980394e-05
8214,Cat_13,312034,127,50,1,1386,0,50,0.02,8.151899026565957e-05
4496,Cat_25,312032,134,54,3,10609,1,54,0.05555555555555555,8.151846776496884e-05
1174,Cat_28,312028,131,61,1,3397,0,61,0.01639344262295082,8.151742276358737e-05
6045,Cat_8,311981,155,64,3,4566,0,64,0.046875,8.15051439973552e-05
1526,Cat_17,311973,122,48,2,9359,1,48,0.041666666666666664,8.15030539945923e-05
1356,Cat_27,311966,130,56,2,9939,1,56,0.03571428571428571,8.150122524217473e-05
7297,Cat_1,311958,140,63,5,14293,1,63,0.07936507936507936,8.149913523941182e-05
8324,Cat_19,311915,126,49,1,67,0,49,0.02040816326530612,8.148790147456111e-05
4674,Cat_1,311882,132,58,2,7528,2,58,0.034482758620689655,8.147928021316406e-05
9873,Cat_9,311855,131,55,5,12391,3,55,0.09090909090909091,8.147222645383921e-05
5817,Cat_29,311842,127,53,1,3164,1,53,0.018867924528301886,8.146883019934945e-05
6723,Cat_14,311814,111,46,4,10704,1,46,0.08695652173913043,8.146151518967923e-05
5273,Cat_19,311808,120,48,0,0,0,48,0.0,8.145994768760704e-05
4358,Cat_30,311775,112,44,3,5918,1,44,0.06818181818181818,8.145132642621e-05
932,Cat_18,311729,124,53,2,7538,1,53,0.03773584905660377,8.14393089103232e-05
1571,Cat_10,311687,128,51,1,886,1,51,0.0196078431372549,8.142833639581787e-05
6204,Cat_28,311682,127,51,4,13163,1,51,0.0784313725490196,8.142703014409104e-05
8135,Cat_13,311676,139,62,0,0,0,62,0.0,8.142546264201885e-05
5983,Cat_23,311612,131,54,8,19454,5,54,0.14814814814814814,8.140874261991548e-05
5130,Cat_18,311612,119,47,0,0,0,47,0.0,8.140874261991548e-05
2380,Cat_30,311578,126,55,4,15922,1,55,0.07272727272727272,8.139986010817306e-05
7182,Cat_16,311527,116,54,4,8964,1,54,0.07407407407407407,8.138653634055945e-05
9387,Cat_22,311489,141,52,3,10513,1,52,0.057692307692307696,8.137660882743557e-05
1892,Cat_2,311446,127,53,1,2612,0,53,0.018867924528301886,8.136537506258488e-05
4952,Cat_7,311323,129,56,3,7386,2,56,0.05357142857142857,8.133324127010496e-05
7764,Cat_12,311287,132,58,2,3689,1,58,0.034482758620689655,8.132383625767181e-05
4212,Cat_22,311273,120,51,1,3638,1,51,0.0196078431372549,8.132017875283671e-05
7691,Cat_28,311219,107,46,2,5889,1,46,0.043478260869565216,8.130607123418699e-05
6984,Cat_18,311213,121,53,0,0,0,53,0.0,8.13045037321148e-05
3396,Cat_6,311209,115,48,4,8099,1,48,0.08333333333333333,8.130345873073333e-05
451,Cat_19,311171,112,41,3,6586,1,41,0.07317073170731707,8.129353121760946e-05
4103,Cat_11,311142,117,46,2,3577,0,46,0.043478260869565216,8.128595495759387e-05
2991,Cat_13,311095,119,51,4,6006,0,51,0.0784313725490196,8.127367619136171e-05
7834,Cat_25,311068,120,46,1,4746,0,46,0.021739130434782608,8.126662243203685e-05
3218,Cat_7,310988,136,50,4,9662,1,50,0.08,8.124572240440764e-05
9894,Cat_22,310945,138,55,1,1521,0,55,0.01818181818181818,8.123448863955695e-05
4280,Cat_22,310888,124,54,1,2248,0,54,0.018518518518518517,8.121959736987114e-05
4122,Cat_1,310866,123,47,2,6258,2,47,0.0425531914893617,8.121384986227311e-05
516,Cat_5,310856,118,47,2,5253,0,47,0.0425531914893617,8.121123735881945e-05
3976,Cat_12,310839,132,55,4,6655,1,55,0.07272727272727272,8.120679610294825e-05
7312,Cat_17,310783,138,57,3,6531,1,57,0.05263157894736842,8.11921660836078e-05
2379,Cat_14,310731,133,56,2,1496,0,56,0.03571428571428571,8.117858106564882e-05
8906,Cat_30,310705,120,44,2,5056,0,44,0.045454545454545456,8.117178855666932e-05
8370,Cat_3,310705,143,55,7,16394,3,55,0.12727272727272726,8.117178855666932e-05
4495,Cat_20,310680,131,55,3,6061,0,55,0.05454545454545454,8.116525729803519e-05
9563,Cat_5,310677,130,53,1,3007,0,53,0.018867924528301886,8.11644735469991e-05
7073,Cat_7,310676,125,55,3,6198,0,55,0.05454545454545454,8.116421229665372e-05
7571,Cat_13,310659,137,56,5,9161,1,56,0.08928571428571429,8.115977104078252e-05
4091,Cat_10,310650,126,51,7,15645,2,51,0.13725490196078433,8.115741978767424e-05
9683,Cat_9,310620,154,61,1,1240,0,61,0.01639344262295082,8.114958227731329e-05
6209,Cat_2,310619,134,52,3,5459,1,52,0.057692307692307696,8.114932102696791e-05
601,Cat_12,310596,127,52,0,0,0,52,0.0,8.114331226902451e-05
8094,Cat_16,310562,124,52,1,4120,1,52,0.019230769230769232,8.11344297572821e-05
3612,Cat_5,310517,123,48,2,5506,1,48,0.041666666666666664,8.112267349174068e-05
2484,Cat_6,310429,121,47,3,8658,3,47,0.06382978723404255,8.109968346134854e-05
4277,Cat_23,310352,155,57,3,9805,1,57,0.05263157894736842,8.107956718475543e-05
1770,Cat_8,310303,125,56,2,8501,1,56,0.03571428571428571,8.106676591783253e-05
6138,Cat_28,310256,113,46,4,6892,1,46,0.08695652173913043,8.105448715160038e-05
9435,Cat_20,310225,126,49,3,7317,1,49,0.061224489795918366,8.104638839089405e-05
2051,Cat_15,310197,121,49,6,19541,1,49,0.12244897959183673,8.103907338122383e-05
1426,Cat_22,310157,121,53,3,9077,2,53,0.05660377358490566,8.102862336740923e-05
6593,Cat_25,310139,136,57,2,4762,1,57,0.03508771929824561,8.102392086119266e-05
3813,Cat_26,310138,133,55,1,635,0,55,0.01818181818181818,8.102365961084729e-05
1378,Cat_18,310131,126,51,2,4243,0,51,0.0392156862745098,8.102183085842974e-05
6140,Cat_13,310078,138,55,2,9623,1,55,0.03636363636363636,8.100798459012539e-05
2883,Cat_5,309989,130,56,3,11679,1,56,0.05357142857142857,8.09847333093879e-05
9922,Cat_8,309960,132,56,3,3896,1,56,0.05357142857142857,8.097715704937231e-05
7974,Cat_13,309915,135,51,1,4159,1,51,0.0196078431372549,8.096540078383087e-05
6960,Cat_1,309906,123,47,4,11312,2,47,0.0851063829787234,8.096304953072259e-05
4667,Cat_4,309903,138,51,3,12529,1,51,0.058823529411764705,8.09622657796865e-05
5420,Cat_6,309859,128,52,1,4485,1,52,0.019230769230769232,8.095077076449043e-05
3348,Cat_12,309831,138,55,3,10562,1,55,0.05454545454545454,8.094345575482021e-05
9207,Cat_23,309816,131,56,1,2532,0,56,0.017857142857142856,8.093953699963972e-05
6523,Cat_10,309772,111,47,5,10639,1,47,0.10638297872340426,8.092804198444367e-05
5019,Cat_16,309666,128,55,1,2156,0,55,0.01818181818181818,8.090034944783495e-05
9545,Cat_30,309658,120,52,1,4370,1,52,0.019230769230769232,8.089825944507204e-05
1625,Cat_5,309616,135,56,2,5353,1,56,0.03571428571428571,8.088728693056671e-05
5489,Cat_26,309570,134,55,1,612,0,55,0.01818181818181818,8.087526941467991e-05
1145,Cat_30,309565,107,43,2,2333,0,43,0.046511627906976744,8.087396316295308e-05
4602,Cat_2,309522,127,47,3,8111,1,47,0.06382978723404255,8.086272939810238e-05
1221,Cat_10,309408,138,57,0,0,0,57,0.0,8.083294685873076e-05
8623,Cat_12,309390,110,53,2,6661,1,53,0.03773584905660377,8.082824435251418e-05
4035,Cat_2,309368,113,45,1,3605,0,45,0.022222222222222223,8.082249684491615e-05
704,Cat_3,309366,123,53,0,0,0,53,0.0,8.082197434422542e-05
2701,Cat_3,309365,115,48,1,172,0,48,0.020833333333333332,8.082171309388006e-05
2343,Cat_12,309344,113,51,2,7137,0,51,0.0392156862745098,8.08162268366274e-05
4632,Cat_14,309334,133,62,1,2163,0,62,0.016129032258064516,8.081361433317374e-05
937,Cat_15,309310,135,52,3,9727,0,52,0.057692307692307696,8.080734432488497e-05
5646,Cat_6,309303,125,48,1,3544,0,48,0.020833333333333332,8.080551557246742e-05
5682,Cat_4,309231,128,50,5,11010,2,50,0.1,8.078670554760113e-05
4625,Cat_10,309213,133,55,1,654,0,55,0.01818181818181818,8.078200304138455e-05
5494,Cat_22,309202,130,58,0,0,0,58,0.0,8.077912928758554e-05
6812,Cat_7,309175,122,53,3,5901,0,53,0.05660377358490566,8.077207552826068e-05
5281,Cat_7,309127,129,55,3,10185,2,55,0.05454545454545454,8.075953551168316e-05
4870,Cat_5,309081,127,50,1,221,0,50,0.02,8.074751799579637e-05
5008,Cat_20,309053,126,53,1,1592,0,53,0.018867924528301886,8.074020298612615e-05
3439,Cat_5,309012,135,53,3,10617,2,53,0.05660377358490566,8.072949172196617e-05
2649,Cat_29,309007,115,51,1,4247,1,51,0.0196078431372549,8.072818547023935e-05
2629,Cat_6,308994,141,54,3,7978,1,53,0.05555555555555555,8.07247892157496e-05
8020,Cat_4,308954,136,52,5,13859,1,52,0.09615384615384616,8.0714339201935e-05
7449,Cat_20,308949,113,46,7,19946,2,46,0.15217391304347827,8.071303295020817e-05
2495,Cat_3,308909,133,53,2,1519,0,53,0.03773584905660377,8.070258293639356e-05
5203,Cat_17,308879,128,50,3,12887,2,50,0.06,8.069474542603261e-05
9106,Cat_12,308869,132,54,2,5969,1,54,0.037037037037037035,8.069213292257896e-05
1749,Cat_16,308767,129,55,2,3381,0,55,0.03636363636363636,8.066548538735172e-05
663,Cat_13,308759,144,60,4,16222,2,60,0.06666666666666667,8.06633953845888e-05
9613,Cat_19,308743,128,51,8,26635,5,51,0.1568627450980392,8.065921537906296e-05
6906,Cat_16,308737,126,53,4,8199,2,53,0.07547169811320754,8.065764787699077e-05
8927,Cat_20,308637,123,53,6,11582,2,53,0.11320754716981132,8.063152284245425e-05
6267,Cat_30,308624,143,57,4,10064,2,57,0.07017543859649122,8.06281265879645e-05
1254,Cat_10,308618,116,53,1,497,0,53,0.018867924528301886,8.062655908589231e-05
3991,Cat_1,308601,134,54,2,8597,2,54,0.037037037037037035,8.06221178300211e-05
3372,Cat_1,308567,135,51,3,8408,0,51,0.058823529411764705,8.061323531827869e-05
1951,Cat_10,308553,124,45,1,2424,1,45,0.022222222222222223,8.060957781344358e-05
9575,Cat_8,308526,117,49,3,6299,1,49,0.061224489795918366,8.060252405411873e-05
4538,Cat_14,308448,106,47,3,6870,1,47,0.06382978723404255,8.058214652718025e-05
5748,Cat_28,308393,122,55,1,4276,1,55,0.01818181818181818,8.056777775818517e-05
7629,Cat_12,308269,128,51,2,7855,1,51,0.0392156862745098,8.053538271535989e-05
8891,Cat_7,308252,140,54,0,0,0,54,0.0,8.053094145948869e-05
1804,Cat_25,308226,114,49,0,0,0,49,0.0,8.052414895050918e-05
8459,Cat_18,308224,112,48,3,3021,0,48,0.0625,8.052362644981845e-05
225,Cat_23,308183,161,63,1,2958,0,63,0.015873015873015872,8.051291518565849e-05
6455,Cat_25,308180,122,51,2,4395,0,51,0.0392156862745098,8.051213143462239e-05
766,Cat_11,308121,143,59,3,5730,1,59,0.05084745762711865,8.049671766424584e-05
1685,Cat_7,308104,142,61,3,6255,1,61,0.04918032786885246,8.049227640837464e-05
5225,Cat_18,308090,121,51,5,10128,0,51,0.09803921568627451,8.048861890353953e-05
9024,Cat_24,308039,140,58,3,4407,0,58,0.05172413793103448,8.047529513592592e-05
3047,Cat_8,308000,124,53,0,0,0,53,0.0,8.046510637245667e-05
2904,Cat_9,307992,120,51,2,5536,1,51,0.0392156862745098,8.046301636969375e-05
119,Cat_3,307969,126,53,2,2081,0,53,0.03773584905660377,8.045700761175035e-05
3812,Cat_8,307906,125,52,4,13247,1,52,0.07692307692307693,8.044054883999236e-05
6898,Cat_26,307871,125,60,5,6511,0,60,0.08333333333333333,8.043140507790457e-05
1230,Cat_14,307797,138,58,1,1299,0,58,0.017241379310344827,8.041207255234755e-05
3185,Cat_23,307735,137,55,1,240,0,55,0.01818181818181818,8.039587503093491e-05
3454,Cat_8,307701,110,47,2,741,0,47,0.0425531914893617,8.03869925191925e-05
6186,Cat_11,307632,113,48,3,3682,1,48,0.0625,8.036896624536231e-05
6392,Cat_3,307484,120,45,5,17895,1,45,0.1111111111111111,8.033030119424827e-05
7695,Cat_24,307469,120,52,2,3221,1,52,0.038461538461538464,8.032638243906779e-05
9756,Cat_11,307442,138,58,4,13968,2,58,0.06896551724137931,8.031932867974293e-05
633,Cat_16,307400,121,49,3,7331,0,49,0.061224489795918366,8.03083561652376e-05
5692,Cat_24,307392,118,44,2,4460,0,44,0.045454545454545456,8.030626616247468e-05
3001,Cat_5,307354,147,58,3,11408,1,58,0.05172413793103448,8.029633864935081e-05
6679,Cat_5,307350,139,55,1,3657,0,55,0.01818181818181818,8.029529364796935e-05
8573,Cat_17,307246,117,49,2,7301,1,49,0.04081632653061224,8.026812361205137e-05
9682,Cat_17,307204,134,57,4,11285,2,57,0.07017543859649122,8.025715109754604e-05
7221,Cat_24,307177,128,55,4,9799,1,55,0.07272727272727272,8.025009733822118e-05
7429,Cat_13,307128,130,52,4,6423,1,52,0.07692307692307693,8.023729607129828e-05
6619,Cat_18,307110,129,53,2,3999,0,53,0.03773584905660377,8.023259356508172e-05
4969,Cat_29,307092,131,60,2,8569,0,60,0.03333333333333333,8.022789105886514e-05
1738,Cat_21,307069,136,57,3,6101,1,57,0.05263157894736842,8.022188230092174e-05
8507,Cat_13,307018,146,63,4,6036,0,63,0.06349206349206349,8.020855853330812e-05
2642,Cat_29,306955,119,47,3,10150,1,47,0.06382978723404255,8.019209976155012e-05
3031,Cat_2,306896,130,54,2,8448,1,54,0.037037037037037035,8.017668599117357e-05
7678,Cat_22,306844,133,54,2,1655,0,54,0.037037037037037035,8.01631009732146e-05
9119,Cat_20,306804,124,55,3,7930,0,55,0.05454545454545454,8.015265095939999e-05
8270,Cat_7,306782,121,47,1,3410,0,47,0.02127659574468085,8.014690345180195e-05
2702,Cat_17,306780,120,47,2,5136,1,47,0.0425531914893617,8.014638095111122e-05
6726,Cat_26,306766,127,50,4,9731,2,50,0.08,8.014272344627612e-05
5981,Cat_28,306746,114,52,1,86,0,52,0.019230769230769232,8.013749843936881e-05
2545,Cat_17,306702,133,57,1,4676,0,57,0.017543859649122806,8.012600342417274e-05
6532,Cat_20,306701,131,50,2,5075,0,50,0.04,8.012574217382738e-05
7202,Cat_16,306632,120,53,0,0,0,53,0.0,8.010771589999719e-05
4225,Cat_17,306564,121,47,3,5728,0,47,0.06382978723404255,8.008995087651236e-05
5516,Cat_13,306509,114,47,2,1544,0,47,0.0425531914893617,8.007558210751728e-05
5513,Cat_13,306481,133,51,7,12190,1,51,0.13725490196078433,8.006826709784706e-05
7968,Cat_14,306474,113,53,2,3876,1,53,0.03773584905660377,8.00664383454295e-05
4516,Cat_21,306424,123,49,3,7744,1,49,0.061224489795918366,8.005337582816125e-05
4255,Cat_23,306340,146,56,2,8107,0,56,0.03571428571428571,8.003143079915058e-05
6003,Cat_5,306328,139,51,2,1880,1,51,0.0392156862745098,8.002829579500619e-05
817,Cat_16,306316,128,53,3,3672,0,53,0.05660377358490566,8.00251607908618e-05
1039,Cat_2,306270,126,56,1,4761,1,56,0.017857142857142856,8.001314327497502e-05
9509,Cat_13,306176,132,52,2,4973,0,52,0.038461538461538464,7.99885857425107e-05
4682,Cat_23,306162,108,48,2,4062,1,48,0.041666666666666664,7.998492823767558e-05
6121,Cat_16,306152,127,57,4,11949,0,57,0.07017543859649122,7.998231573422194e-05
8031,Cat_15,306123,133,54,2,4058,0,54,0.037037037037037035,7.997473947420635e-05
5907,Cat_3,306029,137,58,3,6900,2,58,0.05172413793103448,7.995018194174202e-05
9392,Cat_15,306027,133,49,3,8127,0,49,0.061224489795918366,7.994965944105129e-05
7452,Cat_12,306023,146,56,6,17863,3,56,0.10714285714285714,7.994861443966983e-05
1456,Cat_5,305971,126,55,2,4619,1,55,0.03636363636363636,7.993502942171085e-05
1664,Cat_11,305917,139,58,1,311,0,58,0.017241379310344827,7.992092190306113e-05
2022,Cat_4,305826,112,41,3,11594,0,41,0.07317073170731707,7.98971481216329e-05
4814,Cat_29,305809,118,51,3,6235,1,51,0.058823529411764705,7.98927068657617e-05
8006,Cat_2,305795,119,47,3,5659,1,47,0.06382978723404255,7.988904936092658e-05
867,Cat_2,305794,136,54,2,6834,0,54,0.037037037037037035,7.988878811058122e-05
2445,Cat_25,305794,128,48,2,5709,0,48,0.041666666666666664,7.988878811058122e-05
2715,Cat_22,305766,116,48,1,629,0,48,0.020833333333333332,7.988147310091099e-05
2279,Cat_28,305743,113,50,4,4248,0,50,0.08,7.98754643429676e-05
8074,Cat_22,305697,129,50,7,20581,3,50,0.14,7.98634468270808e-05
7205,Cat_26,305631,117,45,2,5819,0,45,0.044444444444444446,7.98462043042867e-05
3650,Cat_5,305619,144,62,6,14790,2,62,0.0967741935483871,7.984306930014233e-05
1286,Cat_20,305511,134,50,2,5506,1,50,0.04,7.981485426284288e-05
9936,Cat_16,305379,143,60,6,15662,3,60,0.1,7.97803692172547e-05
7105,Cat_28,305331,131,53,2,2295,0,53,0.03773584905660377,7.976782920067717e-05
2307,Cat_7,305313,142,56,3,7851,0,56,0.05357142857142857,7.97631266944606e-05
7219,Cat_18,305283,114,53,4,11673,1,53,0.07547169811320754,7.975528918409964e-05
6667,Cat_29,305231,138,54,4,9785,1,54,0.07407407407407407,7.974170416614066e-05
1850,Cat_16,305217,142,56,6,14090,1,56,0.10714285714285714,7.973804666130554e-05
5080,Cat_28,305208,115,51,2,7784,1,51,0.0392156862745098,7.973569540819726e-05
7597,Cat_14,305167,138,50,1,3944,0,50,0.02,7.972498414403728e-05
952,Cat_25,305158,132,56,3,10898,1,56,0.05357142857142857,7.9722632890929e-05
4312,Cat_4,305082,121,47,5,10092,3,47,0.10638297872340426,7.970277786468125e-05
4983,Cat_29,305061,138,53,1,4682,1,53,0.018867924528301886,7.969729160742859e-05
9904,Cat_25,304999,122,47,3,8562,1,47,0.06382978723404255,7.968109408601595e-05
8717,Cat_4,304979,115,53,2,845,0,53,0.03773584905660377,7.967586907910864e-05
9893,Cat_12,304915,133,50,2,7406,2,50,0.04,7.965914905700528e-05
2958,Cat_20,304871,126,47,4,13790,0,47,0.0851063829787234,7.964765404180921e-05
5240,Cat_3,304864,118,49,1,3223,0,49,0.02040816326530612,7.964582528939166e-05
7466,Cat_23,304860,123,51,1,3509,0,51,0.0196078431372549,7.96447802880102e-05
5003,Cat_17,304821,108,45,2,13433,2,45,0.044444444444444446,7.963459152454096e-05
4231,Cat_2,304731,125,54,6,19425,2,54,0.1111111111111111,7.96110789934581e-05
1300,Cat_12,304724,125,58,4,8941,1,58,0.06896551724137931,7.960925024104054e-05
1059,Cat_21,304715,132,51,3,8191,2,51,0.058823529411764705,7.960689898793226e-05
7753,Cat_16,304564,123,53,0,0,0,53,0.0,7.956745018578212e-05
9729,Cat_10,304535,133,57,4,11179,2,57,0.07017543859649122,7.955987392576654e-05
7421,Cat_28,304502,130,55,3,7069,1,55,0.05454545454545454,7.955125266436949e-05
6094,Cat_25,304495,114,46,0,0,0,46,0.0,7.954942391195193e-05
9578,Cat_17,304429,126,56,2,7230,1,56,0.03571428571428571,7.953218138915783e-05
4842,Cat_26,304424,117,51,2,2664,2,51,0.0392156862745098,7.953087513743101e-05
7344,Cat_15,304401,143,52,3,6137,0,52,0.057692307692307696,7.952486637948761e-05
4872,Cat_1,304381,119,50,0,0,0,50,0.0,7.95196413725803e-05
9046,Cat_9,304378,111,45,1,4630,0,45,0.022222222222222223,7.951885762154421e-05
3054,Cat_21,304371,116,52,3,11416,0,52,0.057692307692307696,7.951702886912666e-05
9266,Cat_6,304367,136,52,1,4532,1,52,0.019230769230769232,7.95159838677452e-05
2645,Cat_30,304284,142,59,7,15174,2,59,0.11864406779661017,7.949430008907988e-05
7711,Cat_5,304266,131,54,0,0,0,54,0.0,7.948959758286332e-05
5703,Cat_20,304220,119,49,4,12307,1,49,0.08163265306122448,7.947758006697652e-05
3791,Cat_1,304134,127,53,8,23118,3,53,0.1509433962264151,7.945511253727512e-05
2050,Cat_25,304042,134,52,0,0,0,52,0.0,7.943107750550153e-05
3702,Cat_4,304025,117,49,2,6642,0,49,0.04081632653061224,7.942663624963033e-05
3669,Cat_28,304004,135,60,5,4132,0,60,0.08333333333333333,7.942114999237766e-05
1419,Cat_28,303950,131,56,2,6701,0,56,0.03571428571428571,7.940704247372794e-05
5137,Cat_9,303932,117,51,2,4799,0,51,0.0392156862745098,7.940233996751137e-05
5973,Cat_19,303847,146,62,4,11692,1,62,0.06451612903225806,7.938013368815533e-05
2490,Cat_2,303812,121,49,4,10707,0,49,0.08163265306122448,7.937098992606756e-05
6828,Cat_12,303786,121,49,4,10938,2,49,0.08163265306122448,7.936419741708806e-05
9663,Cat_22,303781,128,59,0,0,0,59,0.0,7.936289116536124e-05
2567,Cat_4,303665,127,54,3,11137,2,54,0.05555555555555555,7.933258612529888e-05
1549,Cat_1,303661,129,55,7,21690,2,55,0.12727272727272726,7.933154112391742e-05
9723,Cat_23,303596,138,57,4,10104,1,57,0.07017543859649122,7.931455985146869e-05
1599,Cat_29,303590,127,54,2,7117,0,54,0.037037037037037035,7.931299234939649e-05
8282,Cat_23,303565,137,57,3,7617,0,57,0.05263157894736842,7.930646109076236e-05
9147,Cat_15,303516,134,54,3,6891,0,54,0.05555555555555555,7.929365982383947e-05
7901,Cat_8,303470,117,49,2,4308,1,49,0.04081632653061224,7.928164230795268e-05
8984,Cat_26,303458,121,49,1,4866,0,49,0.02040816326530612,7.92785073038083e-05
5456,Cat_13,303444,119,50,4,12922,2,50,0.08,7.927484979897319e-05
1026,Cat_28,303419,104,47,2,4465,1,47,0.0425531914893617,7.926831854033906e-05
4751,Cat_10,303409,130,54,5,18881,4,54,0.09259259259259259,7.92657060368854e-05
2792,Cat_25,303408,124,53,1,4150,1,53,0.018867924528301886,7.926544478654005e-05
253,Cat_8,303398,120,49,2,3282,0,49,0.04081632653061224,7.926283228308639e-05
102,Cat_14,303352,116,53,3,4542,1,53,0.05660377358490566,7.925081476719959e-05
9687,Cat_12,303338,125,50,1,1057,0,50,0.02,7.924715726236449e-05
9534,Cat_8,303310,118,55,3,11905,1,55,0.05454545454545454,7.923984225269426e-05
7071,Cat_6,303269,123,50,3,11217,0,50,0.06,7.922913098853429e-05
9649,Cat_30,303160,120,50,1,1366,0,50,0.02,7.920065470088949e-05
4901,Cat_2,303094,123,53,2,1352,0,53,0.03773584905660377,7.91834121780954e-05
4890,Cat_9,303056,125,60,3,7385,2,60,0.05,7.917348466497152e-05
35,Cat_5,302998,111,48,4,15461,1,48,0.08333333333333333,7.915833214494034e-05
4369,Cat_15,302996,133,54,3,10831,1,54,0.05555555555555555,7.915780964424962e-05
230,Cat_26,302956,111,51,2,4305,0,51,0.0392156862745098,7.914735963043502e-05
3781,Cat_11,302941,138,54,5,14312,1,54,0.09259259259259259,7.914344087525453e-05
6901,Cat_11,302929,150,55,3,3444,1,55,0.05454545454545454,7.914030587111016e-05
8771,Cat_20,302899,135,60,4,8159,1,60,0.06666666666666667,7.91324683607492e-05
2056,Cat_23,302876,132,51,4,7792,1,51,0.0784313725490196,7.91264596028058e-05
4894,Cat_29,302812,118,53,3,8762,0,53,0.05660377358490566,7.910973958070243e-05
6803,Cat_15,302791,123,54,2,3565,1,54,0.037037037037037035,7.910425332344976e-05
5924,Cat_14,302766,137,52,2,1064,0,52,0.038461538461538464,7.909772206481563e-05
7259,Cat_13,302755,142,57,1,2851,0,57,0.017543859649122806,7.909484831101662e-05
4476,Cat_6,302747,118,54,1,3400,0,54,0.018518518518518517,7.90927583082537e-05
810,Cat_4,302726,130,51,1,157,0,51,0.0196078431372549,7.908727205100103e-05
3786,Cat_29,302694,141,55,2,1258,0,55,0.03636363636363636,7.907891203994935e-05
2312,Cat_18,302690,125,62,4,12953,2,62,0.06451612903225806,7.907786703856788e-05
3743,Cat_15,302567,132,55,2,3971,0,55,0.03636363636363636,7.904573324608798e-05
1299,Cat_17,302557,136,58,2,5015,1,58,0.034482758620689655,7.904312074263432e-05
3696,Cat_19,302542,121,53,3,9647,1,53,0.05660377358490566,7.903920198745385e-05
3622,Cat_18,302540,140,59,4,7923,1,59,0.06779661016949153,7.903867948676312e-05
9485,Cat_13,302436,133,55,3,9170,0,55,0.05454545454545454,7.901150945084515e-05
2444,Cat_13,302431,128,53,1,2265,1,53,0.018867924528301886,7.901020319911833e-05
9121,Cat_21,302340,127,56,3,8046,1,56,0.05357142857142857,7.898642941769009e-05
8218,Cat_11,302309,117,47,2,7227,2,47,0.0425531914893617,7.897833065698378e-05
7758,Cat_30,302270,123,55,2,4995,0,55,0.03636363636363636,7.896814189351454e-05
5111,Cat_8,302255,131,57,4,13652,2,57,0.07017543859649122,7.896422313833406e-05
6424,Cat_29,302234,141,54,3,12851,1,54,0.05555555555555555,7.89587368810814e-05
5057,Cat_27,302206,153,62,5,12269,3,62,0.08064516129032258,7.895142187141117e-05
2147,Cat_20,302194,116,49,3,7627,1,49,0.061224489795918366,7.894828686726679e-05
6585,Cat_13,302139,120,55,1,4957,1,55,0.01818181818181818,7.893391809827171e-05
5827,Cat_28,302018,120,52,2,4491,0,52,0.038461538461538464,7.890230680648253e-05
5953,Cat_26,301990,127,53,4,8785,2,53,0.07547169811320754,7.88949917968123e-05
7725,Cat_16,301942,133,57,3,7650,2,57,0.05263157894736842,7.888245178023479e-05
4792,Cat_5,301910,143,58,3,12132,2,58,0.05172413793103448,7.887409176918309e-05
2153,Cat_6,301818,113,45,2,6358,0,45,0.044444444444444446,7.885005673740951e-05
2856,Cat_30,301815,125,50,3,7360,1,50,0.06,7.88492729863734e-05
7541,Cat_17,301790,109,42,4,5095,0,42,0.09523809523809523,7.884274172773928e-05
2138,Cat_13,301782,123,58,4,11856,3,58,0.06896551724137931,7.884065172497637e-05
6781,Cat_28,301687,124,51,1,1848,0,51,0.0196078431372549,7.881583294216668e-05
1126,Cat_6,301597,145,54,2,4512,0,54,0.037037037037037035,7.879232041108381e-05
3588,Cat_26,301490,129,51,4,15760,2,51,0.0784313725490196,7.876436662412974e-05
1529,Cat_12,301406,121,52,3,7142,0,52,0.057692307692307696,7.874242159511907e-05
2559,Cat_8,301375,135,59,1,1544,1,59,0.01694915254237288,7.873432283441276e-05
2293,Cat_10,301358,130,50,2,4166,1,50,0.04,7.872988157854156e-05
3184,Cat_12,301349,122,52,3,7546,2,52,0.057692307692307696,7.872753032543326e-05
7997,Cat_23,301299,126,49,2,6528,1,49,0.04081632653061224,7.871446780816501e-05
3593,Cat_30,301114,119,50,1,2485,1,50,0.02,7.866613649427246e-05
5303,Cat_10,301064,126,52,3,5913,1,52,0.057692307692307696,7.86530739770042e-05
9858,Cat_15,301015,120,48,4,10552,1,48,0.08333333333333333,7.864027271008132e-05
2905,Cat_22,300818,134,52,0,0,0,52,0.0,7.858880639204438e-05
3182,Cat_10,300810,125,47,1,1384,0,47,0.02127659574468085,7.858671638928147e-05
4755,Cat_20,300786,138,57,2,2075,0,57,0.03508771929824561,7.85804463809927e-05
8537,Cat_18,300762,134,54,3,8086,0,54,0.05555555555555555,7.857417637270394e-05
106,Cat_17,300760,135,51,1,2014,0,51,0.0196078431372549,7.857365387201321e-05
680,Cat_28,300748,118,52,3,5139,1,52,0.057692307692307696,7.857051886786882e-05
627,Cat_16,300744,118,49,4,8064,1,49,0.08163265306122448,7.856947386648736e-05
4593,Cat_29,300659,124,53,1,4740,1,53,0.018867924528301886,7.854726758713133e-05
1030,Cat_15,300658,135,53,1,3055,0,53,0.018867924528301886,7.854700633678597e-05
1241,Cat_17,300640,117,49,5,18984,1,48,0.10204081632653061,7.85423038305694e-05
3317,Cat_18,300634,133,51,1,793,0,51,0.0196078431372549,7.85407363284972e-05
3819,Cat_6,300601,129,52,1,2086,0,52,0.019230769230769232,7.853211506710016e-05
2952,Cat_11,300590,117,50,1,3359,0,50,0.02,7.852924131330114e-05
7245,Cat_25,300461,140,54,2,5814,1,54,0.037037037037037035,7.849554001874904e-05
6989,Cat_27,300408,132,50,2,7968,1,50,0.04,7.848169375044469e-05
5043,Cat_24,300380,124,52,1,2029,0,52,0.019230769230769232,7.847437874077447e-05
2929,Cat_27,300347,127,51,4,10843,1,51,0.0784313725490196,7.846575747937741e-05
3853,Cat_8,300299,114,46,2,3542,0,46,0.043478260869565216,7.845321746279989e-05
6017,Cat_16,300292,122,54,4,9618,1,54,0.07407407407407407,7.845138871038233e-05
5603,Cat_24,300173,129,50,0,0,0,50,0.0,7.842029991928388e-05
677,Cat_23,300143,114,46,1,3656,0,46,0.021739130434782608,7.841246240892293e-05
2148,Cat_9,300103,123,48,0,0,0,48,0.0,7.840201239510832e-05
3948,Cat_8,300096,126,51,1,1346,0,51,0.0196078431372549,7.840018364269077e-05
1052,Cat_26,300009,117,50,3,3074,0,50,0.06,7.837745486264401e-05
3273,Cat_7,299824,111,47,2,1643,0,47,0.0425531914893617,7.832912354875146e-05
3530,Cat_9,299712,119,52,5,17078,0,52,0.09615384615384616,7.829986351007057e-05
8329,Cat_18,299661,109,52,3,9718,1,52,0.057692307692307696,7.828653974245695e-05
1859,Cat_19,299655,111,49,2,1830,0,49,0.04081632653061224,7.828497224038476e-05
886,Cat_21,299585,112,45,1,615,0,45,0.022222222222222223,7.82666847162092e-05
1259,Cat_16,299576,112,51,2,5233,0,51,0.0392156862745098,7.82643334631009e-05
7075,Cat_10,299470,135,52,0,0,0,52,0.0,7.82366409264922e-05
8146,Cat_4,299428,140,59,2,3866,1,59,0.03389830508474576,7.822566841198687e-05
9503,Cat_7,299354,127,44,4,9790,1,44,0.09090909090909091,7.820633588642985e-05
2728,Cat_19,299275,117,49,4,14382,3,49,0.08163265306122448,7.818569710914601e-05
9809,Cat_4,299254,143,59,6,13273,1,59,0.1016949152542373,7.818021085189335e-05
9829,Cat_15,299199,120,49,5,10599,0,49,0.10204081632653061,7.816584208289825e-05
45,Cat_23,299139,131,58,4,8066,2,58,0.06896551724137931,7.815016706217635e-05
6618,Cat_19,299089,141,56,1,1750,0,56,0.017857142857142856,7.813710454490809e-05
273,Cat_27,299077,131,53,1,1432,0,53,0.018867924528301886,7.813396954076372e-05
9267,Cat_26,299048,102,43,1,4483,0,43,0.023255813953488372,7.812639328074813e-05
2108,Cat_14,299038,131,48,3,8461,1,48,0.0625,7.812378077729447e-05
1953,Cat_6,299031,124,54,2,5980,1,54,0.037037037037037035,7.812195202487692e-05
4302,Cat_21,299004,122,49,4,8192,1,49,0.08163265306122448,7.811489826555206e-05
5372,Cat_15,299003,123,54,0,0,0,54,0.0,7.81146370152067e-05
3190,Cat_24,298969,128,46,2,8641,2,46,0.043478260869565216,7.810575450346428e-05
4750,Cat_11,298863,118,48,2,1819,0,48,0.041666666666666664,7.807806196685558e-05
6262,Cat_11,298783,142,57,4,6194,0,57,0.07017543859649122,7.805716193922637e-05
7939,Cat_8,298753,130,53,3,11439,2,53,0.05660377358490566,7.804932442886542e-05
8130,Cat_16,298721,133,57,2,7001,0,57,0.03508771929824561,7.804096441781373e-05
371,Cat_9,298701,112,42,3,11314,2,42,0.07142857142857142,7.803573941090643e-05
9276,Cat_4,298648,116,49,2,6217,0,49,0.04081632653061224,7.802189314260208e-05
6496,Cat_11,298629,108,44,2,5445,0,44,0.045454545454545456,7.801692938604014e-05
6241,Cat_21,298518,131,57,7,23048,1,57,0.12280701754385964,7.79879305977046e-05
7443,Cat_2,298400,125,50,3,10553,0,50,0.06,7.795710305695152e-05
913,Cat_25,298351,128,49,4,14044,1,49,0.08163265306122448,7.794430179002863e-05
1936,Cat_14,298344,145,59,2,4520,0,59,0.03389830508474576,7.794247303761108e-05
7153,Cat_18,298333,115,54,1,1069,0,54,0.018518518518518517,7.793959928381207e-05
2825,Cat_22,298311,118,46,2,9522,1,46,0.043478260869565216,7.793385177621403e-05
457,Cat_6,298308,108,40,2,6914,2,40,0.05,7.793306802517794e-05
2494,Cat_24,298280,134,52,4,15194,2,52,0.07692307692307693,7.792575301550772e-05
998,Cat_24,298238,117,46,0,0,0,46,0.0,7.791478050100238e-05
5409,Cat_26,298223,132,48,1,1263,0,48,0.020833333333333332,7.791086174582191e-05
5374,Cat_26,298130,132,51,1,2493,0,51,0.0196078431372549,7.788656546370294e-05
9605,Cat_4,298120,136,57,5,8304,4,57,0.08771929824561403,7.78839529602493e-05
7126,Cat_22,298116,128,52,2,5303,1,52,0.038461538461538464,7.788290795886784e-05
1997,Cat_7,298110,104,47,4,8589,1,47,0.0851063829787234,7.788134045679564e-05
1327,Cat_9,298084,122,49,1,3519,0,49,0.02040816326530612,7.787454794781616e-05
8620,Cat_15,298053,127,50,4,14853,1,50,0.08,7.786644918710983e-05
1839,Cat_21,298050,119,52,8,14128,3,52,0.15384615384615385,7.786566543607373e-05
3304,Cat_13,298027,127,48,3,8266,1,48,0.0625,7.785965667813034e-05
4182,Cat_16,298002,106,45,1,1763,0,45,0.022222222222222223,7.785312541949621e-05
7731,Cat_25,298000,126,55,2,3252,0,55,0.03636363636363636,7.785260291880548e-05
100,Cat_22,297982,122,48,3,12976,3,48,0.0625,7.78479004125889e-05
7336,Cat_29,297961,117,49,4,13543,2,49,0.08163265306122448,7.784241415533624e-05
1368,Cat_14,297905,145,57,6,15855,2,57,0.10526315789473684,7.78277841359958e-05
136,Cat_4,297847,120,45,2,5132,0,45,0.044444444444444446,7.781263161596461e-05
3293,Cat_7,297837,112,44,3,7976,1,44,0.06818181818181818,7.781001911251096e-05
1644,Cat_18,297837,142,56,5,16523,1,56,0.08928571428571429,7.781001911251096e-05
9297,Cat_10,297822,119,51,2,5028,0,51,0.0392156862745098,7.780610035733048e-05
8581,Cat_4,297746,117,54,3,5628,1,54,0.05555555555555555,7.778624533108274e-05
2595,Cat_3,297703,115,50,3,7319,2,50,0.06,7.777501156623204e-05
8260,Cat_24,297697,109,50,4,6028,0,50,0.08,7.777344406415985e-05
4420,Cat_22,297644,116,46,1,1261,0,46,0.021739130434782608,7.77595977958555e-05
5335,Cat_2,297628,132,56,4,7965,1,56,0.07142857142857142,7.775541779032965e-05
3358,Cat_18,297619,111,44,4,12549,1,44,0.09090909090909091,7.775306653722137e-05
1589,Cat_16,297604,117,48,1,2343,1,48,0.020833333333333332,7.77491477820409e-05
5585,Cat_25,297567,119,51,2,5663,1,51,0.0392156862745098,7.773948151926238e-05
1366,Cat_5,297528,113,51,1,4364,0,51,0.0196078431372549,7.772929275579315e-05
862,Cat_8,297486,122,51,4,10725,2,51,0.0784313725490196,7.771832024128781e-05
8390,Cat_26,297453,124,51,1,4731,0,51,0.0196078431372549,7.770969897989076e-05
58,Cat_6,297406,125,50,4,12829,0,50,0.08,7.76974202136586e-05
4214,Cat_19,297368,111,50,0,0,0,50,0.0,7.768749270053473e-05
5918,Cat_24,297304,121,47,5,10378,0,47,0.10638297872340426,7.767077267843136e-05
791,Cat_25,297263,114,51,3,10717,2,51,0.058823529411764705,7.766006141427139e-05
6518,Cat_19,297201,136,53,1,1780,1,53,0.018867924528301886,7.764386389285875e-05
1557,Cat_23,297146,112,52,2,6527,1,52,0.038461538461538464,7.762949512386367e-05
8088,Cat_22,297122,140,53,2,2583,0,53,0.03773584905660377,7.76232251155749e-05
313,Cat_18,297028,116,51,5,9829,1,51,0.09803921568627451,7.759866758311059e-05
7244,Cat_20,297025,139,56,0,0,0,56,0.0,7.759788383207449e-05
9608,Cat_16,297009,121,51,2,8262,1,51,0.0392156862745098,7.759370382654865e-05
6015,Cat_30,296977,135,54,1,3093,1,54,0.018518518518518517,7.758534381549697e-05
9923,Cat_3,296934,126,51,2,4808,0,51,0.0392156862745098,7.757411005064626e-05
7657,Cat_3,296871,132,54,0,0,0,54,0.0,7.755765127888826e-05
7515,Cat_22,296829,121,49,4,15084,1,49,0.08163265306122448,7.754667876438292e-05
9019,Cat_18,296811,125,49,2,4256,1,49,0.04081632653061224,7.754197625816636e-05
6680,Cat_19,296791,130,53,1,4455,1,53,0.018867924528301886,7.753675125125905e-05
1130,Cat_27,296776,131,56,2,6518,0,56,0.03571428571428571,7.753283249607857e-05
1007,Cat_2,296773,116,56,3,5764,0,56,0.05357142857142857,7.753204874504248e-05
3701,Cat_20,296620,109,55,4,12732,1,55,0.07272727272727272,7.749207744220161e-05
9295,Cat_7,296577,120,48,1,1601,0,48,0.020833333333333332,7.748084367735092e-05
4382,Cat_30,296547,148,64,5,10073,1,64,0.078125,7.747300616698997e-05
5884,Cat_5,296527,102,41,1,2386,0,41,0.024390243902439025,7.746778116008266e-05
3015,Cat_19,296527,109,47,5,12000,2,47,0.10638297872340426,7.746778116008266e-05
415,Cat_19,296503,119,51,3,12610,2,51,0.058823529411764705,7.74615111517939e-05
8416,Cat_7,296492,124,49,2,7998,2,49,0.04081632653061224,7.745863739799487e-05
5864,Cat_8,296475,125,48,4,15487,2,48,0.08333333333333333,7.745419614212367e-05
7232,Cat_7,296452,119,49,2,2709,1,49,0.04081632653061224,7.744818738418027e-05
1540,Cat_23,296371,130,54,2,3456,1,54,0.037037037037037035,7.74270261062057e-05
8528,Cat_1,296354,119,49,2,4592,0,49,0.04081632653061224,7.74225848503345e-05
7761,Cat_30,296344,124,52,2,2232,0,52,0.038461538461538464,7.741997234688084e-05
3408,Cat_1,296331,133,60,4,14936,3,60,0.06666666666666667,7.74165760923911e-05
1796,Cat_9,296311,123,52,1,966,0,52,0.019230769230769232,7.74113510854838e-05
321,Cat_9,296291,117,51,1,307,0,51,0.0196078431372549,7.740612607857649e-05
9982,Cat_17,296241,123,50,3,9803,1,50,0.06,7.739306356130823e-05
2940,Cat_20,296205,131,56,4,14565,3,56,0.07142857142857142,7.738365854887509e-05
9508,Cat_22,296192,124,57,1,1572,0,57,0.017543859649122806,7.738026229438534e-05
1107,Cat_18,296135,125,51,1,2399,0,51,0.0196078431372549,7.736537102469953e-05
4412,Cat_30,296114,144,60,1,4707,1,60,0.016666666666666666,7.735988476744686e-05
6007,Cat_8,295944,132,50,2,4147,1,50,0.04,7.73154722087348e-05
3384,Cat_28,295906,110,47,3,4005,0,47,0.06382978723404255,7.730554469561091e-05
4101,Cat_29,295889,139,57,2,2254,0,57,0.03508771929824561,7.730110343973971e-05
2908,Cat_24,295880,153,66,0,0,0,66,0.0,7.729875218663143e-05
4374,Cat_4,295851,129,50,3,1428,0,50,0.06,7.729117592661583e-05
9798,Cat_12,295783,131,51,3,6843,1,51,0.058823529411764705,7.727341090313101e-05
8325,Cat_13,295776,115,48,5,13771,1,48,0.10416666666666667,7.727158215071346e-05
368,Cat_15,295746,139,53,0,0,0,53,0.0,7.726374464035251e-05
9132,Cat_15,295695,134,52,2,3639,1,52,0.038461538461538464,7.725042087273888e-05
9573,Cat_26,295632,123,51,4,9862,0,51,0.0784313725490196,7.723396210098088e-05
9782,Cat_8,295616,126,55,1,2852,1,55,0.01818181818181818,7.722978209545504e-05
6693,Cat_4,295545,120,50,1,1258,0,50,0.02,7.721123332093411e-05
2432,Cat_19,295502,115,51,1,4997,0,51,0.0196078431372549,7.719999955608341e-05
6633,Cat_18,295475,128,54,4,12903,1,54,0.07407407407407407,7.719294579675855e-05
7057,Cat_14,295434,117,52,1,2576,1,52,0.019230769230769232,7.718223453259859e-05
2493,Cat_21,295433,128,51,3,6583,0,51,0.058823529411764705,7.718197328225322e-05
5670,Cat_13,295433,119,49,3,2749,1,49,0.061224489795918366,7.718197328225322e-05
8803,Cat_15,295401,115,43,2,1740,1,43,0.046511627906976744,7.717361327120154e-05
8116,Cat_14,295400,125,51,4,9280,0,51,0.0784313725490196,7.717335202085616e-05
2402,Cat_30,295376,130,57,2,6023,1,57,0.03508771929824561,7.71670820125674e-05
2785,Cat_13,295365,132,56,4,12403,1,56,0.07142857142857142,7.71642082587684e-05
3302,Cat_29,295332,129,50,2,3762,0,50,0.04,7.715558699737134e-05
25,Cat_18,295269,124,51,4,15019,1,51,0.0784313725490196,7.713912822561334e-05
2247,Cat_17,295233,132,57,5,10497,2,57,0.08771929824561403,7.712972321318019e-05
5534,Cat_1,295180,122,52,1,1464,1,52,0.019230769230769232,7.711587694487584e-05
419,Cat_6,295082,112,44,0,0,0,44,0.0,7.709027441103007e-05
7241,Cat_2,294940,127,54,3,3490,1,54,0.05555555555555555,7.705317686198821e-05
1072,Cat_8,294929,127,55,1,1795,0,55,0.01818181818181818,7.70503031081892e-05
3954,Cat_1,294847,122,51,3,7968,2,51,0.058823529411764705,7.702888057986926e-05
9448,Cat_14,294789,120,52,3,7991,0,52,0.057692307692307696,7.701372805983809e-05
9749,Cat_6,294766,130,52,3,2962,0,52,0.057692307692307696,7.700771930189469e-05
996,Cat_29,294754,123,54,4,10276,1,54,0.07407407407407407,7.70045842977503e-05
4492,Cat_16,294723,122,50,1,1628,0,50,0.02,7.699648553704398e-05
9351,Cat_25,294637,120,49,2,6654,1,49,0.04081632653061224,7.697401800734259e-05
7786,Cat_6,294583,129,55,0,0,0,55,0.0,7.695991048869287e-05
5218,Cat_8,294564,108,49,3,8791,1,49,0.061224489795918366,7.695494673213093e-05
64,Cat_22,294552,127,52,1,5472,1,52,0.019230769230769232,7.695181172798655e-05
7127,Cat_26,294497,118,51,1,1733,0,51,0.0196078431372549,7.693744295899147e-05
8523,Cat_23,294406,114,46,4,6238,0,46,0.08695652173913043,7.691366917756324e-05
2529,Cat_21,294346,130,54,1,234,0,54,0.018518518518518517,7.689799415684134e-05
4244,Cat_13,294291,122,49,1,3923,1,49,0.02040816326530612,7.688362538784625e-05
927,Cat_7,294244,123,47,3,7705,1,47,0.06382978723404255,7.687134662161409e-05
7521,Cat_17,294226,127,48,1,864,0,48,0.020833333333333332,7.686664411539753e-05
2638,Cat_21,294209,139,53,2,5341,1,53,0.03773584905660377,7.686220285952632e-05
6634,Cat_26,294193,117,51,3,8743,1,51,0.058823529411764705,7.685802285400047e-05
3494,Cat_28,294193,113,44,0,0,0,44,0.0,7.685802285400047e-05
734,Cat_6,294185,144,59,4,9721,0,59,0.06779661016949153,7.685593285123755e-05
5765,Cat_1,294115,131,60,0,0,0,60,0.0,7.6837645327062e-05
7123,Cat_14,294102,117,52,1,1810,0,52,0.019230769230769232,7.683424907257225e-05
2661,Cat_10,294092,100,40,1,2260,0,40,0.025,7.68316365691186e-05
9036,Cat_8,294064,111,49,1,524,0,49,0.02040816326530612,7.682432155944837e-05
4700,Cat_11,294056,111,48,4,8331,1,48,0.08333333333333333,7.682223155668545e-05
7199,Cat_25,294042,106,43,1,1752,0,43,0.023255813953488372,7.681857405185033e-05
9076,Cat_15,293950,103,44,1,439,0,44,0.022727272727272728,7.679453902007675e-05
2068,Cat_21,293927,133,52,5,13278,1,52,0.09615384615384616,7.678853026213335e-05
4362,Cat_30,293816,113,51,0,0,0,51,0.0,7.675953147379782e-05
8464,Cat_5,293741,122,51,1,1338,0,51,0.0196078431372549,7.673993769789544e-05
4110,Cat_22,293739,125,48,2,6651,1,48,0.041666666666666664,7.673941519720471e-05
5265,Cat_9,293697,119,52,1,99,0,52,0.019230769230769232,7.672844268269938e-05
7095,Cat_2,293671,130,53,6,17173,1,53,0.11320754716981132,7.672165017371988e-05
3436,Cat_2,293621,121,50,1,1146,0,50,0.02,7.670858765645163e-05
1873,Cat_13,293574,124,45,6,18625,1,45,0.13333333333333333,7.669630889021946e-05
5252,Cat_7,293565,125,48,6,14985,1,48,0.125,7.669395763711118e-05
9500,Cat_7,293511,122,49,1,372,0,49,0.02040816326530612,7.667985011846145e-05
9515,Cat_2,293463,115,48,1,4559,1,48,0.020833333333333332,7.666731010188394e-05
2375,Cat_23,293302,109,47,1,2890,0,47,0.02127659574468085,7.662524879628015e-05
8761,Cat_29,293300,127,55,0,0,0,55,0.0,7.662472629558942e-05
6403,Cat_8,293284,135,56,1,134,0,56,0.017857142857142856,7.662054629006358e-05
6923,Cat_20,293205,118,46,4,10703,1,46,0.08695652173913043,7.659990751277973e-05
6480,Cat_15,293026,124,57,2,3933,1,57,0.03508771929824561,7.655314370095937e-05
6270,Cat_25,293010,111,46,4,15772,2,46,0.08695652173913043,7.654896369543354e-05
5725,Cat_7,292976,134,54,4,11980,0,54,0.07407407407407407,7.654008118369113e-05
317,Cat_22,292885,140,60,3,6612,1,60,0.05,7.65163074022629e-05
2061,Cat_12,292801,144,60,8,20602,4,60,0.13333333333333333,7.649436237325223e-05
3827,Cat_14,292699,113,42,1,2573,0,42,0.023809523809523808,7.646771483802498e-05
6748,Cat_25,292616,115,52,3,8883,0,52,0.057692307692307696,7.644603105935968e-05
9447,Cat_18,292591,117,51,1,1835,0,51,0.0196078431372549,7.643949980072555e-05
2531,Cat_12,292462,125,53,1,2309,0,53,0.018867924528301886,7.640579850617345e-05
7614,Cat_15,292458,125,49,3,6831,1,49,0.061224489795918366,7.640475350479199e-05
7292,Cat_22,292424,124,53,2,2286,0,53,0.03773584905660377,7.639587099304958e-05
1995,Cat_20,292407,123,51,1,2602,1,51,0.0196078431372549,7.639142973717837e-05
5630,Cat_8,292393,114,45,5,9704,1,45,0.1111111111111111,7.638777223234326e-05
7552,Cat_4,292387,122,54,4,12959,1,54,0.07407407407407407,7.638620473027106e-05
9458,Cat_7,292365,130,52,4,8438,2,52,0.07692307692307693,7.638045722267304e-05
6273,Cat_19,292359,132,52,3,7214,1,52,0.057692307692307696,7.637888972060084e-05
3712,Cat_9,292331,117,46,2,4350,1,46,0.043478260869565216,7.637157471093062e-05
8698,Cat_27,292306,134,52,3,11009,2,52,0.057692307692307696,7.63650434522965e-05
6928,Cat_16,292290,132,53,4,8205,0,53,0.07547169811320754,7.636086344677065e-05
8898,Cat_16,292171,117,51,4,11804,1,51,0.0784313725490196,7.63297746556722e-05
1058,Cat_9,292097,126,51,2,5160,0,51,0.0392156862745098,7.631044213011519e-05
3296,Cat_11,292093,122,51,7,25256,4,51,0.13725490196078433,7.630939712873372e-05
1593,Cat_5,292001,127,52,1,187,0,52,0.019230769230769232,7.628536209696013e-05
8478,Cat_26,291999,124,55,2,7175,1,55,0.03636363636363636,7.62848395962694e-05
233,Cat_16,291963,134,51,2,6879,2,51,0.0392156862745098,7.627543458383625e-05
161,Cat_11,291958,111,44,2,5405,1,44,0.045454545454545456,7.627412833210943e-05
5631,Cat_28,291931,145,61,6,21275,4,61,0.09836065573770492,7.626707457278457e-05
674,Cat_30,291928,130,58,3,6669,1,58,0.05172413793103448,7.626629082174848e-05
3338,Cat_18,291912,125,51,4,10078,1,51,0.0784313725490196,7.626211081622264e-05
3822,Cat_25,291867,116,49,2,3446,1,49,0.04081632653061224,7.625035455068121e-05
5888,Cat_18,291844,111,39,1,1835,0,39,0.02564102564102564,7.624434579273781e-05
1207,Cat_23,291837,124,57,2,2455,1,57,0.03508771929824561,7.624251704032025e-05
2724,Cat_24,291797,124,64,1,2763,0,64,0.015625,7.623206702650564e-05
6181,Cat_15,291793,125,58,6,20943,3,58,0.10344827586206896,7.623102202512419e-05
4989,Cat_15,291635,135,55,2,6646,2,55,0.03636363636363636,7.61897444705565e-05
1444,Cat_15,291593,116,44,3,8391,0,44,0.06818181818181818,7.617877195605117e-05
1340,Cat_26,291508,119,49,4,6957,1,49,0.08163265306122448,7.615656567669512e-05
9228,Cat_8,291411,117,52,3,5793,2,52,0.057692307692307696,7.61312243931947e-05
828,Cat_29,291393,115,43,2,4821,0,43,0.046511627906976744,7.612652188697814e-05
4758,Cat_12,291391,121,50,3,5532,1,50,0.06,7.612599938628741e-05
7896,Cat_14,291273,143,59,4,12921,1,59,0.06779661016949153,7.609517184553433e-05
5253,Cat_10,291219,130,53,3,7458,0,53,0.05660377358490566,7.60810643268846e-05
4903,Cat_18,291186,128,55,2,4068,1,55,0.03636363636363636,7.607244306548756e-05
9179,Cat_1,291117,132,50,1,1759,0,50,0.02,7.605441679165737e-05
1264,Cat_25,291035,127,49,1,1448,0,49,0.02040816326530612,7.603299426333743e-05
7920,Cat_15,290966,124,52,5,9677,1,52,0.09615384615384616,7.601496798950723e-05
8322,Cat_21,290894,128,50,3,10052,1,50,0.06,7.599615796464094e-05
1505,Cat_11,290851,125,51,2,4572,0,51,0.0392156862745098,7.598492419979025e-05
9361,Cat_25,290805,115,49,5,16546,3,49,0.10204081632653061,7.597290668390345e-05
6088,Cat_18,290705,126,53,4,7592,3,53,0.07547169811320754,7.594678164936693e-05
4934,Cat_26,290684,137,52,4,9015,1,52,0.07692307692307693,7.594129539211428e-05
587,Cat_13,290554,116,43,2,6042,1,43,0.046511627906976744,7.59073328472168e-05
9559,Cat_11,290538,117,44,0,0,0,44,0.0,7.590315284169096e-05
1973,Cat_15,290535,117,51,3,6757,1,51,0.058823529411764705,7.590236909065487e-05
1213,Cat_22,290454,115,48,3,5398,0,48,0.0625,7.588120781268029e-05
8636,Cat_30,290394,130,49,4,6746,0,49,0.08163265306122448,7.586553279195839e-05
6837,Cat_22,290389,127,51,1,2788,1,51,0.0196078431372549,7.586422654023156e-05
3098,Cat_3,290381,115,52,0,0,0,52,0.0,7.586213653746864e-05
2006,Cat_24,290379,118,45,5,12165,0,45,0.1111111111111111,7.586161403677791e-05
554,Cat_8,290340,125,54,3,4677,0,54,0.05555555555555555,7.585142527330866e-05
143,Cat_30,290338,120,47,3,3617,0,47,0.06382978723404255,7.585090277261793e-05
3052,Cat_2,290300,115,54,5,7498,0,54,0.09259259259259259,7.584097525949406e-05
3665,Cat_15,290273,127,53,4,11827,0,53,0.07547169811320754,7.583392150016921e-05
8427,Cat_4,290249,116,47,2,6433,0,47,0.0425531914893617,7.582765149188044e-05
9748,Cat_2,290218,121,51,4,12244,0,51,0.0784313725490196,7.581955273117412e-05
8787,Cat_21,290196,115,49,0,0,0,49,0.0,7.581380522357609e-05
686,Cat_10,290156,123,58,4,14625,0,58,0.06896551724137931,7.580335520976149e-05
3862,Cat_4,290084,126,55,0,0,0,55,0.0,7.57845451848952e-05
3049,Cat_1,290082,117,49,2,9165,1,49,0.04081632653061224,7.578402268420447e-05
9770,Cat_12,290057,118,48,2,3801,0,48,0.041666666666666664,7.577749142557034e-05
2049,Cat_6,290055,113,52,3,11756,1,52,0.057692307692307696,7.577696892487961e-05
1588,Cat_30,289903,124,58,4,12506,2,58,0.06896551724137931,7.573725887238411e-05
4114,Cat_5,289852,121,55,3,5172,1,55,0.05454545454545454,7.572393510477049e-05
6845,Cat_5,289815,120,47,3,10968,2,47,0.06382978723404255,7.571426884199198e-05
8302,Cat_22,289813,125,53,1,734,0,53,0.018867924528301886,7.571374634130125e-05
6587,Cat_13,289801,122,51,3,9949,1,51,0.058823529411764705,7.571061133715687e-05
7733,Cat_21,289792,124,52,1,2269,0,52,0.019230769230769232,7.570826008404858e-05
254,Cat_19,289643,122,49,4,10318,0,49,0.08163265306122448,7.566933378258918e-05
3670,Cat_5,289630,98,44,2,6558,1,44,0.045454545454545456,7.566593752809944e-05
8345,Cat_11,289607,125,53,3,6769,1,53,0.05660377358490566,7.565992877015604e-05
5275,Cat_21,289587,141,59,0,0,0,59,0.0,7.565470376324873e-05
5987,Cat_12,289544,110,44,1,3895,0,44,0.022727272727272728,7.564346999839804e-05
7227,Cat_20,289539,117,49,4,5777,1,49,0.08163265306122448,7.56421637466712e-05
8190,Cat_25,289522,108,43,1,463,0,43,0.023255813953488372,7.56377224908e-05
6659,Cat_8,289488,118,50,1,77,0,50,0.02,7.562883997905758e-05
1092,Cat_25,289487,118,50,1,783,1,50,0.02,7.562857872871223e-05
8508,Cat_7,289467,141,56,3,6232,1,56,0.05357142857142857,7.562335372180492e-05
4904,Cat_9,289373,136,57,4,11121,2,57,0.07017543859649122,7.55987961893406e-05
3174,Cat_18,289348,117,48,0,0,0,48,0.0,7.559226493070647e-05
4697,Cat_6,289342,122,49,2,8564,2,49,0.04081632653061224,7.559069742863428e-05
2222,Cat_17,289314,122,49,2,7701,1,49,0.04081632653061224,7.558338241896406e-05
5782,Cat_26,289279,124,56,5,17730,0,56,0.08928571428571429,7.557423865687628e-05
8044,Cat_25,289184,126,51,4,15151,1,51,0.0784313725490196,7.554941987406659e-05
7538,Cat_17,289157,129,55,2,6878,1,55,0.03636363636363636,7.554236611474173e-05
3493,Cat_15,289138,118,46,2,4451,0,46,0.043478260869565216,7.553740235817979e-05
3502,Cat_16,289131,130,56,3,5557,1,56,0.05357142857142857,7.553557360576224e-05
7306,Cat_27,289109,115,47,4,9794,1,47,0.0851063829787234,7.55298260981642e-05
2424,Cat_1,289107,122,58,6,18932,3,58,0.10344827586206896,7.552930359747347e-05
5103,Cat_29,289087,135,51,3,7668,0,51,0.058823529411764705,7.552407859056617e-05
3755,Cat_3,289044,109,49,4,9087,1,49,0.08163265306122448,7.551284482571548e-05
4319,Cat_16,289015,115,51,1,4173,0,51,0.0196078431372549,7.550526856569989e-05
3510,Cat_4,288985,103,46,3,7723,1,46,0.06521739130434782,7.549743105533894e-05
1885,Cat_5,288967,117,50,3,5434,0,50,0.06,7.549272854912236e-05
4446,Cat_27,288927,130,54,5,11704,1,54,0.09259259259259259,7.548227853530775e-05
4937,Cat_17,288914,141,55,2,7205,2,55,0.03636363636363636,7.547888228081801e-05
2446,Cat_11,288885,125,48,3,6675,1,48,0.0625,7.547130602080242e-05
836,Cat_11,288882,121,50,1,620,0,50,0.02,7.547052226976633e-05
2648,Cat_11,288862,125,50,4,16690,2,50,0.08,7.546529726285902e-05
6365,Cat_16,288798,132,51,0,0,0,51,0.0,7.544857724075566e-05
9117,Cat_12,288719,144,57,5,14122,4,57,0.08771929824561403,7.54279384634718e-05
2168,Cat_9,288686,116,49,1,4558,0,49,0.02040816326530612,7.541931720207476e-05
9424,Cat_28,288636,121,47,1,3567,0,47,0.02127659574468085,7.54062546848065e-05
9875,Cat_3,288603,106,45,3,8947,3,45,0.06666666666666667,7.539763342340945e-05
860,Cat_4,288513,113,48,2,341,0,48,0.041666666666666664,7.53741208923266e-05
65,Cat_4,288489,114,55,4,9216,0,55,0.07272727272727272,7.536785088403783e-05
8486,Cat_20,288396,120,47,0,0,0,47,0.0,7.534355460191887e-05
5292,Cat_15,288342,116,52,4,10771,1,52,0.07692307692307693,7.532944708326917e-05
2835,Cat_3,288300,114,46,3,6750,1,46,0.06521739130434782,7.531847456876383e-05
429,Cat_26,288229,125,51,2,3722,0,51,0.0392156862745098,7.52999257942429e-05
3083,Cat_25,288214,121,49,0,0,0,49,0.0,7.529600703906243e-05
417,Cat_29,288194,128,52,2,3059,2,52,0.038461538461538464,7.529078203215512e-05
6068,Cat_16,288160,134,55,3,9670,2,55,0.05454545454545454,7.52818995204127e-05
8762,Cat_3,288131,127,51,2,4760,1,51,0.0392156862745098,7.527432326039713e-05
5129,Cat_15,288126,132,57,4,8395,1,57,0.07017543859649122,7.527301700867029e-05
6668,Cat_5,288115,111,45,0,0,0,45,0.0,7.527014325487128e-05
1293,Cat_14,288085,119,52,5,10707,2,52,0.09615384615384616,7.526230574451033e-05
7203,Cat_27,288079,115,55,2,3223,1,55,0.03636363636363636,7.526073824243814e-05
5867,Cat_16,288036,118,48,3,8616,1,48,0.0625,7.524950447758743e-05
6029,Cat_20,288017,121,45,5,13047,2,45,0.1111111111111111,7.524454072102549e-05
3973,Cat_11,287949,122,43,2,3181,0,43,0.046511627906976744,7.522677569754067e-05
6860,Cat_18,287933,129,55,3,6794,1,55,0.05454545454545454,7.522259569201483e-05
4291,Cat_3,287812,92,39,2,4753,0,39,0.05128205128205128,7.519098440022564e-05
7584,Cat_17,287682,109,46,2,5509,0,46,0.043478260869565216,7.515702185532819e-05
9078,Cat_23,287676,104,49,3,5650,0,49,0.061224489795918366,7.5155454353256e-05
1823,Cat_1,287584,136,50,2,4031,1,50,0.04,7.51314193214824e-05
8226,Cat_18,287581,117,51,3,9175,1,51,0.058823529411764705,7.513063557044631e-05
9971,Cat_4,287528,126,54,2,9243,2,54,0.037037037037037035,7.511678930214196e-05
312,Cat_4,287526,121,51,6,19024,4,51,0.11764705882352941,7.511626680145123e-05
7638,Cat_10,287524,106,46,1,3975,0,46,0.021739130434782608,7.51157443007605e-05
4630,Cat_12,287523,125,47,3,7791,0,47,0.06382978723404255,7.511548305041513e-05
5551,Cat_14,287498,105,42,2,6127,2,42,0.047619047619047616,7.5108951791781e-05
4434,Cat_20,287338,122,52,1,3816,0,52,0.019230769230769232,7.506715173652258e-05
4013,Cat_21,287256,127,53,1,4120,0,53,0.018867924528301886,7.504572920820265e-05
4926,Cat_26,287223,126,50,5,17942,1,50,0.1,7.50371079468056e-05
2439,Cat_19,287117,101,44,2,2776,1,44,0.045454545454545456,7.50094154101969e-05
3196,Cat_21,287037,128,57,2,1399,0,57,0.03508771929824561,7.498851538256769e-05
1443,Cat_1,287005,124,52,1,1709,0,52,0.019230769230769232,7.498015537151599e-05
4032,Cat_27,287003,112,47,1,1436,0,47,0.02127659574468085,7.497963287082526e-05
9068,Cat_3,286980,117,50,2,8898,1,50,0.04,7.497362411288187e-05
3602,Cat_25,286961,110,43,0,0,0,43,0.0,7.496866035631994e-05
931,Cat_5,286911,133,54,1,4661,0,54,0.018518518518518517,7.495559783905168e-05
2619,Cat_22,286843,114,58,1,1324,0,58,0.017241379310344827,7.493783281556685e-05
7534,Cat_27,286840,109,45,1,143,0,45,0.022222222222222223,7.493704906453075e-05
6404,Cat_3,286824,116,48,1,1564,0,48,0.020833333333333332,7.493286905900492e-05
2580,Cat_17,286758,114,51,1,4169,1,51,0.0196078431372549,7.491562653621081e-05
6647,Cat_17,286733,127,54,1,3532,1,54,0.018518518518518517,7.490909527757668e-05
3876,Cat_29,286706,135,56,2,1124,0,56,0.03571428571428571,7.490204151825183e-05
8399,Cat_17,286702,115,42,0,0,0,42,0.0,7.490099651687037e-05
6569,Cat_27,286669,108,44,1,1567,1,44,0.022727272727272728,7.489237525547332e-05
7398,Cat_8,286625,130,54,2,2334,0,54,0.037037037037037035,7.488088024027725e-05
4034,Cat_21,286609,125,51,1,4607,0,51,0.0196078431372549,7.487670023475141e-05
96,Cat_10,286562,116,53,0,0,0,53,0.0,7.486442146851924e-05
5091,Cat_26,286557,121,51,1,3701,1,51,0.0196078431372549,7.486311521679242e-05
5032,Cat_28,286518,117,46,2,4630,0,46,0.043478260869565216,7.485292645332318e-05
2452,Cat_26,286490,113,46,3,6628,1,46,0.06521739130434782,7.484561144365296e-05
8788,Cat_2,286366,122,49,2,6400,1,49,0.04081632653061224,7.481321640082768e-05
1725,Cat_22,286333,124,50,4,10691,0,50,0.08,7.480459513943064e-05
4410,Cat_10,286320,120,43,2,9641,0,43,0.046511627906976744,7.48011988849409e-05
3744,Cat_7,286309,123,48,1,2876,1,48,0.020833333333333332,7.479832513114187e-05
8782,Cat_13,286263,104,46,0,0,0,46,0.0,7.478630761525507e-05
1135,Cat_11,286236,129,55,5,9525,0,55,0.09090909090909091,7.477925385593022e-05
4967,Cat_18,286040,100,40,2,2580,0,40,0.05,7.472804878823866e-05
1329,Cat_13,285998,129,51,3,10913,0,51,0.058823529411764705,7.471707627373332e-05
8494,Cat_26,285992,112,46,2,8512,0,46,0.043478260869565216,7.471550877166113e-05
4453,Cat_27,285925,108,51,5,16095,3,51,0.09803921568627451,7.469800499852167e-05
6681,Cat_3,285901,104,43,2,6255,1,43,0.046511627906976744,7.469173499023291e-05
8597,Cat_17,285865,122,51,1,4584,1,51,0.0196078431372549,7.468232997779976e-05
8298,Cat_30,285846,112,45,4,6763,1,45,0.08888888888888889,7.467736622123783e-05
3803,Cat_7,285820,123,51,4,8122,1,51,0.0784313725490196,7.467057371225833e-05
3953,Cat_24,285811,110,45,0,0,0,45,0.0,7.466822245915004e-05
162,Cat_16,285761,116,50,0,0,0,50,0.0,7.465515994188178e-05
3930,Cat_26,285754,114,46,3,3914,0,46,0.06521739130434782,7.465333118946423e-05
1413,Cat_6,285695,111,47,3,8221,0,47,0.06382978723404255,7.463791741908769e-05
4375,Cat_28,285645,99,48,1,1512,0,48,0.020833333333333332,7.462485490181943e-05
1209,Cat_9,285641,129,57,1,4265,0,57,0.017543859649122806,7.462380990043797e-05
8215,Cat_13,285524,134,55,1,1035,0,55,0.01818181818181818,7.459324361003026e-05
3283,Cat_2,285520,128,55,3,7212,1,55,0.05454545454545454,7.45921986086488e-05
2387,Cat_9,285504,118,48,2,3964,0,48,0.041666666666666664,7.458801860312295e-05
5135,Cat_9,285482,128,54,4,8839,1,54,0.07407407407407407,7.458227109552492e-05
1878,Cat_4,285459,110,43,2,6351,2,43,0.046511627906976744,7.457626233758152e-05
8034,Cat_1,285387,124,51,3,5006,1,51,0.058823529411764705,7.455745231271523e-05
4226,Cat_26,285340,118,44,2,6009,1,44,0.045454545454545456,7.454517354648308e-05
8244,Cat_10,285319,129,49,4,5141,2,49,0.08163265306122448,7.453968728923041e-05
8824,Cat_5,285301,131,47,3,2502,0,47,0.06382978723404255,7.453498478301383e-05
365,Cat_17,285240,116,52,1,4383,0,52,0.019230769230769232,7.451904851194656e-05
9229,Cat_9,285208,130,54,0,0,0,54,0.0,7.451068850089488e-05
1131,Cat_16,285163,119,53,0,0,0,53,0.0,7.449893223535345e-05
1470,Cat_11,285087,108,44,5,11245,0,44,0.11363636363636363,7.44790772091057e-05
3240,Cat_8,285060,126,49,7,6484,2,49,0.14285714285714285,7.447202344978084e-05
3682,Cat_13,285000,140,61,1,1279,1,61,0.01639344262295082,7.445634842905893e-05
269,Cat_12,284919,109,43,3,8502,0,43,0.06976744186046512,7.443518715108436e-05
3011,Cat_29,284901,115,49,0,0,0,49,0.0,7.443048464486778e-05
7446,Cat_30,284813,128,53,3,9378,1,53,0.05660377358490566,7.440749461447566e-05
7782,Cat_22,284812,119,52,2,3315,0,52,0.038461538461538464,7.440723336413029e-05
4973,Cat_9,284806,121,55,3,6830,0,55,0.05454545454545454,7.44056658620581e-05
386,Cat_14,284713,137,52,5,15326,2,52,0.09615384615384616,7.438136957993914e-05
1775,Cat_13,284676,108,49,1,4430,1,49,0.02040816326530612,7.437170331716064e-05
8752,Cat_22,284527,116,45,1,2694,0,45,0.022222222222222223,7.433277701570123e-05
2976,Cat_19,284498,111,51,1,1558,1,51,0.0196078431372549,7.432520075568564e-05
4831,Cat_17,284444,124,49,2,1425,0,49,0.04081632653061224,7.431109323703593e-05
9886,Cat_12,284441,109,44,2,2133,0,44,0.045454545454545456,7.431030948599983e-05
4242,Cat_15,284440,123,51,3,10946,1,51,0.058823529411764705,7.431004823565447e-05
4554,Cat_8,284295,121,51,2,4212,0,51,0.0392156862745098,7.427216693557652e-05
3580,Cat_16,284162,136,57,1,3438,0,57,0.017543859649122806,7.423742063964296e-05
2578,Cat_16,284134,127,54,2,3334,0,54,0.037037037037037035,7.423010562997274e-05
739,Cat_4,284072,132,59,2,7769,1,59,0.03389830508474576,7.42139081085601e-05
9633,Cat_27,284063,125,47,2,6615,0,47,0.0425531914893617,7.421155685545182e-05
6415,Cat_9,283998,106,46,1,4049,1,46,0.021739130434782608,7.419457558300308e-05
1724,Cat_7,283980,118,51,1,2425,0,51,0.0196078431372549,7.418987307678652e-05
2556,Cat_13,283937,129,52,2,5598,0,52,0.038461538461538464,7.417863931193581e-05
8609,Cat_27,283912,125,52,5,12104,2,52,0.09615384615384616,7.417210805330168e-05
2714,Cat_25,283864,120,56,2,1896,0,56,0.03571428571428571,7.415956803672416e-05
8820,Cat_13,283674,117,52,0,0,0,52,0.0,7.410993047110478e-05
4827,Cat_4,283614,120,54,4,8402,1,54,0.07407407407407407,7.409425545038288e-05
6949,Cat_15,283542,117,48,1,946,1,48,0.020833333333333332,7.407544542551659e-05
2651,Cat_18,283402,116,50,3,11762,1,50,0.06,7.403887037716547e-05
989,Cat_30,283359,121,51,4,5448,1,51,0.0784313725490196,7.402763661231477e-05
5170,Cat_18,283348,119,56,2,6246,2,56,0.03571428571428571,7.402476285851576e-05
2433,Cat_3,283334,117,50,6,17243,0,50,0.12,7.402110535368064e-05
1670,Cat_18,283313,114,53,4,7333,0,53,0.07547169811320754,7.401561909642797e-05
2730,Cat_30,283251,136,56,2,6846,0,56,0.03571428571428571,7.399942157501534e-05
7917,Cat_4,283229,112,46,1,3636,0,46,0.021739130434782608,7.39936740674173e-05
2768,Cat_1,283102,126,49,0,0,0,49,0.0,7.396049527355594e-05
9870,Cat_16,283012,124,54,2,994,0,54,0.037037037037037035,7.393698274247307e-05
1886,Cat_22,282984,132,53,0,0,0,53,0.0,7.392966773280285e-05
3142,Cat_20,282984,117,48,3,7036,1,48,0.0625,7.392966773280285e-05
6515,Cat_4,282902,122,55,3,6905,2,55,0.05454545454545454,7.390824520448291e-05
1645,Cat_15,282831,131,57,4,10695,2,57,0.07017543859649122,7.3889696429962e-05
7361,Cat_21,282824,105,49,3,11073,1,49,0.061224489795918366,7.388786767754443e-05
3636,Cat_2,282818,120,50,0,0,0,50,0.0,7.388630017547224e-05
7154,Cat_12,282775,106,44,2,5667,1,44,0.045454545454545456,7.387506641062154e-05
69,Cat_13,282667,118,53,5,8707,2,53,0.09433962264150944,7.384685137332211e-05
8929,Cat_25,282525,116,49,2,4294,0,49,0.04081632653061224,7.380975382428026e-05
3457,Cat_6,282374,124,53,1,2842,0,53,0.018867924528301886,7.377030502213013e-05
3760,Cat_30,282274,133,53,0,0,0,53,0.0,7.374417998759361e-05
6611,Cat_3,282228,130,53,3,7534,2,53,0.05660377358490566,7.373216247170683e-05
1949,Cat_25,282185,101,47,3,6200,0,47,0.06382978723404255,7.372092870685612e-05
7074,Cat_15,282119,124,49,2,3107,0,49,0.04081632653061224,7.370368618406203e-05
5978,Cat_21,282111,122,52,1,1873,0,52,0.019230769230769232,7.37015961812991e-05
5529,Cat_24,282080,122,50,4,12344,1,50,0.08,7.369349742059278e-05
6389,Cat_5,281950,120,49,0,0,0,49,0.0,7.365953487569532e-05
1080,Cat_10,281878,120,48,1,4411,0,48,0.020833333333333332,7.364072485082904e-05
2175,Cat_17,281774,114,50,1,2893,1,50,0.02,7.361355481491106e-05
594,Cat_17,281694,119,52,1,574,0,52,0.019230769230769232,7.359265478728185e-05
856,Cat_10,281651,102,41,2,3817,1,41,0.04878048780487805,7.358142102243115e-05
6733,Cat_27,281639,125,50,0,0,0,50,0.0,7.357828601828677e-05
8869,Cat_21,281634,117,45,2,4022,0,45,0.044444444444444446,7.357697976655994e-05
3589,Cat_9,281621,115,49,2,5691,0,49,0.04081632653061224,7.35735835120702e-05
5943,Cat_2,281565,109,45,6,16052,1,45,0.13333333333333333,7.355895349272975e-05
6099,Cat_9,281559,117,46,1,3220,1,46,0.021739130434782608,7.355738599065756e-05
7096,Cat_22,281534,124,53,4,13408,2,53,0.07547169811320754,7.355085473202343e-05
1987,Cat_26,281498,123,50,2,8306,1,50,0.04,7.354144971959028e-05
1010,Cat_21,281497,126,53,3,7798,2,53,0.05660377358490566,7.354118846924492e-05
4399,Cat_19,281423,129,54,6,12268,1,54,0.1111111111111111,7.35218559436879e-05
8378,Cat_16,281330,137,56,2,2907,0,56,0.03571428571428571,7.349755966156895e-05
6199,Cat_15,281303,113,55,2,6843,0,55,0.03636363636363636,7.349050590224409e-05
9182,Cat_8,281303,129,56,3,7584,0,56,0.05357142857142857,7.349050590224409e-05
6641,Cat_19,281195,131,53,0,0,0,53,0.0,7.346229086494466e-05
7550,Cat_16,281177,119,54,2,5247,2,54,0.037037037037037035,7.345758835872808e-05
8973,Cat_13,281137,117,46,3,8304,1,46,0.06521739130434782,7.344713834491348e-05
8172,Cat_15,281026,122,46,5,13120,1,46,0.10869565217391304,7.341813955657794e-05
2195,Cat_13,280882,128,54,1,579,0,54,0.018518518518518517,7.338051950684537e-05
4612,Cat_14,280748,116,54,4,11780,1,54,0.07407407407407407,7.334551196056645e-05
6577,Cat_9,280724,117,49,2,6426,1,49,0.04081632653061224,7.333924195227768e-05
4342,Cat_10,280698,136,53,3,7163,3,53,0.05660377358490566,7.333244944329819e-05
5336,Cat_2,280625,112,50,1,2153,0,50,0.02,7.331337816808653e-05
6971,Cat_28,280589,115,55,1,287,0,55,0.01818181818181818,7.330397315565339e-05
800,Cat_21,280588,106,43,2,9256,0,43,0.046511627906976744,7.330371190530803e-05
3151,Cat_3,280568,125,50,3,10642,2,50,0.06,7.329848689840072e-05
8935,Cat_4,280547,134,54,2,1736,0,54,0.037037037037037035,7.329300064114805e-05
5941,Cat_20,280498,116,52,5,14076,1,52,0.09615384615384616,7.328019937422517e-05
8111,Cat_6,280494,113,44,2,11150,0,44,0.045454545454545456,7.32791543728437e-05
3444,Cat_6,280493,116,47,0,0,0,47,0.0,7.327889312249835e-05
823,Cat_25,280382,103,42,3,7850,0,42,0.07142857142857142,7.324989433416281e-05
1334,Cat_10,280376,116,49,2,5556,1,49,0.04081632653061224,7.324832683209062e-05
9630,Cat_6,280368,130,56,2,2715,1,56,0.03571428571428571,7.32462368293277e-05
3499,Cat_3,280334,108,42,2,7267,0,42,0.047619047619047616,7.323735431758529e-05
2664,Cat_4,280304,120,52,2,3434,0,52,0.038461538461538464,7.322951680722433e-05
231,Cat_4,280286,113,46,0,0,0,46,0.0,7.322481430100776e-05
5638,Cat_8,280223,110,46,3,4958,1,46,0.06521739130434782,7.320835552924977e-05
2167,Cat_15,280067,116,49,2,4489,1,49,0.04081632653061224,7.316760047537281e-05
4685,Cat_27,280029,119,48,1,3210,0,48,0.020833333333333332,7.315767296224892e-05
467,Cat_10,279934,149,55,3,7347,0,55,0.05454545454545454,7.313285417943923e-05
6494,Cat_2,279932,121,50,4,10178,1,50,0.08,7.31323316787485e-05
8140,Cat_20,279767,114,47,0,0,0,47,0.0,7.308922537176326e-05
6339,Cat_27,279695,112,46,4,7939,0,46,0.08695652173913043,7.307041534689698e-05
131,Cat_19,279600,101,46,3,8410,1,46,0.06521739130434782,7.304559656408729e-05
3195,Cat_26,279421,118,52,1,3302,1,52,0.019230769230769232,7.299883275226693e-05
9083,Cat_23,279366,118,47,2,2821,0,47,0.0425531914893617,7.298446398327185e-05
3433,Cat_19,279270,108,50,2,8082,1,50,0.04,7.29593839501168e-05
8354,Cat_27,279190,116,52,2,5852,0,52,0.038461538461538464,7.29384839224876e-05
316,Cat_21,279135,98,39,3,6333,0,39,0.07692307692307693,7.29241151534925e-05
6816,Cat_5,279078,120,46,2,8090,2,46,0.043478260869565216,7.290922388380669e-05
1754,Cat_6,278994,146,60,1,2083,0,60,0.016666666666666666,7.288727885479603e-05
263,Cat_7,278988,131,55,4,9075,1,55,0.07272727272727272,7.288571135272384e-05
1071,Cat_25,278959,120,57,2,7770,1,57,0.03508771929824561,7.287813509270825e-05
9497,Cat_19,278934,110,46,3,6879,1,46,0.06521739130434782,7.287160383407412e-05
740,Cat_20,278893,123,55,4,15287,2,55,0.07272727272727272,7.286089256991416e-05
3411,Cat_26,278888,123,55,4,8981,1,55,0.07272727272727272,7.285958631818732e-05
5664,Cat_30,278754,114,47,1,2285,0,47,0.02127659574468085,7.28245787719084e-05
9080,Cat_9,278656,111,50,3,9350,1,50,0.06,7.279897623806261e-05
4270,Cat_7,278579,114,47,2,2578,0,47,0.0425531914893617,7.277885996146951e-05
6479,Cat_3,278576,121,55,2,5197,0,55,0.03636363636363636,7.27780762104334e-05
6375,Cat_23,278499,127,48,3,10384,1,48,0.0625,7.27579599338403e-05
9425,Cat_13,278441,109,48,4,16034,1,48,0.08333333333333333,7.274280741380911e-05
159,Cat_14,278351,126,51,4,7553,0,51,0.0784313725490196,7.271929488272626e-05
8866,Cat_8,278268,110,45,2,9027,1,45,0.044444444444444446,7.269761110406095e-05
5353,Cat_12,278252,121,50,5,14649,0,50,0.1,7.269343109853511e-05
4583,Cat_18,278240,109,45,2,7223,1,45,0.044444444444444446,7.269029609439073e-05
2852,Cat_30,278234,124,48,4,7550,0,48,0.08333333333333333,7.268872859231854e-05
3543,Cat_24,278195,105,44,5,9074,1,44,0.11363636363636363,7.26785398288493e-05
1752,Cat_9,278148,108,48,5,16021,2,48,0.10416666666666667,7.266626106261713e-05
327,Cat_28,278051,132,54,3,8820,1,54,0.05555555555555555,7.264091977911672e-05
669,Cat_8,278009,116,46,1,4638,0,46,0.021739130434782608,7.262994726461138e-05
2655,Cat_29,278001,115,43,1,423,0,43,0.023255813953488372,7.262785726184847e-05
2289,Cat_21,277772,113,49,4,7959,1,49,0.08163265306122448,7.256803093275985e-05
5462,Cat_1,277770,121,49,2,4257,0,49,0.04081632653061224,7.256750843206912e-05
1683,Cat_27,277724,119,53,4,6196,1,53,0.07547169811320754,7.255549091618232e-05
7332,Cat_12,277625,105,45,1,879,0,45,0.022222222222222223,7.252962713199118e-05
8911,Cat_12,277463,119,48,0,0,0,48,0.0,7.248730457604203e-05
3708,Cat_6,277356,122,48,3,9335,1,48,0.0625,7.245935078908797e-05
3357,Cat_23,277285,127,52,0,0,0,52,0.0,7.244080201456704e-05
6542,Cat_26,277053,119,47,1,2013,0,47,0.02127659574468085,7.238019193444233e-05
8016,Cat_27,277045,131,52,6,18555,2,52,0.11538461538461539,7.237810193167941e-05
3128,Cat_12,276996,117,50,3,8556,0,50,0.06,7.236530066475652e-05
2897,Cat_19,276871,102,49,3,9276,2,49,0.061224489795918366,7.233264437158589e-05
2739,Cat_24,276856,107,46,2,4261,0,46,0.043478260869565216,7.23287256164054e-05
8770,Cat_18,276788,108,50,3,7870,0,50,0.06,7.231096059292057e-05
6014,Cat_29,276717,114,45,4,7224,1,45,0.08888888888888889,7.229241181839964e-05
1760,Cat_17,276657,114,53,2,7544,0,53,0.03773584905660377,7.227673679767774e-05
2909,Cat_10,276589,127,53,1,3616,1,53,0.018867924528301886,7.225897177419292e-05
8213,Cat_29,276577,118,53,0,0,0,53,0.0,7.225583677004853e-05
3363,Cat_17,276499,133,57,0,0,0,57,0.0,7.223545924311005e-05
7128,Cat_20,276328,129,58,0,0,0,58,0.0,7.219078543405262e-05
4723,Cat_9,276221,129,53,3,7987,1,53,0.05660377358490566,7.216283164709855e-05
5502,Cat_2,276083,120,47,2,5481,0,47,0.0425531914893617,7.212677909943817e-05
3983,Cat_19,275831,109,50,6,17892,3,50,0.12,7.206094401240615e-05
6203,Cat_8,275663,112,44,0,0,0,44,0.0,7.201705395438482e-05
5044,Cat_15,275658,123,44,0,0,0,44,0.0,7.201574770265799e-05
912,Cat_19,275656,135,58,2,9547,1,58,0.034482758620689655,7.201522520196726e-05
296,Cat_27,275480,112,48,3,4753,0,48,0.0625,7.1969245141183e-05
2085,Cat_7,275472,112,48,3,8750,0,48,0.0625,7.196715513842008e-05
7618,Cat_20,275418,119,50,2,3269,0,50,0.04,7.195304761977036e-05
5426,Cat_9,275319,125,56,2,7036,2,56,0.03571428571428571,7.192718383557921e-05
1961,Cat_26,275316,122,53,3,5660,0,53,0.05660377358490566,7.192640008454312e-05
7457,Cat_11,275080,109,46,5,14239,0,46,0.10869565217391304,7.186474500303695e-05
9964,Cat_27,274958,108,43,1,1842,0,43,0.023255813953488372,7.18328724609024e-05
8441,Cat_22,274907,112,48,3,4273,1,48,0.0625,7.181954869328879e-05
709,Cat_26,274859,127,51,3,7930,1,51,0.058823529411764705,7.180700867671126e-05
859,Cat_25,274844,114,54,0,0,0,54,0.0,7.180308992153078e-05
2478,Cat_7,274806,124,50,3,7405,1,50,0.06,7.179316240840691e-05
8711,Cat_6,274589,130,50,3,3421,0,50,0.06,7.173647108346268e-05
6120,Cat_15,274375,147,56,2,5463,0,56,0.03571428571428571,7.168056350955455e-05
3552,Cat_19,274265,117,45,1,1780,0,45,0.022222222222222223,7.165182597156437e-05
930,Cat_15,274159,116,46,1,1110,0,46,0.021739130434782608,7.162413343495568e-05
8552,Cat_27,274088,99,47,4,11717,0,47,0.0851063829787234,7.160558466043475e-05
2987,Cat_28,274050,105,46,0,0,0,46,0.0,7.159565714731087e-05
2002,Cat_10,274016,111,47,2,8056,1,47,0.0425531914893617,7.158677463556846e-05
5756,Cat_26,273901,112,46,2,5868,1,46,0.043478260869565216,7.155673084585148e-05
7167,Cat_25,273796,110,48,0,0,0,48,0.0,7.152929955958814e-05
7282,Cat_14,273785,114,46,2,5625,2,46,0.043478260869565216,7.152642580578913e-05
183,Cat_5,273620,128,52,3,11040,1,52,0.057692307692307696,7.148331949880387e-05
6739,Cat_16,273589,117,50,1,4468,0,50,0.02,7.147522073809756e-05
8022,Cat_3,273510,120,49,3,9055,1,49,0.061224489795918366,7.145458196081371e-05
4220,Cat_19,273362,129,47,1,543,0,47,0.02127659574468085,7.141591690969968e-05
1699,Cat_27,273322,135,56,1,7397,1,56,0.017857142857142856,7.140546689588507e-05
7070,Cat_1,273280,118,49,3,12958,1,49,0.061224489795918366,7.139449438137973e-05
3714,Cat_20,273234,103,40,1,3584,1,40,0.025,7.138247686549294e-05
3134,Cat_10,273203,111,46,2,8472,0,46,0.043478260869565216,7.137437810478663e-05
1427,Cat_29,273122,125,53,2,4580,1,53,0.03773584905660377,7.135321682681205e-05
4698,Cat_28,273043,120,46,1,4028,0,46,0.021739130434782608,7.133257804952821e-05
4159,Cat_7,272990,108,46,2,6596,0,46,0.043478260869565216,7.131873178122386e-05
9209,Cat_14,272898,110,46,4,8942,0,46,0.08695652173913043,7.129469674945026e-05
199,Cat_6,272857,114,49,5,16820,3,49,0.10204081632653061,7.12839854852903e-05
60,Cat_20,272833,103,42,3,11535,1,42,0.07142857142857142,7.127771547700153e-05
6762,Cat_6,272630,117,49,2,3405,1,49,0.04081632653061224,7.122468165689241e-05
377,Cat_11,272612,109,45,2,3723,1,45,0.044444444444444446,7.121997915067583e-05
8152,Cat_12,272610,115,49,3,6186,0,49,0.061224489795918366,7.12194566499851e-05
1203,Cat_16,272603,117,50,1,4668,1,50,0.02,7.121762789756755e-05
7796,Cat_24,272553,99,42,5,8051,3,42,0.11904761904761904,7.120456538029929e-05
5681,Cat_15,272449,101,47,4,3173,1,47,0.0851063829787234,7.117739534438132e-05
4052,Cat_23,272404,104,46,5,10339,1,46,0.10869565217391304,7.11656390788399e-05
2767,Cat_27,272272,114,44,1,893,0,44,0.022727272727272728,7.11311540332517e-05
7626,Cat_9,271952,106,41,5,9670,0,41,0.12195121951219512,7.104755392273486e-05
9746,Cat_1,271909,125,49,1,4407,0,49,0.02040816326530612,7.103632015788416e-05
4024,Cat_18,271881,117,47,1,3414,0,47,0.02127659574468085,7.102900514821394e-05
4431,Cat_28,271866,118,54,1,2839,0,54,0.018518518518518517,7.102508639303345e-05
5082,Cat_5,271861,134,54,3,6141,0,54,0.05555555555555555,7.102378014130663e-05
6709,Cat_4,271753,128,50,4,11794,1,50,0.08,7.09955651040072e-05
6133,Cat_11,271676,99,43,1,4387,1,43,0.023255813953488372,7.097544882741408e-05
6076,Cat_22,271595,133,57,3,7328,0,57,0.05263157894736842,7.095428754943951e-05
6176,Cat_26,271522,132,59,1,3571,0,59,0.01694915254237288,7.093521627422785e-05
1909,Cat_27,271363,128,57,5,16741,2,57,0.08771929824561403,7.08936774693148e-05
5369,Cat_6,271278,106,45,4,5267,1,45,0.08888888888888889,7.087147118995877e-05
3432,Cat_19,271187,127,51,1,1174,0,51,0.0196078431372549,7.084769740853054e-05
1210,Cat_3,271094,109,53,3,6285,0,53,0.05660377358490566,7.082340112641158e-05
2373,Cat_20,271091,124,52,3,8740,0,52,0.057692307692307696,7.08226173753755e-05
2003,Cat_25,271047,130,52,3,11129,1,52,0.057692307692307696,7.081112236017943e-05
3258,Cat_24,271036,125,55,2,4794,2,55,0.03636363636363636,7.080824860638041e-05
7572,Cat_27,270991,96,41,3,8314,1,41,0.07317073170731707,7.079649234083897e-05
902,Cat_4,270903,122,50,3,10501,2,50,0.06,7.077350231044685e-05
6894,Cat_9,270806,116,45,3,9830,1,45,0.06666666666666667,7.074816102694644e-05
1398,Cat_29,270782,114,45,2,3415,1,45,0.044444444444444446,7.074189101865767e-05
4450,Cat_11,270763,105,46,1,1268,1,46,0.021739130434782608,7.073692726209573e-05
8228,Cat_11,270757,95,46,1,330,0,46,0.021739130434782608,7.073535976002354e-05
5172,Cat_29,270695,119,47,3,7093,1,47,0.06382978723404255,7.07191622386109e-05
1045,Cat_6,270657,97,42,1,4072,1,42,0.023809523809523808,7.070923472548703e-05
4488,Cat_14,270646,107,46,2,7148,0,46,0.043478260869565216,7.070636097168802e-05
8374,Cat_5,270536,115,48,4,10516,2,48,0.08333333333333333,7.067762343369786e-05
8331,Cat_29,270394,101,38,2,4207,0,38,0.05263157894736842,7.0640525884656e-05
4188,Cat_19,270284,122,50,0,0,0,50,0.0,7.061178834666584e-05
5541,Cat_18,270262,129,54,2,6310,0,54,0.037037037037037035,7.060604083906781e-05
5139,Cat_3,270046,120,51,3,9845,2,51,0.058823529411764705,7.054961076446894e-05
5533,Cat_21,270003,111,45,1,3988,0,45,0.022222222222222223,7.053837699961824e-05
8311,Cat_11,269840,114,49,3,9201,1,49,0.061224489795918366,7.049579319332372e-05
4915,Cat_12,269790,112,48,0,0,0,48,0.0,7.048273067605547e-05
3848,Cat_29,269769,116,45,2,4904,0,45,0.044444444444444446,7.047724441880281e-05
1600,Cat_2,269713,100,43,1,1950,1,43,0.023255813953488372,7.046261439946235e-05
5378,Cat_23,269674,115,43,2,7008,2,43,0.046511627906976744,7.045242563599312e-05
2582,Cat_20,269416,121,49,1,4279,1,49,0.02040816326530612,7.038502304688891e-05
1636,Cat_20,269251,102,45,2,5783,0,45,0.044444444444444446,7.034191673990367e-05
6488,Cat_24,269168,123,49,2,5140,0,49,0.04081632653061224,7.032023296123837e-05
7425,Cat_25,269046,114,50,2,3697,1,50,0.04,7.028836041910383e-05
1227,Cat_2,268933,98,40,3,7887,0,40,0.075,7.025883913007756e-05
4087,Cat_9,268914,119,47,1,4845,1,47,0.02127659574468085,7.025387537351562e-05
8734,Cat_7,268837,105,44,2,8165,1,44,0.045454545454545456,7.023375909692252e-05
7791,Cat_6,268751,110,46,2,5565,0,46,0.043478260869565216,7.021129156722111e-05
5200,Cat_12,268692,111,45,3,7913,1,45,0.06666666666666667,7.019587779684457e-05
4394,Cat_30,268569,119,49,5,18673,2,49,0.10204081632653061,7.016374400436467e-05
6669,Cat_6,268533,134,56,4,3538,1,56,0.07142857142857142,7.015433899193152e-05
4337,Cat_27,268466,114,47,1,2931,0,47,0.02127659574468085,7.013683521879206e-05
8804,Cat_12,268464,133,53,2,5549,0,53,0.03773584905660377,7.013631271810133e-05
7801,Cat_6,268340,100,42,4,4804,1,42,0.09523809523809523,7.010391767527605e-05
6736,Cat_24,268103,104,44,1,4625,0,44,0.022727272727272728,7.004200134342452e-05
5492,Cat_20,268092,103,41,1,4942,0,41,0.024390243902439025,7.00391275896255e-05
1225,Cat_8,267928,102,46,1,2269,0,46,0.021739130434782608,6.999628253298563e-05
6605,Cat_27,267885,103,45,4,8106,0,45,0.08888888888888889,6.998504876813492e-05
4132,Cat_15,267781,115,48,2,5984,0,48,0.041666666666666664,6.995787873221695e-05
8806,Cat_10,267507,116,47,2,5589,1,47,0.0425531914893617,6.988629613758691e-05
1405,Cat_30,267469,125,51,5,14972,3,51,0.09803921568627451,6.987636862446303e-05
9920,Cat_23,267410,105,41,2,5852,0,41,0.04878048780487805,6.986095485408649e-05
2902,Cat_22,267366,128,52,1,3371,1,52,0.019230769230769232,6.984945983889042e-05
598,Cat_16,267356,121,53,1,488,0,53,0.018867924528301886,6.984684733543677e-05
2232,Cat_10,267258,108,47,7,16242,1,47,0.14893617021276595,6.9821244801591e-05
6672,Cat_25,267257,112,50,2,5773,0,50,0.04,6.982098355124562e-05
1630,Cat_28,267250,127,48,5,13018,2,48,0.10416666666666667,6.981915479882807e-05
5323,Cat_27,267227,96,40,0,0,0,40,0.0,6.981314604088467e-05
3630,Cat_17,267153,116,50,2,1139,0,50,0.04,6.979381351532765e-05
8283,Cat_28,267070,105,42,1,7557,0,42,0.023809523809523808,6.977212973666235e-05
406,Cat_10,266981,132,53,2,2165,0,53,0.03773584905660377,6.974887845592485e-05
550,Cat_3,266916,119,47,2,7569,1,47,0.0425531914893617,6.973189718347613e-05
8689,Cat_6,266908,121,49,4,17891,1,49,0.08163265306122448,6.97298071807132e-05
6107,Cat_23,266745,119,47,4,12473,0,47,0.0851063829787234,6.968722337441868e-05
1394,Cat_27,266689,115,45,0,0,0,45,0.0,6.967259335507824e-05
9733,Cat_22,266518,110,50,4,10258,1,50,0.08,6.96279195460208e-05
9814,Cat_26,266198,104,48,4,6331,1,48,0.08333333333333333,6.954431943550396e-05
5177,Cat_27,266051,101,44,3,12643,0,44,0.06818181818181818,6.950591563473529e-05
2754,Cat_26,265874,132,56,5,6641,1,56,0.08928571428571429,6.945967432360566e-05
6632,Cat_13,265839,109,44,0,0,0,44,0.0,6.945053056151789e-05
5367,Cat_10,265740,118,53,3,5409,2,53,0.05660377358490566,6.942466677732674e-05
8740,Cat_2,265731,110,49,4,8302,2,49,0.08163265306122448,6.942231552421845e-05
946,Cat_1,265506,116,46,2,4689,1,46,0.043478260869565216,6.93635341965113e-05
1501,Cat_1,265480,119,49,3,5874,1,49,0.061224489795918366,6.93567416875318e-05
6865,Cat_15,265405,122,49,1,1026,0,49,0.02040816326530612,6.933714791162943e-05
7078,Cat_8,265370,105,40,1,2247,0,40,0.025,6.932800414954164e-05
9505,Cat_5,265356,114,49,3,8141,1,49,0.061224489795918366,6.932434664470654e-05
3676,Cat_1,265339,121,50,0,0,0,50,0.0,6.931990538883533e-05
3704,Cat_28,265230,118,50,1,2425,1,50,0.02,6.929142910119053e-05
3089,Cat_12,265018,107,40,1,2082,0,40,0.025,6.923604402797312e-05
790,Cat_6,264812,122,50,3,13281,1,50,0.06,6.918222645682792e-05
4876,Cat_1,264404,115,46,3,10044,1,46,0.06521739130434782,6.907563631591894e-05
6254,Cat_19,264355,141,56,4,12031,3,56,0.07142857142857142,6.906283504899605e-05
3625,Cat_21,264255,115,51,3,9030,1,51,0.058823529411764705,6.903671001445953e-05
4286,Cat_16,264147,109,45,0,0,0,45,0.0,6.90084949771601e-05
6806,Cat_6,264035,119,53,2,5359,1,53,0.03773584905660377,6.897923493847921e-05
2177,Cat_25,263851,111,47,3,12054,1,47,0.06382978723404255,6.893116487493203e-05
5178,Cat_13,263699,115,49,5,14427,1,49,0.10204081632653061,6.889145482243654e-05
5900,Cat_20,263573,129,55,3,8315,0,55,0.05454545454545454,6.885853727892053e-05
2558,Cat_21,263549,127,49,1,1688,1,49,0.02040816326530612,6.885226727063176e-05
5546,Cat_9,263469,110,41,4,6782,1,41,0.0975609756097561,6.883136724300256e-05
5996,Cat_8,263448,110,42,0,0,0,42,0.0,6.882588098574989e-05
6122,Cat_11,263333,106,45,2,4735,1,45,0.044444444444444446,6.87958371960329e-05
6756,Cat_24,263150,106,42,4,12514,3,42,0.09523809523809523,6.874802838283108e-05
4624,Cat_21,263026,99,44,2,6257,1,44,0.045454545454545456,6.87156333400058e-05
7386,Cat_2,262764,123,48,1,2097,0,48,0.020833333333333332,6.864718574952014e-05
1379,Cat_1,262668,96,40,2,5848,2,40,0.05,6.86221057163651e-05
8346,Cat_29,262606,121,54,4,10194,4,54,0.07407407407407407,6.860590819495245e-05
1074,Cat_13,262463,109,47,3,8442,2,47,0.06382978723404255,6.856854939556524e-05
3065,Cat_2,262205,104,46,1,2617,1,46,0.021739130434782608,6.850114680646104e-05
2910,Cat_21,262166,103,44,5,13606,4,44,0.11363636363636363,6.84909580429918e-05
7433,Cat_13,262142,88,35,0,0,0,35,0.0,6.848468803470304e-05
4145,Cat_13,262019,107,51,3,10447,0,51,0.058823529411764705,6.845255424222314e-05
9315,Cat_6,261980,116,47,4,12150,1,47,0.0851063829787234,6.844236547875389e-05
2152,Cat_7,261959,120,51,1,3732,0,51,0.0196078431372549,6.843687922150122e-05
4912,Cat_17,261764,129,52,0,0,0,52,0.0,6.838593540415503e-05
8849,Cat_16,261652,108,49,4,10741,1,49,0.08163265306122448,6.835667536547414e-05
8611,Cat_11,261648,122,50,4,10300,1,50,0.08,6.835563036409268e-05
5188,Cat_10,261340,108,46,1,4851,0,46,0.021739130434782608,6.827516525772022e-05
3025,Cat_8,261184,115,49,3,1208,1,49,0.061224489795918366,6.823441020384326e-05
5219,Cat_12,261047,94,38,0,0,0,38,0.0,6.819861890652824e-05
3144,Cat_19,261045,104,41,0,0,0,41,0.0,6.819809640583751e-05
8176,Cat_27,260898,124,46,2,4828,1,46,0.043478260869565216,6.815969260506883e-05
8477,Cat_13,260832,109,42,3,6060,0,42,0.07142857142857142,6.814245008227474e-05
8032,Cat_21,260777,114,48,1,3607,0,48,0.020833333333333332,6.812808131327966e-05
9289,Cat_13,260548,115,49,2,7592,0,49,0.04081632653061224,6.806825498419104e-05
4208,Cat_23,260234,112,48,5,12747,2,48,0.10416666666666667,6.79862223757464e-05
1388,Cat_30,259945,108,44,1,1409,0,44,0.022727272727272728,6.791072102593588e-05
8014,Cat_25,259805,112,48,5,14169,1,48,0.10416666666666667,6.787414597758476e-05
243,Cat_10,259798,116,46,1,927,0,46,0.021739130434782608,6.78723172251672e-05
8383,Cat_22,259749,109,42,3,6221,2,42,0.07142857142857142,6.785951595824431e-05
8730,Cat_16,259620,123,49,1,3448,1,49,0.02040816326530612,6.782581466369221e-05
6683,Cat_12,259563,129,53,3,4331,0,53,0.05660377358490566,6.78109233940064e-05
5842,Cat_14,259328,121,52,4,8746,0,52,0.07692307692307693,6.774952956284559e-05
5988,Cat_8,259198,104,46,2,9112,1,46,0.043478260869565216,6.771556701794814e-05
8157,Cat_3,259181,125,52,6,20836,3,52,0.11538461538461539,6.771112576207693e-05
224,Cat_20,258714,114,49,2,6635,0,49,0.04081632653061224,6.758912185079141e-05
6079,Cat_30,258656,113,47,1,973,1,47,0.02127659574468085,6.757396933076024e-05
6555,Cat_7,258576,114,46,2,5160,0,46,0.043478260869565216,6.755306930313103e-05
2276,Cat_8,258570,107,45,2,9584,1,45,0.044444444444444446,6.755150180105884e-05
8124,Cat_8,258458,115,51,0,0,0,51,0.0,6.752224176237795e-05
1958,Cat_8,258434,106,45,4,5806,1,45,0.08888888888888889,6.751597175408918e-05
7138,Cat_14,258311,99,47,3,6473,1,47,0.06382978723404255,6.748383796160927e-05
3095,Cat_14,258183,112,46,2,4206,1,46,0.043478260869565216,6.745039791740253e-05
5161,Cat_9,258144,110,50,1,3976,1,50,0.02,6.74402091539333e-05
298,Cat_15,258071,110,45,0,0,0,45,0.0,6.742113787872164e-05
7751,Cat_2,258012,96,45,3,10624,2,45,0.06666666666666667,6.74057241083451e-05
4786,Cat_21,257880,103,45,2,5501,0,45,0.044444444444444446,6.73712390627569e-05
8588,Cat_27,257873,119,46,2,7717,2,46,0.043478260869565216,6.736941031033935e-05
9615,Cat_18,257718,108,52,2,5963,1,52,0.038461538461538464,6.732891650680776e-05
5098,Cat_18,257489,103,46,4,11033,0,46,0.08695652173913043,6.726909017771914e-05
7383,Cat_3,257372,126,49,1,299,1,49,0.02040816326530612,6.723852388731142e-05
6020,Cat_17,257288,119,48,2,3472,0,48,0.041666666666666664,6.721657885830076e-05
5746,Cat_26,257164,94,45,1,1434,0,45,0.022222222222222223,6.718418381547548e-05
611,Cat_26,257084,111,42,3,10280,1,42,0.07142857142857142,6.716328378784627e-05
6495,Cat_4,256906,111,52,3,5233,0,52,0.057692307692307696,6.711678122637127e-05
9210,Cat_18,256752,101,45,2,5012,1,45,0.044444444444444446,6.707654867318504e-05
315,Cat_7,256573,96,42,2,7726,2,42,0.047619047619047616,6.702978486136469e-05
1037,Cat_21,256377,118,46,3,8203,1,46,0.06521739130434782,6.697857979367314e-05
2535,Cat_16,256343,124,55,2,5963,2,55,0.03636363636363636,6.696969728193071e-05
7871,Cat_5,256133,115,49,4,13237,2,49,0.08163265306122448,6.691483470940404e-05
4243,Cat_3,256100,120,47,2,1699,0,47,0.0425531914893617,6.690621344800699e-05
612,Cat_29,256070,104,43,3,8185,1,43,0.06976744186046512,6.689837593764604e-05
5024,Cat_7,255909,93,38,1,1500,0,38,0.02631578947368421,6.685631463204226e-05
4016,Cat_24,255788,100,42,1,2661,0,42,0.023809523809523808,6.682470334025307e-05
9903,Cat_13,255682,104,44,2,7288,1,44,0.045454545454545456,6.679701080364437e-05
8590,Cat_24,255640,90,34,2,4845,1,34,0.058823529411764705,6.678603828913904e-05
8216,Cat_22,255550,103,46,4,11780,2,46,0.08695652173913043,6.676252575805617e-05
6481,Cat_28,255513,90,42,3,9353,1,42,0.07142857142857142,6.675285949527767e-05
3985,Cat_15,255243,105,47,1,1308,0,47,0.02127659574468085,6.668232190202909e-05
1461,Cat_7,255173,124,50,3,5644,2,50,0.06,6.666403437785352e-05
5917,Cat_18,255054,101,43,0,0,0,43,0.0,6.663294558675508e-05
8395,Cat_17,254618,104,44,2,7030,0,44,0.045454545454545456,6.651904043617588e-05
8625,Cat_9,254599,122,55,3,8360,1,55,0.05454545454545454,6.651407667961395e-05
6630,Cat_11,254416,122,55,5,6070,1,55,0.09090909090909091,6.646626786641213e-05
7174,Cat_28,254408,119,50,6,23132,2,50,0.12,6.646417786364922e-05
466,Cat_5,254308,108,43,1,4306,1,43,0.023255813953488372,6.64380528291127e-05
638,Cat_28,254075,115,50,2,4352,0,50,0.04,6.637718149864263e-05
1101,Cat_9,254057,124,47,2,1116,0,47,0.0425531914893617,6.637247899242605e-05
6826,Cat_12,254021,118,46,0,0,0,46,0.0,6.636307397999291e-05
765,Cat_30,253746,113,46,2,4855,0,46,0.043478260869565216,6.629123013501751e-05
8275,Cat_24,253724,115,52,2,1993,1,52,0.038461538461538464,6.628548262741947e-05
5342,Cat_8,253203,113,45,4,7551,0,45,0.08888888888888889,6.614937119748424e-05
8987,Cat_4,253041,116,48,2,8088,1,48,0.041666666666666664,6.610704864153509e-05
8807,Cat_15,252836,119,45,4,7303,1,45,0.08888888888888889,6.605349232073524e-05
252,Cat_30,252629,106,43,1,1894,0,43,0.023255813953488372,6.599941349924467e-05
8209,Cat_20,252628,109,45,1,2949,1,45,0.022222222222222223,6.59991522488993e-05
4706,Cat_13,252581,116,46,1,3455,1,46,0.021739130434782608,6.598687348266714e-05
7066,Cat_17,252539,106,42,1,4160,1,42,0.023809523809523808,6.59759009681618e-05
8584,Cat_24,252498,105,43,2,6880,1,43,0.046511627906976744,6.596518970400184e-05
8258,Cat_15,252426,112,49,2,1866,1,49,0.04081632653061224,6.594637967913554e-05
3481,Cat_6,252202,105,49,2,6860,1,49,0.04081632653061224,6.588785960177376e-05
4918,Cat_20,252118,114,46,0,0,0,46,0.0,6.586591457276308e-05
1902,Cat_1,252009,119,46,4,11361,3,46,0.08695652173913043,6.58374382851183e-05
8848,Cat_2,251807,102,46,3,6057,2,46,0.06521739130434782,6.578466571535454e-05
3407,Cat_18,251547,111,47,0,0,0,47,0.0,6.57167406255596e-05
9744,Cat_7,251532,126,52,3,13396,2,52,0.057692307692307696,6.571282187037912e-05
3529,Cat_12,251397,104,47,2,8814,1,47,0.0425531914893617,6.567755307375483e-05
6938,Cat_18,250963,121,50,2,8154,0,50,0.04,6.556417042386637e-05
9162,Cat_26,250568,114,53,5,15677,4,53,0.09433962264150944,6.546097653744715e-05
5609,Cat_26,250413,118,51,4,11790,1,51,0.0784313725490196,6.542048273391557e-05
1714,Cat_17,250405,107,42,2,3694,0,42,0.047619047619047616,6.541839273115264e-05
1563,Cat_8,250352,94,41,1,996,0,41,0.024390243902439025,6.540454646284829e-05
4878,Cat_2,250202,99,44,3,7278,1,44,0.06818181818181818,6.536535891104353e-05
9065,Cat_14,250167,122,50,2,9745,0,50,0.04,6.535621514895574e-05
93,Cat_18,250039,119,48,5,15125,2,48,0.10416666666666667,6.5322775104749e-05
5231,Cat_16,249977,123,48,2,4457,0,48,0.041666666666666664,6.530657758333637e-05
7775,Cat_6,249848,114,49,1,1434,0,49,0.02040816326530612,6.527287628878427e-05
5337,Cat_8,249806,112,43,0,0,0,43,0.0,6.526190377427894e-05
9054,Cat_5,249404,119,47,1,310,0,47,0.02127659574468085,6.515688113544215e-05
8417,Cat_30,249348,121,46,3,6460,2,46,0.06521739130434782,6.51422511161017e-05
784,Cat_20,249258,121,43,1,4128,0,43,0.023255813953488372,6.511873858501885e-05
4875,Cat_8,249251,95,39,3,7351,2,39,0.07692307692307693,6.511690983260129e-05
2610,Cat_2,248671,108,45,2,4364,1,45,0.044444444444444446,6.496538463228952e-05
4911,Cat_26,248599,106,42,2,4524,0,42,0.047619047619047616,6.494657460742323e-05
3872,Cat_3,248578,133,50,2,6201,1,50,0.04,6.494108835017056e-05
3911,Cat_11,248451,109,47,1,2744,0,47,0.02127659574468085,6.49079095563092e-05
7436,Cat_15,247880,118,50,2,3552,0,50,0.04,6.475873560910571e-05
3782,Cat_20,247766,96,43,1,2295,0,43,0.023255813953488372,6.472895306973409e-05
7938,Cat_2,247137,119,49,2,4957,0,49,0.04081632653061224,6.456462660249943e-05
4581,Cat_22,247096,96,38,1,890,0,38,0.02631578947368421,6.455391533833946e-05
2566,Cat_13,246959,109,44,1,4814,1,44,0.022727272727272728,6.451812404102444e-05
1688,Cat_20,246876,114,50,3,7702,1,50,0.06,6.449644026235914e-05
9250,Cat_5,246273,124,48,0,0,0,48,0.0,6.433890630410397e-05
5657,Cat_24,245980,104,41,5,13437,0,41,0.12195121951219512,6.426235995291199e-05
7794,Cat_15,245908,116,43,2,3806,1,43,0.046511627906976744,6.42435499280457e-05
2474,Cat_5,245542,111,44,6,11429,1,44,0.13636363636363635,6.414793230164206e-05
9172,Cat_14,245411,103,44,1,4953,1,44,0.022727272727272728,6.411370850639923e-05
2447,Cat_16,245012,117,50,0,0,0,50,0.0,6.400946961859856e-05
6746,Cat_18,244942,118,50,5,11483,0,50,0.1,6.3991182094423e-05
4432,Cat_5,243585,110,48,7,20373,2,48,0.14583333333333334,6.363666537576253e-05
7530,Cat_22,243250,116,48,3,10165,1,48,0.0625,6.354914651006521e-05
4186,Cat_3,243078,108,47,2,7343,0,47,0.0425531914893617,6.350421145066241e-05
1831,Cat_20,243043,113,47,4,13276,3,47,0.0851063829787234,6.349506768857464e-05
3607,Cat_28,242165,93,42,4,11059,2,42,0.09523809523809523,6.326568988534405e-05
44,Cat_1,242006,111,51,4,10401,1,51,0.0784313725490196,6.3224151080431e-05
9547,Cat_27,241391,87,36,2,3389,1,36,0.05555555555555555,6.306348211803145e-05
3067,Cat_12,241341,110,40,2,7154,1,40,0.05,6.30504196007632e-05
7451,Cat_27,240865,110,46,1,3932,1,46,0.021739130434782608,6.292606443636941e-05
8245,Cat_4,240290,115,50,1,1207,1,50,0.02,6.277584548778446e-05
5115,Cat_17,239386,99,44,1,534,0,44,0.022727272727272728,6.253967517557439e-05
8415,Cat_23,239032,103,40,2,5557,1,40,0.05,6.244719255331514e-05
2992,Cat_1,238366,90,38,7,20740,0,38,0.18421052631578946,6.227319982330197e-05
6677,Cat_11,238055,96,43,2,5678,0,43,0.046511627906976744,6.219195096589342e-05
5956,Cat_27,237465,98,44,1,4723,0,44,0.022727272727272728,6.2037813262128e-05
2747,Cat_19,237445,112,46,0,0,0,46,0.0,6.203258825522069e-05
4695,Cat_16,237126,102,47,3,5863,1,47,0.06382978723404255,6.194924939504922e-05
7824,Cat_3,236914,109,51,2,1999,1,51,0.0392156862745098,6.189386432183182e-05
2239,Cat_19,236723,100,44,0,0,0,44,0.0,6.184396550586708e-05
7254,Cat_1,236297,83,36,1,1663,1,36,0.027777777777777776,6.173267285874154e-05
7932,Cat_14,235923,103,43,1,543,0,43,0.023255813953488372,6.163496522957498e-05
4739,Cat_5,234797,93,40,1,208,0,40,0.025,6.134079734069386e-05
6116,Cat_27,233669,103,43,3,5160,0,43,0.06976744186046512,6.1046106951122e-05
5890,Cat_21,233195,106,38,1,1054,1,38,0.02631578947368421,6.092227428741894e-05
9332,Cat_30,233034,101,48,1,904,0,48,0.020833333333333332,6.0880212981815154e-05
4171,Cat_26,231497,103,42,2,5922,0,42,0.047619047619047616,6.0478671200988967e-05
4840,Cat_22,231213,112,45,1,4894,1,45,0.022222222222222223,6.0404476102905276e-05
6725,Cat_15,230560,102,39,2,5448,1,39,0.05128205128205128,6.023387962738185e-05
4528,Cat_9,230454,101,44,2,6370,1,44,0.045454545454545456,6.020618709077315e-05
9058,Cat_3,229983,99,43,1,4168,1,43,0.023255813953488372,6.008313817810618e-05
9705,Cat_28,228828,116,50,4,11776,3,50,0.08,5.9781394029209464e-05
5726,Cat_4,228778,100,35,2,4970,0,35,0.05714285714285714,5.976833151194121e-05
6421,Cat_23,228384,108,48,5,15884,2,48,0.10416666666666667,5.966539887586735e-05
9889,Cat_18,227649,102,42,1,424,0,42,0.023809523809523808,5.947337987202399e-05
9090,Cat_22,227589,77,36,2,8558,1,36,0.05555555555555555,5.9457704851302084e-05
505,Cat_30,227508,95,36,2,7495,1,36,0.05555555555555555,5.943654357332751e-05
7424,Cat_3,227155,118,51,0,0,0,51,0.0,5.934432220141362e-05
5107,Cat_14,226888,88,37,3,8846,0,37,0.08108108108108109,5.9274568359201136e-05
4767,Cat_4,226769,106,43,0,0,0,43,0.0,5.9243479568102686e-05
3596,Cat_9,226676,128,53,2,5429,1,53,0.03773584905660377,5.921918328598373e-05
5962,Cat_11,226581,106,44,3,3466,0,44,0.06818181818181818,5.919436450317404e-05
2165,Cat_4,223990,110,42,2,7813,0,42,0.047619047619047616,5.8517464858333015e-05
6957,Cat_20,222414,101,45,2,3806,0,45,0.044444444444444446,5.810573431403759e-05
2111,Cat_11,222381,124,53,3,7308,1,53,0.05660377358490566,5.809711305264054e-05
1950,Cat_3,222132,111,48,0,0,0,48,0.0,5.803206171664463e-05
7730,Cat_20,220820,83,41,1,2182,0,41,0.024390243902439025,5.768930126352559e-05
3958,Cat_10,220417,97,40,0,0,0,40,0.0,5.758401737434345e-05
5077,Cat_5,219541,101,47,4,8161,1,47,0.0851063829787234,5.7355162071803605e-05
2317,Cat_3,218602,105,47,1,1233,0,47,0.02127659574468085,5.710984799750576e-05
1573,Cat_30,217947,98,41,1,4444,0,41,0.024390243902439025,5.6938729021291606e-05
5148,Cat_6,216794,112,50,4,9119,3,50,0.08,5.663750737308562e-05
6597,Cat_24,216611,101,36,3,5191,0,36,0.08333333333333333,5.6589698559883804e-05
2238,Cat_2,216429,111,47,3,9720,3,47,0.06382978723404255,5.6542150997027356e-05
3462,Cat_13,214801,104,44,3,7758,1,44,0.06818181818181818,5.611683543477294e-05
6084,Cat_3,213693,97,41,2,9655,2,41,0.04878048780487805,5.582737005210839e-05
3133,Cat_2,213113,107,49,3,8242,0,49,0.061224489795918366,5.567584485179662e-05
6258,Cat_1,209533,92,35,4,15354,1,35,0.11428571428571428,5.4740568615389495e-05
6477,Cat_22,208844,85,37,3,7436,0,37,0.08108108108108109,5.4560567127432926e-05
4656,Cat_27,207857,104,42,1,2840,1,42,0.023809523809523808,5.4302713036557556e-05
9205,Cat_11,207505,110,51,2,6076,0,51,0.0392156862745098,5.421075291498903e-05
5232,Cat_30,207272,108,47,4,11806,2,47,0.0851063829787234,5.414988158451896e-05
5934,Cat_3,204929,94,43,1,2078,0,43,0.023255813953488372,5.3537772025328485e-05
7578,Cat_3,198260,94,37,0,0,0,37,0.0,5.1795493472088504e-05
38,Cat_19,197124,99,42,2,12121,2,42,0.047619047619047616,5.149871307975373e-05
1274,Cat_22,193881,97,39,3,10793,2,39,0.07692307692307693,5.065147820973465e-05
7556,Cat_16,191709,85,36,0,0,0,36,0.0,5.008404245960161e-05
3938,Cat_7,179644,91,42,2,6036,1,42,0.047619047619047616,4.693205704277145e-05
8532,Cat_12,178135,80,35,4,12449,2,35,0.11428571428571428,4.653783027161548e-05
8367,Cat_23,159294,65,26,1,4506,0,26,0.038461538461538464,4.1615612514591273e-05
