customer_id,order_headers,sales_backed_orders,item_sales,refund_amount,last_order,last_sale,recency_days,segment
33455,17,15,316629,10515,2023-10-07,2023-10-07,87.0,Repeat item-backed buyer
9140,16,15,295993,3755,2023-10-08,2023-10-08,86.0,Repeat item-backed buyer
46109,15,14,290435,8760,2023-12-11,2023-12-11,22.0,Repeat item-backed buyer
47418,11,10,287538,4262,2023-12-15,2023-12-15,18.0,Repeat item-backed buyer
30723,10,10,284477,3336,2023-05-29,2023-05-29,218.0,Repeat item-backed buyer
13511,14,13,284287,11060,2022-10-25,2022-10-25,434.0,Repeat item-backed buyer
5101,13,13,283708,3151,2023-10-28,2023-10-28,66.0,Repeat item-backed buyer
42816,15,14,283484,11030,2023-12-04,2023-12-04,29.0,Repeat item-backed buyer
13527,15,13,282044,0,2023-05-20,2023-05-20,227.0,Repeat item-backed buyer
8141,16,15,281759,1766,2023-11-02,2023-11-02,61.0,Repeat item-backed buyer
20912,11,10,280589,1149,2023-04-22,2023-04-22,255.0,Repeat item-backed buyer
32471,14,13,279322,1797,2023-10-11,2023-10-11,83.0,Repeat item-backed buyer
49980,14,14,277486,3837,2023-12-24,2023-12-24,9.0,Repeat item-backed buyer
10719,11,11,276426,4930,2023-09-20,2023-09-20,104.0,Repeat item-backed buyer
27580,13,13,275256,0,2023-11-13,2023-11-13,50.0,Repeat item-backed buyer
5823,12,11,271571,5267,2023-10-23,2023-10-23,71.0,Repeat item-backed buyer
26324,14,14,271460,5251,2023-09-01,2023-09-01,123.0,Repeat item-backed buyer
16262,12,10,271202,2333,2023-05-28,2023-05-28,219.0,Repeat item-backed buyer
48761,12,10,267758,4057,2023-11-30,2023-11-30,33.0,Repeat item-backed buyer
4577,13,12,265820,2409,2023-08-24,2023-08-24,131.0,Repeat item-backed buyer
20639,13,12,263702,0,2023-05-23,2023-05-23,224.0,Repeat item-backed buyer
49066,14,13,263689,5686,2023-10-05,2023-10-05,89.0,Repeat item-backed buyer
15207,11,10,260229,3815,2023-10-28,2023-10-28,66.0,Repeat item-backed buyer
31712,14,14,259132,9188,2023-08-17,2023-08-17,138.0,Repeat item-backed buyer
12060,12,10,256174,5319,2023-12-01,2023-11-11,52.0,Repeat item-backed buyer
44276,10,10,254913,0,2023-10-18,2023-10-18,76.0,Repeat item-backed buyer
32130,12,11,252643,6958,2023-12-03,2023-12-03,30.0,Repeat item-backed buyer
40208,10,10,252072,0,2023-02-10,2023-02-10,326.0,Repeat item-backed buyer
2954,10,9,251289,9256,2023-10-01,2023-10-01,93.0,Repeat item-backed buyer
29136,15,15,251155,5311,2023-11-19,2023-11-19,44.0,Repeat item-backed buyer
26434,11,10,250796,7443,2023-12-02,2023-10-20,74.0,Repeat item-backed buyer
44311,13,13,250478,1161,2023-09-21,2023-09-21,103.0,Repeat item-backed buyer
18438,15,14,250454,4567,2023-10-28,2023-10-28,66.0,Repeat item-backed buyer
45285,16,15,249687,0,2023-12-18,2023-12-18,15.0,Repeat item-backed buyer
28608,14,14,249666,1453,2023-12-14,2023-12-14,19.0,Repeat item-backed buyer
17943,11,11,248376,10227,2022-12-27,2022-12-27,371.0,Repeat item-backed buyer
28544,12,12,247762,7365,2023-11-28,2023-11-28,35.0,Repeat item-backed buyer
6945,12,12,247531,3053,2023-06-29,2023-06-29,187.0,Repeat item-backed buyer
17529,10,10,247082,7228,2023-12-17,2023-12-17,16.0,Repeat item-backed buyer
18389,14,13,246523,10495,2023-11-30,2023-11-30,33.0,Repeat item-backed buyer
45310,13,12,245700,0,2023-11-09,2023-11-09,54.0,Repeat item-backed buyer
24440,13,12,245014,6341,2023-09-27,2023-09-27,97.0,Repeat item-backed buyer
755,11,10,245012,6035,2023-12-28,2023-12-28,5.0,Repeat item-backed buyer
9270,15,14,244736,7466,2023-12-03,2023-12-03,30.0,Repeat item-backed buyer
7778,8,7,243915,2448,2023-09-06,2022-08-23,497.0,Repeat item-backed buyer
6561,11,11,243558,5836,2023-09-11,2023-09-11,113.0,Repeat item-backed buyer
32364,14,12,243541,3713,2023-11-27,2023-11-27,36.0,Repeat item-backed buyer
11754,12,12,242006,4489,2023-12-08,2023-12-08,25.0,Repeat item-backed buyer
22077,13,13,241819,3526,2023-09-02,2023-09-02,122.0,Repeat item-backed buyer
740,14,13,241538,3003,2023-11-06,2023-11-06,57.0,Repeat item-backed buyer
31761,17,17,241479,7060,2023-10-20,2023-10-20,74.0,Repeat item-backed buyer
36490,13,12,241387,4013,2023-11-21,2023-11-16,47.0,Repeat item-backed buyer
15944,11,10,241265,10820,2022-12-30,2022-12-30,368.0,Repeat item-backed buyer
43423,15,14,241129,0,2023-09-22,2023-09-22,102.0,Repeat item-backed buyer
19890,9,8,241099,1355,2023-05-27,2023-05-27,220.0,Repeat item-backed buyer
34290,9,9,240375,10444,2022-12-21,2022-12-21,377.0,Repeat item-backed buyer
7562,12,12,239971,473,2023-06-20,2023-06-20,196.0,Repeat item-backed buyer
13885,10,10,239495,3334,2023-11-22,2023-11-22,41.0,Repeat item-backed buyer
16055,11,11,239293,2868,2023-11-22,2023-11-22,41.0,Repeat item-backed buyer
24477,14,14,239151,0,2022-11-16,2022-11-16,412.0,Repeat item-backed buyer
17486,13,13,238878,0,2023-09-11,2023-09-11,113.0,Repeat item-backed buyer
6350,13,11,238724,0,2023-08-09,2023-08-09,146.0,Repeat item-backed buyer
25985,13,13,238604,4102,2023-07-08,2023-07-08,178.0,Repeat item-backed buyer
29273,12,12,237976,3780,2023-12-21,2023-12-21,12.0,Repeat item-backed buyer
48943,15,14,237534,6987,2023-12-13,2023-12-13,20.0,Repeat item-backed buyer
7808,12,12,237207,8219,2023-10-30,2023-10-30,64.0,Repeat item-backed buyer
42829,12,11,237073,0,2023-12-10,2023-12-10,23.0,Repeat item-backed buyer
36274,12,10,236784,0,2023-05-14,2023-05-14,233.0,Repeat item-backed buyer
26441,12,11,236333,0,2022-12-12,2022-12-12,386.0,Repeat item-backed buyer
5124,13,13,235934,1000,2023-11-11,2023-11-11,52.0,Repeat item-backed buyer
48375,12,11,235845,4763,2023-05-22,2023-05-22,225.0,Repeat item-backed buyer
43555,12,11,235751,4137,2023-07-24,2023-07-24,162.0,Repeat item-backed buyer
16285,10,9,235674,4209,2023-06-23,2023-06-23,193.0,Repeat item-backed buyer
27683,13,13,235594,11303,2023-12-24,2023-12-24,9.0,Repeat item-backed buyer
44020,13,10,235356,0,2023-08-21,2023-08-21,134.0,Repeat item-backed buyer
6877,15,13,235103,3989,2023-09-29,2023-09-29,95.0,Repeat item-backed buyer
29370,8,8,234835,499,2023-01-08,2023-01-08,359.0,Repeat item-backed buyer
33743,15,13,234218,958,2023-12-05,2023-12-05,28.0,Repeat item-backed buyer
33278,10,10,234121,0,2023-11-02,2023-11-02,61.0,Repeat item-backed buyer
14108,13,13,233993,5106,2023-06-17,2023-06-17,199.0,Repeat item-backed buyer
3538,13,13,233556,0,2023-09-08,2023-09-08,116.0,Repeat item-backed buyer
47696,14,14,233533,5326,2023-12-14,2023-12-14,19.0,Repeat item-backed buyer
28569,8,7,233475,2285,2023-06-16,2023-06-16,200.0,Repeat item-backed buyer
34422,14,14,233253,0,2023-03-17,2023-03-17,291.0,Repeat item-backed buyer
22001,13,13,233164,2533,2023-10-01,2023-10-01,93.0,Repeat item-backed buyer
34774,11,11,232957,1113,2023-08-08,2023-08-08,147.0,Repeat item-backed buyer
653,13,11,232838,0,2022-10-01,2022-10-01,458.0,Repeat item-backed buyer
19265,8,7,232571,4746,2023-06-02,2023-06-02,214.0,Repeat item-backed buyer
24677,10,9,231810,8068,2023-12-23,2023-09-11,113.0,Repeat item-backed buyer
40249,11,11,231562,0,2023-12-26,2023-12-26,7.0,Repeat item-backed buyer
48051,10,10,231476,2759,2023-10-13,2023-10-13,81.0,Repeat item-backed buyer
5485,11,11,231334,5534,2023-08-05,2023-08-05,150.0,Repeat item-backed buyer
45251,11,9,231233,2876,2023-11-05,2023-11-05,58.0,Repeat item-backed buyer
49743,12,11,230728,3981,2023-11-18,2023-11-18,45.0,Repeat item-backed buyer
27646,13,13,230678,6378,2023-05-03,2023-05-03,244.0,Repeat item-backed buyer
32834,11,11,230669,3645,2023-10-02,2023-10-02,92.0,Repeat item-backed buyer
9192,13,11,230648,871,2023-11-17,2023-11-17,46.0,Repeat item-backed buyer
27702,14,12,230456,4514,2023-08-26,2023-08-26,129.0,Repeat item-backed buyer
40786,11,11,230177,2179,2023-04-24,2023-04-24,253.0,Repeat item-backed buyer
18079,9,9,229934,0,2023-09-18,2023-09-18,106.0,Repeat item-backed buyer
39949,11,10,229849,4173,2023-12-01,2023-12-01,32.0,Repeat item-backed buyer
17363,16,14,229656,0,2023-10-08,2023-10-08,86.0,Repeat item-backed buyer
26993,11,11,228994,4582,2023-11-29,2023-11-29,34.0,Repeat item-backed buyer
37405,13,12,228985,4421,2023-12-13,2023-12-13,20.0,Repeat item-backed buyer
40649,11,10,228914,0,2023-11-20,2023-05-23,224.0,Repeat item-backed buyer
11769,11,9,228825,2621,2023-01-27,2023-01-27,340.0,Repeat item-backed buyer
25725,11,11,228636,1946,2022-10-01,2022-10-01,458.0,Repeat item-backed buyer
32231,10,10,228226,7812,2023-07-20,2023-07-20,166.0,Repeat item-backed buyer
31511,12,12,228074,4692,2023-12-29,2023-12-29,4.0,Repeat item-backed buyer
31615,12,8,227979,2601,2023-08-25,2023-07-13,173.0,Repeat item-backed buyer
47417,14,13,227754,1914,2023-10-26,2023-10-26,68.0,Repeat item-backed buyer
46911,10,9,227608,5533,2023-09-16,2023-09-16,108.0,Repeat item-backed buyer
25828,12,10,227523,0,2023-11-27,2023-08-17,138.0,Repeat item-backed buyer
21714,8,8,227282,7940,2023-12-13,2023-12-13,20.0,Repeat item-backed buyer
9395,10,9,227155,4957,2023-11-14,2023-11-14,49.0,Repeat item-backed buyer
42165,13,13,226925,5066,2023-11-25,2023-11-25,38.0,Repeat item-backed buyer
41930,12,11,226818,3692,2023-10-30,2023-10-30,64.0,Repeat item-backed buyer
17985,10,8,226750,2199,2023-08-11,2023-08-11,144.0,Repeat item-backed buyer
1565,11,11,226475,0,2023-10-22,2023-10-22,72.0,Repeat item-backed buyer
39761,10,9,226423,0,2023-05-26,2023-05-26,221.0,Repeat item-backed buyer
21504,10,10,226345,8830,2022-12-08,2022-12-08,390.0,Repeat item-backed buyer
44548,15,11,226228,7962,2023-09-12,2023-09-08,116.0,Repeat item-backed buyer
46542,13,12,225772,1914,2023-09-18,2023-09-18,106.0,Repeat item-backed buyer
9241,10,9,225638,4887,2023-11-04,2023-11-04,59.0,Repeat item-backed buyer
7880,15,14,225601,2877,2023-09-25,2023-09-25,99.0,Repeat item-backed buyer
37240,12,11,225331,0,2023-08-24,2023-08-24,131.0,Repeat item-backed buyer
79,14,14,225325,6365,2023-12-11,2023-12-11,22.0,Repeat item-backed buyer
42611,13,12,225093,11426,2023-06-26,2023-06-26,190.0,Repeat item-backed buyer
39230,12,10,225045,1051,2023-09-18,2023-09-18,106.0,Repeat item-backed buyer
35822,15,12,224991,0,2023-12-22,2023-12-22,11.0,Repeat item-backed buyer
31667,11,10,224976,0,2023-12-11,2023-12-11,22.0,Repeat item-backed buyer
41432,11,11,224913,1805,2023-12-09,2023-12-09,24.0,Repeat item-backed buyer
47295,14,13,224724,13208,2023-11-04,2023-11-04,59.0,Repeat item-backed buyer
24860,10,8,224551,0,2023-12-30,2023-12-30,3.0,Repeat item-backed buyer
1536,12,12,224301,7502,2023-10-20,2023-10-20,74.0,Repeat item-backed buyer
34644,11,11,224213,11625,2023-11-24,2023-11-24,39.0,Repeat item-backed buyer
13862,9,9,224199,0,2023-01-29,2023-01-29,338.0,Repeat item-backed buyer
16831,11,10,224088,3288,2023-11-14,2023-11-14,49.0,Repeat item-backed buyer
42500,7,6,224009,9793,2023-01-18,2023-01-18,349.0,Repeat item-backed buyer
8387,11,10,223984,1778,2023-11-07,2023-11-07,56.0,Repeat item-backed buyer
20485,14,11,223909,4408,2023-12-20,2023-12-20,13.0,Repeat item-backed buyer
16975,12,9,223746,4910,2023-07-28,2023-07-28,158.0,Repeat item-backed buyer
3039,6,6,223617,0,2023-03-12,2023-03-12,296.0,Repeat item-backed buyer
1681,13,10,223293,9076,2023-09-04,2023-09-04,120.0,Repeat item-backed buyer
42087,13,11,223283,0,2023-07-10,2023-07-10,176.0,Repeat item-backed buyer
2802,13,11,222828,3314,2023-09-11,2023-09-11,113.0,Repeat item-backed buyer
7745,10,10,222758,2997,2023-04-09,2023-04-09,268.0,Repeat item-backed buyer
38375,11,10,222650,338,2023-12-29,2023-12-29,4.0,Repeat item-backed buyer
214,15,13,222619,4593,2023-08-21,2023-08-21,134.0,Repeat item-backed buyer
33218,12,12,222456,12112,2023-07-06,2023-07-06,180.0,Repeat item-backed buyer
33405,11,10,222447,3574,2023-12-12,2023-12-12,21.0,Repeat item-backed buyer
10734,12,12,222256,3458,2023-05-01,2023-05-01,246.0,Repeat item-backed buyer
10868,12,11,222191,3304,2023-10-24,2023-10-24,70.0,Repeat item-backed buyer
18539,11,11,222014,3764,2023-10-30,2023-10-30,64.0,Repeat item-backed buyer
12958,11,11,221978,3686,2023-09-19,2023-09-19,105.0,Repeat item-backed buyer
19931,11,10,221664,7370,2023-11-04,2023-11-04,59.0,Repeat item-backed buyer
31252,12,12,221574,0,2023-04-21,2023-04-21,256.0,Repeat item-backed buyer
19579,9,9,221553,0,2023-12-14,2023-12-14,19.0,Repeat item-backed buyer
15603,10,9,221386,1663,2023-05-24,2023-05-24,223.0,Repeat item-backed buyer
42664,15,13,221035,0,2023-11-18,2023-11-18,45.0,Repeat item-backed buyer
33635,10,9,220945,11562,2023-12-19,2023-12-19,14.0,Repeat item-backed buyer
9380,11,10,220922,7614,2023-09-18,2023-09-18,106.0,Repeat item-backed buyer
24211,14,12,220794,1219,2023-09-17,2023-09-17,107.0,Repeat item-backed buyer
23678,12,11,220766,8898,2023-09-25,2023-09-25,99.0,Repeat item-backed buyer
19632,12,11,220574,11509,2023-10-31,2023-10-31,63.0,Repeat item-backed buyer
6204,10,10,220387,3625,2023-09-27,2023-09-27,97.0,Repeat item-backed buyer
17049,12,12,220366,5935,2023-11-03,2023-11-03,60.0,Repeat item-backed buyer
23755,11,10,219931,7229,2023-06-29,2023-06-29,187.0,Repeat item-backed buyer
26106,12,11,219893,9203,2023-10-24,2023-10-24,70.0,Repeat item-backed buyer
19314,14,13,219747,1605,2023-12-31,2023-12-31,2.0,Repeat item-backed buyer
27967,11,10,219634,3768,2023-10-01,2023-10-01,93.0,Repeat item-backed buyer
44167,13,12,219421,877,2023-11-18,2023-11-18,45.0,Repeat item-backed buyer
42536,14,12,219222,9583,2023-11-29,2023-11-29,34.0,Repeat item-backed buyer
25231,11,10,219100,0,2023-01-07,2023-01-07,360.0,Repeat item-backed buyer
7875,13,11,219091,908,2023-06-14,2023-06-14,202.0,Repeat item-backed buyer
7564,12,12,219045,2801,2023-06-14,2023-06-14,202.0,Repeat item-backed buyer
9575,12,11,219002,0,2023-05-07,2023-05-07,240.0,Repeat item-backed buyer
12176,11,11,218958,5886,2023-12-09,2023-12-09,24.0,Repeat item-backed buyer
17956,10,8,218874,0,2023-12-01,2023-09-15,109.0,Repeat item-backed buyer
23403,11,10,218798,2425,2023-02-23,2023-02-23,313.0,Repeat item-backed buyer
1765,10,9,218694,0,2023-10-10,2023-10-10,84.0,Repeat item-backed buyer
22774,16,14,218449,3528,2023-12-21,2023-12-21,12.0,Repeat item-backed buyer
11419,12,10,218415,0,2024-01-01,2024-01-01,1.0,Repeat item-backed buyer
41330,9,9,218393,0,2023-10-16,2023-10-16,78.0,Repeat item-backed buyer
49149,11,11,218121,0,2023-11-19,2023-11-19,44.0,Repeat item-backed buyer
12640,11,11,218114,7036,2023-11-09,2023-11-09,54.0,Repeat item-backed buyer
37821,14,12,218097,3475,2023-09-08,2023-09-08,116.0,Repeat item-backed buyer
9553,9,8,218031,4841,2023-12-28,2023-12-28,5.0,Repeat item-backed buyer
47481,13,10,217814,3947,2023-12-10,2023-12-10,23.0,Repeat item-backed buyer
10423,11,10,217666,0,2023-12-08,2023-12-08,25.0,Repeat item-backed buyer
33186,11,10,217648,4111,2023-12-22,2023-12-22,11.0,Repeat item-backed buyer
26653,14,14,217589,1277,2023-07-25,2023-07-25,161.0,Repeat item-backed buyer
11177,13,11,217397,0,2023-11-06,2023-11-06,57.0,Repeat item-backed buyer
21,15,13,217365,8607,2023-11-19,2023-05-16,231.0,Repeat item-backed buyer
24966,13,12,217348,735,2023-12-02,2023-12-02,31.0,Repeat item-backed buyer
20557,10,9,217270,5154,2023-08-28,2023-08-28,127.0,Repeat item-backed buyer
45537,12,12,216855,0,2023-12-18,2023-12-18,15.0,Repeat item-backed buyer
47118,11,11,216834,0,2023-08-01,2023-08-01,154.0,Repeat item-backed buyer
3960,12,12,216813,0,2023-11-21,2023-11-21,42.0,Repeat item-backed buyer
42590,11,10,216731,6271,2023-09-25,2023-09-25,99.0,Repeat item-backed buyer
12348,9,9,216501,8080,2023-04-23,2023-04-23,254.0,Repeat item-backed buyer
20398,11,11,216443,0,2023-12-19,2023-12-19,14.0,Repeat item-backed buyer
9871,9,9,216400,0,2023-09-16,2023-09-16,108.0,Repeat item-backed buyer
41895,11,9,216319,4555,2023-03-20,2022-11-29,399.0,Repeat item-backed buyer
44677,14,14,216306,0,2023-08-17,2023-08-17,138.0,Repeat item-backed buyer
25806,14,14,216147,7134,2023-12-16,2023-12-16,17.0,Repeat item-backed buyer
16899,10,10,216136,3494,2023-10-13,2023-10-13,81.0,Repeat item-backed buyer
46110,10,10,216108,0,2023-03-03,2023-03-03,305.0,Repeat item-backed buyer
32006,12,11,216037,4491,2023-12-22,2023-12-22,11.0,Repeat item-backed buyer
25853,8,8,215708,1326,2023-05-01,2023-05-01,246.0,Repeat item-backed buyer
28724,11,11,215536,9078,2023-12-09,2023-12-09,24.0,Repeat item-backed buyer
21511,12,11,215302,0,2023-12-17,2023-12-17,16.0,Repeat item-backed buyer
26494,16,15,215036,0,2023-11-26,2023-11-26,37.0,Repeat item-backed buyer
49700,11,10,214892,7023,2023-09-05,2023-09-05,119.0,Repeat item-backed buyer
48598,10,9,214866,0,2023-12-03,2023-12-03,30.0,Repeat item-backed buyer
40288,8,8,214844,2880,2023-10-07,2023-10-07,87.0,Repeat item-backed buyer
33695,14,11,214843,5394,2023-12-30,2023-12-30,3.0,Repeat item-backed buyer
43289,14,12,214822,5310,2023-12-28,2023-12-28,5.0,Repeat item-backed buyer
1587,9,9,214808,3885,2023-11-20,2023-11-20,43.0,Repeat item-backed buyer
5202,13,13,214753,16177,2023-11-20,2023-11-20,43.0,Repeat item-backed buyer
9273,9,8,214626,0,2022-06-08,2022-06-08,573.0,Repeat item-backed buyer
20309,10,9,214567,1009,2023-06-05,2023-06-05,211.0,Repeat item-backed buyer
16768,10,10,214518,4747,2023-09-01,2023-09-01,123.0,Repeat item-backed buyer
34999,12,11,214313,5023,2023-12-22,2023-12-22,11.0,Repeat item-backed buyer
27102,13,12,214064,0,2023-12-29,2023-12-29,4.0,Repeat item-backed buyer
18439,12,11,213849,1088,2023-07-13,2023-07-13,173.0,Repeat item-backed buyer
27276,8,8,213606,3681,2023-05-12,2023-05-12,235.0,Repeat item-backed buyer
2930,12,12,213572,6525,2023-03-04,2023-03-04,304.0,Repeat item-backed buyer
47846,12,11,213414,4817,2023-10-11,2023-10-11,83.0,Repeat item-backed buyer
41463,11,11,213377,0,2023-12-28,2023-12-28,5.0,Repeat item-backed buyer
7233,15,14,213296,1892,2023-09-18,2023-09-18,106.0,Repeat item-backed buyer
1458,11,11,213249,3627,2023-06-25,2023-06-25,191.0,Repeat item-backed buyer
20374,10,10,213151,2575,2023-12-31,2023-12-31,2.0,Repeat item-backed buyer
43985,13,12,213119,0,2023-12-23,2023-12-23,10.0,Repeat item-backed buyer
4176,11,11,213069,0,2023-10-11,2023-10-11,83.0,Repeat item-backed buyer
18100,14,13,213036,0,2023-08-31,2023-08-31,124.0,Repeat item-backed buyer
3083,9,8,213011,0,2023-09-26,2023-09-26,98.0,Repeat item-backed buyer
11201,11,11,212897,2529,2023-04-14,2023-04-14,263.0,Repeat item-backed buyer
45030,9,8,212805,2326,2023-09-21,2023-09-21,103.0,Repeat item-backed buyer
25448,10,10,212700,2924,2023-09-25,2023-09-25,99.0,Repeat item-backed buyer
23269,13,11,212642,0,2023-09-21,2023-09-21,103.0,Repeat item-backed buyer
18614,12,12,212622,5212,2023-10-13,2023-10-13,81.0,Repeat item-backed buyer
15654,11,11,212525,277,2023-10-07,2023-10-07,87.0,Repeat item-backed buyer
9459,8,8,212487,3077,2023-05-24,2023-05-24,223.0,Repeat item-backed buyer
20165,14,13,212486,6250,2024-01-01,2024-01-01,1.0,Repeat item-backed buyer
27511,10,10,212429,2921,2023-02-25,2023-02-25,311.0,Repeat item-backed buyer
257,10,7,212201,3454,2023-04-16,2023-04-16,261.0,Repeat item-backed buyer
29393,7,7,212035,0,2022-04-15,2022-04-15,627.0,Repeat item-backed buyer
40978,10,10,212003,0,2022-09-06,2022-09-06,483.0,Repeat item-backed buyer
13344,12,11,211980,0,2023-11-26,2023-11-26,37.0,Repeat item-backed buyer
14913,17,14,211916,2986,2023-11-18,2023-11-18,45.0,Repeat item-backed buyer
352,9,9,211911,4213,2024-01-01,2024-01-01,1.0,Repeat item-backed buyer
21486,12,12,211875,4598,2023-10-14,2023-10-14,80.0,Repeat item-backed buyer
15843,11,10,211759,3224,2023-12-01,2023-12-01,32.0,Repeat item-backed buyer
19044,10,9,211725,4811,2023-08-28,2023-08-28,127.0,Repeat item-backed buyer
47495,11,11,211705,2506,2023-10-27,2023-10-27,67.0,Repeat item-backed buyer
34880,11,11,211268,9049,2023-12-23,2023-12-23,10.0,Repeat item-backed buyer
28116,10,10,211227,2585,2023-04-19,2023-04-19,258.0,Repeat item-backed buyer
32010,14,10,211223,3971,2023-05-27,2022-08-24,496.0,Repeat item-backed buyer
43662,13,10,211194,0,2023-10-06,2023-09-11,113.0,Repeat item-backed buyer
48087,12,12,211133,0,2023-10-13,2023-10-13,81.0,Repeat item-backed buyer
19186,7,7,210598,1448,2023-12-11,2023-12-11,22.0,Repeat item-backed buyer
44876,12,11,210502,4136,2023-08-19,2023-06-27,189.0,Repeat item-backed buyer
33723,9,9,210475,9606,2022-03-18,2022-03-18,655.0,Repeat item-backed buyer
20323,11,11,210468,6975,2023-10-14,2023-10-14,80.0,Repeat item-backed buyer
12883,8,8,210255,3004,2023-09-22,2023-09-22,102.0,Repeat item-backed buyer
34702,14,11,210197,278,2023-10-19,2023-10-19,75.0,Repeat item-backed buyer
20901,10,8,210053,3035,2023-06-17,2023-06-17,199.0,Repeat item-backed buyer
10766,8,8,210029,4314,2023-08-29,2023-08-29,126.0,Repeat item-backed buyer
17365,12,11,209999,0,2023-11-14,2023-11-14,49.0,Repeat item-backed buyer
23933,9,9,209979,6382,2023-12-11,2023-12-11,22.0,Repeat item-backed buyer
48432,12,12,209957,1977,2023-10-14,2023-10-14,80.0,Repeat item-backed buyer
37323,14,12,209947,9826,2023-08-15,2023-08-15,140.0,Repeat item-backed buyer
541,12,10,209842,0,2023-10-02,2023-10-02,92.0,Repeat item-backed buyer
39733,10,9,209712,1204,2023-09-29,2023-09-29,95.0,Repeat item-backed buyer
35486,11,9,209708,7649,2023-08-30,2023-01-27,340.0,Repeat item-backed buyer
31053,11,11,209593,1207,2022-10-30,2022-10-30,429.0,Repeat item-backed buyer
35508,9,9,209581,6075,2023-10-19,2023-10-19,75.0,Repeat item-backed buyer
39997,13,12,209511,1713,2023-07-18,2023-07-18,168.0,Repeat item-backed buyer
22956,8,8,209488,4060,2023-12-13,2023-12-13,20.0,Repeat item-backed buyer
42952,12,12,209477,8061,2023-11-07,2023-11-07,56.0,Repeat item-backed buyer
32125,10,10,209467,2877,2023-07-09,2023-07-09,177.0,Repeat item-backed buyer
48122,12,12,209405,2886,2023-09-07,2023-09-07,117.0,Repeat item-backed buyer
31989,9,9,209181,11858,2023-11-12,2023-11-12,51.0,Repeat item-backed buyer
21386,9,7,209167,3013,2022-12-11,2022-12-11,387.0,Repeat item-backed buyer
35130,11,11,209084,0,2023-08-16,2023-08-16,139.0,Repeat item-backed buyer
13185,9,9,209050,1511,2023-04-07,2023-04-07,270.0,Repeat item-backed buyer
20175,9,9,209034,0,2023-02-21,2023-02-21,315.0,Repeat item-backed buyer
38913,15,13,209007,0,2023-09-21,2023-09-21,103.0,Repeat item-backed buyer
36627,13,10,208948,3991,2023-09-12,2023-09-12,112.0,Repeat item-backed buyer
38168,13,12,208827,0,2023-12-11,2023-12-11,22.0,Repeat item-backed buyer
18551,10,10,208800,0,2023-10-02,2023-10-02,92.0,Repeat item-backed buyer
38355,9,9,208791,5553,2023-03-02,2023-03-02,306.0,Repeat item-backed buyer
3342,13,12,208634,4239,2023-12-05,2023-12-05,28.0,Repeat item-backed buyer
28793,14,11,208447,8435,2023-09-30,2023-09-30,94.0,Repeat item-backed buyer
10801,11,11,208334,4779,2023-06-30,2023-06-30,186.0,Repeat item-backed buyer
30607,9,9,208323,3167,2023-12-09,2023-12-09,24.0,Repeat item-backed buyer
43503,13,13,208219,2516,2023-11-12,2023-11-12,51.0,Repeat item-backed buyer
10386,14,14,208213,0,2023-11-28,2023-11-28,35.0,Repeat item-backed buyer
650,11,11,208201,4308,2023-11-09,2023-11-09,54.0,Repeat item-backed buyer
43195,12,11,208195,2963,2023-10-30,2023-10-30,64.0,Repeat item-backed buyer
12565,11,10,208099,11964,2023-12-11,2023-12-11,22.0,Repeat item-backed buyer
29482,12,10,207998,4712,2023-03-26,2023-03-26,282.0,Repeat item-backed buyer
3200,12,10,207988,4168,2023-12-13,2023-12-13,20.0,Repeat item-backed buyer
30778,9,7,207946,0,2023-04-27,2022-07-07,544.0,Repeat item-backed buyer
5888,8,8,207873,5803,2023-12-16,2023-12-16,17.0,Repeat item-backed buyer
41954,10,10,207675,2623,2023-12-08,2023-12-08,25.0,Repeat item-backed buyer
12988,12,11,207642,8890,2023-12-20,2023-12-20,13.0,Repeat item-backed buyer
30519,9,9,207626,4457,2023-08-20,2023-08-20,135.0,Repeat item-backed buyer
25616,8,8,207621,0,2021-08-18,2021-08-18,867.0,Repeat item-backed buyer
25575,9,9,207609,5879,2022-12-18,2022-12-18,380.0,Repeat item-backed buyer
15296,9,9,207385,7923,2023-07-20,2023-07-20,166.0,Repeat item-backed buyer
49360,11,10,207366,1636,2023-09-05,2023-09-05,119.0,Repeat item-backed buyer
46286,8,8,207306,6553,2023-09-27,2023-09-27,97.0,Repeat item-backed buyer
31453,10,10,207304,208,2023-07-14,2023-07-14,172.0,Repeat item-backed buyer
18620,14,13,207292,3765,2023-03-09,2023-03-09,299.0,Repeat item-backed buyer
38567,9,9,207288,7285,2023-12-12,2023-12-12,21.0,Repeat item-backed buyer
36554,9,9,207201,0,2023-12-07,2023-12-07,26.0,Repeat item-backed buyer
38438,10,9,207128,9284,2023-08-04,2023-08-04,151.0,Repeat item-backed buyer
39207,9,8,207034,0,2023-04-28,2023-02-04,332.0,Repeat item-backed buyer
21055,11,10,206952,7334,2023-12-31,2023-12-31,2.0,Repeat item-backed buyer
12660,7,6,206822,0,2023-09-11,2022-12-12,386.0,Repeat item-backed buyer
15007,10,10,206813,6734,2023-10-31,2023-10-31,63.0,Repeat item-backed buyer
26780,11,9,206804,11238,2023-10-16,2023-10-16,78.0,Repeat item-backed buyer
48350,8,8,206797,2232,2023-08-02,2023-08-02,153.0,Repeat item-backed buyer
34926,16,12,206745,1116,2023-09-16,2023-09-16,108.0,Repeat item-backed buyer
33618,13,12,206722,0,2023-12-14,2023-12-14,19.0,Repeat item-backed buyer
15980,10,10,206649,1064,2023-09-07,2023-09-07,117.0,Repeat item-backed buyer
1769,13,13,206508,7061,2023-07-23,2023-07-23,163.0,Repeat item-backed buyer
45425,12,11,206410,0,2023-10-11,2023-10-11,83.0,Repeat item-backed buyer
27923,11,11,206289,4560,2023-12-12,2023-12-12,21.0,Repeat item-backed buyer
42789,11,11,206010,1373,2023-07-03,2023-07-03,183.0,Repeat item-backed buyer
31428,19,14,205999,4052,2023-12-13,2023-09-30,94.0,Repeat item-backed buyer
19388,12,11,205858,4064,2023-06-23,2023-06-23,193.0,Repeat item-backed buyer
28912,11,10,205765,4131,2023-12-22,2023-12-22,11.0,Repeat item-backed buyer
13857,10,9,205609,3939,2023-10-26,2023-06-21,195.0,Repeat item-backed buyer
40126,9,9,205523,1922,2023-09-21,2023-09-21,103.0,Repeat item-backed buyer
41482,9,9,205519,4083,2023-02-12,2023-02-12,324.0,Repeat item-backed buyer
1506,13,11,205507,1586,2023-08-25,2023-08-25,130.0,Repeat item-backed buyer
15165,9,9,205490,2830,2023-08-14,2023-08-14,141.0,Repeat item-backed buyer
26841,11,11,205419,4302,2023-03-28,2023-03-28,280.0,Repeat item-backed buyer
25556,10,9,205366,2971,2023-10-08,2023-10-08,86.0,Repeat item-backed buyer
48886,11,11,205352,1687,2023-11-30,2023-11-30,33.0,Repeat item-backed buyer
21546,9,8,205328,3131,2023-12-13,2023-06-13,203.0,Repeat item-backed buyer
31504,9,9,205223,5625,2023-11-02,2023-11-02,61.0,Repeat item-backed buyer
22468,7,5,205221,1417,2023-08-03,2023-08-03,152.0,Repeat item-backed buyer
40370,10,9,205043,4315,2023-12-27,2023-12-27,6.0,Repeat item-backed buyer
8254,11,11,204818,1347,2023-02-27,2023-02-27,309.0,Repeat item-backed buyer
15606,12,11,204815,3229,2023-11-04,2023-11-04,59.0,Repeat item-backed buyer
11372,13,12,204758,0,2023-10-29,2023-06-20,196.0,Repeat item-backed buyer
31340,10,10,204753,7943,2023-12-23,2023-12-23,10.0,Repeat item-backed buyer
1327,13,12,204741,0,2023-12-08,2023-12-08,25.0,Repeat item-backed buyer
32597,9,9,204720,2306,2023-06-02,2023-06-02,214.0,Repeat item-backed buyer
45744,11,8,204632,8831,2023-10-13,2023-10-13,81.0,Repeat item-backed buyer
39493,9,9,204623,2396,2023-12-19,2023-12-19,14.0,Repeat item-backed buyer
45990,10,10,204589,172,2023-04-28,2023-04-28,249.0,Repeat item-backed buyer
7999,10,9,204521,6397,2023-04-23,2023-04-23,254.0,Repeat item-backed buyer
16556,11,9,204464,3267,2023-07-13,2022-09-24,465.0,Repeat item-backed buyer
47611,10,9,204340,1400,2023-12-21,2023-12-21,12.0,Repeat item-backed buyer
19363,10,10,204308,2201,2023-12-23,2023-12-23,10.0,Repeat item-backed buyer
8469,11,10,204265,12502,2023-05-16,2023-05-16,231.0,Repeat item-backed buyer
31560,11,11,204244,5357,2023-11-06,2023-11-06,57.0,Repeat item-backed buyer
8258,8,8,204203,6223,2023-08-11,2023-08-11,144.0,Repeat item-backed buyer
23132,12,10,204113,2109,2023-10-22,2023-10-22,72.0,Repeat item-backed buyer
14440,12,10,204067,0,2023-12-23,2023-11-11,52.0,Repeat item-backed buyer
45947,9,8,204046,1706,2023-12-16,2023-12-16,17.0,Repeat item-backed buyer
37390,12,11,203827,5352,2023-11-03,2023-11-03,60.0,Repeat item-backed buyer
33944,12,12,203707,9078,2023-09-11,2023-09-11,113.0,Repeat item-backed buyer
14184,11,10,203687,957,2023-06-17,2023-06-17,199.0,Repeat item-backed buyer
22326,9,9,203633,8542,2023-12-17,2023-12-17,16.0,Repeat item-backed buyer
33907,11,8,203569,11255,2023-11-27,2023-11-27,36.0,Repeat item-backed buyer
37715,9,8,203537,0,2023-10-22,2023-10-22,72.0,Repeat item-backed buyer
16012,9,9,203268,10485,2023-09-18,2023-09-18,106.0,Repeat item-backed buyer
13913,7,7,203176,7539,2023-09-10,2023-09-10,114.0,Repeat item-backed buyer
20047,7,7,203124,0,2023-12-30,2023-12-30,3.0,Repeat item-backed buyer
10692,10,9,203096,0,2023-09-14,2023-09-14,110.0,Repeat item-backed buyer
22079,10,10,203060,7316,2023-09-09,2023-09-09,115.0,Repeat item-backed buyer
38476,11,9,203013,0,2023-01-16,2023-01-16,351.0,Repeat item-backed buyer
48257,10,9,202930,610,2023-11-18,2023-04-03,274.0,Repeat item-backed buyer
8006,11,11,202924,6147,2023-10-09,2023-10-09,85.0,Repeat item-backed buyer
39221,9,9,202870,2842,2023-01-08,2023-01-08,359.0,Repeat item-backed buyer
27542,11,10,202788,9705,2023-09-29,2023-09-29,95.0,Repeat item-backed buyer
36092,9,8,202660,4516,2023-12-25,2022-08-28,492.0,Repeat item-backed buyer
45411,13,11,202646,5605,2023-09-04,2023-09-04,120.0,Repeat item-backed buyer
7829,10,10,202639,1890,2023-07-16,2023-07-16,170.0,Repeat item-backed buyer
18208,12,11,202513,2991,2023-12-20,2023-12-20,13.0,Repeat item-backed buyer
12008,12,12,202506,0,2023-12-29,2023-12-29,4.0,Repeat item-backed buyer
7175,9,8,202477,1868,2023-06-05,2023-06-05,211.0,Repeat item-backed buyer
4484,9,9,202431,0,2023-05-26,2023-05-26,221.0,Repeat item-backed buyer
39791,12,11,202295,2551,2023-10-07,2023-09-09,115.0,Repeat item-backed buyer
3321,10,9,202115,2812,2023-12-19,2023-12-19,14.0,Repeat item-backed buyer
13183,11,10,202094,8371,2023-10-15,2023-10-15,79.0,Repeat item-backed buyer
46929,12,11,202084,12776,2024-01-01,2024-01-01,1.0,Repeat item-backed buyer
38204,12,11,202053,2295,2023-03-24,2023-03-24,284.0,Repeat item-backed buyer
42154,10,10,202049,0,2024-01-01,2024-01-01,1.0,Repeat item-backed buyer
5604,10,8,201973,4389,2023-12-18,2023-06-25,191.0,Repeat item-backed buyer
41265,14,14,201891,6959,2023-11-14,2023-11-14,49.0,Repeat item-backed buyer
19898,13,11,201868,5423,2023-11-10,2023-11-10,53.0,Repeat item-backed buyer
3734,11,9,201828,268,2023-02-18,2022-08-13,507.0,Repeat item-backed buyer
19356,8,8,201822,0,2023-03-28,2023-03-28,280.0,Repeat item-backed buyer
39815,10,10,201808,0,2023-05-17,2023-05-17,230.0,Repeat item-backed buyer
39634,8,7,201752,0,2023-12-31,2023-12-31,2.0,Repeat item-backed buyer
30404,11,11,201710,2224,2023-12-25,2023-12-25,8.0,Repeat item-backed buyer
27653,9,9,201562,23249,2023-06-22,2023-06-22,194.0,Repeat item-backed buyer
7453,10,10,201446,3643,2023-11-24,2023-11-24,39.0,Repeat item-backed buyer
15286,10,10,201423,1139,2022-07-26,2022-07-26,525.0,Repeat item-backed buyer
38977,12,12,201128,7392,2023-08-23,2023-08-23,132.0,Repeat item-backed buyer
20308,12,12,201089,0,2023-11-14,2023-11-14,49.0,Repeat item-backed buyer
4777,14,13,201071,1605,2023-11-25,2023-11-25,38.0,Repeat item-backed buyer
2722,11,10,200900,3423,2023-11-01,2023-11-01,62.0,Repeat item-backed buyer
16376,11,11,200825,6368,2023-01-20,2023-01-20,347.0,Repeat item-backed buyer
45942,10,7,200813,0,2023-11-09,2023-11-09,54.0,Repeat item-backed buyer
37215,14,12,200785,5230,2023-12-06,2023-12-06,27.0,Repeat item-backed buyer
17854,13,13,200722,0,2023-08-07,2023-08-07,148.0,Repeat item-backed buyer
10143,12,12,200717,0,2023-10-22,2023-10-22,72.0,Repeat item-backed buyer
15303,14,12,200653,0,2023-08-17,2023-08-17,138.0,Repeat item-backed buyer
27941,8,8,200646,0,2023-10-22,2023-10-22,72.0,Repeat item-backed buyer
6308,11,10,200371,3267,2023-12-05,2023-12-05,28.0,Repeat item-backed buyer
28770,11,9,200298,0,2023-12-06,2023-12-06,27.0,Repeat item-backed buyer
46244,10,10,200266,2335,2023-08-27,2023-08-27,128.0,Repeat item-backed buyer
30868,9,8,200224,3681,2023-12-05,2023-12-05,28.0,Repeat item-backed buyer
32391,12,12,200172,4436,2023-10-09,2023-10-09,85.0,Repeat item-backed buyer
38526,8,8,200142,1308,2023-01-16,2023-01-16,351.0,Repeat item-backed buyer
14394,10,9,200131,9886,2023-04-10,2023-04-10,267.0,Repeat item-backed buyer
19771,11,11,200115,337,2023-11-03,2023-11-03,60.0,Repeat item-backed buyer
27481,10,8,200102,0,2023-11-19,2023-09-04,120.0,Repeat item-backed buyer
48273,9,7,199985,3497,2023-01-25,2023-01-25,342.0,Repeat item-backed buyer
27331,15,12,199962,5631,2023-09-18,2023-09-18,106.0,Repeat item-backed buyer
1172,11,11,199872,4941,2023-07-09,2023-07-09,177.0,Repeat item-backed buyer
33769,11,10,199869,938,2023-05-14,2023-05-14,233.0,Repeat item-backed buyer
19607,8,8,199842,0,2023-04-20,2023-04-20,257.0,Repeat item-backed buyer
32412,11,11,199630,0,2023-11-01,2023-11-01,62.0,Repeat item-backed buyer
15361,11,10,199550,6884,2022-12-24,2022-12-24,374.0,Repeat item-backed buyer
47575,12,11,199543,0,2023-12-28,2023-12-28,5.0,Repeat item-backed buyer
39482,11,9,199539,5246,2023-12-15,2023-09-05,119.0,Repeat item-backed buyer
15418,14,11,199500,5364,2023-11-17,2023-11-17,46.0,Repeat item-backed buyer
26984,14,14,199487,6050,2023-12-10,2023-12-10,23.0,Repeat item-backed buyer
9791,14,13,199333,7848,2023-12-12,2023-12-12,21.0,Repeat item-backed buyer
32692,8,8,199289,935,2023-08-02,2023-08-02,153.0,Repeat item-backed buyer
7940,11,11,199078,12546,2023-11-21,2023-11-21,42.0,Repeat item-backed buyer
42977,13,9,199039,2163,2023-10-23,2023-10-23,71.0,Repeat item-backed buyer
6146,12,10,198947,2831,2022-12-05,2022-12-05,393.0,Repeat item-backed buyer
26529,12,12,198901,4347,2023-10-31,2023-10-31,63.0,Repeat item-backed buyer
22197,9,8,198866,3434,2023-12-09,2023-12-09,24.0,Repeat item-backed buyer
35351,12,11,198846,3562,2023-12-13,2023-12-13,20.0,Repeat item-backed buyer
29924,10,9,198835,6692,2023-10-19,2023-10-19,75.0,Repeat item-backed buyer
42654,9,9,198815,9586,2023-06-05,2023-06-05,211.0,Repeat item-backed buyer
16810,11,10,198788,3003,2023-12-23,2023-12-23,10.0,Repeat item-backed buyer
20552,12,12,198616,3207,2023-10-18,2023-10-18,76.0,Repeat item-backed buyer
10520,13,12,198562,3916,2023-11-28,2023-11-28,35.0,Repeat item-backed buyer
7851,10,10,198540,11519,2023-10-31,2023-10-31,63.0,Repeat item-backed buyer
20275,11,11,198445,0,2023-12-27,2023-12-27,6.0,Repeat item-backed buyer
26979,9,8,198415,742,2023-10-28,2023-10-28,66.0,Repeat item-backed buyer
9204,12,11,198395,6531,2023-11-20,2023-11-20,43.0,Repeat item-backed buyer
44190,13,13,198333,8241,2023-08-17,2023-08-17,138.0,Repeat item-backed buyer
36589,13,11,198315,8214,2023-11-13,2023-11-13,50.0,Repeat item-backed buyer
30367,10,10,198309,3130,2023-10-25,2023-10-25,69.0,Repeat item-backed buyer
38949,13,11,198290,0,2023-05-08,2023-05-08,239.0,Repeat item-backed buyer
45295,11,11,198255,6353,2023-11-20,2023-11-20,43.0,Repeat item-backed buyer
46716,10,9,198147,0,2023-04-20,2023-04-20,257.0,Repeat item-backed buyer
33371,10,9,198144,0,2023-06-23,2023-06-23,193.0,Repeat item-backed buyer
30625,9,9,198126,1521,2023-08-28,2023-08-28,127.0,Repeat item-backed buyer
2448,7,7,198123,2271,2023-04-11,2023-04-11,266.0,Repeat item-backed buyer
5351,11,9,198067,0,2023-09-24,2023-09-24,100.0,Repeat item-backed buyer
5426,14,14,198066,16887,2023-09-26,2023-09-26,98.0,Repeat item-backed buyer
13040,12,11,197977,6009,2023-11-22,2023-08-19,136.0,Repeat item-backed buyer
23027,16,10,197977,3956,2023-12-29,2023-12-29,4.0,Repeat item-backed buyer
10433,10,9,197854,5068,2023-04-10,2023-04-10,267.0,Repeat item-backed buyer
36243,10,10,197634,1370,2023-07-09,2023-07-09,177.0,Repeat item-backed buyer
37517,9,9,197615,5468,2023-10-02,2023-10-02,92.0,Repeat item-backed buyer
30606,9,9,197548,1598,2023-09-29,2023-09-29,95.0,Repeat item-backed buyer
37579,11,9,197484,2617,2023-10-25,2023-10-25,69.0,Repeat item-backed buyer
30203,8,7,197473,1535,2023-07-30,2023-07-30,156.0,Repeat item-backed buyer
18938,12,12,197458,5299,2023-02-03,2023-02-03,333.0,Repeat item-backed buyer
23478,11,11,197453,2566,2023-07-17,2023-07-17,169.0,Repeat item-backed buyer
33233,10,9,197387,0,2023-12-29,2023-12-29,4.0,Repeat item-backed buyer
2413,14,13,197121,2880,2023-10-04,2023-09-02,122.0,Repeat item-backed buyer
49350,13,12,197067,4218,2023-10-15,2023-10-15,79.0,Repeat item-backed buyer
43898,12,11,197060,1413,2023-12-21,2023-12-21,12.0,Repeat item-backed buyer
17269,9,9,196938,0,2023-04-16,2023-04-16,261.0,Repeat item-backed buyer
32781,11,9,196938,7190,2023-12-16,2023-12-16,17.0,Repeat item-backed buyer
42285,13,13,196802,3669,2023-12-08,2023-12-08,25.0,Repeat item-backed buyer
32808,10,9,196790,0,2023-12-05,2023-12-05,28.0,Repeat item-backed buyer
45110,10,10,196790,0,2023-10-28,2023-10-28,66.0,Repeat item-backed buyer
37541,7,7,196785,4921,2023-10-08,2023-10-08,86.0,Repeat item-backed buyer
6876,10,10,196689,9554,2023-05-22,2023-05-22,225.0,Repeat item-backed buyer
2031,17,15,196671,4846,2023-12-19,2023-12-09,24.0,Repeat item-backed buyer
15971,14,13,196550,4898,2023-09-24,2023-09-24,100.0,Repeat item-backed buyer
22647,10,10,196548,2347,2023-12-11,2023-12-11,22.0,Repeat item-backed buyer
11460,12,12,196540,0,2023-09-23,2023-09-23,101.0,Repeat item-backed buyer
24222,11,9,196519,4703,2023-09-04,2023-09-04,120.0,Repeat item-backed buyer
48684,11,11,196504,11250,2023-12-07,2023-12-07,26.0,Repeat item-backed buyer
43399,13,11,196426,3817,2023-11-02,2023-11-02,61.0,Repeat item-backed buyer
38043,10,9,196411,4911,2022-12-31,2022-12-31,367.0,Repeat item-backed buyer
47200,11,10,196325,5491,2023-10-06,2023-10-06,88.0,Repeat item-backed buyer
20824,9,7,196182,6486,2023-12-08,2023-12-08,25.0,Repeat item-backed buyer
48895,11,10,196045,4145,2023-12-24,2023-12-24,9.0,Repeat item-backed buyer
17512,10,9,196005,2000,2023-11-07,2023-11-07,56.0,Repeat item-backed buyer
11063,11,11,195974,764,2023-11-25,2023-11-25,38.0,Repeat item-backed buyer
44126,12,10,195894,3364,2023-09-10,2023-09-10,114.0,Repeat item-backed buyer
43559,11,10,195880,4746,2023-12-24,2023-12-24,9.0,Repeat item-backed buyer
3792,13,12,195854,9840,2023-05-03,2023-05-03,244.0,Repeat item-backed buyer
13408,13,10,195846,8490,2023-11-17,2023-11-17,46.0,Repeat item-backed buyer
48075,10,10,195836,0,2023-12-10,2023-12-10,23.0,Repeat item-backed buyer
851,6,6,195703,0,2023-07-22,2023-07-22,164.0,Repeat item-backed buyer
38423,9,9,195640,12024,2022-11-19,2022-11-19,409.0,Repeat item-backed buyer
26911,10,10,195633,0,2023-04-21,2023-04-21,256.0,Repeat item-backed buyer
26363,11,11,195573,770,2023-11-01,2023-11-01,62.0,Repeat item-backed buyer
18148,9,9,195451,7702,2023-10-24,2023-10-24,70.0,Repeat item-backed buyer
46163,9,9,195336,132,2023-02-14,2023-02-14,322.0,Repeat item-backed buyer
323,12,12,195273,4252,2023-08-18,2023-08-18,137.0,Repeat item-backed buyer
2241,11,10,195158,3495,2023-12-27,2023-08-16,139.0,Repeat item-backed buyer
45850,12,11,195125,3840,2023-11-17,2023-11-17,46.0,Repeat item-backed buyer
23692,11,11,195075,10273,2023-11-14,2023-11-14,49.0,Repeat item-backed buyer
18771,9,6,195063,1725,2023-10-14,2022-02-25,676.0,Repeat item-backed buyer
36550,9,9,195002,0,2023-12-20,2023-12-20,13.0,Repeat item-backed buyer
47247,10,9,194835,0,2023-06-09,2023-06-09,207.0,Repeat item-backed buyer
18718,11,10,194783,0,2023-06-05,2023-06-05,211.0,Repeat item-backed buyer
25683,12,11,194665,4001,2023-11-24,2023-11-24,39.0,Repeat item-backed buyer
42167,14,12,194632,5577,2023-09-30,2023-09-30,94.0,Repeat item-backed buyer
37980,12,9,194627,2578,2023-12-20,2023-12-20,13.0,Repeat item-backed buyer
331,14,12,194539,230,2023-11-30,2023-11-30,33.0,Repeat item-backed buyer
44784,14,13,194508,6554,2023-09-05,2023-09-05,119.0,Repeat item-backed buyer
28134,14,13,194472,1321,2023-12-21,2023-12-21,12.0,Repeat item-backed buyer
31167,10,7,194382,0,2023-07-17,2023-01-03,364.0,Repeat item-backed buyer
10312,9,9,194366,4643,2023-01-08,2023-01-08,359.0,Repeat item-backed buyer
49005,10,9,194307,229,2023-06-24,2023-06-24,192.0,Repeat item-backed buyer
44945,9,9,194277,1266,2023-02-04,2023-02-04,332.0,Repeat item-backed buyer
28988,9,9,194262,4444,2023-12-29,2023-12-29,4.0,Repeat item-backed buyer
17850,10,9,194227,1113,2023-12-01,2023-12-01,32.0,Repeat item-backed buyer
23953,10,10,194193,2264,2023-09-25,2023-09-25,99.0,Repeat item-backed buyer
36012,12,11,194086,1751,2023-12-30,2023-12-30,3.0,Repeat item-backed buyer
8747,8,8,194029,9132,2023-12-30,2023-12-30,3.0,Repeat item-backed buyer
30824,14,13,193968,6902,2023-10-22,2023-10-22,72.0,Repeat item-backed buyer
20855,10,10,193871,4906,2023-07-03,2023-07-03,183.0,Repeat item-backed buyer
45245,11,11,193784,7523,2023-09-28,2023-09-28,96.0,Repeat item-backed buyer
29440,9,8,193763,0,2023-10-30,2023-10-30,64.0,Repeat item-backed buyer
35073,10,9,193708,4663,2023-11-26,2023-11-26,37.0,Repeat item-backed buyer
44890,12,11,193594,1070,2023-12-25,2023-12-25,8.0,Repeat item-backed buyer
22896,9,8,193449,591,2023-10-14,2023-10-14,80.0,Repeat item-backed buyer
6933,9,7,193404,0,2023-02-09,2023-02-09,327.0,Repeat item-backed buyer
17311,11,9,193371,0,2023-07-03,2023-07-03,183.0,Repeat item-backed buyer
47330,12,12,193341,9462,2023-11-08,2023-11-08,55.0,Repeat item-backed buyer
41865,11,9,193313,1594,2023-06-01,2023-06-01,215.0,Repeat item-backed buyer
44865,12,8,193262,2472,2023-11-02,2023-04-08,269.0,Repeat item-backed buyer
43463,10,10,193207,0,2023-12-03,2023-12-03,30.0,Repeat item-backed buyer
2730,10,9,193176,1323,2023-09-01,2023-07-03,183.0,Repeat item-backed buyer
30870,11,10,193138,2357,2023-11-26,2023-11-26,37.0,Repeat item-backed buyer
40877,15,13,193125,0,2023-10-22,2023-10-22,72.0,Repeat item-backed buyer
40182,12,11,193058,2073,2023-09-04,2023-09-04,120.0,Repeat item-backed buyer
8731,10,10,193018,5887,2023-11-28,2023-11-28,35.0,Repeat item-backed buyer
32618,11,11,192982,9743,2023-01-20,2023-01-20,347.0,Repeat item-backed buyer
44101,10,9,192942,0,2023-10-01,2023-10-01,93.0,Repeat item-backed buyer
6598,9,9,192826,2941,2023-06-28,2023-06-28,188.0,Repeat item-backed buyer
17154,9,8,192793,6829,2023-08-17,2023-08-17,138.0,Repeat item-backed buyer
26479,10,9,192745,10425,2022-11-25,2022-11-25,403.0,Repeat item-backed buyer
394,10,9,192598,1911,2023-02-11,2023-02-11,325.0,Repeat item-backed buyer
36574,7,7,192455,2454,2023-05-18,2023-05-18,229.0,Repeat item-backed buyer
28097,16,15,192408,10543,2023-11-22,2023-11-22,41.0,Repeat item-backed buyer
46794,8,8,192357,0,2023-04-26,2023-04-26,251.0,Repeat item-backed buyer
1915,12,11,192343,11790,2023-06-13,2023-06-13,203.0,Repeat item-backed buyer
43529,14,13,192256,8403,2023-09-07,2023-09-07,117.0,Repeat item-backed buyer
46225,8,8,192228,0,2023-12-31,2023-12-31,2.0,Repeat item-backed buyer
33989,13,10,192198,14419,2023-11-30,2023-11-30,33.0,Repeat item-backed buyer
22344,14,13,192174,7619,2023-12-30,2023-12-30,3.0,Repeat item-backed buyer
28157,8,7,192111,952,2023-03-29,2023-03-29,279.0,Repeat item-backed buyer
9349,7,7,192106,204,2023-05-04,2023-05-04,243.0,Repeat item-backed buyer
13447,14,10,192059,2462,2023-07-29,2023-07-29,157.0,Repeat item-backed buyer
46231,14,13,192012,4574,2023-12-29,2023-12-29,4.0,Repeat item-backed buyer
41407,10,10,191994,8658,2023-09-26,2023-09-26,98.0,Repeat item-backed buyer
47184,9,9,191992,7130,2023-03-01,2023-03-01,307.0,Repeat item-backed buyer
2093,9,9,191962,1786,2023-10-01,2023-10-01,93.0,Repeat item-backed buyer
36971,12,10,191862,717,2023-05-19,2023-05-19,228.0,Repeat item-backed buyer
29442,9,7,191831,0,2023-10-31,2023-10-31,63.0,Repeat item-backed buyer
26789,11,11,191796,510,2023-11-11,2023-11-11,52.0,Repeat item-backed buyer
10958,13,13,191784,7477,2023-02-21,2023-02-21,315.0,Repeat item-backed buyer
28686,9,9,191745,3340,2023-12-12,2023-12-12,21.0,Repeat item-backed buyer
30902,12,12,191737,4872,2023-09-09,2023-09-09,115.0,Repeat item-backed buyer
23430,11,10,191714,581,2023-11-25,2023-11-25,38.0,Repeat item-backed buyer
33095,8,8,191676,4914,2023-10-12,2023-10-12,82.0,Repeat item-backed buyer
10325,11,11,191621,1110,2023-08-24,2023-08-24,131.0,Repeat item-backed buyer
39208,10,9,191588,6330,2023-04-26,2023-04-26,251.0,Repeat item-backed buyer
22204,11,10,191573,0,2023-11-23,2023-11-23,40.0,Repeat item-backed buyer
32972,12,10,191469,2705,2023-09-07,2023-09-07,117.0,Repeat item-backed buyer
23510,9,8,191467,1939,2023-10-18,2023-10-18,76.0,Repeat item-backed buyer
34698,7,7,191442,0,2023-10-02,2023-10-02,92.0,Repeat item-backed buyer
36670,9,9,191409,0,2023-11-12,2023-11-12,51.0,Repeat item-backed buyer
31687,8,8,191313,0,2023-12-08,2023-12-08,25.0,Repeat item-backed buyer
5003,15,13,191310,0,2023-04-30,2023-04-30,247.0,Repeat item-backed buyer
46389,10,8,191310,7546,2023-06-14,2023-06-14,202.0,Repeat item-backed buyer
31091,8,7,191267,2721,2023-10-01,2023-10-01,93.0,Repeat item-backed buyer
37913,11,10,191265,0,2023-10-30,2023-10-30,64.0,Repeat item-backed buyer
47289,11,10,191237,4982,2023-12-02,2023-12-02,31.0,Repeat item-backed buyer
18505,8,8,191145,0,2023-03-20,2023-03-20,288.0,Repeat item-backed buyer
2591,8,8,191132,5468,2023-07-21,2023-07-21,165.0,Repeat item-backed buyer
23734,8,7,191115,288,2023-08-31,2023-08-31,124.0,Repeat item-backed buyer
4895,12,12,191100,0,2023-12-02,2023-12-02,31.0,Repeat item-backed buyer
28379,14,13,191065,6319,2023-11-18,2023-10-07,87.0,Repeat item-backed buyer
40974,12,9,191046,7089,2023-12-21,2023-12-21,12.0,Repeat item-backed buyer
10431,11,11,190946,3445,2023-09-19,2023-09-19,105.0,Repeat item-backed buyer
44238,11,10,190868,4229,2023-08-17,2023-08-17,138.0,Repeat item-backed buyer
28817,8,7,190847,0,2022-09-02,2022-09-02,487.0,Repeat item-backed buyer
33838,9,8,190824,1388,2023-01-23,2023-01-23,344.0,Repeat item-backed buyer
19532,12,12,190764,4009,2023-10-05,2023-10-05,89.0,Repeat item-backed buyer
44086,10,10,190710,0,2023-10-16,2023-10-16,78.0,Repeat item-backed buyer
43942,12,11,190660,6493,2023-10-18,2023-10-18,76.0,Repeat item-backed buyer
43697,8,8,190601,1364,2023-10-24,2023-10-24,70.0,Repeat item-backed buyer
45851,12,12,190532,0,2023-06-17,2023-06-17,199.0,Repeat item-backed buyer
32253,11,11,190527,6416,2023-08-10,2023-08-10,145.0,Repeat item-backed buyer
13362,9,9,190523,0,2023-04-04,2023-04-04,273.0,Repeat item-backed buyer
32053,10,10,190511,2610,2023-07-17,2023-07-17,169.0,Repeat item-backed buyer
25342,9,9,190469,5571,2023-08-30,2023-08-30,125.0,Repeat item-backed buyer
15879,9,9,190456,6022,2023-12-23,2023-12-23,10.0,Repeat item-backed buyer
10474,14,13,190431,8193,2023-11-18,2023-10-29,65.0,Repeat item-backed buyer
30161,13,11,190388,5201,2023-11-08,2023-11-08,55.0,Repeat item-backed buyer
5133,11,9,190293,694,2023-12-19,2023-12-19,14.0,Repeat item-backed buyer
2528,7,7,190282,0,2023-04-20,2023-04-20,257.0,Repeat item-backed buyer
39650,9,9,190273,4476,2023-12-25,2023-12-25,8.0,Repeat item-backed buyer
19600,10,9,190271,2465,2023-08-11,2022-09-25,464.0,Repeat item-backed buyer
30295,9,9,190265,3500,2023-11-23,2023-11-23,40.0,Repeat item-backed buyer
2630,9,8,190181,829,2023-10-27,2023-10-27,67.0,Repeat item-backed buyer
47737,14,12,190165,3744,2023-07-14,2023-07-14,172.0,Repeat item-backed buyer
26233,11,10,190145,4322,2023-06-21,2023-06-02,214.0,Repeat item-backed buyer
27922,9,8,190093,3626,2023-11-20,2023-11-20,43.0,Repeat item-backed buyer
23561,8,8,190018,2794,2023-12-06,2023-12-06,27.0,Repeat item-backed buyer
11471,10,9,189985,7435,2023-12-24,2023-12-24,9.0,Repeat item-backed buyer
47386,8,7,189920,2031,2023-01-05,2023-01-05,362.0,Repeat item-backed buyer
44634,10,10,189916,3819,2023-10-27,2023-10-27,67.0,Repeat item-backed buyer
42597,9,8,189795,3179,2023-06-15,2023-06-15,201.0,Repeat item-backed buyer
22855,10,7,189751,2864,2023-12-30,2023-12-30,3.0,Repeat item-backed buyer
49930,10,9,189711,0,2023-10-31,2023-10-31,63.0,Repeat item-backed buyer
23616,11,11,189623,0,2023-11-24,2023-11-24,39.0,Repeat item-backed buyer
11024,9,8,189593,2212,2023-11-13,2023-11-13,50.0,Repeat item-backed buyer
38380,13,12,189589,2087,2023-11-04,2023-11-04,59.0,Repeat item-backed buyer
22087,12,11,189547,1394,2023-11-09,2023-11-09,54.0,Repeat item-backed buyer
30256,11,11,189479,0,2023-12-05,2023-12-05,28.0,Repeat item-backed buyer
48508,16,15,189464,8013,2023-06-07,2023-06-07,209.0,Repeat item-backed buyer
46423,8,8,189436,3098,2023-06-05,2023-06-05,211.0,Repeat item-backed buyer
16423,10,10,189387,3542,2023-05-27,2023-05-27,220.0,Repeat item-backed buyer
40395,9,8,189369,4504,2023-09-07,2023-09-07,117.0,Repeat item-backed buyer
5686,8,7,189349,10222,2023-08-10,2023-08-10,145.0,Repeat item-backed buyer
14462,9,9,189308,4152,2023-10-24,2023-10-24,70.0,Repeat item-backed buyer
40074,11,10,189256,473,2023-09-18,2023-03-24,284.0,Repeat item-backed buyer
2766,9,9,189206,2130,2023-06-02,2023-06-02,214.0,Repeat item-backed buyer
9157,7,6,189152,0,2023-10-28,2022-08-23,497.0,Repeat item-backed buyer
26744,8,8,189108,0,2023-11-03,2023-11-03,60.0,Repeat item-backed buyer
23906,12,9,189089,3062,2022-12-23,2022-06-06,575.0,Repeat item-backed buyer
38935,11,9,189009,7391,2023-12-06,2023-09-13,111.0,Repeat item-backed buyer
38245,9,9,188954,774,2023-10-24,2023-10-24,70.0,Repeat item-backed buyer
34206,10,10,188934,8603,2023-12-20,2023-12-20,13.0,Repeat item-backed buyer
498,12,11,188929,4623,2023-12-17,2023-12-17,16.0,Repeat item-backed buyer
34022,13,11,188927,1420,2023-09-02,2023-09-02,122.0,Repeat item-backed buyer
46455,12,11,188917,5767,2023-09-15,2023-09-12,112.0,Repeat item-backed buyer
45035,9,8,188889,0,2023-04-13,2023-04-13,264.0,Repeat item-backed buyer
31551,13,12,188820,0,2023-10-12,2023-10-12,82.0,Repeat item-backed buyer
24553,10,10,188786,5216,2023-11-09,2023-11-09,54.0,Repeat item-backed buyer
2122,9,8,188760,4156,2023-06-10,2023-06-10,206.0,Repeat item-backed buyer
8060,13,12,188722,719,2023-10-15,2023-10-15,79.0,Repeat item-backed buyer
15472,12,12,188706,466,2023-11-13,2023-11-13,50.0,Repeat item-backed buyer
8630,9,9,188666,3155,2023-09-03,2023-09-03,121.0,Repeat item-backed buyer
26068,8,7,188652,1530,2023-11-08,2023-11-08,55.0,Repeat item-backed buyer
14071,7,7,188642,0,2023-10-10,2023-10-10,84.0,Repeat item-backed buyer
41728,11,11,188585,4170,2023-10-20,2023-10-20,74.0,Repeat item-backed buyer
9531,13,11,188528,3154,2023-12-30,2023-12-30,3.0,Repeat item-backed buyer
20849,9,9,188484,5873,2023-11-03,2023-11-03,60.0,Repeat item-backed buyer
9008,14,13,188461,0,2023-12-24,2023-12-24,9.0,Repeat item-backed buyer
28478,10,10,188323,0,2023-11-20,2023-11-20,43.0,Repeat item-backed buyer
23302,11,10,188299,10221,2023-12-11,2023-09-24,100.0,Repeat item-backed buyer
46855,10,9,188293,7014,2023-08-17,2023-08-17,138.0,Repeat item-backed buyer
6943,11,10,188223,0,2023-12-28,2023-12-28,5.0,Repeat item-backed buyer
33992,11,10,188219,561,2023-02-21,2023-02-21,315.0,Repeat item-backed buyer
23870,12,11,188166,9683,2023-12-02,2023-12-02,31.0,Repeat item-backed buyer
8241,10,9,188137,4197,2023-08-11,2022-12-16,382.0,Repeat item-backed buyer
21016,9,8,188134,2670,2022-08-12,2022-08-12,508.0,Repeat item-backed buyer
25278,13,10,188131,1844,2023-10-16,2023-10-16,78.0,Repeat item-backed buyer
6154,10,8,188069,7366,2023-11-19,2023-11-19,44.0,Repeat item-backed buyer
22845,11,11,188065,667,2023-10-20,2023-10-20,74.0,Repeat item-backed buyer
43608,8,8,187928,8425,2023-11-04,2023-11-04,59.0,Repeat item-backed buyer
4682,11,10,187827,3598,2023-08-28,2023-08-28,127.0,Repeat item-backed buyer
31573,8,7,187774,4814,2023-07-27,2023-07-27,159.0,Repeat item-backed buyer
39364,12,11,187747,7765,2023-07-11,2023-02-09,327.0,Repeat item-backed buyer
38598,9,9,187710,0,2022-06-06,2022-06-06,575.0,Repeat item-backed buyer
2751,7,7,187651,6113,2023-07-25,2023-07-25,161.0,Repeat item-backed buyer
38436,13,12,187603,0,2023-04-20,2023-04-20,257.0,Repeat item-backed buyer
5284,9,9,187600,4350,2023-04-17,2023-04-17,260.0,Repeat item-backed buyer
38243,11,11,187549,2872,2023-12-30,2023-12-30,3.0,Repeat item-backed buyer
36504,10,9,187547,107,2023-08-03,2023-08-03,152.0,Repeat item-backed buyer
32435,11,10,187525,707,2023-12-10,2023-12-10,23.0,Repeat item-backed buyer
37720,10,9,187524,4901,2023-11-03,2023-11-03,60.0,Repeat item-backed buyer
15208,13,13,187516,3271,2023-12-25,2023-12-25,8.0,Repeat item-backed buyer
43010,13,13,187494,8715,2023-06-21,2023-06-21,195.0,Repeat item-backed buyer
12695,10,9,187470,0,2023-08-03,2023-08-03,152.0,Repeat item-backed buyer
33509,11,10,187458,3051,2023-12-02,2023-12-02,31.0,Repeat item-backed buyer
27740,11,9,187424,2940,2023-12-04,2023-12-04,29.0,Repeat item-backed buyer
37356,9,9,187386,0,2023-12-28,2023-12-28,5.0,Repeat item-backed buyer
45401,11,11,187292,4372,2023-07-22,2023-07-22,164.0,Repeat item-backed buyer
42056,11,11,187242,6264,2023-10-24,2023-10-24,70.0,Repeat item-backed buyer
14527,8,8,187230,3414,2021-09-02,2021-09-02,852.0,Repeat item-backed buyer
14512,11,10,187221,2074,2023-07-03,2023-07-03,183.0,Repeat item-backed buyer
45318,10,10,187210,0,2023-09-12,2023-09-12,112.0,Repeat item-backed buyer
47547,10,9,187175,2283,2023-08-01,2023-08-01,154.0,Repeat item-backed buyer
17555,12,11,187163,6464,2023-11-28,2023-11-28,35.0,Repeat item-backed buyer
30439,10,9,187071,4823,2023-08-08,2023-08-08,147.0,Repeat item-backed buyer
33541,10,9,187060,7177,2023-05-26,2023-05-26,221.0,Repeat item-backed buyer
13502,10,10,186991,0,2023-10-27,2023-10-27,67.0,Repeat item-backed buyer
49426,11,10,186985,8861,2023-12-15,2023-12-15,18.0,Repeat item-backed buyer
12494,9,9,186977,795,2023-07-18,2023-07-18,168.0,Repeat item-backed buyer
44479,9,8,186975,6575,2023-10-12,2023-10-12,82.0,Repeat item-backed buyer
43097,10,10,186968,5944,2023-12-25,2023-12-25,8.0,Repeat item-backed buyer
27501,8,8,186915,4151,2023-01-22,2023-01-22,345.0,Repeat item-backed buyer
41266,13,11,186913,6562,2023-09-15,2023-09-15,109.0,Repeat item-backed buyer
3054,13,12,186821,4977,2023-11-06,2023-11-06,57.0,Repeat item-backed buyer
14904,8,8,186792,5766,2023-10-09,2023-10-09,85.0,Repeat item-backed buyer
1257,12,11,186791,0,2023-07-25,2023-07-09,177.0,Repeat item-backed buyer
5169,8,8,186575,11808,2023-12-09,2023-12-09,24.0,Repeat item-backed buyer
48949,8,8,186573,4685,2023-10-22,2023-10-22,72.0,Repeat item-backed buyer
32371,9,8,186495,10488,2023-07-14,2023-07-14,172.0,Repeat item-backed buyer
17885,10,9,186489,4595,2023-11-21,2023-11-21,42.0,Repeat item-backed buyer
46690,7,7,186446,2620,2023-06-08,2023-06-08,208.0,Repeat item-backed buyer
30410,12,10,186442,0,2023-11-26,2023-11-26,37.0,Repeat item-backed buyer
39077,12,11,186440,9146,2023-07-28,2023-07-28,158.0,Repeat item-backed buyer
20794,11,7,186427,3169,2023-09-14,2023-09-14,110.0,Repeat item-backed buyer
18131,8,8,186416,4107,2023-05-06,2023-05-06,241.0,Repeat item-backed buyer
31218,12,10,186414,4641,2023-11-24,2023-11-24,39.0,Repeat item-backed buyer
37952,10,10,186402,2727,2023-06-27,2023-06-27,189.0,Repeat item-backed buyer
20335,10,8,186373,5880,2023-06-13,2023-02-26,310.0,Repeat item-backed buyer
7022,12,11,186363,4038,2023-12-17,2023-12-17,16.0,Repeat item-backed buyer
19268,10,10,186323,692,2023-12-27,2023-12-27,6.0,Repeat item-backed buyer
30929,9,8,186197,0,2023-11-07,2023-11-07,56.0,Repeat item-backed buyer
1185,13,12,186175,14370,2023-11-15,2023-08-11,144.0,Repeat item-backed buyer
3089,14,12,186145,0,2023-11-10,2023-11-10,53.0,Repeat item-backed buyer
46904,10,10,186133,5350,2023-12-08,2023-12-08,25.0,Repeat item-backed buyer
41561,8,8,186130,1292,2023-03-16,2023-03-16,292.0,Repeat item-backed buyer
21374,10,10,186126,1442,2023-06-27,2023-06-27,189.0,Repeat item-backed buyer
33633,12,12,186092,467,2023-10-15,2023-10-15,79.0,Repeat item-backed buyer
27329,9,8,186082,0,2023-07-16,2023-07-16,170.0,Repeat item-backed buyer
3648,9,9,186005,2212,2023-09-26,2023-09-26,98.0,Repeat item-backed buyer
41203,11,11,185995,4204,2023-12-21,2023-12-21,12.0,Repeat item-backed buyer
10389,13,11,185773,0,2023-09-30,2023-09-30,94.0,Repeat item-backed buyer
42379,12,12,185703,0,2023-12-20,2023-12-20,13.0,Repeat item-backed buyer
10784,10,9,185633,4541,2023-06-04,2022-10-17,442.0,Repeat item-backed buyer
15155,12,10,185633,2167,2023-08-05,2023-08-05,150.0,Repeat item-backed buyer
46514,9,9,185616,0,2023-07-25,2023-07-25,161.0,Repeat item-backed buyer
492,10,9,185608,6334,2023-10-05,2023-10-05,89.0,Repeat item-backed buyer
26143,13,11,185474,2771,2023-11-02,2023-11-02,61.0,Repeat item-backed buyer
30531,10,10,185429,0,2023-11-29,2023-11-29,34.0,Repeat item-backed buyer
43557,10,10,185380,0,2022-11-25,2022-11-25,403.0,Repeat item-backed buyer
49183,13,10,185367,0,2023-11-22,2023-11-22,41.0,Repeat item-backed buyer
37343,10,10,185356,6162,2023-11-18,2023-11-18,45.0,Repeat item-backed buyer
46026,10,9,185340,8367,2023-03-27,2023-03-27,281.0,Repeat item-backed buyer
5474,10,9,185338,3702,2023-12-16,2023-10-26,68.0,Repeat item-backed buyer
20098,10,9,185279,2214,2023-03-10,2023-03-10,298.0,Repeat item-backed buyer
4817,9,8,185269,0,2023-12-14,2023-12-14,19.0,Repeat item-backed buyer
40323,11,11,185265,0,2023-02-27,2023-02-27,309.0,Repeat item-backed buyer
23402,9,7,185260,2445,2022-04-29,2022-04-29,613.0,Repeat item-backed buyer
17651,9,8,185252,0,2023-12-16,2023-12-16,17.0,Repeat item-backed buyer
36467,11,9,185234,313,2023-06-17,2023-06-17,199.0,Repeat item-backed buyer
30104,12,12,185215,2873,2023-09-26,2023-09-26,98.0,Repeat item-backed buyer
1420,9,8,185006,1771,2023-12-10,2023-12-10,23.0,Repeat item-backed buyer
5187,12,11,184983,3542,2023-10-05,2023-10-05,89.0,Repeat item-backed buyer
44884,8,8,184934,9026,2023-04-04,2023-04-04,273.0,Repeat item-backed buyer
18860,8,8,184913,4097,2023-08-23,2023-08-23,132.0,Repeat item-backed buyer
28056,11,11,184905,7188,2023-02-21,2023-02-21,315.0,Repeat item-backed buyer
16331,9,9,184889,1549,2023-05-26,2023-05-26,221.0,Repeat item-backed buyer
42767,11,10,184821,0,2023-09-21,2023-09-21,103.0,Repeat item-backed buyer
24571,8,8,184815,12011,2023-08-09,2023-08-09,146.0,Repeat item-backed buyer
25591,11,10,184790,3229,2023-07-06,2022-09-10,479.0,Repeat item-backed buyer
21215,10,7,184787,9014,2022-07-20,2022-07-20,531.0,Repeat item-backed buyer
4868,12,10,184711,0,2023-11-17,2023-11-17,46.0,Repeat item-backed buyer
47680,13,12,184613,2741,2023-06-01,2023-06-01,215.0,Repeat item-backed buyer
45019,9,9,184597,4482,2023-07-15,2023-07-15,171.0,Repeat item-backed buyer
43989,8,8,184590,1783,2023-07-20,2023-07-20,166.0,Repeat item-backed buyer
3652,11,11,184533,3935,2023-11-30,2023-11-30,33.0,Repeat item-backed buyer
7475,9,9,184516,7105,2023-10-30,2023-10-30,64.0,Repeat item-backed buyer
18944,10,10,184500,8188,2023-08-21,2023-08-21,134.0,Repeat item-backed buyer
18449,8,7,184495,6339,2023-12-20,2023-12-20,13.0,Repeat item-backed buyer
8801,13,12,184471,0,2023-11-15,2023-11-15,48.0,Repeat item-backed buyer
11263,9,8,184467,4534,2023-06-23,2023-06-23,193.0,Repeat item-backed buyer
27320,7,7,184444,3833,2023-12-15,2023-12-15,18.0,Repeat item-backed buyer
11602,9,9,184344,9336,2023-07-08,2023-07-08,178.0,Repeat item-backed buyer
27019,13,13,184331,3683,2023-07-24,2023-07-24,162.0,Repeat item-backed buyer
44951,9,9,184255,9936,2023-11-30,2023-11-30,33.0,Repeat item-backed buyer
46578,9,8,184181,1007,2023-10-26,2023-10-26,68.0,Repeat item-backed buyer
25365,11,9,184152,9560,2023-07-29,2023-07-29,157.0,Repeat item-backed buyer
32763,12,11,184118,0,2023-12-24,2023-12-24,9.0,Repeat item-backed buyer
14239,8,8,184000,8342,2023-02-16,2023-02-16,320.0,Repeat item-backed buyer
28589,12,11,183993,6305,2023-09-29,2023-09-29,95.0,Repeat item-backed buyer
39450,16,15,183991,5562,2023-12-14,2023-12-14,19.0,Repeat item-backed buyer
45687,7,7,183960,1384,2023-09-30,2023-09-30,94.0,Repeat item-backed buyer
8242,9,7,183831,11370,2022-05-21,2022-05-21,591.0,Repeat item-backed buyer
23892,9,9,183821,3821,2023-10-19,2023-10-19,75.0,Repeat item-backed buyer
43348,8,8,183813,4834,2023-06-02,2023-06-02,214.0,Repeat item-backed buyer
23483,11,10,183793,6126,2023-10-01,2023-10-01,93.0,Repeat item-backed buyer
41453,12,11,183792,4171,2023-11-21,2023-11-21,42.0,Repeat item-backed buyer
6586,11,11,183698,4390,2023-12-21,2023-12-21,12.0,Repeat item-backed buyer
46733,9,8,183683,3065,2023-11-17,2023-11-17,46.0,Repeat item-backed buyer
47410,9,8,183662,3017,2023-11-30,2023-11-30,33.0,Repeat item-backed buyer
25263,11,9,183623,0,2023-10-03,2023-10-03,91.0,Repeat item-backed buyer
15951,12,10,183597,12357,2023-09-10,2023-09-10,114.0,Repeat item-backed buyer
49834,11,10,183572,0,2023-09-28,2023-09-28,96.0,Repeat item-backed buyer
23099,10,9,183532,0,2022-05-09,2022-05-09,603.0,Repeat item-backed buyer
14979,10,10,183522,8134,2023-10-04,2023-10-04,90.0,Repeat item-backed buyer
34157,12,11,183480,4948,2023-10-12,2023-10-12,82.0,Repeat item-backed buyer
33221,13,13,183445,0,2023-11-27,2023-11-27,36.0,Repeat item-backed buyer
47816,13,12,183413,0,2023-07-18,2023-07-18,168.0,Repeat item-backed buyer
20810,8,7,183409,0,2023-11-29,2023-11-29,34.0,Repeat item-backed buyer
22392,13,12,183405,3941,2023-12-28,2023-12-28,5.0,Repeat item-backed buyer
20474,11,9,183347,0,2023-11-06,2023-11-06,57.0,Repeat item-backed buyer
17347,10,9,183289,6310,2023-10-03,2023-03-08,300.0,Repeat item-backed buyer
23916,10,10,183261,4573,2023-01-14,2023-01-14,353.0,Repeat item-backed buyer
18985,10,10,183210,2429,2023-07-20,2023-07-20,166.0,Repeat item-backed buyer
42410,12,12,183140,3387,2023-08-19,2023-08-19,136.0,Repeat item-backed buyer
3147,14,12,183130,0,2023-10-19,2023-10-19,75.0,Repeat item-backed buyer
44251,11,10,183126,2233,2023-09-17,2023-09-17,107.0,Repeat item-backed buyer
17231,11,10,183064,4079,2023-10-06,2023-10-06,88.0,Repeat item-backed buyer
30999,9,8,183044,0,2022-12-01,2022-12-01,397.0,Repeat item-backed buyer
6399,10,10,182965,2219,2023-12-07,2023-12-07,26.0,Repeat item-backed buyer
32068,13,12,182908,2253,2023-09-15,2023-04-17,260.0,Repeat item-backed buyer
43638,11,10,182848,826,2023-08-15,2023-08-15,140.0,Repeat item-backed buyer
29966,12,11,182753,1299,2023-10-25,2023-10-25,69.0,Repeat item-backed buyer
4427,11,9,182729,12604,2023-11-24,2023-11-24,39.0,Repeat item-backed buyer
27762,5,5,182716,3866,2023-07-20,2023-07-20,166.0,Repeat item-backed buyer
5877,9,9,182683,7455,2023-07-15,2023-07-15,171.0,Repeat item-backed buyer
7427,11,10,182678,7041,2023-11-09,2023-11-09,54.0,Repeat item-backed buyer
10754,7,7,182674,2406,2023-01-21,2023-01-21,346.0,Repeat item-backed buyer
20415,12,10,182620,6181,2023-07-17,2023-07-17,169.0,Repeat item-backed buyer
43103,11,11,182555,3751,2023-11-13,2023-11-13,50.0,Repeat item-backed buyer
17043,11,11,182550,7787,2023-06-30,2023-06-30,186.0,Repeat item-backed buyer
2029,13,12,182548,11002,2023-07-13,2023-07-13,173.0,Repeat item-backed buyer
34521,11,11,182540,2958,2023-10-03,2023-10-03,91.0,Repeat item-backed buyer
22261,10,9,182526,3564,2023-11-08,2023-11-08,55.0,Repeat item-backed buyer
23977,10,10,182505,11892,2023-09-21,2023-09-21,103.0,Repeat item-backed buyer
31572,12,10,182481,4332,2023-06-07,2023-06-07,209.0,Repeat item-backed buyer
30485,12,11,182477,6600,2023-09-19,2023-09-19,105.0,Repeat item-backed buyer
38396,9,9,182473,7766,2023-12-01,2023-12-01,32.0,Repeat item-backed buyer
11677,8,8,182462,4444,2023-07-19,2023-07-19,167.0,Repeat item-backed buyer
41720,12,11,182419,0,2023-10-06,2023-10-06,88.0,Repeat item-backed buyer
32230,14,12,182387,0,2023-12-31,2023-12-31,2.0,Repeat item-backed buyer
17836,8,6,182343,0,2023-02-13,2023-02-13,323.0,Repeat item-backed buyer
14355,8,7,182288,0,2023-10-01,2023-10-01,93.0,Repeat item-backed buyer
12319,12,10,182272,9293,2023-09-16,2023-09-16,108.0,Repeat item-backed buyer
39578,7,7,182243,3421,2023-07-01,2023-07-01,185.0,Repeat item-backed buyer
30857,8,7,182221,3346,2023-09-28,2023-09-28,96.0,Repeat item-backed buyer
16960,10,8,182203,0,2023-12-31,2023-12-31,2.0,Repeat item-backed buyer
11465,14,11,182193,12845,2023-11-22,2023-11-22,41.0,Repeat item-backed buyer
31774,10,10,182181,0,2023-12-30,2023-12-30,3.0,Repeat item-backed buyer
6508,8,7,182149,0,2023-08-17,2023-08-17,138.0,Repeat item-backed buyer
25764,10,10,182084,11073,2023-01-06,2023-01-06,361.0,Repeat item-backed buyer
34557,12,10,182041,1491,2023-01-07,2023-01-07,360.0,Repeat item-backed buyer
16421,11,11,182033,9255,2023-08-20,2023-08-20,135.0,Repeat item-backed buyer
16474,10,9,182030,6021,2023-04-01,2022-12-01,397.0,Repeat item-backed buyer
46044,8,8,182009,1880,2023-03-13,2023-03-13,295.0,Repeat item-backed buyer
43162,12,9,181974,4875,2024-01-01,2024-01-01,1.0,Repeat item-backed buyer
11080,8,8,181947,3480,2023-12-31,2023-12-31,2.0,Repeat item-backed buyer
17396,10,8,181940,1795,2023-11-17,2023-11-17,46.0,Repeat item-backed buyer
28860,7,7,181907,3746,2022-12-28,2022-12-28,370.0,Repeat item-backed buyer
7781,12,12,181852,2180,2023-11-03,2023-11-03,60.0,Repeat item-backed buyer
9993,9,9,181804,2807,2023-10-27,2023-10-27,67.0,Repeat item-backed buyer
2887,9,9,181786,14323,2023-04-04,2023-04-04,273.0,Repeat item-backed buyer
38121,12,8,181773,5905,2023-09-30,2023-09-30,94.0,Repeat item-backed buyer
35192,13,12,181728,4707,2023-08-21,2023-08-21,134.0,Repeat item-backed buyer
31261,14,13,181667,1403,2023-12-12,2023-12-12,21.0,Repeat item-backed buyer
2221,11,10,181622,5779,2023-11-23,2023-11-23,40.0,Repeat item-backed buyer
48831,9,8,181608,0,2022-07-08,2022-07-08,543.0,Repeat item-backed buyer
33454,9,8,181601,0,2023-10-19,2023-10-12,82.0,Repeat item-backed buyer
4898,12,11,181592,5890,2023-12-30,2023-12-30,3.0,Repeat item-backed buyer
24,13,10,181583,0,2023-12-02,2023-12-02,31.0,Repeat item-backed buyer
41435,11,11,181569,1414,2023-05-31,2023-05-31,216.0,Repeat item-backed buyer
15151,16,13,181561,0,2023-12-26,2023-12-26,7.0,Repeat item-backed buyer
30368,12,10,181433,0,2023-12-08,2023-12-08,25.0,Repeat item-backed buyer
46624,12,10,181376,1303,2023-10-12,2023-10-12,82.0,Repeat item-backed buyer
46289,12,12,181366,10573,2023-08-02,2023-08-02,153.0,Repeat item-backed buyer
46215,11,11,181298,759,2023-08-18,2023-08-18,137.0,Repeat item-backed buyer
17764,13,10,181293,6254,2023-12-21,2023-12-21,12.0,Repeat item-backed buyer
24037,13,11,181254,0,2023-10-12,2023-10-12,82.0,Repeat item-backed buyer
7535,11,10,181250,0,2023-12-26,2023-12-26,7.0,Repeat item-backed buyer
30890,6,6,181242,0,2023-04-28,2023-04-28,249.0,Repeat item-backed buyer
22759,9,9,181157,0,2023-10-03,2023-10-03,91.0,Repeat item-backed buyer
14293,11,11,181139,0,2023-11-17,2023-11-17,46.0,Repeat item-backed buyer
1846,11,8,181124,0,2023-02-21,2023-02-21,315.0,Repeat item-backed buyer
27612,10,10,181110,55,2023-01-10,2023-01-10,357.0,Repeat item-backed buyer
20305,9,9,181087,1344,2023-12-24,2023-12-24,9.0,Repeat item-backed buyer
21076,13,12,181084,4226,2023-12-22,2023-12-22,11.0,Repeat item-backed buyer
4590,14,12,180990,0,2023-05-04,2023-05-04,243.0,Repeat item-backed buyer
29053,10,10,180952,2914,2023-08-09,2023-08-09,146.0,Repeat item-backed buyer
4858,9,9,180951,0,2023-11-22,2023-11-22,41.0,Repeat item-backed buyer
31901,13,12,180949,4483,2023-12-11,2023-12-11,22.0,Repeat item-backed buyer
31107,11,10,180876,0,2021-10-31,2021-10-31,793.0,Repeat item-backed buyer
9277,10,8,180800,11655,2023-11-28,2023-11-28,35.0,Repeat item-backed buyer
18117,10,9,180788,4771,2023-10-31,2023-10-31,63.0,Repeat item-backed buyer
18186,10,9,180759,5056,2023-08-14,2023-08-14,141.0,Repeat item-backed buyer
6885,10,10,180730,0,2023-12-30,2023-12-30,3.0,Repeat item-backed buyer
18402,8,8,180689,0,2023-11-06,2023-11-06,57.0,Repeat item-backed buyer
46969,12,11,180598,0,2023-08-09,2023-08-09,146.0,Repeat item-backed buyer
34875,13,12,180556,3754,2023-09-17,2023-09-17,107.0,Repeat item-backed buyer
13672,11,11,180497,0,2023-08-06,2023-08-06,149.0,Repeat item-backed buyer
31130,9,8,180383,2377,2022-10-28,2022-07-24,527.0,Repeat item-backed buyer
9773,8,7,180378,0,2023-11-10,2023-11-10,53.0,Repeat item-backed buyer
7777,13,11,180345,0,2023-12-15,2023-12-15,18.0,Repeat item-backed buyer
25288,12,11,180334,1362,2023-04-18,2023-04-02,275.0,Repeat item-backed buyer
22348,13,13,180318,6491,2023-11-10,2023-11-10,53.0,Repeat item-backed buyer
9815,9,9,180303,2516,2022-03-18,2022-03-18,655.0,Repeat item-backed buyer
18516,11,10,180277,12574,2022-12-01,2022-12-01,397.0,Repeat item-backed buyer
21334,9,8,180203,0,2022-12-20,2022-12-20,378.0,Repeat item-backed buyer
28824,9,9,180196,4403,2023-05-20,2023-05-20,227.0,Repeat item-backed buyer
25770,10,10,180187,4932,2023-12-30,2023-12-30,3.0,Repeat item-backed buyer
46042,11,11,180175,1968,2023-11-10,2023-11-10,53.0,Repeat item-backed buyer
2571,7,7,180157,0,2023-12-03,2023-12-03,30.0,Repeat item-backed buyer
43899,10,10,180157,7836,2023-12-04,2023-12-04,29.0,Repeat item-backed buyer
23076,9,9,180063,10085,2022-09-16,2022-09-16,473.0,Repeat item-backed buyer
15018,12,9,180024,3892,2023-11-13,2022-07-20,531.0,Repeat item-backed buyer
15413,8,7,179957,0,2023-02-06,2023-02-06,330.0,Repeat item-backed buyer
41182,11,11,179922,4993,2023-08-17,2023-08-17,138.0,Repeat item-backed buyer
12377,10,10,179882,2488,2023-04-07,2023-04-07,270.0,Repeat item-backed buyer
44389,12,10,179876,10727,2023-11-12,2023-11-12,51.0,Repeat item-backed buyer
32714,13,11,179873,9603,2023-09-08,2023-09-08,116.0,Repeat item-backed buyer
40915,8,8,179867,1123,2023-10-11,2023-10-11,83.0,Repeat item-backed buyer
24176,12,10,179832,4130,2023-12-21,2023-12-21,12.0,Repeat item-backed buyer
23138,10,8,179789,4793,2023-07-29,2023-03-28,280.0,Repeat item-backed buyer
44212,10,10,179773,2997,2023-05-17,2023-05-17,230.0,Repeat item-backed buyer
9409,10,9,179734,10015,2023-07-10,2023-07-10,176.0,Repeat item-backed buyer
41694,11,10,179726,1833,2023-12-23,2023-12-23,10.0,Repeat item-backed buyer
20289,7,7,179673,1721,2023-11-02,2023-11-02,61.0,Repeat item-backed buyer
3953,11,11,179672,0,2023-07-02,2023-07-02,184.0,Repeat item-backed buyer
33067,7,7,179646,0,2023-12-02,2023-12-02,31.0,Repeat item-backed buyer
21548,11,8,179633,0,2023-10-06,2023-10-06,88.0,Repeat item-backed buyer
15891,11,10,179626,0,2023-12-23,2023-12-23,10.0,Repeat item-backed buyer
20609,13,9,179622,1704,2023-11-15,2023-11-15,48.0,Repeat item-backed buyer
48792,8,8,179602,4517,2023-06-23,2023-06-23,193.0,Repeat item-backed buyer
27691,10,8,179598,0,2023-05-09,2023-04-14,263.0,Repeat item-backed buyer
3366,9,8,179590,2121,2023-11-17,2023-10-04,90.0,Repeat item-backed buyer
20402,11,11,179586,1455,2023-07-25,2023-07-25,161.0,Repeat item-backed buyer
31134,14,12,179535,5783,2023-10-05,2023-10-05,89.0,Repeat item-backed buyer
26994,11,9,179534,6879,2023-11-21,2023-11-21,42.0,Repeat item-backed buyer
1928,9,9,179528,3612,2023-09-25,2023-09-25,99.0,Repeat item-backed buyer
49721,15,12,179524,9637,2023-06-05,2023-06-05,211.0,Repeat item-backed buyer
30557,12,12,179519,3911,2023-08-09,2023-08-09,146.0,Repeat item-backed buyer
46296,9,9,179514,9069,2023-11-24,2023-11-24,39.0,Repeat item-backed buyer
38328,9,9,179511,979,2023-12-03,2023-12-03,30.0,Repeat item-backed buyer
4640,9,7,179497,7392,2023-09-23,2023-09-23,101.0,Repeat item-backed buyer
28990,7,7,179483,3453,2023-10-16,2023-10-16,78.0,Repeat item-backed buyer
36660,11,10,179463,11442,2023-10-22,2023-10-22,72.0,Repeat item-backed buyer
20534,10,9,179427,3431,2023-07-06,2023-07-06,180.0,Repeat item-backed buyer
27051,8,8,179400,3192,2023-07-20,2023-07-20,166.0,Repeat item-backed buyer
4695,10,10,179351,4730,2023-05-31,2023-05-31,216.0,Repeat item-backed buyer
3222,10,9,179335,0,2023-01-29,2022-12-06,392.0,Repeat item-backed buyer
23512,9,9,179298,0,2023-02-14,2023-02-14,322.0,Repeat item-backed buyer
46605,8,8,179267,0,2023-11-16,2023-11-16,47.0,Repeat item-backed buyer
35844,13,11,179265,0,2023-12-04,2023-12-04,29.0,Repeat item-backed buyer
20706,10,10,179263,5652,2023-09-24,2023-09-24,100.0,Repeat item-backed buyer
27379,10,9,179257,10928,2023-01-30,2023-01-30,337.0,Repeat item-backed buyer
662,11,10,179242,0,2024-01-01,2024-01-01,1.0,Repeat item-backed buyer
6930,11,10,179168,3398,2023-07-02,2023-07-02,184.0,Repeat item-backed buyer
27387,10,10,179111,8715,2023-10-07,2023-10-07,87.0,Repeat item-backed buyer
7476,11,10,179085,6234,2023-10-02,2023-10-02,92.0,Repeat item-backed buyer
9500,10,9,179051,7679,2023-01-13,2023-01-13,354.0,Repeat item-backed buyer
16362,10,9,179050,3518,2023-09-18,2023-04-17,260.0,Repeat item-backed buyer
47075,10,10,178908,13391,2023-11-23,2023-11-23,40.0,Repeat item-backed buyer
22424,8,8,178890,8234,2023-11-22,2023-11-22,41.0,Repeat item-backed buyer
29522,11,10,178885,5504,2023-10-14,2023-10-14,80.0,Repeat item-backed buyer
40949,10,9,178835,3825,2023-09-18,2023-09-18,106.0,Repeat item-backed buyer
15881,9,9,178766,0,2023-07-27,2023-07-27,159.0,Repeat item-backed buyer
33444,13,8,178747,4707,2023-04-10,2023-04-10,267.0,Repeat item-backed buyer
32351,10,9,178734,0,2023-11-02,2023-11-02,61.0,Repeat item-backed buyer
25970,14,13,178717,0,2023-08-17,2023-08-17,138.0,Repeat item-backed buyer
1144,8,8,178708,6324,2023-09-18,2023-09-18,106.0,Repeat item-backed buyer
39792,6,6,178706,0,2023-05-20,2023-05-20,227.0,Repeat item-backed buyer
38688,8,7,178701,0,2023-11-01,2023-11-01,62.0,Repeat item-backed buyer
35475,10,9,178696,2872,2023-12-26,2023-12-26,7.0,Repeat item-backed buyer
13145,8,8,178689,8287,2023-12-28,2023-12-28,5.0,Repeat item-backed buyer
31766,8,8,178687,0,2023-11-03,2023-11-03,60.0,Repeat item-backed buyer
6099,7,7,178668,3250,2023-05-19,2023-05-19,228.0,Repeat item-backed buyer
10055,15,13,178660,5491,2023-12-21,2023-12-21,12.0,Repeat item-backed buyer
29757,8,8,178660,4661,2023-09-07,2023-09-07,117.0,Repeat item-backed buyer
29843,11,10,178657,9642,2023-08-01,2023-08-01,154.0,Repeat item-backed buyer
21019,14,11,178626,490,2023-09-19,2023-09-19,105.0,Repeat item-backed buyer
7114,8,7,178604,2376,2022-04-24,2022-04-24,618.0,Repeat item-backed buyer
37623,12,11,178601,5584,2023-10-18,2023-09-03,121.0,Repeat item-backed buyer
19689,11,10,178508,1053,2023-12-31,2023-12-31,2.0,Repeat item-backed buyer
11829,8,8,178485,2430,2023-11-19,2023-11-19,44.0,Repeat item-backed buyer
10869,11,10,178417,2751,2023-10-14,2023-10-14,80.0,Repeat item-backed buyer
45792,9,7,178278,0,2023-12-31,2023-03-15,293.0,Repeat item-backed buyer
28296,10,10,178271,6959,2022-12-16,2022-12-16,382.0,Repeat item-backed buyer
22173,10,10,178253,6954,2023-12-04,2023-12-04,29.0,Repeat item-backed buyer
45201,12,10,178241,0,2023-10-05,2023-10-05,89.0,Repeat item-backed buyer
49279,12,11,178230,3623,2023-09-09,2023-09-09,115.0,Repeat item-backed buyer
10105,13,13,178215,0,2023-08-27,2023-08-27,128.0,Repeat item-backed buyer
23592,7,6,178165,8251,2023-11-15,2023-07-23,163.0,Repeat item-backed buyer
15820,16,15,178127,0,2023-12-22,2023-12-22,11.0,Repeat item-backed buyer
25075,9,8,178123,17369,2023-11-27,2023-11-27,36.0,Repeat item-backed buyer
21771,10,10,178089,0,2023-10-11,2023-10-11,83.0,Repeat item-backed buyer
23345,14,11,178036,4995,2024-01-01,2024-01-01,1.0,Repeat item-backed buyer
20651,10,10,178034,3171,2023-05-24,2023-05-24,223.0,Repeat item-backed buyer
21009,8,6,178014,7067,2023-07-19,2022-11-29,399.0,Repeat item-backed buyer
27720,11,10,178007,5356,2023-09-04,2023-09-04,120.0,Repeat item-backed buyer
13081,8,8,177951,0,2023-12-11,2023-12-11,22.0,Repeat item-backed buyer
21903,9,9,177919,6860,2023-11-16,2023-11-16,47.0,Repeat item-backed buyer
15409,10,7,177873,6060,2023-10-29,2023-10-29,65.0,Repeat item-backed buyer
13488,9,8,177836,8155,2023-10-18,2023-10-18,76.0,Repeat item-backed buyer
38769,10,10,177833,0,2023-10-29,2023-10-29,65.0,Repeat item-backed buyer
46105,12,10,177797,0,2023-11-06,2023-11-06,57.0,Repeat item-backed buyer
3681,12,11,177762,9728,2023-09-07,2023-09-07,117.0,Repeat item-backed buyer
3284,8,8,177741,4241,2023-05-14,2023-05-14,233.0,Repeat item-backed buyer
8461,9,9,177729,0,2023-05-19,2023-05-19,228.0,Repeat item-backed buyer
38970,8,8,177724,82,2023-12-01,2023-12-01,32.0,Repeat item-backed buyer
18843,10,9,177710,1205,2022-06-28,2022-06-28,553.0,Repeat item-backed buyer
2279,9,8,177572,0,2023-10-04,2023-10-04,90.0,Repeat item-backed buyer
19927,12,10,177562,0,2023-11-17,2023-11-17,46.0,Repeat item-backed buyer
11215,9,8,177550,5604,2023-12-03,2023-12-03,30.0,Repeat item-backed buyer
17115,14,11,177539,2275,2023-10-10,2023-10-10,84.0,Repeat item-backed buyer
5532,10,9,177496,0,2023-09-02,2023-09-02,122.0,Repeat item-backed buyer
8914,15,9,177494,0,2023-02-26,2023-02-26,310.0,Repeat item-backed buyer
8441,9,9,177491,0,2023-11-24,2023-11-24,39.0,Repeat item-backed buyer
48858,10,9,177474,2263,2023-09-14,2023-09-14,110.0,Repeat item-backed buyer
3950,11,9,177393,0,2023-09-22,2023-09-22,102.0,Repeat item-backed buyer
35979,10,9,177345,0,2023-08-18,2023-08-18,137.0,Repeat item-backed buyer
42100,8,7,177323,0,2023-07-20,2023-07-20,166.0,Repeat item-backed buyer
8650,9,9,177321,0,2023-12-06,2023-12-06,27.0,Repeat item-backed buyer
1206,9,8,177300,0,2022-11-11,2022-11-11,417.0,Repeat item-backed buyer
6662,10,10,177255,0,2023-12-20,2023-12-20,13.0,Repeat item-backed buyer
36500,11,10,177244,3344,2023-12-05,2023-12-05,28.0,Repeat item-backed buyer
17224,9,8,177221,0,2023-08-16,2023-05-12,235.0,Repeat item-backed buyer
28,10,9,177214,4108,2023-11-04,2023-11-04,59.0,Repeat item-backed buyer
168,10,9,177193,7311,2023-06-05,2023-06-05,211.0,Repeat item-backed buyer
10830,11,9,177167,4040,2023-12-02,2023-12-02,31.0,Repeat item-backed buyer
26478,9,9,177155,0,2023-08-01,2023-08-01,154.0,Repeat item-backed buyer
22408,14,14,177154,4382,2023-12-01,2023-12-01,32.0,Repeat item-backed buyer
41514,10,9,177146,2127,2023-05-07,2023-05-07,240.0,Repeat item-backed buyer
32292,11,9,177137,1122,2023-07-25,2023-07-25,161.0,Repeat item-backed buyer
18523,9,8,177101,6218,2023-01-13,2023-01-13,354.0,Repeat item-backed buyer
16873,11,11,177054,0,2023-09-04,2023-09-04,120.0,Repeat item-backed buyer
12393,7,5,177047,0,2023-05-27,2023-04-18,259.0,Repeat item-backed buyer
30022,11,10,177032,9549,2023-07-03,2023-07-03,183.0,Repeat item-backed buyer
31352,8,8,176997,3152,2023-11-09,2023-11-09,54.0,Repeat item-backed buyer
13079,11,10,176982,4763,2023-11-12,2023-11-12,51.0,Repeat item-backed buyer
39361,11,11,176933,7521,2022-05-06,2022-05-06,606.0,Repeat item-backed buyer
41874,15,12,176932,2846,2023-11-23,2023-11-23,40.0,Repeat item-backed buyer
41848,7,6,176929,2121,2021-10-25,2021-10-25,799.0,Repeat item-backed buyer
48498,12,12,176918,8388,2023-08-15,2023-08-15,140.0,Repeat item-backed buyer
9577,13,10,176907,493,2023-05-18,2023-05-18,229.0,Repeat item-backed buyer
42771,10,10,176862,5078,2023-07-02,2023-07-02,184.0,Repeat item-backed buyer
25665,8,7,176826,0,2023-04-21,2023-04-21,256.0,Repeat item-backed buyer
29820,10,10,176825,2418,2022-12-21,2022-12-21,377.0,Repeat item-backed buyer
46967,7,7,176825,0,2023-04-01,2023-04-01,276.0,Repeat item-backed buyer
30352,12,11,176711,1119,2023-11-20,2023-11-20,43.0,Repeat item-backed buyer
7713,14,13,176699,5995,2023-12-22,2023-12-22,11.0,Repeat item-backed buyer
7042,11,10,176693,6093,2023-11-09,2023-11-09,54.0,Repeat item-backed buyer
15878,9,9,176693,0,2023-12-26,2023-12-26,7.0,Repeat item-backed buyer
9568,13,12,176642,3037,2023-08-10,2023-08-10,145.0,Repeat item-backed buyer
16550,8,8,176618,3363,2023-03-27,2023-03-27,281.0,Repeat item-backed buyer
45670,8,8,176614,3396,2023-06-04,2023-06-04,212.0,Repeat item-backed buyer
4723,9,9,176604,4416,2023-03-01,2023-03-01,307.0,Repeat item-backed buyer
37532,9,9,176597,2784,2023-09-21,2023-09-21,103.0,Repeat item-backed buyer
16572,10,10,176575,0,2023-11-18,2023-11-18,45.0,Repeat item-backed buyer
5951,8,6,176538,433,2023-09-18,2023-09-18,106.0,Repeat item-backed buyer
34221,9,8,176514,3888,2023-04-24,2023-04-24,253.0,Repeat item-backed buyer
21063,10,9,176487,4142,2023-11-20,2023-11-20,43.0,Repeat item-backed buyer
29138,8,8,176445,0,2023-09-29,2023-09-29,95.0,Repeat item-backed buyer
16969,9,8,176383,6120,2023-09-23,2023-09-23,101.0,Repeat item-backed buyer
48006,8,7,176366,2659,2023-06-26,2023-06-26,190.0,Repeat item-backed buyer
45146,13,11,176357,2210,2023-09-29,2023-09-29,95.0,Repeat item-backed buyer
32451,8,8,176355,6290,2023-11-02,2023-11-02,61.0,Repeat item-backed buyer
30247,11,9,176311,4059,2023-11-03,2023-11-03,60.0,Repeat item-backed buyer
19216,8,7,176310,0,2023-02-15,2023-02-15,321.0,Repeat item-backed buyer
16669,8,8,176290,0,2023-07-22,2023-07-22,164.0,Repeat item-backed buyer
30186,10,9,176264,0,2023-09-08,2023-09-08,116.0,Repeat item-backed buyer
191,9,7,176250,5703,2023-08-02,2023-08-02,153.0,Repeat item-backed buyer
41792,6,5,176204,2036,2023-06-11,2023-06-11,205.0,Repeat item-backed buyer
37374,11,10,176174,4454,2023-10-05,2023-10-05,89.0,Repeat item-backed buyer
42238,6,6,176173,785,2023-10-03,2023-10-03,91.0,Repeat item-backed buyer
44404,10,8,176173,0,2023-12-15,2023-12-15,18.0,Repeat item-backed buyer
21119,8,7,176157,10347,2023-11-11,2023-11-11,52.0,Repeat item-backed buyer
48595,11,9,176122,4546,2023-12-30,2023-12-30,3.0,Repeat item-backed buyer
37345,14,13,176095,3045,2023-11-04,2023-11-04,59.0,Repeat item-backed buyer
20831,13,12,176083,0,2023-10-04,2023-10-04,90.0,Repeat item-backed buyer
22012,7,6,176032,0,2023-10-03,2023-10-03,91.0,Repeat item-backed buyer
36233,12,9,176028,2032,2023-10-25,2023-10-25,69.0,Repeat item-backed buyer
15849,13,11,175953,4802,2023-12-03,2023-12-03,30.0,Repeat item-backed buyer
19058,10,10,175919,0,2022-11-03,2022-11-03,425.0,Repeat item-backed buyer
14425,10,8,175885,6385,2023-06-28,2023-06-28,188.0,Repeat item-backed buyer
2607,12,11,175846,3458,2023-12-29,2023-12-29,4.0,Repeat item-backed buyer
49795,8,7,175809,0,2023-07-25,2023-07-25,161.0,Repeat item-backed buyer
9976,11,10,175806,385,2023-12-19,2023-12-19,14.0,Repeat item-backed buyer
11691,11,10,175804,0,2022-10-31,2022-10-31,428.0,Repeat item-backed buyer
42496,9,8,175804,8418,2023-07-23,2023-07-23,163.0,Repeat item-backed buyer
38010,8,8,175791,2463,2023-06-15,2023-06-15,201.0,Repeat item-backed buyer
2659,9,9,175787,0,2023-09-09,2023-09-09,115.0,Repeat item-backed buyer
15914,14,13,175776,9699,2023-02-03,2023-02-03,333.0,Repeat item-backed buyer
17467,11,10,175767,0,2023-02-11,2023-02-11,325.0,Repeat item-backed buyer
7006,8,7,175739,2335,2023-11-15,2023-11-15,48.0,Repeat item-backed buyer
12903,15,12,175736,7532,2023-08-17,2023-08-17,138.0,Repeat item-backed buyer
10498,7,7,175727,866,2023-09-03,2023-09-03,121.0,Repeat item-backed buyer
37855,8,7,175639,704,2023-08-06,2023-08-06,149.0,Repeat item-backed buyer
26182,11,10,175620,802,2023-09-06,2023-09-06,118.0,Repeat item-backed buyer
37400,9,9,175583,0,2022-11-09,2022-11-09,419.0,Repeat item-backed buyer
35022,6,5,175576,2066,2023-08-11,2023-08-11,144.0,Repeat item-backed buyer
518,17,13,175558,7783,2023-11-28,2023-11-28,35.0,Repeat item-backed buyer
35696,8,8,175492,0,2023-09-18,2023-09-18,106.0,Repeat item-backed buyer
31470,9,8,175481,2982,2023-08-20,2023-02-25,311.0,Repeat item-backed buyer
43612,9,8,175471,0,2023-09-12,2023-09-12,112.0,Repeat item-backed buyer
21801,10,10,175467,3859,2023-10-11,2023-10-11,83.0,Repeat item-backed buyer
9834,9,8,175466,4143,2023-12-04,2023-12-04,29.0,Repeat item-backed buyer
28179,7,7,175425,0,2023-09-17,2023-09-17,107.0,Repeat item-backed buyer
20116,12,12,175420,0,2023-04-21,2023-04-21,256.0,Repeat item-backed buyer
1497,11,8,175411,3877,2023-10-11,2023-08-24,131.0,Repeat item-backed buyer
45795,8,8,175381,4489,2023-07-25,2023-07-25,161.0,Repeat item-backed buyer
39486,8,7,175353,0,2023-12-24,2023-12-24,9.0,Repeat item-backed buyer
28929,14,11,175328,4468,2023-08-07,2022-11-21,407.0,Repeat item-backed buyer
1407,7,6,175289,4310,2023-04-02,2022-12-15,383.0,Repeat item-backed buyer
40721,9,8,175281,0,2023-02-05,2022-12-05,393.0,Repeat item-backed buyer
16835,11,11,175194,1981,2023-09-01,2023-09-01,123.0,Repeat item-backed buyer
30480,8,8,175141,3673,2023-12-02,2023-12-02,31.0,Repeat item-backed buyer
31018,12,12,175095,423,2023-12-01,2023-12-01,32.0,Repeat item-backed buyer
28530,12,11,175083,13006,2023-11-25,2023-11-25,38.0,Repeat item-backed buyer
45054,9,9,175062,4632,2023-09-17,2023-09-17,107.0,Repeat item-backed buyer
44535,10,9,175054,4499,2023-03-03,2023-03-03,305.0,Repeat item-backed buyer
12253,11,11,175030,3985,2023-09-19,2023-09-19,105.0,Repeat item-backed buyer
36193,9,9,174997,5393,2023-09-01,2023-09-01,123.0,Repeat item-backed buyer
3338,9,9,174991,168,2023-02-27,2023-02-27,309.0,Repeat item-backed buyer
23018,13,11,174966,0,2023-11-13,2023-11-13,50.0,Repeat item-backed buyer
44531,12,11,174956,0,2023-11-18,2023-11-18,45.0,Repeat item-backed buyer
2819,9,9,174954,10293,2023-10-04,2023-10-04,90.0,Repeat item-backed buyer
41896,9,8,174937,0,2023-07-15,2023-07-15,171.0,Repeat item-backed buyer
45996,10,10,174935,0,2023-07-17,2023-07-17,169.0,Repeat item-backed buyer
136,13,11,174902,3816,2023-07-23,2023-07-23,163.0,Repeat item-backed buyer
43111,11,10,174873,8991,2023-08-15,2023-08-15,140.0,Repeat item-backed buyer
37856,10,9,174863,4563,2023-12-06,2023-12-06,27.0,Repeat item-backed buyer
7660,13,11,174808,4170,2023-11-10,2023-11-10,53.0,Repeat item-backed buyer
20424,7,7,174794,495,2023-12-27,2023-12-27,6.0,Repeat item-backed buyer
34140,9,9,174794,940,2023-08-24,2023-08-24,131.0,Repeat item-backed buyer
15530,12,11,174774,99,2023-05-16,2023-05-16,231.0,Repeat item-backed buyer
25587,9,8,174773,1577,2023-10-05,2023-10-05,89.0,Repeat item-backed buyer
37207,6,6,174760,5419,2022-07-30,2022-07-30,521.0,Repeat item-backed buyer
16839,11,10,174755,0,2023-11-12,2023-11-12,51.0,Repeat item-backed buyer
37226,10,10,174752,8423,2023-10-25,2023-10-25,69.0,Repeat item-backed buyer
45822,9,8,174740,0,2023-09-20,2023-09-20,104.0,Repeat item-backed buyer
2750,11,11,174730,2341,2023-10-22,2023-10-22,72.0,Repeat item-backed buyer
31148,9,9,174714,1177,2023-04-09,2023-04-09,268.0,Repeat item-backed buyer
43270,11,9,174709,6930,2023-10-09,2023-10-09,85.0,Repeat item-backed buyer
36624,11,11,174671,3153,2023-10-14,2023-10-14,80.0,Repeat item-backed buyer
43451,10,9,174667,319,2022-10-02,2022-10-02,457.0,Repeat item-backed buyer
17437,11,10,174644,1494,2023-03-22,2023-03-22,286.0,Repeat item-backed buyer
44778,9,8,174632,0,2023-10-12,2023-10-12,82.0,Repeat item-backed buyer
29257,10,9,174598,1476,2023-07-23,2023-02-24,312.0,Repeat item-backed buyer
37394,10,10,174588,0,2023-08-29,2023-08-29,126.0,Repeat item-backed buyer
24096,6,5,174571,0,2023-07-21,2023-07-21,165.0,Repeat item-backed buyer
47176,9,7,174470,2569,2022-07-22,2022-07-22,529.0,Repeat item-backed buyer
38009,7,6,174443,0,2023-10-26,2023-10-26,68.0,Repeat item-backed buyer
45607,13,9,174427,4695,2023-10-15,2023-10-15,79.0,Repeat item-backed buyer
42768,11,11,174415,3186,2023-07-01,2023-07-01,185.0,Repeat item-backed buyer
4203,12,10,174398,8182,2023-11-04,2023-11-04,59.0,Repeat item-backed buyer
3922,10,9,174337,1326,2023-09-10,2023-09-10,114.0,Repeat item-backed buyer
42901,12,12,174279,496,2023-08-03,2023-08-03,152.0,Repeat item-backed buyer
22445,9,9,174269,305,2023-07-23,2023-07-23,163.0,Repeat item-backed buyer
13691,12,10,174266,2730,2023-07-27,2023-07-27,159.0,Repeat item-backed buyer
47935,7,7,174258,9417,2023-08-17,2023-08-17,138.0,Repeat item-backed buyer
39837,9,8,174248,0,2023-01-06,2023-01-06,361.0,Repeat item-backed buyer
28372,8,8,174212,0,2023-07-14,2023-07-14,172.0,Repeat item-backed buyer
29817,8,8,174184,3205,2023-10-20,2023-10-20,74.0,Repeat item-backed buyer
14946,11,10,174135,4941,2023-08-31,2023-08-31,124.0,Repeat item-backed buyer
6330,11,11,174131,2375,2023-08-05,2023-08-05,150.0,Repeat item-backed buyer
37937,12,10,174110,3692,2023-12-27,2023-12-27,6.0,Repeat item-backed buyer
11852,8,8,174091,1393,2023-06-27,2023-06-27,189.0,Repeat item-backed buyer
49101,9,9,174076,7768,2023-06-13,2023-06-13,203.0,Repeat item-backed buyer
4729,7,7,174054,0,2023-03-07,2023-03-07,301.0,Repeat item-backed buyer
36444,11,9,174029,7125,2023-10-15,2023-10-15,79.0,Repeat item-backed buyer
21857,8,8,173996,5940,2023-12-27,2023-12-27,6.0,Repeat item-backed buyer
27607,8,8,173988,4584,2023-08-04,2023-08-04,151.0,Repeat item-backed buyer
43322,10,9,173960,5958,2023-12-23,2023-12-23,10.0,Repeat item-backed buyer
25780,8,8,173958,1857,2022-04-18,2022-04-18,624.0,Repeat item-backed buyer
23851,6,6,173886,1969,2023-05-03,2023-05-03,244.0,Repeat item-backed buyer
49267,10,8,173823,608,2023-04-05,2023-02-05,331.0,Repeat item-backed buyer
38630,11,10,173821,0,2023-09-23,2023-09-23,101.0,Repeat item-backed buyer
28241,9,7,173818,2574,2023-11-09,2022-05-27,585.0,Repeat item-backed buyer
4241,10,10,173799,4431,2023-08-18,2023-08-18,137.0,Repeat item-backed buyer
20109,9,8,173783,0,2023-04-21,2023-04-21,256.0,Repeat item-backed buyer
7965,10,10,173751,0,2023-10-07,2023-10-07,87.0,Repeat item-backed buyer
25038,12,11,173729,4989,2023-10-01,2023-10-01,93.0,Repeat item-backed buyer
2271,13,11,173713,6173,2023-07-08,2023-07-08,178.0,Repeat item-backed buyer
49856,9,9,173631,1872,2023-12-22,2023-12-22,11.0,Repeat item-backed buyer
28015,11,9,173629,2846,2023-06-06,2023-06-06,210.0,Repeat item-backed buyer
6917,11,11,173603,0,2023-12-18,2023-12-18,15.0,Repeat item-backed buyer
23882,8,7,173597,13036,2022-01-20,2022-01-20,712.0,Repeat item-backed buyer
15703,9,8,173566,5941,2023-07-17,2023-07-17,169.0,Repeat item-backed buyer
2666,9,8,173563,0,2023-07-28,2023-07-28,158.0,Repeat item-backed buyer
29661,9,9,173544,8388,2023-10-23,2023-10-23,71.0,Repeat item-backed buyer
29163,11,11,173538,1848,2023-11-19,2023-11-19,44.0,Repeat item-backed buyer
35384,11,10,173511,1821,2022-08-12,2022-07-19,532.0,Repeat item-backed buyer
31857,11,10,173473,840,2023-05-13,2023-05-13,234.0,Repeat item-backed buyer
46261,13,11,173408,3996,2023-08-06,2023-08-06,149.0,Repeat item-backed buyer
28885,8,8,173385,0,2023-04-16,2023-04-16,261.0,Repeat item-backed buyer
18283,10,10,173376,387,2023-09-08,2023-09-08,116.0,Repeat item-backed buyer
16038,7,7,173375,0,2023-04-06,2023-04-06,271.0,Repeat item-backed buyer
6281,9,9,173370,6947,2023-10-31,2023-10-31,63.0,Repeat item-backed buyer
16485,12,10,173358,2363,2023-12-24,2023-12-24,9.0,Repeat item-backed buyer
30952,11,9,173347,4731,2023-11-21,2023-11-21,42.0,Repeat item-backed buyer
44935,11,10,173344,4637,2023-08-13,2023-08-13,142.0,Repeat item-backed buyer
25714,13,10,173312,4435,2023-06-24,2023-06-24,192.0,Repeat item-backed buyer
27219,12,9,173310,3642,2023-12-11,2023-10-20,74.0,Repeat item-backed buyer
3476,9,9,173293,0,2023-11-28,2023-11-28,35.0,Repeat item-backed buyer
24832,9,9,173282,3542,2023-11-11,2023-11-11,52.0,Repeat item-backed buyer
1367,7,7,173262,1772,2023-04-13,2023-04-13,264.0,Repeat item-backed buyer
23861,9,8,173232,0,2023-12-27,2023-12-27,6.0,Repeat item-backed buyer
33927,7,7,173232,3783,2023-06-22,2023-06-22,194.0,Repeat item-backed buyer
37590,8,8,173210,4897,2023-12-18,2023-12-18,15.0,Repeat item-backed buyer
40837,8,8,173196,964,2023-07-12,2023-07-12,174.0,Repeat item-backed buyer
12994,8,8,173148,4470,2023-11-26,2023-11-26,37.0,Repeat item-backed buyer
24758,11,10,173106,7859,2023-10-30,2023-10-30,64.0,Repeat item-backed buyer
34996,12,10,173106,754,2023-08-29,2023-08-29,126.0,Repeat item-backed buyer
35086,10,10,173046,5876,2023-01-10,2023-01-10,357.0,Repeat item-backed buyer
5537,11,10,173031,8187,2023-12-29,2023-12-29,4.0,Repeat item-backed buyer
45038,9,9,173018,3236,2023-12-12,2023-12-12,21.0,Repeat item-backed buyer
2067,6,6,173013,0,2023-07-09,2023-07-09,177.0,Repeat item-backed buyer
31169,12,10,173013,3833,2023-10-14,2023-10-14,80.0,Repeat item-backed buyer
41038,13,12,173010,1757,2023-10-17,2023-10-17,77.0,Repeat item-backed buyer
39042,9,9,172975,4808,2023-01-14,2023-01-14,353.0,Repeat item-backed buyer
41619,9,8,172949,5785,2023-09-21,2023-07-16,170.0,Repeat item-backed buyer
18211,7,7,172942,0,2023-09-14,2023-09-14,110.0,Repeat item-backed buyer
22598,10,9,172880,4886,2023-11-22,2023-11-22,41.0,Repeat item-backed buyer
36106,12,10,172859,936,2023-10-27,2023-10-27,67.0,Repeat item-backed buyer
49117,12,11,172804,0,2023-08-23,2023-08-23,132.0,Repeat item-backed buyer
17061,10,10,172793,0,2023-12-10,2023-12-10,23.0,Repeat item-backed buyer
46622,9,8,172752,8179,2023-11-08,2023-02-01,335.0,Repeat item-backed buyer
26636,8,7,172749,4956,2023-08-22,2023-08-22,133.0,Repeat item-backed buyer
2568,8,8,172727,12373,2023-10-16,2023-10-16,78.0,Repeat item-backed buyer
474,11,10,172697,0,2023-09-20,2023-09-20,104.0,Repeat item-backed buyer
20366,12,11,172676,2627,2023-09-14,2023-09-14,110.0,Repeat item-backed buyer
36736,11,10,172620,5337,2023-10-23,2023-10-23,71.0,Repeat item-backed buyer
21300,8,7,172619,5234,2022-10-22,2022-10-22,437.0,Repeat item-backed buyer
15907,7,7,172609,5116,2023-11-17,2023-11-17,46.0,Repeat item-backed buyer
17628,9,9,172600,2374,2023-10-24,2023-10-24,70.0,Repeat item-backed buyer
26869,11,10,172556,10430,2023-11-18,2023-11-18,45.0,Repeat item-backed buyer
40610,9,8,172504,2873,2023-05-19,2023-05-19,228.0,Repeat item-backed buyer
539,7,6,172487,3182,2023-11-23,2023-11-23,40.0,Repeat item-backed buyer
8417,9,9,172473,189,2023-11-26,2023-11-26,37.0,Repeat item-backed buyer
29760,9,8,172471,5490,2022-11-09,2022-11-09,419.0,Repeat item-backed buyer
28356,10,9,172355,3392,2023-12-01,2023-12-01,32.0,Repeat item-backed buyer
21203,9,9,172347,2961,2023-11-05,2023-11-05,58.0,Repeat item-backed buyer
41368,9,8,172329,0,2023-11-25,2023-11-25,38.0,Repeat item-backed buyer
158,11,10,172316,5379,2023-09-19,2023-09-19,105.0,Repeat item-backed buyer
43346,7,7,172316,0,2023-12-30,2023-12-30,3.0,Repeat item-backed buyer
13570,7,6,172296,4136,2023-06-05,2023-06-05,211.0,Repeat item-backed buyer
37121,12,12,172275,4135,2023-12-20,2023-12-20,13.0,Repeat item-backed buyer
3747,6,5,172248,0,2023-07-15,2023-07-15,171.0,Repeat item-backed buyer
34923,14,13,172187,11239,2023-08-01,2023-08-01,154.0,Repeat item-backed buyer
46964,9,8,172173,0,2023-10-17,2023-10-17,77.0,Repeat item-backed buyer
35702,11,9,172148,8985,2023-10-02,2023-10-02,92.0,Repeat item-backed buyer
30075,10,7,172120,2472,2023-12-19,2023-12-19,14.0,Repeat item-backed buyer
36768,8,7,172108,0,2022-12-06,2022-06-04,577.0,Repeat item-backed buyer
11189,10,10,172072,0,2023-07-05,2023-07-05,181.0,Repeat item-backed buyer
34284,10,9,172072,3557,2023-10-29,2023-10-29,65.0,Repeat item-backed buyer
10671,10,10,172071,4155,2023-10-23,2023-10-23,71.0,Repeat item-backed buyer
43070,9,9,172049,0,2023-11-04,2023-11-04,59.0,Repeat item-backed buyer
28030,9,9,172006,4876,2023-02-23,2023-02-23,313.0,Repeat item-backed buyer
13613,12,10,171998,74,2023-11-30,2023-11-30,33.0,Repeat item-backed buyer
39275,9,9,171988,0,2023-10-11,2023-10-11,83.0,Repeat item-backed buyer
40822,8,7,171987,4379,2023-09-17,2023-09-17,107.0,Repeat item-backed buyer
19338,12,10,171976,5667,2023-12-30,2023-12-30,3.0,Repeat item-backed buyer
21477,12,10,171917,5806,2023-10-02,2023-10-02,92.0,Repeat item-backed buyer
23172,6,5,171913,3019,2023-08-12,2023-08-12,143.0,Repeat item-backed buyer
24350,12,10,171909,7240,2023-12-25,2023-12-25,8.0,Repeat item-backed buyer
25570,13,13,171905,0,2023-09-01,2023-09-01,123.0,Repeat item-backed buyer
43983,14,13,171865,1110,2023-09-27,2023-09-27,97.0,Repeat item-backed buyer
36351,8,8,171837,4580,2023-11-05,2023-11-05,58.0,Repeat item-backed buyer
49159,11,10,171754,0,2023-12-01,2023-12-01,32.0,Repeat item-backed buyer
37470,13,11,171651,4695,2023-11-05,2023-11-05,58.0,Repeat item-backed buyer
35549,10,10,171643,5913,2023-10-07,2023-10-07,87.0,Repeat item-backed buyer
16432,13,11,171633,0,2023-10-20,2023-10-20,74.0,Repeat item-backed buyer
21249,10,9,171616,9092,2023-10-19,2023-10-19,75.0,Repeat item-backed buyer
48872,9,9,171598,12506,2023-12-10,2023-12-10,23.0,Repeat item-backed buyer
20743,14,13,171593,2581,2023-08-14,2023-05-07,240.0,Repeat item-backed buyer
18607,9,9,171538,0,2023-12-03,2023-12-03,30.0,Repeat item-backed buyer
1685,10,9,171535,0,2022-11-30,2022-11-30,398.0,Repeat item-backed buyer
19918,10,8,171533,413,2023-09-14,2023-09-14,110.0,Repeat item-backed buyer
14751,9,8,171461,1587,2023-07-14,2023-07-14,172.0,Repeat item-backed buyer
42185,11,10,171452,4555,2023-09-22,2023-09-22,102.0,Repeat item-backed buyer
18050,8,8,171438,3998,2023-08-12,2023-08-12,143.0,Repeat item-backed buyer
46683,11,11,171427,2033,2023-04-02,2023-04-02,275.0,Repeat item-backed buyer
29124,12,9,171418,1984,2023-12-06,2023-12-06,27.0,Repeat item-backed buyer
47888,12,12,171412,0,2023-12-30,2023-12-30,3.0,Repeat item-backed buyer
7644,7,7,171411,4508,2022-11-27,2022-11-27,401.0,Repeat item-backed buyer
46974,13,11,171394,3604,2023-12-17,2023-12-17,16.0,Repeat item-backed buyer
12940,7,7,171347,3478,2023-12-08,2023-12-08,25.0,Repeat item-backed buyer
15814,7,6,171330,0,2023-01-25,2023-01-25,342.0,Repeat item-backed buyer
17184,8,8,171319,4022,2023-09-25,2023-09-25,99.0,Repeat item-backed buyer
40116,10,9,171319,7834,2023-06-27,2023-06-27,189.0,Repeat item-backed buyer
30775,10,9,171268,6729,2023-11-18,2023-11-18,45.0,Repeat item-backed buyer
32885,9,8,171217,4609,2023-12-04,2023-12-04,29.0,Repeat item-backed buyer
83,11,9,171215,0,2023-11-07,2023-11-07,56.0,Repeat item-backed buyer
14811,9,8,171192,0,2022-03-05,2022-03-05,668.0,Repeat item-backed buyer
11069,9,9,171179,2413,2023-04-18,2023-04-18,259.0,Repeat item-backed buyer
13118,9,8,171164,11151,2023-10-30,2023-10-30,64.0,Repeat item-backed buyer
11188,8,7,171125,5094,2023-05-13,2023-05-13,234.0,Repeat item-backed buyer
1577,6,6,171095,4985,2023-09-16,2023-09-16,108.0,Repeat item-backed buyer
28348,9,8,171074,8116,2023-10-08,2023-10-08,86.0,Repeat item-backed buyer
30054,11,10,171071,1089,2023-04-07,2022-05-09,603.0,Repeat item-backed buyer
48945,9,9,171063,1222,2022-12-06,2022-12-06,392.0,Repeat item-backed buyer
2519,12,10,171035,9682,2023-11-19,2023-11-19,44.0,Repeat item-backed buyer
41733,10,10,171000,1132,2023-07-06,2023-07-06,180.0,Repeat item-backed buyer
40393,11,10,170952,2442,2023-12-31,2023-03-24,284.0,Repeat item-backed buyer
41299,11,10,170939,14905,2023-11-03,2023-11-03,60.0,Repeat item-backed buyer
43362,10,9,170907,0,2023-09-25,2023-09-25,99.0,Repeat item-backed buyer
30246,14,13,170899,0,2023-11-06,2023-11-06,57.0,Repeat item-backed buyer
41918,12,11,170880,1415,2023-06-07,2023-06-07,209.0,Repeat item-backed buyer
2652,12,10,170870,1691,2023-12-23,2023-12-23,10.0,Repeat item-backed buyer
3170,8,8,170866,2966,2023-12-05,2023-12-05,28.0,Repeat item-backed buyer
42790,8,8,170818,4047,2023-09-16,2023-09-16,108.0,Repeat item-backed buyer
37600,10,9,170787,2838,2023-04-16,2023-04-16,261.0,Repeat item-backed buyer
28814,9,8,170783,1519,2023-01-23,2023-01-23,344.0,Repeat item-backed buyer
27272,9,9,170772,3509,2023-07-05,2023-07-05,181.0,Repeat item-backed buyer
587,10,8,170752,0,2023-12-04,2023-12-04,29.0,Repeat item-backed buyer
42866,9,9,170750,1148,2023-08-07,2023-08-07,148.0,Repeat item-backed buyer
15550,13,12,170733,3798,2023-06-02,2023-06-02,214.0,Repeat item-backed buyer
14763,9,9,170731,6045,2023-06-16,2023-06-16,200.0,Repeat item-backed buyer
31759,9,9,170711,4929,2024-01-01,2024-01-01,1.0,Repeat item-backed buyer
32095,9,9,170679,6501,2023-05-01,2023-05-01,246.0,Repeat item-backed buyer
48381,10,9,170661,2408,2023-08-14,2023-08-14,141.0,Repeat item-backed buyer
7509,9,9,170644,0,2023-12-24,2023-12-24,9.0,Repeat item-backed buyer
3603,11,9,170639,3510,2023-11-19,2023-11-19,44.0,Repeat item-backed buyer
40219,14,12,170628,6930,2023-04-06,2023-04-06,271.0,Repeat item-backed buyer
49869,12,11,170548,1646,2023-12-11,2023-12-11,22.0,Repeat item-backed buyer
46768,10,9,170482,7659,2023-07-08,2023-07-08,178.0,Repeat item-backed buyer
8499,10,8,170479,0,2023-10-29,2023-10-29,65.0,Repeat item-backed buyer
7993,10,10,170434,0,2023-07-10,2023-07-10,176.0,Repeat item-backed buyer
6303,7,7,170380,5037,2023-09-20,2023-09-20,104.0,Repeat item-backed buyer
6960,11,10,170376,0,2022-08-15,2022-08-15,505.0,Repeat item-backed buyer
9854,9,9,170367,15471,2023-11-21,2023-11-21,42.0,Repeat item-backed buyer
41374,15,14,170363,0,2023-10-23,2023-10-23,71.0,Repeat item-backed buyer
8830,9,9,170359,0,2023-04-18,2023-04-18,259.0,Repeat item-backed buyer
14660,13,12,170331,0,2023-01-28,2023-01-28,339.0,Repeat item-backed buyer
19127,8,8,170325,2424,2023-10-10,2023-10-10,84.0,Repeat item-backed buyer
24507,13,11,170324,7503,2023-11-02,2023-11-02,61.0,Repeat item-backed buyer
22926,9,8,170308,0,2023-10-29,2023-10-29,65.0,Repeat item-backed buyer
144,10,10,170306,984,2023-03-15,2023-03-15,293.0,Repeat item-backed buyer
47066,9,8,170306,0,2023-08-17,2023-08-17,138.0,Repeat item-backed buyer
35600,10,9,170297,5482,2023-06-13,2023-06-13,203.0,Repeat item-backed buyer
36132,7,6,170276,1036,2023-10-18,2023-10-18,76.0,Repeat item-backed buyer
38442,10,9,170272,0,2023-11-28,2023-11-28,35.0,Repeat item-backed buyer
42617,7,7,170267,0,2023-10-08,2023-10-08,86.0,Repeat item-backed buyer
48507,9,8,170250,1956,2023-06-09,2023-06-09,207.0,Repeat item-backed buyer
43641,13,11,170230,0,2023-10-21,2023-10-21,73.0,Repeat item-backed buyer
22690,11,11,170214,0,2023-11-01,2023-11-01,62.0,Repeat item-backed buyer
32654,10,10,170196,208,2023-08-24,2023-08-24,131.0,Repeat item-backed buyer
20091,13,12,170195,1493,2023-07-15,2023-07-15,171.0,Repeat item-backed buyer
2404,9,9,170189,257,2023-05-26,2023-05-26,221.0,Repeat item-backed buyer
19937,9,8,170184,1491,2023-11-28,2023-10-15,79.0,Repeat item-backed buyer
40732,11,10,170182,1054,2023-12-20,2023-12-20,13.0,Repeat item-backed buyer
27852,8,8,170171,2834,2023-02-11,2023-02-11,325.0,Repeat item-backed buyer
21461,8,8,170138,5829,2022-12-19,2022-12-19,379.0,Repeat item-backed buyer
16136,10,10,170134,1894,2023-04-23,2023-04-23,254.0,Repeat item-backed buyer
3398,9,8,170130,4361,2023-04-07,2023-04-07,270.0,Repeat item-backed buyer
48699,7,7,170119,3709,2023-04-01,2023-04-01,276.0,Repeat item-backed buyer
47035,9,9,170112,0,2023-10-26,2023-10-26,68.0,Repeat item-backed buyer
20039,7,7,170085,3286,2023-11-28,2023-11-28,35.0,Repeat item-backed buyer
29604,14,12,170065,4792,2023-10-31,2023-10-31,63.0,Repeat item-backed buyer
46143,9,9,170052,442,2023-12-26,2023-12-26,7.0,Repeat item-backed buyer
36044,10,10,170038,4052,2023-12-27,2023-12-27,6.0,Repeat item-backed buyer
39895,12,11,170016,8254,2023-12-11,2023-12-11,22.0,Repeat item-backed buyer
42061,13,13,169992,255,2023-09-03,2023-09-03,121.0,Repeat item-backed buyer
33386,10,10,169986,2726,2023-07-26,2023-07-26,160.0,Repeat item-backed buyer
38298,8,7,169973,1966,2023-08-15,2023-08-15,140.0,Repeat item-backed buyer
35057,8,8,169928,7763,2023-10-26,2023-10-26,68.0,Repeat item-backed buyer
34835,10,9,169867,10489,2023-09-06,2023-09-06,118.0,Repeat item-backed buyer
37155,11,10,169864,1714,2023-10-28,2023-10-28,66.0,Repeat item-backed buyer
11540,8,7,169831,2766,2023-11-27,2023-11-27,36.0,Repeat item-backed buyer
47662,11,11,169811,0,2023-11-20,2023-11-20,43.0,Repeat item-backed buyer
6509,10,10,169802,2681,2023-04-22,2023-04-22,255.0,Repeat item-backed buyer
41837,10,9,169800,3099,2023-10-02,2023-10-02,92.0,Repeat item-backed buyer
6698,9,9,169744,94,2023-08-24,2023-08-24,131.0,Repeat item-backed buyer
10040,9,8,169725,0,2023-12-18,2023-12-18,15.0,Repeat item-backed buyer
34797,10,9,169724,2539,2023-07-01,2023-07-01,185.0,Repeat item-backed buyer
1748,8,8,169717,1455,2022-12-19,2022-12-19,379.0,Repeat item-backed buyer
18911,11,11,169709,5733,2023-04-08,2023-04-08,269.0,Repeat item-backed buyer
33073,8,8,169686,1813,2023-09-08,2023-09-08,116.0,Repeat item-backed buyer
38387,11,10,169656,4253,2023-08-02,2023-08-02,153.0,Repeat item-backed buyer
32575,10,9,169648,0,2023-04-06,2023-04-06,271.0,Repeat item-backed buyer
28276,10,9,169638,4973,2023-03-18,2023-03-18,290.0,Repeat item-backed buyer
40804,9,9,169629,0,2023-04-13,2023-04-13,264.0,Repeat item-backed buyer
1709,10,10,169595,0,2023-01-13,2023-01-13,354.0,Repeat item-backed buyer
18170,5,5,169551,3786,2023-12-31,2023-12-31,2.0,Repeat item-backed buyer
29580,12,9,169547,10370,2023-12-12,2023-12-01,32.0,Repeat item-backed buyer
3133,11,11,169531,0,2023-12-02,2023-12-02,31.0,Repeat item-backed buyer
19419,6,6,169498,8101,2023-10-30,2023-10-30,64.0,Repeat item-backed buyer
34448,8,8,169493,0,2023-12-02,2023-12-02,31.0,Repeat item-backed buyer
4344,11,10,169491,7408,2023-11-26,2023-11-26,37.0,Repeat item-backed buyer
34087,6,6,169488,0,2023-09-26,2023-09-26,98.0,Repeat item-backed buyer
825,12,12,169483,0,2023-09-22,2023-09-22,102.0,Repeat item-backed buyer
10820,11,9,169470,1681,2023-08-17,2023-08-17,138.0,Repeat item-backed buyer
48261,9,8,169454,1489,2022-09-24,2022-09-24,465.0,Repeat item-backed buyer
25914,7,7,169453,0,2023-07-03,2023-07-03,183.0,Repeat item-backed buyer
44,12,10,169414,148,2023-08-18,2023-08-18,137.0,Repeat item-backed buyer
47097,8,7,169384,4511,2023-09-27,2023-09-27,97.0,Repeat item-backed buyer
45193,9,9,169382,3287,2023-11-10,2023-11-10,53.0,Repeat item-backed buyer
42851,10,10,169372,0,2023-11-15,2023-11-15,48.0,Repeat item-backed buyer
1116,10,10,169371,10819,2023-12-21,2023-12-21,12.0,Repeat item-backed buyer
33290,5,5,169346,4322,2023-11-05,2023-11-05,58.0,Repeat item-backed buyer
1346,9,9,169316,4556,2023-10-16,2023-10-16,78.0,Repeat item-backed buyer
17702,10,7,169287,555,2023-12-25,2023-12-11,22.0,Repeat item-backed buyer
25160,8,8,169263,0,2023-06-05,2023-06-05,211.0,Repeat item-backed buyer
21615,11,10,169222,2613,2023-07-21,2023-07-21,165.0,Repeat item-backed buyer
17862,10,10,169206,964,2023-10-27,2023-10-27,67.0,Repeat item-backed buyer
12450,10,8,169192,0,2022-06-15,2022-06-15,566.0,Repeat item-backed buyer
1617,12,9,169186,5424,2023-10-09,2022-09-04,485.0,Repeat item-backed buyer
12676,9,8,169172,1371,2023-12-08,2023-12-08,25.0,Repeat item-backed buyer
18098,9,8,169160,7197,2023-09-22,2023-09-22,102.0,Repeat item-backed buyer
36616,10,9,169156,4001,2023-07-30,2023-07-30,156.0,Repeat item-backed buyer
25088,8,8,169143,5682,2023-12-11,2023-12-11,22.0,Repeat item-backed buyer
41542,12,10,169136,8465,2023-07-01,2023-07-01,185.0,Repeat item-backed buyer
21066,7,7,169107,1819,2022-09-22,2022-09-22,467.0,Repeat item-backed buyer
47103,10,10,169078,4128,2023-04-04,2023-04-04,273.0,Repeat item-backed buyer
23020,9,9,169066,987,2023-03-15,2023-03-15,293.0,Repeat item-backed buyer
29778,10,9,169043,0,2023-12-19,2023-12-19,14.0,Repeat item-backed buyer
2244,11,10,169032,0,2023-11-01,2022-11-14,414.0,Repeat item-backed buyer
22314,7,6,169016,8156,2023-06-12,2023-06-12,204.0,Repeat item-backed buyer
33857,16,14,169006,4051,2023-11-30,2023-11-30,33.0,Repeat item-backed buyer
32286,10,10,168991,8876,2023-12-31,2023-12-31,2.0,Repeat item-backed buyer
24567,12,9,168974,3459,2023-08-13,2023-08-13,142.0,Repeat item-backed buyer
30328,11,11,168886,287,2023-09-22,2023-09-22,102.0,Repeat item-backed buyer
19728,11,8,168885,3747,2023-12-02,2023-12-02,31.0,Repeat item-backed buyer
9701,11,11,168860,6610,2023-10-21,2023-10-21,73.0,Repeat item-backed buyer
19527,10,8,168859,0,2023-10-01,2023-10-01,93.0,Repeat item-backed buyer
32322,7,6,168851,3390,2023-10-05,2023-10-05,89.0,Repeat item-backed buyer
4300,14,12,168843,657,2023-10-13,2023-10-13,81.0,Repeat item-backed buyer
30046,7,7,168796,4999,2022-07-02,2022-07-02,549.0,Repeat item-backed buyer
11810,9,9,168770,3148,2023-07-20,2023-07-20,166.0,Repeat item-backed buyer
32425,9,8,168770,2610,2023-10-07,2022-07-26,525.0,Repeat item-backed buyer
12037,10,9,168765,7813,2023-04-17,2023-04-17,260.0,Repeat item-backed buyer
17208,13,11,168748,3639,2023-03-20,2023-03-20,288.0,Repeat item-backed buyer
847,9,8,168725,4555,2022-12-13,2022-12-13,385.0,Repeat item-backed buyer
1919,9,8,168674,5686,2023-06-06,2023-06-06,210.0,Repeat item-backed buyer
39696,10,9,168644,1778,2022-07-23,2022-07-19,532.0,Repeat item-backed buyer
43547,11,9,168625,2296,2023-12-08,2023-12-08,25.0,Repeat item-backed buyer
2291,9,8,168619,3976,2023-11-08,2023-11-08,55.0,Repeat item-backed buyer
25612,8,7,168614,0,2023-08-07,2023-08-07,148.0,Repeat item-backed buyer
39927,10,10,168613,0,2023-09-16,2023-09-16,108.0,Repeat item-backed buyer
16948,11,10,168601,0,2023-12-24,2023-12-24,9.0,Repeat item-backed buyer
44964,9,8,168586,0,2023-09-28,2023-09-28,96.0,Repeat item-backed buyer
24942,10,8,168542,987,2023-12-01,2023-12-01,32.0,Repeat item-backed buyer
45477,10,10,168538,8489,2023-09-19,2023-09-19,105.0,Repeat item-backed buyer
15900,11,11,168534,2763,2023-11-26,2023-11-26,37.0,Repeat item-backed buyer
43383,9,7,168521,4824,2023-11-05,2023-11-05,58.0,Repeat item-backed buyer
9481,8,5,168509,5368,2022-11-22,2022-11-22,406.0,Repeat item-backed buyer
13899,6,6,168509,1648,2023-07-12,2023-07-12,174.0,Repeat item-backed buyer
2885,8,8,168502,0,2023-03-02,2023-03-02,306.0,Repeat item-backed buyer
47452,13,10,168501,9472,2023-12-14,2023-12-14,19.0,Repeat item-backed buyer
11146,8,7,168484,0,2023-06-01,2023-06-01,215.0,Repeat item-backed buyer
45630,16,14,168482,8684,2023-10-16,2023-10-16,78.0,Repeat item-backed buyer
39787,11,11,168461,0,2023-06-19,2023-06-19,197.0,Repeat item-backed buyer
33488,11,10,168455,0,2023-10-28,2023-10-28,66.0,Repeat item-backed buyer
996,11,10,168440,4894,2023-12-26,2023-12-26,7.0,Repeat item-backed buyer
11501,10,10,168391,0,2022-12-09,2022-12-09,389.0,Repeat item-backed buyer
21736,10,10,168379,3810,2023-07-09,2023-07-09,177.0,Repeat item-backed buyer
22659,6,5,168378,13896,2023-11-05,2023-03-19,289.0,Repeat item-backed buyer
17287,11,10,168377,8030,2023-08-24,2023-06-16,200.0,Repeat item-backed buyer
6809,8,7,168340,1335,2023-04-12,2023-04-12,265.0,Repeat item-backed buyer
39203,15,13,168339,0,2023-11-24,2023-11-24,39.0,Repeat item-backed buyer
41853,12,12,168319,4797,2023-12-05,2023-12-05,28.0,Repeat item-backed buyer
38342,11,11,168317,4460,2023-05-24,2023-05-24,223.0,Repeat item-backed buyer
47870,11,10,168288,0,2023-12-25,2023-12-25,8.0,Repeat item-backed buyer
1583,12,9,168275,0,2023-10-16,2023-10-16,78.0,Repeat item-backed buyer
42044,12,12,168239,4899,2023-08-30,2023-08-30,125.0,Repeat item-backed buyer
15672,10,10,168178,0,2023-12-27,2023-12-27,6.0,Repeat item-backed buyer
3935,10,9,168143,4204,2023-07-06,2023-07-06,180.0,Repeat item-backed buyer
927,6,6,168125,0,2023-11-29,2023-11-29,34.0,Repeat item-backed buyer
29185,10,10,168123,4885,2023-04-04,2023-04-04,273.0,Repeat item-backed buyer
44327,8,8,168118,1800,2022-12-17,2022-12-17,381.0,Repeat item-backed buyer
15708,6,5,168110,0,2023-10-06,2023-10-06,88.0,Repeat item-backed buyer
49338,7,7,168107,4521,2023-12-02,2023-12-02,31.0,Repeat item-backed buyer
21945,9,7,168098,0,2023-07-02,2023-07-02,184.0,Repeat item-backed buyer
23753,10,9,168076,0,2023-12-19,2023-12-19,14.0,Repeat item-backed buyer
226,9,9,168027,10705,2023-10-30,2023-10-30,64.0,Repeat item-backed buyer
21175,6,6,168025,0,2023-11-22,2023-11-22,41.0,Repeat item-backed buyer
7712,8,8,168012,0,2023-10-05,2023-10-05,89.0,Repeat item-backed buyer
3289,7,7,167978,4074,2023-08-19,2023-08-19,136.0,Repeat item-backed buyer
4260,6,6,167972,2877,2023-12-29,2023-12-29,4.0,Repeat item-backed buyer
39723,7,7,167945,8782,2023-09-28,2023-09-28,96.0,Repeat item-backed buyer
797,8,8,167943,0,2022-09-21,2022-09-21,468.0,Repeat item-backed buyer
12474,12,11,167937,908,2023-09-19,2023-09-19,105.0,Repeat item-backed buyer
35974,12,10,167889,3725,2023-06-30,2023-06-30,186.0,Repeat item-backed buyer
40107,8,7,167847,0,2023-10-19,2023-10-19,75.0,Repeat item-backed buyer
19980,9,8,167836,358,2023-10-03,2023-06-14,202.0,Repeat item-backed buyer
44852,8,6,167813,945,2023-05-06,2023-05-06,241.0,Repeat item-backed buyer
23556,9,9,167807,4216,2023-02-23,2023-02-23,313.0,Repeat item-backed buyer
2084,10,10,167773,0,2023-06-01,2023-06-01,215.0,Repeat item-backed buyer
47795,6,6,167749,7517,2022-08-06,2022-08-06,514.0,Repeat item-backed buyer
36592,11,10,167738,6969,2022-11-12,2022-11-12,416.0,Repeat item-backed buyer
5613,9,8,167734,0,2023-05-23,2023-05-23,224.0,Repeat item-backed buyer
22621,8,7,167734,8620,2023-07-13,2023-07-13,173.0,Repeat item-backed buyer
28683,10,9,167731,4598,2023-12-28,2023-12-28,5.0,Repeat item-backed buyer
816,9,8,167719,4903,2023-07-01,2023-05-27,220.0,Repeat item-backed buyer
14924,9,7,167714,0,2023-10-27,2023-10-27,67.0,Repeat item-backed buyer
47168,10,8,167711,8156,2023-09-26,2023-09-26,98.0,Repeat item-backed buyer
19622,9,9,167693,0,2023-02-26,2023-02-26,310.0,Repeat item-backed buyer
49217,7,6,167673,2848,2023-06-16,2023-06-16,200.0,Repeat item-backed buyer
24430,15,14,167662,1831,2023-08-23,2023-08-23,132.0,Repeat item-backed buyer
25712,9,8,167627,5232,2023-08-22,2023-08-22,133.0,Repeat item-backed buyer
23520,8,8,167618,0,2023-10-16,2023-10-16,78.0,Repeat item-backed buyer
25678,9,9,167616,3419,2023-03-24,2023-03-24,284.0,Repeat item-backed buyer
27194,9,9,167601,13625,2023-11-06,2023-11-06,57.0,Repeat item-backed buyer
16615,10,10,167584,0,2023-04-18,2023-04-18,259.0,Repeat item-backed buyer
34077,11,10,167527,3303,2023-12-17,2023-12-17,16.0,Repeat item-backed buyer
25937,9,8,167502,0,2023-10-13,2023-10-13,81.0,Repeat item-backed buyer
44333,6,6,167497,0,2022-07-25,2022-07-25,526.0,Repeat item-backed buyer
38835,12,9,167476,2076,2023-09-07,2023-08-23,132.0,Repeat item-backed buyer
15905,8,7,167467,14312,2023-12-26,2023-11-26,37.0,Repeat item-backed buyer
11415,9,9,167448,4408,2023-07-02,2023-07-02,184.0,Repeat item-backed buyer
37899,10,9,167441,4922,2022-08-08,2022-07-20,531.0,Repeat item-backed buyer
18188,7,7,167402,1397,2023-11-23,2023-11-23,40.0,Repeat item-backed buyer
32617,10,10,167370,0,2023-11-04,2023-11-04,59.0,Repeat item-backed buyer
5900,10,10,167365,9331,2023-11-10,2023-11-10,53.0,Repeat item-backed buyer
46635,9,7,167350,11289,2023-12-11,2023-11-28,35.0,Repeat item-backed buyer
25730,10,8,167342,4822,2023-02-19,2022-09-06,483.0,Repeat item-backed buyer
29601,8,8,167337,2206,2023-11-29,2023-11-29,34.0,Repeat item-backed buyer
10203,8,8,167317,691,2023-08-13,2023-08-13,142.0,Repeat item-backed buyer
43098,10,8,167314,0,2023-12-27,2023-12-20,13.0,Repeat item-backed buyer
27411,9,7,167306,14315,2023-05-26,2023-05-26,221.0,Repeat item-backed buyer
4891,10,10,167300,2032,2023-10-21,2023-10-21,73.0,Repeat item-backed buyer
11186,10,9,167297,8957,2023-12-26,2023-12-26,7.0,Repeat item-backed buyer
27704,10,8,167296,4253,2023-08-13,2023-08-13,142.0,Repeat item-backed buyer
44853,8,7,167280,302,2023-04-06,2023-04-06,271.0,Repeat item-backed buyer
27190,6,6,167271,0,2022-10-18,2022-10-18,441.0,Repeat item-backed buyer
48171,13,12,167251,7703,2023-10-16,2023-10-16,78.0,Repeat item-backed buyer
30560,10,10,167225,4218,2023-06-26,2023-06-26,190.0,Repeat item-backed buyer
7512,10,9,167222,0,2023-07-29,2023-07-29,157.0,Repeat item-backed buyer
40373,12,11,167212,4930,2023-06-28,2023-06-28,188.0,Repeat item-backed buyer
46780,7,6,167115,5569,2023-11-10,2023-11-10,53.0,Repeat item-backed buyer
642,8,7,167095,6647,2023-09-05,2023-09-05,119.0,Repeat item-backed buyer
6367,7,7,167094,167,2023-10-07,2023-10-07,87.0,Repeat item-backed buyer
27378,9,8,167073,5605,2022-12-30,2022-12-30,368.0,Repeat item-backed buyer
49397,11,9,167061,2791,2023-11-24,2023-11-24,39.0,Repeat item-backed buyer
46130,8,8,167058,1287,2023-09-30,2023-09-30,94.0,Repeat item-backed buyer
25424,12,12,167044,0,2023-08-23,2023-08-23,132.0,Repeat item-backed buyer
44293,7,7,167019,4502,2023-10-14,2023-10-14,80.0,Repeat item-backed buyer
164,10,9,166992,2137,2023-12-13,2023-12-13,20.0,Repeat item-backed buyer
8328,12,10,166991,4025,2023-07-15,2023-07-15,171.0,Repeat item-backed buyer
11221,7,7,166944,0,2023-03-15,2023-03-15,293.0,Repeat item-backed buyer
46779,9,7,166933,2481,2023-06-09,2023-06-09,207.0,Repeat item-backed buyer
42943,11,9,166925,6521,2023-12-17,2023-12-17,16.0,Repeat item-backed buyer
10363,9,7,166877,9687,2023-03-27,2023-03-27,281.0,Repeat item-backed buyer
37428,8,7,166816,3129,2023-12-17,2023-12-17,16.0,Repeat item-backed buyer
13090,9,9,166806,7285,2023-05-30,2023-05-30,217.0,Repeat item-backed buyer
601,10,9,166795,0,2023-12-27,2023-12-27,6.0,Repeat item-backed buyer
28796,8,7,166792,6623,2023-12-28,2023-12-28,5.0,Repeat item-backed buyer
25316,10,10,166781,0,2023-10-10,2023-10-10,84.0,Repeat item-backed buyer
45666,9,9,166781,2890,2023-12-20,2023-12-20,13.0,Repeat item-backed buyer
28775,13,10,166760,0,2023-12-19,2023-12-19,14.0,Repeat item-backed buyer
18268,8,8,166729,0,2023-08-09,2023-08-09,146.0,Repeat item-backed buyer
18485,10,10,166708,6440,2023-12-06,2023-12-06,27.0,Repeat item-backed buyer
36851,8,8,166698,3206,2023-11-17,2023-11-17,46.0,Repeat item-backed buyer
2658,9,8,166660,0,2023-04-14,2023-04-14,263.0,Repeat item-backed buyer
43135,8,8,166645,7015,2023-08-09,2023-08-09,146.0,Repeat item-backed buyer
16696,14,10,166631,760,2023-03-03,2022-07-19,532.0,Repeat item-backed buyer
9100,7,7,166621,6878,2023-01-30,2023-01-30,337.0,Repeat item-backed buyer
16359,12,11,166587,15302,2023-09-22,2023-09-14,110.0,Repeat item-backed buyer
3213,7,7,166572,14768,2023-12-24,2023-12-24,9.0,Repeat item-backed buyer
17677,11,8,166541,2589,2023-09-20,2022-09-19,470.0,Repeat item-backed buyer
40216,10,9,166528,0,2023-04-05,2023-04-05,272.0,Repeat item-backed buyer
47306,10,10,166525,9349,2023-07-02,2023-07-02,184.0,Repeat item-backed buyer
6769,10,10,166524,4764,2023-12-27,2023-12-27,6.0,Repeat item-backed buyer
36206,11,10,166506,1128,2023-12-25,2023-12-25,8.0,Repeat item-backed buyer
26152,13,11,166503,4878,2023-09-08,2023-09-08,116.0,Repeat item-backed buyer
27493,8,7,166500,4602,2023-05-28,2023-05-28,219.0,Repeat item-backed buyer
34289,8,8,166462,9745,2023-02-09,2023-02-09,327.0,Repeat item-backed buyer
28341,11,11,166439,7186,2023-10-26,2023-10-26,68.0,Repeat item-backed buyer
11689,9,9,166397,3212,2023-05-19,2023-05-19,228.0,Repeat item-backed buyer
6914,13,11,166394,0,2023-11-28,2023-08-06,149.0,Repeat item-backed buyer
32326,10,10,166347,0,2022-07-10,2022-07-10,541.0,Repeat item-backed buyer
42655,8,8,166305,4998,2022-03-29,2022-03-29,644.0,Repeat item-backed buyer
5804,13,12,166272,539,2023-07-17,2023-07-17,169.0,Repeat item-backed buyer
33360,8,7,166255,8472,2023-07-12,2023-07-12,174.0,Repeat item-backed buyer
46171,10,9,166249,5024,2023-11-24,2023-11-24,39.0,Repeat item-backed buyer
9242,10,10,166240,0,2023-12-28,2023-12-28,5.0,Repeat item-backed buyer
9926,10,8,166232,3811,2023-12-16,2023-12-16,17.0,Repeat item-backed buyer
45858,12,12,166219,0,2023-03-09,2023-03-09,299.0,Repeat item-backed buyer
40192,11,10,166210,9901,2023-12-26,2023-12-26,7.0,Repeat item-backed buyer
13014,10,8,166190,0,2023-09-26,2023-09-26,98.0,Repeat item-backed buyer
14692,9,7,166190,3261,2024-01-01,2024-01-01,1.0,Repeat item-backed buyer
35910,8,7,166189,3111,2023-12-30,2022-12-20,378.0,Repeat item-backed buyer
40842,10,10,166169,5713,2023-11-04,2023-11-04,59.0,Repeat item-backed buyer
11054,15,11,166140,7462,2023-06-23,2022-12-14,384.0,Repeat item-backed buyer
42439,8,8,166085,3903,2023-10-21,2023-10-21,73.0,Repeat item-backed buyer
17932,11,10,166082,11907,2023-12-09,2023-12-09,24.0,Repeat item-backed buyer
41503,12,12,166076,4576,2023-10-13,2023-10-13,81.0,Repeat item-backed buyer
5297,10,9,166038,0,2023-09-14,2023-09-14,110.0,Repeat item-backed buyer
42430,8,7,166030,0,2023-07-20,2023-07-20,166.0,Repeat item-backed buyer
44305,11,10,165995,15880,2023-03-01,2023-03-01,307.0,Repeat item-backed buyer
30081,7,7,165909,0,2023-12-22,2023-12-22,11.0,Repeat item-backed buyer
31481,10,9,165887,96,2023-01-11,2023-01-11,356.0,Repeat item-backed buyer
28267,9,9,165853,0,2023-11-07,2023-11-07,56.0,Repeat item-backed buyer
43335,7,7,165853,11166,2023-06-02,2023-06-02,214.0,Repeat item-backed buyer
17116,11,11,165839,5723,2023-12-17,2023-12-17,16.0,Repeat item-backed buyer
31630,8,8,165835,7354,2023-06-22,2023-06-22,194.0,Repeat item-backed buyer
38017,9,9,165816,3139,2023-08-22,2023-08-22,133.0,Repeat item-backed buyer
16898,7,7,165799,9756,2023-08-02,2023-08-02,153.0,Repeat item-backed buyer
6057,11,8,165793,1898,2023-12-20,2023-08-28,127.0,Repeat item-backed buyer
6418,8,7,165734,4915,2023-11-21,2023-11-21,42.0,Repeat item-backed buyer
34565,9,8,165732,911,2023-11-15,2023-10-29,65.0,Repeat item-backed buyer
7356,8,7,165717,1749,2022-12-23,2022-12-23,375.0,Repeat item-backed buyer
34755,10,10,165694,0,2023-06-20,2023-06-20,196.0,Repeat item-backed buyer
32187,10,10,165664,8236,2023-06-09,2023-06-09,207.0,Repeat item-backed buyer
12134,11,10,165661,6731,2022-11-16,2022-11-16,412.0,Repeat item-backed buyer
7612,8,7,165617,3380,2023-01-07,2023-01-07,360.0,Repeat item-backed buyer
17740,11,10,165615,4908,2023-10-13,2023-10-13,81.0,Repeat item-backed buyer
47374,12,12,165588,4874,2023-06-01,2023-06-01,215.0,Repeat item-backed buyer
40718,9,9,165582,4574,2023-11-13,2023-11-13,50.0,Repeat item-backed buyer
15305,12,10,165575,0,2023-11-14,2023-11-14,49.0,Repeat item-backed buyer
7362,11,10,165569,0,2023-07-04,2023-07-04,182.0,Repeat item-backed buyer
18310,10,10,165567,5883,2023-10-28,2023-10-28,66.0,Repeat item-backed buyer
2097,7,7,165517,277,2023-04-23,2023-04-23,254.0,Repeat item-backed buyer
17705,8,8,165514,0,2023-12-23,2023-12-23,10.0,Repeat item-backed buyer
6651,9,7,165498,1342,2023-11-09,2023-11-09,54.0,Repeat item-backed buyer
42134,8,8,165450,0,2023-09-07,2023-09-07,117.0,Repeat item-backed buyer
13935,13,11,165436,2567,2023-08-10,2023-08-10,145.0,Repeat item-backed buyer
38135,12,10,165429,3645,2023-02-01,2022-09-13,476.0,Repeat item-backed buyer
48050,10,7,165427,1599,2023-12-10,2023-12-10,23.0,Repeat item-backed buyer
23093,12,10,165411,10079,2023-12-15,2023-12-15,18.0,Repeat item-backed buyer
30492,9,8,165405,6402,2023-12-04,2023-12-04,29.0,Repeat item-backed buyer
3145,11,11,165345,5216,2023-10-25,2023-10-25,69.0,Repeat item-backed buyer
48034,9,9,165334,0,2023-03-14,2023-03-14,294.0,Repeat item-backed buyer
43499,7,7,165296,3913,2023-11-10,2023-11-10,53.0,Repeat item-backed buyer
9024,10,10,165293,0,2023-02-02,2023-02-02,334.0,Repeat item-backed buyer
8371,10,8,165292,3923,2023-10-22,2023-10-22,72.0,Repeat item-backed buyer
35669,8,8,165288,3445,2023-05-20,2023-05-20,227.0,Repeat item-backed buyer
45157,7,7,165288,0,2022-12-05,2022-12-05,393.0,Repeat item-backed buyer
16028,9,8,165264,4718,2023-07-19,2023-01-25,342.0,Repeat item-backed buyer
6390,9,7,165263,3222,2023-12-14,2023-08-28,127.0,Repeat item-backed buyer
27835,8,6,165255,3957,2023-01-29,2023-01-29,338.0,Repeat item-backed buyer
44534,9,8,165238,7537,2023-11-14,2023-10-29,65.0,Repeat item-backed buyer
25290,9,9,165234,3946,2022-12-25,2022-12-25,373.0,Repeat item-backed buyer
24851,12,12,165222,7853,2023-09-01,2023-09-01,123.0,Repeat item-backed buyer
13507,11,9,165207,2994,2023-09-28,2023-09-16,108.0,Repeat item-backed buyer
37283,8,8,165161,2002,2023-05-05,2023-05-05,242.0,Repeat item-backed buyer
11554,9,9,165149,3649,2023-07-18,2023-07-18,168.0,Repeat item-backed buyer
43779,8,7,165130,0,2023-12-07,2023-12-07,26.0,Repeat item-backed buyer
49976,8,7,165127,5092,2023-12-09,2023-12-09,24.0,Repeat item-backed buyer
13070,8,6,165123,0,2023-04-26,2023-04-26,251.0,Repeat item-backed buyer
4740,9,8,165117,0,2023-08-21,2023-08-21,134.0,Repeat item-backed buyer
45117,12,10,165103,1785,2023-12-28,2023-12-28,5.0,Repeat item-backed buyer
34546,9,7,165092,0,2023-06-05,2023-06-05,211.0,Repeat item-backed buyer
10593,7,7,165071,0,2023-10-03,2023-10-03,91.0,Repeat item-backed buyer
2857,10,10,165069,7550,2023-06-18,2023-06-18,198.0,Repeat item-backed buyer
48003,10,8,165053,5827,2023-11-24,2023-11-24,39.0,Repeat item-backed buyer
22686,8,8,165015,4403,2023-05-23,2023-05-23,224.0,Repeat item-backed buyer
3369,5,5,165007,4389,2023-09-23,2023-09-23,101.0,Repeat item-backed buyer
40454,15,11,165002,3650,2023-12-18,2023-12-18,15.0,Repeat item-backed buyer
42725,9,9,164984,0,2023-06-06,2023-06-06,210.0,Repeat item-backed buyer
38510,7,7,164966,1388,2023-04-16,2023-04-16,261.0,Repeat item-backed buyer
32416,10,9,164958,4339,2023-12-03,2023-12-03,30.0,Repeat item-backed buyer
42964,12,11,164895,2725,2023-03-01,2023-03-01,307.0,Repeat item-backed buyer
25192,11,9,164869,1436,2023-05-09,2023-03-02,306.0,Repeat item-backed buyer
38612,10,10,164868,2810,2022-11-09,2022-11-09,419.0,Repeat item-backed buyer
6067,8,7,164846,0,2023-02-07,2023-02-07,329.0,Repeat item-backed buyer
36834,10,10,164845,3202,2023-08-20,2023-08-20,135.0,Repeat item-backed buyer
32276,12,11,164839,0,2023-11-10,2023-11-10,53.0,Repeat item-backed buyer
34739,10,9,164804,2844,2023-08-11,2023-08-11,144.0,Repeat item-backed buyer
353,11,11,164803,9840,2023-12-22,2023-12-22,11.0,Repeat item-backed buyer
12949,10,8,164774,2090,2023-10-04,2023-10-04,90.0,Repeat item-backed buyer
10231,15,13,164730,9562,2023-09-20,2023-09-20,104.0,Repeat item-backed buyer
11714,8,7,164722,1108,2023-09-04,2023-09-04,120.0,Repeat item-backed buyer
8403,7,7,164676,1758,2023-01-22,2023-01-22,345.0,Repeat item-backed buyer
24675,10,9,164671,0,2023-12-21,2023-12-15,18.0,Repeat item-backed buyer
47848,6,6,164641,0,2021-10-02,2021-10-02,822.0,Repeat item-backed buyer
42586,11,9,164622,4922,2022-10-20,2022-05-11,601.0,Repeat item-backed buyer
18705,9,8,164593,8178,2023-06-15,2023-06-15,201.0,Repeat item-backed buyer
21879,12,11,164586,5212,2023-01-16,2023-01-16,351.0,Repeat item-backed buyer
12850,13,13,164585,4560,2023-07-16,2023-07-16,170.0,Repeat item-backed buyer
14635,10,9,164573,0,2023-08-04,2023-08-04,151.0,Repeat item-backed buyer
36186,10,9,164573,2039,2023-07-21,2022-12-20,378.0,Repeat item-backed buyer
35565,11,10,164571,8009,2023-10-30,2023-10-30,64.0,Repeat item-backed buyer
17601,12,11,164567,1261,2023-11-04,2023-11-04,59.0,Repeat item-backed buyer
17577,9,8,164557,1265,2023-01-16,2023-01-16,351.0,Repeat item-backed buyer
31187,10,9,164557,0,2023-10-30,2023-10-30,64.0,Repeat item-backed buyer
25277,9,8,164538,2563,2022-02-10,2022-02-10,691.0,Repeat item-backed buyer
8561,11,10,164499,3814,2023-12-11,2023-12-11,22.0,Repeat item-backed buyer
7674,11,9,164494,6736,2023-10-02,2023-10-02,92.0,Repeat item-backed buyer
7600,10,9,164488,0,2023-12-19,2023-12-19,14.0,Repeat item-backed buyer
26988,10,9,164487,4438,2023-10-04,2023-08-09,146.0,Repeat item-backed buyer
6854,10,10,164482,9730,2023-10-17,2023-10-17,77.0,Repeat item-backed buyer
3725,11,10,164479,6821,2023-12-01,2023-12-01,32.0,Repeat item-backed buyer
35193,12,11,164478,7648,2023-06-16,2023-06-16,200.0,Repeat item-backed buyer
18781,9,9,164435,6999,2023-01-02,2023-01-02,365.0,Repeat item-backed buyer
4461,7,6,164430,0,2023-05-27,2023-05-27,220.0,Repeat item-backed buyer
16259,8,6,164429,7067,2023-06-18,2022-11-16,412.0,Repeat item-backed buyer
25035,11,10,164385,11407,2023-07-24,2023-07-24,162.0,Repeat item-backed buyer
19139,13,11,164347,809,2023-12-11,2023-12-11,22.0,Repeat item-backed buyer
9253,9,9,164338,2306,2023-09-23,2023-09-23,101.0,Repeat item-backed buyer
41387,9,9,164323,4795,2023-09-23,2023-09-23,101.0,Repeat item-backed buyer
17688,8,8,164293,0,2023-11-29,2023-11-29,34.0,Repeat item-backed buyer
36087,8,8,164291,7014,2023-12-10,2023-12-10,23.0,Repeat item-backed buyer
40580,11,9,164283,0,2023-11-24,2023-01-13,354.0,Repeat item-backed buyer
48106,11,9,164281,0,2023-12-03,2023-12-03,30.0,Repeat item-backed buyer
20048,11,11,164262,0,2023-11-15,2023-11-15,48.0,Repeat item-backed buyer
27402,12,11,164247,2646,2023-12-10,2023-12-10,23.0,Repeat item-backed buyer
16076,9,8,164241,7329,2023-02-27,2023-02-27,309.0,Repeat item-backed buyer
25291,13,10,164187,6673,2023-12-12,2023-04-11,266.0,Repeat item-backed buyer
13355,10,10,164178,3338,2023-10-17,2023-10-17,77.0,Repeat item-backed buyer
25754,8,8,164149,0,2023-05-22,2023-05-22,225.0,Repeat item-backed buyer
4270,10,9,164127,4990,2023-07-26,2023-07-26,160.0,Repeat item-backed buyer
593,11,10,164126,3671,2023-10-24,2023-10-24,70.0,Repeat item-backed buyer
10658,9,7,164109,3347,2023-04-25,2023-04-25,252.0,Repeat item-backed buyer
32532,10,8,164108,5870,2023-06-19,2023-06-19,197.0,Repeat item-backed buyer
5019,9,9,164107,81,2023-09-23,2023-09-23,101.0,Repeat item-backed buyer
34075,9,9,164077,0,2023-06-11,2023-06-11,205.0,Repeat item-backed buyer
24324,8,7,164065,7672,2023-12-30,2023-09-13,111.0,Repeat item-backed buyer
44672,8,8,164045,0,2023-02-18,2023-02-18,318.0,Repeat item-backed buyer
5645,5,5,164032,166,2021-05-21,2021-05-21,956.0,Repeat item-backed buyer
44242,9,8,164024,1935,2023-05-09,2023-05-09,238.0,Repeat item-backed buyer
6459,13,11,164014,4365,2023-02-19,2023-02-19,317.0,Repeat item-backed buyer
27617,11,10,163992,0,2023-10-13,2023-10-13,81.0,Repeat item-backed buyer
26167,12,12,163915,1706,2023-10-22,2023-10-22,72.0,Repeat item-backed buyer
42141,10,9,163910,0,2023-03-03,2023-03-03,305.0,Repeat item-backed buyer
18279,9,9,163904,3497,2023-09-21,2023-09-21,103.0,Repeat item-backed buyer
771,8,8,163902,7415,2023-07-30,2023-07-30,156.0,Repeat item-backed buyer
349,10,10,163900,73,2023-08-25,2023-08-25,130.0,Repeat item-backed buyer
30762,12,10,163883,2776,2023-10-28,2023-10-28,66.0,Repeat item-backed buyer
39867,12,11,163878,0,2023-04-17,2023-04-17,260.0,Repeat item-backed buyer
13072,9,7,163865,1392,2023-11-26,2023-11-26,37.0,Repeat item-backed buyer
6690,13,9,163846,6165,2022-09-17,2022-09-17,472.0,Repeat item-backed buyer
11055,8,8,163835,3216,2023-11-28,2023-11-28,35.0,Repeat item-backed buyer
31634,10,9,163774,2556,2023-06-02,2023-06-02,214.0,Repeat item-backed buyer
48853,13,10,163774,4646,2023-12-31,2023-06-27,189.0,Repeat item-backed buyer
47800,10,8,163756,5401,2023-01-14,2023-01-14,353.0,Repeat item-backed buyer
45712,11,10,163739,0,2023-11-14,2023-11-14,49.0,Repeat item-backed buyer
33842,6,6,163735,8290,2023-01-18,2023-01-18,349.0,Repeat item-backed buyer
12646,10,10,163729,0,2023-10-26,2023-10-26,68.0,Repeat item-backed buyer
38570,8,6,163719,2556,2023-12-05,2023-12-05,28.0,Repeat item-backed buyer
8844,10,8,163682,5676,2023-10-15,2023-10-03,91.0,Repeat item-backed buyer
11169,9,9,163680,0,2023-04-07,2023-04-07,270.0,Repeat item-backed buyer
12941,9,8,163651,6655,2023-12-12,2023-08-14,141.0,Repeat item-backed buyer
16281,9,9,163639,2106,2023-08-29,2023-08-29,126.0,Repeat item-backed buyer
27706,5,5,163638,1136,2023-06-29,2023-06-29,187.0,Repeat item-backed buyer
37406,11,11,163638,1906,2023-10-03,2023-10-03,91.0,Repeat item-backed buyer
8366,10,10,163627,3865,2023-12-17,2023-12-17,16.0,Repeat item-backed buyer
22119,7,6,163617,4513,2023-06-09,2023-06-09,207.0,Repeat item-backed buyer
45741,11,11,163610,2479,2022-08-28,2022-08-28,492.0,Repeat item-backed buyer
14325,7,7,163570,3750,2022-12-13,2022-12-13,385.0,Repeat item-backed buyer
24853,11,11,163558,5708,2023-11-26,2023-11-26,37.0,Repeat item-backed buyer
36352,8,7,163552,2209,2023-12-24,2023-12-24,9.0,Repeat item-backed buyer
4932,10,10,163551,812,2023-09-22,2023-09-22,102.0,Repeat item-backed buyer
38615,8,8,163522,6028,2023-10-27,2023-10-27,67.0,Repeat item-backed buyer
724,7,6,163518,3781,2023-12-27,2023-12-27,6.0,Repeat item-backed buyer
26645,10,9,163498,3819,2023-04-24,2023-04-24,253.0,Repeat item-backed buyer
42769,8,8,163483,989,2023-11-21,2023-11-21,42.0,Repeat item-backed buyer
24148,7,7,163473,3164,2023-08-17,2023-08-17,138.0,Repeat item-backed buyer
42423,6,6,163473,427,2023-08-13,2023-08-13,142.0,Repeat item-backed buyer
46037,7,7,163468,1901,2023-11-05,2023-11-05,58.0,Repeat item-backed buyer
44388,8,8,163461,2509,2023-08-28,2023-08-28,127.0,Repeat item-backed buyer
37506,9,8,163440,0,2022-11-02,2022-11-02,426.0,Repeat item-backed buyer
4279,10,9,163438,4556,2023-08-29,2023-08-29,126.0,Repeat item-backed buyer
39130,8,7,163421,2738,2023-11-11,2023-11-11,52.0,Repeat item-backed buyer
35038,12,12,163415,4305,2023-11-10,2023-11-10,53.0,Repeat item-backed buyer
29776,10,10,163407,1415,2023-11-02,2023-11-02,61.0,Repeat item-backed buyer
38450,8,7,163388,0,2023-01-07,2023-01-07,360.0,Repeat item-backed buyer
30091,10,10,163376,2832,2023-12-27,2023-12-27,6.0,Repeat item-backed buyer
45949,11,11,163362,11813,2023-10-15,2023-10-15,79.0,Repeat item-backed buyer
14950,10,7,163360,0,2023-06-03,2023-06-03,213.0,Repeat item-backed buyer
5863,12,10,163267,3919,2023-10-31,2023-10-31,63.0,Repeat item-backed buyer
43788,7,7,163245,0,2023-06-05,2023-06-05,211.0,Repeat item-backed buyer
2028,9,9,163234,4735,2023-01-03,2023-01-03,364.0,Repeat item-backed buyer
10662,12,12,163168,5372,2023-10-31,2023-10-31,63.0,Repeat item-backed buyer
20066,7,7,163161,7433,2023-10-24,2023-10-24,70.0,Repeat item-backed buyer
48953,10,8,163154,689,2023-06-30,2023-06-30,186.0,Repeat item-backed buyer
9812,8,8,163116,0,2023-12-07,2023-12-07,26.0,Repeat item-backed buyer
4004,9,9,163097,10100,2023-07-04,2023-07-04,182.0,Repeat item-backed buyer
25169,10,10,163096,6082,2024-01-01,2024-01-01,1.0,Repeat item-backed buyer
37906,9,9,163056,4680,2023-02-16,2023-02-16,320.0,Repeat item-backed buyer
21604,13,11,163046,3073,2023-08-02,2023-05-12,235.0,Repeat item-backed buyer
12123,6,5,163007,0,2023-09-05,2023-09-05,119.0,Repeat item-backed buyer
254,11,10,162970,572,2023-05-21,2023-05-21,226.0,Repeat item-backed buyer
39344,9,7,162938,0,2023-11-06,2023-11-06,57.0,Repeat item-backed buyer
18591,13,12,162932,0,2023-10-27,2023-10-27,67.0,Repeat item-backed buyer
27984,10,9,162915,757,2023-10-27,2023-10-27,67.0,Repeat item-backed buyer
20546,7,7,162869,7088,2023-12-03,2023-12-03,30.0,Repeat item-backed buyer
2981,10,9,162853,0,2023-09-21,2023-09-21,103.0,Repeat item-backed buyer
29715,8,8,162841,4622,2023-12-14,2023-12-14,19.0,Repeat item-backed buyer
40458,12,9,162803,0,2023-10-29,2023-10-29,65.0,Repeat item-backed buyer
39155,10,9,162796,4913,2023-11-23,2023-11-23,40.0,Repeat item-backed buyer
24940,10,10,162794,2179,2023-12-10,2023-12-10,23.0,Repeat item-backed buyer
33284,7,7,162785,3171,2023-12-11,2023-12-11,22.0,Repeat item-backed buyer
29929,11,10,162776,2837,2023-12-22,2023-12-22,11.0,Repeat item-backed buyer
16984,8,8,162774,0,2023-03-16,2023-03-16,292.0,Repeat item-backed buyer
4223,12,10,162751,9806,2023-11-09,2023-11-09,54.0,Repeat item-backed buyer
47516,12,12,162751,0,2023-11-04,2023-11-04,59.0,Repeat item-backed buyer
45267,9,9,162704,2075,2023-12-17,2023-12-17,16.0,Repeat item-backed buyer
2309,9,7,162666,3479,2023-03-03,2023-03-03,305.0,Repeat item-backed buyer
31390,7,7,162659,4564,2023-08-15,2023-08-15,140.0,Repeat item-backed buyer
45468,11,10,162658,0,2023-11-30,2023-11-30,33.0,Repeat item-backed buyer
5943,7,6,162645,4121,2023-08-25,2023-08-25,130.0,Repeat item-backed buyer
9278,10,9,162636,3195,2023-08-02,2023-08-02,153.0,Repeat item-backed buyer
16478,10,10,162622,230,2023-06-06,2023-06-06,210.0,Repeat item-backed buyer
47945,8,8,162616,8489,2023-10-31,2023-10-31,63.0,Repeat item-backed buyer
18137,12,12,162599,0,2023-11-10,2023-11-10,53.0,Repeat item-backed buyer
20333,8,8,162575,624,2023-01-01,2023-01-01,366.0,Repeat item-backed buyer
21598,12,12,162572,3500,2023-07-21,2023-07-21,165.0,Repeat item-backed buyer
23039,10,9,162565,311,2023-12-24,2023-12-24,9.0,Repeat item-backed buyer
43400,9,7,162534,2180,2023-09-25,2023-09-25,99.0,Repeat item-backed buyer
39937,11,11,162526,4308,2023-11-13,2023-11-13,50.0,Repeat item-backed buyer
22626,10,9,162502,97,2024-01-01,2024-01-01,1.0,Repeat item-backed buyer
29311,11,11,162490,0,2023-10-29,2023-10-29,65.0,Repeat item-backed buyer
45849,9,9,162484,4504,2023-12-14,2023-12-14,19.0,Repeat item-backed buyer
3355,6,6,162406,2966,2023-12-31,2023-12-31,2.0,Repeat item-backed buyer
32555,8,8,162406,3663,2023-09-19,2023-09-19,105.0,Repeat item-backed buyer
13088,12,12,162401,3816,2023-09-07,2023-09-07,117.0,Repeat item-backed buyer
17170,10,8,162344,7716,2023-11-12,2023-11-12,51.0,Repeat item-backed buyer
43644,7,6,162335,0,2023-09-02,2023-09-02,122.0,Repeat item-backed buyer
18764,9,8,162331,4724,2022-10-07,2022-10-07,452.0,Repeat item-backed buyer
33653,11,10,162304,0,2023-10-19,2023-10-19,75.0,Repeat item-backed buyer
30798,10,10,162295,7041,2023-06-24,2023-06-24,192.0,Repeat item-backed buyer
22938,11,9,162256,3165,2023-12-12,2023-12-12,21.0,Repeat item-backed buyer
35393,8,8,162246,0,2023-09-23,2023-09-23,101.0,Repeat item-backed buyer
2484,7,7,162212,0,2023-09-22,2023-09-22,102.0,Repeat item-backed buyer
34527,11,10,162208,8923,2023-12-16,2023-12-16,17.0,Repeat item-backed buyer
30569,12,11,162185,2844,2023-08-10,2023-08-10,145.0,Repeat item-backed buyer
5926,6,6,162175,3590,2023-04-06,2023-04-06,271.0,Repeat item-backed buyer
3651,9,7,162154,0,2023-12-28,2023-12-28,5.0,Repeat item-backed buyer
10997,8,7,162132,0,2023-10-11,2023-10-11,83.0,Repeat item-backed buyer
47190,12,10,162132,1248,2023-09-28,2023-09-28,96.0,Repeat item-backed buyer
5830,10,8,162128,4303,2023-09-19,2023-09-19,105.0,Repeat item-backed buyer
6572,11,8,162128,2176,2023-12-05,2023-12-05,28.0,Repeat item-backed buyer
35741,13,13,162125,1288,2023-11-30,2023-11-30,33.0,Repeat item-backed buyer
14158,14,11,162123,1776,2023-09-28,2023-09-28,96.0,Repeat item-backed buyer
5788,13,11,162107,769,2023-11-20,2023-11-20,43.0,Repeat item-backed buyer
48656,9,9,162106,6223,2023-12-11,2023-12-11,22.0,Repeat item-backed buyer
16217,9,8,162097,9054,2023-12-23,2023-12-23,10.0,Repeat item-backed buyer
49691,11,9,162097,0,2023-12-28,2023-12-28,5.0,Repeat item-backed buyer
17945,12,11,162048,0,2023-08-16,2023-08-16,139.0,Repeat item-backed buyer
20088,12,10,162037,3164,2023-11-18,2023-11-18,45.0,Repeat item-backed buyer
27364,10,9,162009,0,2023-05-24,2023-05-24,223.0,Repeat item-backed buyer
37462,8,8,161998,0,2023-07-20,2023-07-20,166.0,Repeat item-backed buyer
23081,13,11,161993,5482,2023-10-27,2023-03-19,289.0,Repeat item-backed buyer
47972,7,7,161986,1649,2023-12-14,2023-12-14,19.0,Repeat item-backed buyer
23108,8,8,161979,1103,2023-11-16,2023-11-16,47.0,Repeat item-backed buyer
9688,7,7,161972,8320,2023-06-12,2023-06-12,204.0,Repeat item-backed buyer
23890,10,9,161965,0,2023-07-30,2023-07-30,156.0,Repeat item-backed buyer
12296,11,11,161934,7847,2023-11-14,2023-11-14,49.0,Repeat item-backed buyer
32903,11,10,161918,2157,2023-12-18,2023-12-18,15.0,Repeat item-backed buyer
10420,8,8,161913,6932,2023-04-08,2023-04-08,269.0,Repeat item-backed buyer
13467,10,9,161909,0,2023-11-15,2023-11-15,48.0,Repeat item-backed buyer
23341,9,9,161882,0,2023-08-30,2023-08-30,125.0,Repeat item-backed buyer
38824,9,9,161877,0,2022-05-22,2022-05-22,590.0,Repeat item-backed buyer
19076,6,5,161874,5492,2023-08-13,2023-08-13,142.0,Repeat item-backed buyer
21716,6,5,161864,0,2021-08-08,2021-08-08,877.0,Repeat item-backed buyer
46150,6,6,161840,7343,2023-08-12,2023-08-12,143.0,Repeat item-backed buyer
7903,12,11,161837,0,2023-08-12,2023-08-10,145.0,Repeat item-backed buyer
7659,8,7,161757,0,2023-07-20,2023-01-29,338.0,Repeat item-backed buyer
11396,9,8,161755,2993,2023-04-23,2023-04-23,254.0,Repeat item-backed buyer
41869,10,10,161733,4158,2023-11-19,2023-11-19,44.0,Repeat item-backed buyer
38414,9,9,161726,5320,2023-04-08,2023-04-08,269.0,Repeat item-backed buyer
37703,10,10,161716,3058,2023-06-27,2023-06-27,189.0,Repeat item-backed buyer
44656,10,8,161702,0,2023-05-19,2023-05-19,228.0,Repeat item-backed buyer
25661,11,9,161686,10890,2023-11-25,2023-11-25,38.0,Repeat item-backed buyer
46158,10,10,161657,2447,2023-04-06,2023-04-06,271.0,Repeat item-backed buyer
10016,12,10,161650,4934,2023-11-15,2023-11-15,48.0,Repeat item-backed buyer
29312,11,10,161645,7885,2023-12-10,2023-12-10,23.0,Repeat item-backed buyer
33055,8,7,161638,1482,2023-08-31,2023-08-31,124.0,Repeat item-backed buyer
45396,12,11,161631,0,2023-10-28,2023-10-28,66.0,Repeat item-backed buyer
46487,11,11,161627,56,2023-12-11,2023-12-11,22.0,Repeat item-backed buyer
21856,10,9,161620,4035,2023-07-02,2023-07-02,184.0,Repeat item-backed buyer
43092,10,9,161611,1127,2022-12-07,2022-12-07,391.0,Repeat item-backed buyer
15252,10,9,161610,4097,2023-10-30,2023-10-30,64.0,Repeat item-backed buyer
48967,12,10,161600,6757,2023-12-03,2023-12-03,30.0,Repeat item-backed buyer
36914,10,9,161578,0,2023-06-17,2023-06-17,199.0,Repeat item-backed buyer
36473,10,10,161555,6978,2023-10-08,2023-10-08,86.0,Repeat item-backed buyer
16650,11,9,161554,2934,2023-10-02,2023-10-02,92.0,Repeat item-backed buyer
18513,10,10,161548,10480,2023-11-28,2023-11-28,35.0,Repeat item-backed buyer
21841,8,8,161519,2411,2023-09-29,2023-09-29,95.0,Repeat item-backed buyer
41579,6,6,161519,8221,2023-10-25,2023-10-25,69.0,Repeat item-backed buyer
28764,9,8,161510,0,2023-10-05,2023-10-05,89.0,Repeat item-backed buyer
42173,10,9,161507,0,2023-07-27,2023-07-27,159.0,Repeat item-backed buyer
30183,12,10,161497,7254,2023-11-27,2023-11-27,36.0,Repeat item-backed buyer
2590,10,10,161493,6104,2023-09-06,2023-09-06,118.0,Repeat item-backed buyer
23617,9,9,161468,605,2023-07-28,2023-07-28,158.0,Repeat item-backed buyer
16356,9,8,161452,1991,2023-12-15,2023-12-15,18.0,Repeat item-backed buyer
27660,13,13,161441,7958,2023-12-28,2023-12-28,5.0,Repeat item-backed buyer
33727,9,7,161428,6021,2023-11-08,2023-04-05,272.0,Repeat item-backed buyer
37529,10,9,161428,4194,2024-01-01,2024-01-01,1.0,Repeat item-backed buyer
12576,12,11,161414,4318,2023-09-15,2023-09-15,109.0,Repeat item-backed buyer
33104,9,8,161412,7298,2023-12-19,2023-12-19,14.0,Repeat item-backed buyer
35970,9,7,161399,637,2023-05-15,2023-05-15,232.0,Repeat item-backed buyer
38452,8,7,161388,8370,2023-12-21,2023-12-21,12.0,Repeat item-backed buyer
23960,8,8,161365,734,2023-09-30,2023-09-30,94.0,Repeat item-backed buyer
14086,8,7,161345,4999,2023-09-29,2023-09-29,95.0,Repeat item-backed buyer
10215,13,12,161322,1090,2023-12-05,2023-12-05,28.0,Repeat item-backed buyer
45787,10,9,161321,3267,2023-12-23,2023-12-23,10.0,Repeat item-backed buyer
16088,9,8,161295,2568,2023-05-06,2023-05-06,241.0,Repeat item-backed buyer
46274,9,9,161282,0,2023-03-22,2023-03-22,286.0,Repeat item-backed buyer
9085,12,12,161279,11013,2023-07-11,2023-07-11,175.0,Repeat item-backed buyer
18934,10,10,161268,7235,2023-06-04,2023-06-04,212.0,Repeat item-backed buyer
14182,9,8,161254,3410,2023-08-15,2023-08-15,140.0,Repeat item-backed buyer
21136,9,8,161224,4551,2023-12-25,2023-12-25,8.0,Repeat item-backed buyer
9436,13,11,161216,448,2023-03-22,2023-03-22,286.0,Repeat item-backed buyer
3385,8,8,161190,4207,2023-11-10,2023-11-10,53.0,Repeat item-backed buyer
13130,7,7,161186,1141,2023-08-27,2023-08-27,128.0,Repeat item-backed buyer
9345,10,10,161171,11452,2023-11-22,2023-11-22,41.0,Repeat item-backed buyer
5942,7,7,161148,0,2023-11-08,2023-11-08,55.0,Repeat item-backed buyer
11447,11,10,161147,0,2023-11-17,2023-11-17,46.0,Repeat item-backed buyer
47454,11,11,161113,1620,2023-11-30,2023-11-30,33.0,Repeat item-backed buyer
33158,10,9,161052,4879,2023-10-26,2023-10-26,68.0,Repeat item-backed buyer
28600,8,7,161020,0,2022-10-13,2022-10-13,446.0,Repeat item-backed buyer
19541,8,6,161006,3808,2023-12-17,2023-12-17,16.0,Repeat item-backed buyer
43886,10,10,161002,4467,2023-12-17,2023-12-17,16.0,Repeat item-backed buyer
19968,5,5,160980,0,2023-04-04,2023-04-04,273.0,Repeat item-backed buyer
3803,12,10,160940,0,2023-12-30,2023-12-30,3.0,Repeat item-backed buyer
4915,11,9,160933,0,2023-09-26,2023-09-26,98.0,Repeat item-backed buyer
45057,10,8,160896,5148,2023-09-13,2023-05-27,220.0,Repeat item-backed buyer
12663,13,11,160890,1845,2023-12-21,2023-12-21,12.0,Repeat item-backed buyer
27232,9,9,160870,0,2023-06-19,2023-06-19,197.0,Repeat item-backed buyer
16342,7,7,160862,2349,2023-11-04,2023-11-04,59.0,Repeat item-backed buyer
35459,10,10,160855,8920,2023-04-28,2023-04-28,249.0,Repeat item-backed buyer
27138,8,8,160841,0,2023-09-24,2023-09-24,100.0,Repeat item-backed buyer
39470,11,10,160816,3912,2022-12-07,2022-12-07,391.0,Repeat item-backed buyer
39380,10,9,160787,0,2023-12-18,2023-12-18,15.0,Repeat item-backed buyer
45499,10,10,160784,1243,2023-10-31,2023-10-31,63.0,Repeat item-backed buyer
34992,5,4,160770,4587,2023-10-02,2023-07-09,177.0,Repeat item-backed buyer
19043,9,6,160765,4239,2023-12-18,2023-12-18,15.0,Repeat item-backed buyer
19592,9,8,160756,5864,2023-07-28,2023-07-28,158.0,Repeat item-backed buyer
2714,12,10,160745,8172,2022-12-06,2022-11-03,425.0,Repeat item-backed buyer
6403,11,10,160745,0,2023-10-12,2023-10-12,82.0,Repeat item-backed buyer
24722,7,7,160716,7854,2023-05-14,2023-05-14,233.0,Repeat item-backed buyer
38883,9,9,160683,5761,2023-01-16,2023-01-16,351.0,Repeat item-backed buyer
48216,7,7,160681,0,2023-07-29,2023-07-29,157.0,Repeat item-backed buyer
20009,12,11,160673,2150,2023-07-04,2023-07-04,182.0,Repeat item-backed buyer
5033,10,10,160638,284,2023-03-27,2023-03-27,281.0,Repeat item-backed buyer
45682,8,8,160632,0,2023-06-02,2023-06-02,214.0,Repeat item-backed buyer
29485,11,10,160614,12588,2023-12-18,2023-12-18,15.0,Repeat item-backed buyer
24246,7,7,160602,1772,2023-07-28,2023-07-28,158.0,Repeat item-backed buyer
3252,12,10,160601,2069,2023-12-11,2023-12-11,22.0,Repeat item-backed buyer
2246,9,8,160597,4782,2023-08-28,2023-08-28,127.0,Repeat item-backed buyer
21284,10,9,160580,4003,2023-07-26,2023-07-26,160.0,Repeat item-backed buyer
33043,12,11,160557,1037,2023-10-01,2023-10-01,93.0,Repeat item-backed buyer
37464,8,8,160548,0,2023-12-13,2023-12-13,20.0,Repeat item-backed buyer
16860,10,9,160533,0,2023-08-05,2023-08-05,150.0,Repeat item-backed buyer
33978,10,9,160526,2820,2023-11-13,2023-11-13,50.0,Repeat item-backed buyer
25108,9,9,160509,6700,2023-01-30,2023-01-30,337.0,Repeat item-backed buyer
20852,8,6,160499,0,2022-12-25,2022-12-03,395.0,Repeat item-backed buyer
7949,8,8,160495,0,2022-08-04,2022-08-04,516.0,Repeat item-backed buyer
17968,8,8,160476,2809,2023-12-18,2023-12-18,15.0,Repeat item-backed buyer
30207,7,7,160475,2950,2023-10-15,2023-10-15,79.0,Repeat item-backed buyer
28144,7,7,160470,0,2023-07-23,2023-07-23,163.0,Repeat item-backed buyer
8740,10,9,160460,9081,2023-11-23,2023-11-23,40.0,Repeat item-backed buyer
5090,9,9,160459,4647,2023-11-06,2023-11-06,57.0,Repeat item-backed buyer
4222,7,7,160452,1957,2022-07-08,2022-07-08,543.0,Repeat item-backed buyer
45415,8,8,160444,4808,2024-01-01,2024-01-01,1.0,Repeat item-backed buyer
14615,8,7,160442,4252,2023-08-19,2023-08-19,136.0,Repeat item-backed buyer
46592,8,8,160442,0,2023-10-29,2023-10-29,65.0,Repeat item-backed buyer
18068,7,6,160346,4986,2022-08-08,2022-08-08,512.0,Repeat item-backed buyer
33911,8,5,160336,0,2023-10-23,2022-12-18,380.0,Repeat item-backed buyer
15092,8,8,160318,0,2023-06-07,2023-06-07,209.0,Repeat item-backed buyer
49991,9,9,160302,4482,2023-12-07,2023-12-07,26.0,Repeat item-backed buyer
49970,8,8,160300,0,2023-12-28,2023-12-28,5.0,Repeat item-backed buyer
9398,10,9,160287,1898,2023-05-04,2023-05-04,243.0,Repeat item-backed buyer
11251,9,8,160245,1660,2023-10-03,2023-10-03,91.0,Repeat item-backed buyer
3530,11,11,160236,12546,2023-08-24,2023-08-24,131.0,Repeat item-backed buyer
29775,12,10,160233,2275,2023-12-26,2023-12-26,7.0,Repeat item-backed buyer
9526,9,7,160209,1369,2023-09-26,2023-09-26,98.0,Repeat item-backed buyer
28696,10,9,160206,4132,2023-06-03,2023-06-03,213.0,Repeat item-backed buyer
11514,6,6,160197,0,2023-09-21,2023-09-21,103.0,Repeat item-backed buyer
15875,10,9,160195,5923,2023-10-10,2023-05-18,229.0,Repeat item-backed buyer
15227,9,9,160187,933,2023-12-10,2023-12-10,23.0,Repeat item-backed buyer
46810,9,9,160159,4865,2023-11-10,2023-11-10,53.0,Repeat item-backed buyer
39646,11,11,160150,3519,2023-12-10,2023-12-10,23.0,Repeat item-backed buyer
6580,9,7,160147,568,2023-10-20,2023-10-20,74.0,Repeat item-backed buyer
22048,11,9,160140,0,2023-07-22,2023-07-22,164.0,Repeat item-backed buyer
40006,8,7,160138,3972,2023-07-25,2023-07-25,161.0,Repeat item-backed buyer
15901,9,8,160133,1967,2023-10-03,2023-10-03,91.0,Repeat item-backed buyer
19142,10,7,160132,0,2023-05-16,2023-05-16,231.0,Repeat item-backed buyer
401,8,7,160121,4592,2023-12-10,2023-12-10,23.0,Repeat item-backed buyer
26832,8,8,160115,0,2023-11-19,2023-11-19,44.0,Repeat item-backed buyer
625,8,8,160113,1854,2023-08-21,2023-08-21,134.0,Repeat item-backed buyer
47716,11,10,160076,8958,2023-05-29,2023-05-29,218.0,Repeat item-backed buyer
46764,10,10,160074,1270,2023-12-25,2023-12-25,8.0,Repeat item-backed buyer
40839,10,9,160059,4150,2023-11-07,2023-11-07,56.0,Repeat item-backed buyer
9535,9,8,160054,1720,2023-10-19,2022-12-07,391.0,Repeat item-backed buyer
42905,10,10,160034,0,2023-10-01,2023-10-01,93.0,Repeat item-backed buyer
8380,7,6,160004,61,2023-09-27,2023-09-27,97.0,Repeat item-backed buyer
42535,7,6,160000,0,2023-01-26,2023-01-26,341.0,Repeat item-backed buyer
48294,10,10,159999,9680,2023-12-13,2023-12-13,20.0,Repeat item-backed buyer
33761,14,12,159994,5434,2023-12-06,2023-01-21,346.0,Repeat item-backed buyer
14774,9,9,159975,4515,2022-10-14,2022-10-14,445.0,Repeat item-backed buyer
11788,11,11,159965,4521,2023-02-27,2023-02-27,309.0,Repeat item-backed buyer
22414,8,8,159963,3958,2023-11-27,2023-11-27,36.0,Repeat item-backed buyer
24845,10,9,159955,4817,2023-11-24,2023-11-24,39.0,Repeat item-backed buyer
30840,9,8,159921,1544,2023-06-12,2023-06-12,204.0,Repeat item-backed buyer
43172,9,8,159902,862,2023-10-04,2023-02-27,309.0,Repeat item-backed buyer
36064,8,7,159890,3046,2023-12-04,2023-12-04,29.0,Repeat item-backed buyer
31804,13,10,159883,0,2023-11-12,2023-11-12,51.0,Repeat item-backed buyer
26074,7,7,159829,7163,2023-06-29,2023-06-29,187.0,Repeat item-backed buyer
46398,8,7,159824,3518,2023-11-09,2023-11-09,54.0,Repeat item-backed buyer
14380,6,6,159815,0,2023-08-26,2023-08-26,129.0,Repeat item-backed buyer
3667,12,11,159812,4542,2023-02-09,2023-02-09,327.0,Repeat item-backed buyer
33553,10,10,159804,1703,2023-08-02,2023-08-02,153.0,Repeat item-backed buyer
34413,9,7,159782,0,2023-08-12,2023-08-12,143.0,Repeat item-backed buyer
917,9,8,159771,0,2023-10-31,2023-10-31,63.0,Repeat item-backed buyer
25651,8,8,159764,0,2022-10-10,2022-10-10,449.0,Repeat item-backed buyer
10847,9,8,159760,0,2023-02-02,2023-02-02,334.0,Repeat item-backed buyer
34747,10,10,159752,7633,2023-09-20,2023-09-20,104.0,Repeat item-backed buyer
49399,8,8,159721,2739,2024-01-01,2024-01-01,1.0,Repeat item-backed buyer
16276,10,9,159664,2993,2023-12-19,2023-12-19,14.0,Repeat item-backed buyer
10428,9,9,159647,0,2023-09-27,2023-09-27,97.0,Repeat item-backed buyer
18736,8,7,159630,7242,2023-12-17,2022-12-24,374.0,Repeat item-backed buyer
48343,9,8,159621,0,2023-01-26,2023-01-26,341.0,Repeat item-backed buyer
11155,8,8,159604,0,2023-11-03,2023-11-03,60.0,Repeat item-backed buyer
12265,9,7,159577,0,2022-05-05,2022-05-05,607.0,Repeat item-backed buyer
29401,8,8,159576,0,2023-12-08,2023-12-08,25.0,Repeat item-backed buyer
27288,11,9,159550,1153,2023-01-04,2023-01-04,363.0,Repeat item-backed buyer
48655,12,8,159548,9340,2023-12-01,2023-12-01,32.0,Repeat item-backed buyer
10932,7,7,159545,2847,2023-12-18,2023-12-18,15.0,Repeat item-backed buyer
37762,8,7,159527,1541,2022-11-30,2022-11-30,398.0,Repeat item-backed buyer
250,11,10,159479,1836,2023-11-16,2023-11-16,47.0,Repeat item-backed buyer
2567,9,7,159475,5579,2022-09-19,2022-09-19,470.0,Repeat item-backed buyer
16404,9,8,159451,10597,2023-09-04,2023-09-04,120.0,Repeat item-backed buyer
7951,9,8,159438,0,2023-11-04,2023-11-04,59.0,Repeat item-backed buyer
14175,8,6,159425,0,2023-04-18,2023-04-18,259.0,Repeat item-backed buyer
9598,8,8,159404,8245,2023-11-12,2023-11-12,51.0,Repeat item-backed buyer
23555,7,7,159403,3880,2023-04-08,2023-04-08,269.0,Repeat item-backed buyer
35423,7,7,159384,0,2023-03-31,2023-03-31,277.0,Repeat item-backed buyer
39931,9,9,159380,4564,2023-06-13,2023-06-13,203.0,Repeat item-backed buyer
18288,12,12,159328,0,2023-11-21,2023-11-21,42.0,Repeat item-backed buyer
29383,10,10,159299,0,2023-03-29,2023-03-29,279.0,Repeat item-backed buyer
40274,10,10,159294,5584,2023-05-24,2023-05-24,223.0,Repeat item-backed buyer
30473,12,10,159267,7830,2023-09-13,2023-09-13,111.0,Repeat item-backed buyer
25993,6,6,159251,0,2023-08-31,2023-08-31,124.0,Repeat item-backed buyer
39527,10,8,159242,0,2023-11-20,2023-11-20,43.0,Repeat item-backed buyer
23354,10,8,159236,853,2023-10-10,2023-10-10,84.0,Repeat item-backed buyer
49793,8,8,159219,0,2023-05-06,2023-05-06,241.0,Repeat item-backed buyer
33412,11,11,159212,0,2023-10-12,2023-10-12,82.0,Repeat item-backed buyer
43672,10,8,159193,0,2023-12-11,2023-12-11,22.0,Repeat item-backed buyer
3671,8,7,159169,2242,2023-10-26,2023-10-26,68.0,Repeat item-backed buyer
28005,11,9,159155,5050,2023-12-26,2023-12-26,7.0,Repeat item-backed buyer
12745,9,9,159144,8764,2023-06-09,2023-06-09,207.0,Repeat item-backed buyer
41551,7,7,159141,4252,2023-11-02,2023-11-02,61.0,Repeat item-backed buyer
22151,10,10,159137,745,2023-06-21,2023-06-21,195.0,Repeat item-backed buyer
28995,8,8,159091,7616,2023-11-09,2023-11-09,54.0,Repeat item-backed buyer
42677,6,6,159069,4622,2022-12-10,2022-12-10,388.0,Repeat item-backed buyer
19997,11,10,159065,0,2023-08-04,2023-08-04,151.0,Repeat item-backed buyer
34271,11,9,159052,0,2023-05-28,2023-05-28,219.0,Repeat item-backed buyer
41072,9,9,159016,0,2022-10-07,2022-10-07,452.0,Repeat item-backed buyer
5048,9,8,159009,4459,2023-12-27,2023-12-27,6.0,Repeat item-backed buyer
30958,9,9,158986,8952,2022-10-09,2022-10-09,450.0,Repeat item-backed buyer
43504,9,8,158978,0,2023-09-26,2023-09-26,98.0,Repeat item-backed buyer
28374,7,6,158966,4497,2023-10-28,2023-10-28,66.0,Repeat item-backed buyer
12482,6,6,158958,0,2023-10-18,2023-10-18,76.0,Repeat item-backed buyer
24248,10,9,158950,8381,2023-11-01,2023-11-01,62.0,Repeat item-backed buyer
25219,11,9,158935,0,2023-09-05,2023-09-05,119.0,Repeat item-backed buyer
46141,8,8,158926,6480,2023-11-18,2023-11-18,45.0,Repeat item-backed buyer
7131,9,9,158909,1469,2023-09-17,2023-09-17,107.0,Repeat item-backed buyer
23649,9,8,158907,6460,2023-11-22,2023-11-22,41.0,Repeat item-backed buyer
1627,9,9,158894,3072,2023-12-20,2023-12-20,13.0,Repeat item-backed buyer
33926,7,7,158891,1668,2023-06-14,2023-06-14,202.0,Repeat item-backed buyer
46697,11,10,158889,197,2023-07-15,2023-07-15,171.0,Repeat item-backed buyer
47205,5,5,158889,1269,2021-08-25,2021-08-25,860.0,Repeat item-backed buyer
30291,7,6,158873,8371,2023-06-29,2023-06-29,187.0,Repeat item-backed buyer
6700,8,7,158839,4817,2023-08-30,2023-08-27,128.0,Repeat item-backed buyer
33942,11,10,158786,0,2023-03-20,2023-03-20,288.0,Repeat item-backed buyer
1438,11,10,158784,7394,2024-01-01,2024-01-01,1.0,Repeat item-backed buyer
18746,9,9,158740,1745,2023-10-07,2023-10-07,87.0,Repeat item-backed buyer
30514,7,6,158729,2132,2023-07-19,2023-07-19,167.0,Repeat item-backed buyer
28673,11,10,158699,1286,2023-11-08,2023-11-08,55.0,Repeat item-backed buyer
43622,7,7,158696,0,2023-12-04,2023-12-04,29.0,Repeat item-backed buyer
25141,10,7,158679,1037,2023-07-26,2023-02-18,318.0,Repeat item-backed buyer
109,9,8,158665,2187,2022-07-26,2022-06-09,572.0,Repeat item-backed buyer
10995,10,9,158664,3793,2023-12-19,2023-09-06,118.0,Repeat item-backed buyer
23688,10,10,158662,0,2022-10-10,2022-10-10,449.0,Repeat item-backed buyer
34114,6,6,158626,775,2023-10-12,2023-10-12,82.0,Repeat item-backed buyer
26879,13,13,158616,8870,2023-11-07,2023-11-07,56.0,Repeat item-backed buyer
48363,8,8,158616,4255,2023-02-03,2023-02-03,333.0,Repeat item-backed buyer
18562,8,8,158582,1974,2023-10-27,2023-10-27,67.0,Repeat item-backed buyer
3094,8,8,158581,0,2021-11-29,2021-11-29,764.0,Repeat item-backed buyer
25300,7,6,158569,723,2022-07-28,2022-02-18,683.0,Repeat item-backed buyer
28281,12,10,158561,1365,2023-10-28,2023-10-28,66.0,Repeat item-backed buyer
39115,8,8,158548,3035,2023-07-03,2023-07-03,183.0,Repeat item-backed buyer
43766,12,9,158542,3172,2023-12-05,2023-12-05,28.0,Repeat item-backed buyer
47192,10,10,158538,6358,2023-08-14,2023-08-14,141.0,Repeat item-backed buyer
30038,11,10,158537,8437,2023-12-13,2023-12-13,20.0,Repeat item-backed buyer
37578,7,7,158536,0,2023-08-23,2023-08-23,132.0,Repeat item-backed buyer
6907,13,10,158516,0,2023-11-06,2023-11-06,57.0,Repeat item-backed buyer
29182,6,6,158467,3125,2022-05-08,2022-05-08,604.0,Repeat item-backed buyer
31217,8,7,158460,0,2023-05-31,2023-05-31,216.0,Repeat item-backed buyer
48757,9,9,158455,409,2023-12-26,2023-12-26,7.0,Repeat item-backed buyer
37845,12,12,158405,3724,2023-12-09,2023-12-09,24.0,Repeat item-backed buyer
19971,9,8,158399,9115,2023-11-04,2023-11-04,59.0,Repeat item-backed buyer
8790,6,5,158389,4460,2023-05-03,2023-05-03,244.0,Repeat item-backed buyer
29972,6,6,158389,2534,2023-11-27,2023-11-27,36.0,Repeat item-backed buyer
23429,7,7,158386,2962,2023-07-14,2023-07-14,172.0,Repeat item-backed buyer
39007,11,10,158380,0,2023-09-15,2023-09-15,109.0,Repeat item-backed buyer
25940,10,8,158372,4741,2023-11-14,2022-03-21,652.0,Repeat item-backed buyer
34670,10,9,158352,4636,2023-10-16,2023-10-16,78.0,Repeat item-backed buyer
10813,8,8,158338,1718,2022-06-02,2022-06-02,579.0,Repeat item-backed buyer
32124,8,5,158323,3847,2023-03-02,2022-08-27,493.0,Repeat item-backed buyer
2057,8,7,158314,4611,2023-08-01,2023-08-01,154.0,Repeat item-backed buyer
18156,9,8,158287,0,2022-04-16,2022-04-16,626.0,Repeat item-backed buyer
14666,10,10,158266,0,2023-05-01,2023-05-01,246.0,Repeat item-backed buyer
35525,8,7,158263,0,2023-12-21,2023-12-21,12.0,Repeat item-backed buyer
38399,8,8,158254,6949,2022-12-25,2022-12-25,373.0,Repeat item-backed buyer
7150,10,9,158253,1438,2022-12-22,2022-09-27,462.0,Repeat item-backed buyer
8778,7,7,158232,2295,2021-07-19,2021-07-19,897.0,Repeat item-backed buyer
16108,10,9,158218,5057,2023-09-15,2023-09-15,109.0,Repeat item-backed buyer
30597,11,10,158213,0,2023-03-21,2023-03-21,287.0,Repeat item-backed buyer
10985,10,9,158184,3645,2023-06-21,2023-06-21,195.0,Repeat item-backed buyer
42251,14,12,158165,4003,2023-08-24,2023-08-24,131.0,Repeat item-backed buyer
42413,10,9,158144,10413,2023-12-31,2023-12-31,2.0,Repeat item-backed buyer
49322,9,8,158121,0,2023-04-17,2023-04-17,260.0,Repeat item-backed buyer
41224,9,8,158116,3839,2023-10-10,2023-10-10,84.0,Repeat item-backed buyer
23889,11,11,158107,3461,2023-04-18,2023-04-18,259.0,Repeat item-backed buyer
49464,9,7,158095,8305,2023-11-28,2023-11-28,35.0,Repeat item-backed buyer
12158,9,9,158084,0,2023-12-29,2023-12-29,4.0,Repeat item-backed buyer
30389,10,9,158078,0,2023-10-31,2023-10-31,63.0,Repeat item-backed buyer
45374,10,9,158069,0,2023-02-07,2023-02-07,329.0,Repeat item-backed buyer
47465,12,11,158068,0,2023-06-02,2023-06-02,214.0,Repeat item-backed buyer
31044,10,10,158062,7661,2022-09-29,2022-09-29,460.0,Repeat item-backed buyer
26314,9,9,158041,1999,2022-03-09,2022-03-09,664.0,Repeat item-backed buyer
10242,9,9,158039,6240,2022-10-06,2022-10-06,453.0,Repeat item-backed buyer
25912,10,9,158039,4196,2023-07-21,2023-07-21,165.0,Repeat item-backed buyer
18507,9,8,158033,1777,2023-01-10,2023-01-10,357.0,Repeat item-backed buyer
19371,6,6,157960,0,2022-07-26,2022-07-26,525.0,Repeat item-backed buyer
23147,10,9,157940,6895,2023-05-13,2023-04-16,261.0,Repeat item-backed buyer
22640,8,8,157931,14496,2023-11-21,2023-11-21,42.0,Repeat item-backed buyer
3646,11,9,157930,11450,2023-08-20,2023-05-16,231.0,Repeat item-backed buyer
24774,10,9,157928,0,2023-10-05,2023-10-05,89.0,Repeat item-backed buyer
8466,8,6,157926,6007,2023-05-18,2022-09-07,482.0,Repeat item-backed buyer
28520,11,9,157897,2396,2023-12-29,2023-12-29,4.0,Repeat item-backed buyer
9422,9,7,157880,10367,2023-12-26,2023-12-26,7.0,Repeat item-backed buyer
43487,14,12,157867,1394,2023-06-29,2023-06-10,206.0,Repeat item-backed buyer
413,7,7,157865,0,2023-01-05,2023-01-05,362.0,Repeat item-backed buyer
12791,9,9,157861,0,2021-12-01,2021-12-01,762.0,Repeat item-backed buyer
2936,10,10,157856,13642,2023-10-19,2023-10-19,75.0,Repeat item-backed buyer
16048,9,8,157850,4717,2023-11-14,2023-11-14,49.0,Repeat item-backed buyer
7265,11,10,157841,7391,2023-07-03,2023-07-03,183.0,Repeat item-backed buyer
4883,11,10,157838,9422,2023-05-09,2023-05-09,238.0,Repeat item-backed buyer
4010,8,8,157836,2053,2023-07-04,2023-07-04,182.0,Repeat item-backed buyer
36728,8,7,157836,0,2022-04-23,2022-04-17,625.0,Repeat item-backed buyer
8363,9,8,157834,1469,2023-08-25,2023-08-25,130.0,Repeat item-backed buyer
28751,9,9,157812,6906,2023-10-23,2023-10-23,71.0,Repeat item-backed buyer
5777,8,8,157782,6870,2023-12-09,2023-12-09,24.0,Repeat item-backed buyer
42066,10,8,157766,0,2023-12-27,2023-11-13,50.0,Repeat item-backed buyer
31490,13,11,157736,0,2023-10-04,2023-10-04,90.0,Repeat item-backed buyer
46264,10,9,157718,2982,2023-03-28,2023-03-28,280.0,Repeat item-backed buyer
46127,6,5,157706,0,2023-09-13,2023-09-13,111.0,Repeat item-backed buyer
36614,11,11,157693,257,2023-11-11,2023-11-11,52.0,Repeat item-backed buyer
10525,12,10,157672,282,2023-05-22,2023-05-22,225.0,Repeat item-backed buyer
24067,9,9,157672,6662,2023-06-08,2023-06-08,208.0,Repeat item-backed buyer
45171,11,8,157659,1877,2023-04-23,2023-04-23,254.0,Repeat item-backed buyer
270,7,6,157658,1300,2023-12-01,2023-12-01,32.0,Repeat item-backed buyer
37622,13,13,157655,4858,2023-12-22,2023-12-22,11.0,Repeat item-backed buyer
40173,9,8,157642,4952,2023-08-31,2023-08-31,124.0,Repeat item-backed buyer
3478,10,9,157639,0,2023-11-15,2023-11-15,48.0,Repeat item-backed buyer
42523,11,11,157632,0,2023-12-15,2023-12-15,18.0,Repeat item-backed buyer
44062,7,5,157630,0,2022-08-05,2022-08-05,515.0,Repeat item-backed buyer
48753,9,7,157624,2153,2023-12-15,2023-12-03,30.0,Repeat item-backed buyer
41057,11,11,157623,0,2023-07-28,2023-07-28,158.0,Repeat item-backed buyer
8257,8,7,157618,3885,2023-12-29,2023-12-29,4.0,Repeat item-backed buyer
35687,12,8,157614,0,2023-11-10,2023-11-10,53.0,Repeat item-backed buyer
6606,10,9,157580,4501,2023-12-25,2023-12-25,8.0,Repeat item-backed buyer
49929,9,9,157580,0,2022-11-13,2022-11-13,415.0,Repeat item-backed buyer
41933,8,7,157562,4294,2023-10-17,2023-10-17,77.0,Repeat item-backed buyer
48801,10,8,157514,0,2023-10-03,2023-10-03,91.0,Repeat item-backed buyer
10897,13,10,157485,965,2023-10-25,2023-02-22,314.0,Repeat item-backed buyer
21926,12,9,157483,0,2023-03-28,2023-03-28,280.0,Repeat item-backed buyer
2217,9,9,157466,12038,2023-12-05,2023-12-05,28.0,Repeat item-backed buyer
774,6,6,157457,0,2022-02-06,2022-02-06,695.0,Repeat item-backed buyer
19353,8,8,157456,4512,2023-07-22,2023-07-22,164.0,Repeat item-backed buyer
23283,9,7,157438,0,2023-10-09,2023-10-09,85.0,Repeat item-backed buyer
21830,10,9,157429,1678,2023-10-03,2023-10-03,91.0,Repeat item-backed buyer
23431,6,6,157415,0,2023-11-05,2023-11-05,58.0,Repeat item-backed buyer
4046,10,10,157394,9113,2023-12-27,2023-12-27,6.0,Repeat item-backed buyer
14876,10,9,157386,1225,2023-12-25,2023-12-25,8.0,Repeat item-backed buyer
6098,9,8,157356,0,2023-06-17,2023-06-17,199.0,Repeat item-backed buyer
44002,9,8,157337,220,2023-12-15,2023-12-12,21.0,Repeat item-backed buyer
30152,14,14,157315,4074,2023-11-11,2023-11-11,52.0,Repeat item-backed buyer
48812,11,10,157309,1022,2023-12-31,2023-12-31,2.0,Repeat item-backed buyer
27260,6,6,157288,4705,2023-11-03,2023-11-03,60.0,Repeat item-backed buyer
40256,13,13,157277,5172,2023-11-21,2023-11-21,42.0,Repeat item-backed buyer
11047,11,9,157271,5886,2023-09-16,2023-09-16,108.0,Repeat item-backed buyer
13994,8,8,157261,311,2023-06-02,2023-06-02,214.0,Repeat item-backed buyer
36628,10,10,157234,2272,2023-05-05,2023-05-05,242.0,Repeat item-backed buyer
6225,8,7,157221,0,2023-10-30,2023-10-30,64.0,Repeat item-backed buyer
19900,8,8,157220,3710,2023-09-08,2023-09-08,116.0,Repeat item-backed buyer
842,12,10,157214,4957,2023-04-07,2023-04-07,270.0,Repeat item-backed buyer
46248,9,9,157203,0,2023-07-18,2023-07-18,168.0,Repeat item-backed buyer
27137,8,8,157196,0,2023-10-02,2023-10-02,92.0,Repeat item-backed buyer
28039,13,13,157183,14800,2023-11-04,2023-11-04,59.0,Repeat item-backed buyer
22589,6,5,157156,7565,2023-09-05,2023-09-05,119.0,Repeat item-backed buyer
1767,9,8,157129,0,2023-04-23,2023-04-23,254.0,Repeat item-backed buyer
18248,12,10,157114,7684,2023-05-26,2023-05-26,221.0,Repeat item-backed buyer
35750,10,9,157108,2615,2023-10-30,2023-10-30,64.0,Repeat item-backed buyer
17057,12,9,157096,10085,2023-12-06,2023-12-06,27.0,Repeat item-backed buyer
12855,10,9,157086,2815,2023-10-13,2023-10-13,81.0,Repeat item-backed buyer
45800,8,7,157066,797,2023-12-02,2023-05-21,226.0,Repeat item-backed buyer
4359,11,9,157057,0,2023-03-17,2023-03-17,291.0,Repeat item-backed buyer
2807,9,8,157043,0,2023-06-23,2023-06-23,193.0,Repeat item-backed buyer
7378,11,11,157018,926,2023-11-29,2023-11-29,34.0,Repeat item-backed buyer
19915,9,7,157013,1946,2023-12-03,2023-12-03,30.0,Repeat item-backed buyer
11770,7,5,157002,0,2023-11-21,2023-11-21,42.0,Repeat item-backed buyer
19167,9,7,156990,8979,2023-10-03,2023-09-27,97.0,Repeat item-backed buyer
39999,9,7,156983,0,2023-02-23,2023-02-23,313.0,Repeat item-backed buyer
18486,9,9,156960,0,2023-10-04,2023-10-04,90.0,Repeat item-backed buyer
37363,7,7,156958,0,2023-07-09,2023-07-09,177.0,Repeat item-backed buyer
42776,7,7,156957,14670,2023-11-21,2023-11-21,42.0,Repeat item-backed buyer
5748,10,10,156924,3959,2023-04-03,2023-04-03,274.0,Repeat item-backed buyer
36341,7,7,156920,7726,2023-06-21,2023-06-21,195.0,Repeat item-backed buyer
7707,10,9,156917,0,2023-09-15,2023-09-15,109.0,Repeat item-backed buyer
6658,7,7,156900,0,2022-09-19,2022-09-19,470.0,Repeat item-backed buyer
16213,12,11,156896,1736,2023-09-07,2023-09-07,117.0,Repeat item-backed buyer
38252,7,7,156862,3443,2023-11-20,2023-11-20,43.0,Repeat item-backed buyer
38366,7,7,156861,0,2023-05-16,2023-05-16,231.0,Repeat item-backed buyer
19026,7,7,156858,0,2023-09-04,2023-09-04,120.0,Repeat item-backed buyer
9521,10,9,156838,0,2023-09-25,2023-09-25,99.0,Repeat item-backed buyer
33086,11,9,156832,1840,2023-12-19,2023-12-19,14.0,Repeat item-backed buyer
7832,11,10,156799,5754,2023-03-29,2023-03-29,279.0,Repeat item-backed buyer
4081,12,11,156787,0,2023-04-13,2023-04-13,264.0,Repeat item-backed buyer
29407,11,10,156771,14767,2023-12-30,2023-12-30,3.0,Repeat item-backed buyer
49719,11,10,156726,0,2023-07-20,2023-07-20,166.0,Repeat item-backed buyer
39665,10,10,156724,1923,2023-10-04,2023-10-04,90.0,Repeat item-backed buyer
72,10,9,156714,0,2023-12-15,2023-07-30,156.0,Repeat item-backed buyer
35487,10,9,156696,507,2023-11-26,2023-11-26,37.0,Repeat item-backed buyer
34668,9,9,156694,4356,2022-12-15,2022-12-15,383.0,Repeat item-backed buyer
23158,13,12,156673,1251,2023-11-28,2023-11-28,35.0,Repeat item-backed buyer
23880,5,5,156671,2939,2023-10-28,2023-10-28,66.0,Repeat item-backed buyer
13121,6,6,156665,0,2023-11-24,2023-11-24,39.0,Repeat item-backed buyer
47214,12,10,156662,2600,2023-03-03,2023-03-03,305.0,Repeat item-backed buyer
6127,14,11,156649,5536,2024-01-01,2023-10-21,73.0,Repeat item-backed buyer
11428,9,8,156649,3875,2023-05-05,2023-05-05,242.0,Repeat item-backed buyer
47833,8,8,156648,8431,2023-05-01,2023-05-01,246.0,Repeat item-backed buyer
11746,7,7,156611,2543,2023-10-19,2023-10-19,75.0,Repeat item-backed buyer
32505,6,6,156584,5701,2022-07-08,2022-07-08,543.0,Repeat item-backed buyer
5110,10,9,156575,6744,2023-11-09,2023-11-09,54.0,Repeat item-backed buyer
48037,6,5,156532,1073,2022-01-27,2022-01-27,705.0,Repeat item-backed buyer
41103,9,8,156524,0,2023-10-13,2023-01-05,362.0,Repeat item-backed buyer
25611,10,9,156523,0,2023-08-02,2023-08-02,153.0,Repeat item-backed buyer
9232,11,11,156511,575,2023-11-29,2023-11-29,34.0,Repeat item-backed buyer
930,8,8,156502,6182,2023-08-09,2023-08-09,146.0,Repeat item-backed buyer
27282,14,12,156502,3074,2023-12-26,2023-12-26,7.0,Repeat item-backed buyer
5461,9,8,156495,0,2023-11-16,2023-11-16,47.0,Repeat item-backed buyer
47893,8,8,156443,0,2022-11-06,2022-11-06,422.0,Repeat item-backed buyer
48826,6,5,156421,1304,2023-09-20,2023-09-20,104.0,Repeat item-backed buyer
24898,10,9,156403,0,2023-12-15,2023-12-15,18.0,Repeat item-backed buyer
23292,10,10,156378,3394,2023-12-25,2023-12-25,8.0,Repeat item-backed buyer
14493,10,8,156370,0,2023-05-04,2023-05-04,243.0,Repeat item-backed buyer
33057,12,11,156367,2284,2023-12-29,2023-12-29,4.0,Repeat item-backed buyer
15349,11,10,156362,1251,2023-12-13,2023-12-13,20.0,Repeat item-backed buyer
26562,12,10,156361,0,2023-10-08,2023-10-08,86.0,Repeat item-backed buyer
2609,13,11,156352,5442,2023-11-09,2023-11-09,54.0,Repeat item-backed buyer
39259,11,11,156346,1730,2023-11-01,2023-11-01,62.0,Repeat item-backed buyer
17533,12,12,156320,2264,2023-12-20,2023-12-20,13.0,Repeat item-backed buyer
25469,10,9,156317,0,2023-09-06,2023-09-06,118.0,Repeat item-backed buyer
24637,7,7,156315,0,2023-08-21,2023-08-21,134.0,Repeat item-backed buyer
47445,10,9,156278,0,2023-12-18,2023-12-18,15.0,Repeat item-backed buyer
6564,9,8,156259,5630,2023-06-08,2022-09-27,462.0,Repeat item-backed buyer
11166,6,5,156230,4203,2023-04-21,2023-04-21,256.0,Repeat item-backed buyer
43831,11,11,156226,0,2023-06-25,2023-06-25,191.0,Repeat item-backed buyer
8384,7,7,156222,640,2023-01-09,2023-01-09,358.0,Repeat item-backed buyer
40863,11,11,156222,0,2023-11-20,2023-11-20,43.0,Repeat item-backed buyer
2640,10,9,156193,0,2023-11-27,2023-11-27,36.0,Repeat item-backed buyer
35712,9,7,156179,3661,2023-12-14,2023-09-02,122.0,Repeat item-backed buyer
34631,11,8,156155,0,2023-11-04,2023-11-04,59.0,Repeat item-backed buyer
25562,14,9,156153,0,2023-12-16,2023-12-16,17.0,Repeat item-backed buyer
32811,9,8,156149,0,2023-11-06,2023-07-25,161.0,Repeat item-backed buyer
34962,7,6,156148,4300,2022-12-28,2022-12-28,370.0,Repeat item-backed buyer
7413,9,8,156138,8427,2023-10-24,2023-10-24,70.0,Repeat item-backed buyer
48537,11,11,156115,3935,2023-12-06,2023-12-06,27.0,Repeat item-backed buyer
46899,9,8,156104,0,2023-11-11,2023-11-11,52.0,Repeat item-backed buyer
15915,7,7,156093,999,2023-07-05,2023-07-05,181.0,Repeat item-backed buyer
12815,12,9,156066,9008,2023-11-11,2023-04-08,269.0,Repeat item-backed buyer
21293,8,8,156057,0,2023-06-06,2023-06-06,210.0,Repeat item-backed buyer
11840,10,9,156050,13139,2023-10-31,2023-10-31,63.0,Repeat item-backed buyer
15482,8,7,156034,3342,2023-09-28,2023-09-28,96.0,Repeat item-backed buyer
28752,9,9,156034,4072,2023-08-09,2023-08-09,146.0,Repeat item-backed buyer
48358,10,9,156032,337,2023-12-08,2023-12-08,25.0,Repeat item-backed buyer
37526,12,9,156016,0,2023-12-07,2023-12-07,26.0,Repeat item-backed buyer
3156,9,8,155978,4357,2023-10-17,2023-10-17,77.0,Repeat item-backed buyer
10107,10,10,155956,608,2023-08-07,2023-08-07,148.0,Repeat item-backed buyer
27875,8,8,155932,3673,2023-12-03,2023-12-03,30.0,Repeat item-backed buyer
14974,8,7,155911,0,2023-03-14,2023-03-14,294.0,Repeat item-backed buyer
7187,8,8,155895,4198,2023-02-07,2023-02-07,329.0,Repeat item-backed buyer
32131,7,7,155885,4296,2023-09-05,2023-09-05,119.0,Repeat item-backed buyer
17771,9,9,155861,3175,2023-12-31,2023-12-31,2.0,Repeat item-backed buyer
26555,11,10,155822,0,2023-06-01,2023-06-01,215.0,Repeat item-backed buyer
47348,11,11,155808,4203,2022-09-18,2022-09-18,471.0,Repeat item-backed buyer
3647,8,8,155806,2871,2023-05-28,2023-05-28,219.0,Repeat item-backed buyer
20383,9,8,155791,0,2023-08-24,2023-08-24,131.0,Repeat item-backed buyer
22594,10,9,155787,2182,2023-10-25,2023-10-25,69.0,Repeat item-backed buyer
21738,12,10,155786,8277,2023-09-19,2023-09-19,105.0,Repeat item-backed buyer
15398,9,9,155785,0,2023-12-18,2023-12-18,15.0,Repeat item-backed buyer
34829,11,9,155777,3020,2023-11-06,2023-11-06,57.0,Repeat item-backed buyer
27698,10,9,155770,6967,2023-06-26,2023-06-26,190.0,Repeat item-backed buyer
31935,8,8,155761,2154,2023-09-13,2023-09-13,111.0,Repeat item-backed buyer
30956,9,8,155757,0,2023-03-11,2022-07-25,526.0,Repeat item-backed buyer
45811,9,9,155756,2052,2023-02-28,2023-02-28,308.0,Repeat item-backed buyer
35740,8,8,155741,5992,2022-10-05,2022-10-05,454.0,Repeat item-backed buyer
4716,10,9,155734,3963,2023-10-22,2023-10-22,72.0,Repeat item-backed buyer
30568,14,13,155723,9524,2023-11-09,2023-11-09,54.0,Repeat item-backed buyer
30251,10,9,155722,9270,2023-10-12,2023-10-12,82.0,Repeat item-backed buyer
33995,11,8,155716,7703,2023-11-16,2023-11-16,47.0,Repeat item-backed buyer
36858,11,9,155707,0,2023-12-18,2023-12-18,15.0,Repeat item-backed buyer
21824,9,7,155696,4714,2023-12-18,2023-12-18,15.0,Repeat item-backed buyer
10341,9,8,155682,2061,2023-11-24,2023-11-24,39.0,Repeat item-backed buyer
38888,11,11,155677,0,2023-09-04,2023-09-04,120.0,Repeat item-backed buyer
37998,10,9,155670,0,2023-06-19,2023-06-19,197.0,Repeat item-backed buyer
36871,11,8,155663,0,2023-08-11,2023-08-11,144.0,Repeat item-backed buyer
30482,14,12,155661,0,2023-10-16,2023-10-16,78.0,Repeat item-backed buyer
42720,8,8,155643,6942,2023-07-11,2023-07-11,175.0,Repeat item-backed buyer
29728,7,6,155640,1062,2023-04-11,2023-02-27,309.0,Repeat item-backed buyer
16198,8,6,155637,0,2023-05-04,2023-05-04,243.0,Repeat item-backed buyer
33809,12,11,155628,4818,2023-12-18,2023-12-18,15.0,Repeat item-backed buyer
9909,9,8,155624,1395,2023-05-05,2023-05-05,242.0,Repeat item-backed buyer
24701,9,8,155623,0,2023-05-12,2023-05-12,235.0,Repeat item-backed buyer
45271,9,8,155612,0,2023-03-23,2023-03-23,285.0,Repeat item-backed buyer
29010,10,10,155605,5010,2023-06-28,2023-06-28,188.0,Repeat item-backed buyer
19168,9,9,155597,2703,2023-11-03,2023-11-03,60.0,Repeat item-backed buyer
48528,13,12,155593,5739,2023-08-28,2023-08-28,127.0,Repeat item-backed buyer
14444,9,9,155583,4904,2023-08-02,2023-08-02,153.0,Repeat item-backed buyer
34809,8,7,155578,0,2023-10-28,2023-10-28,66.0,Repeat item-backed buyer
18060,7,7,155565,4528,2023-06-26,2023-06-26,190.0,Repeat item-backed buyer
20678,11,11,155556,3891,2023-09-12,2023-09-12,112.0,Repeat item-backed buyer
45159,9,8,155532,3252,2023-09-06,2023-09-06,118.0,Repeat item-backed buyer
16834,9,9,155531,4527,2023-08-11,2023-08-11,144.0,Repeat item-backed buyer
29202,9,9,155526,0,2023-09-26,2023-09-26,98.0,Repeat item-backed buyer
24416,12,11,155517,3706,2023-11-26,2023-09-23,101.0,Repeat item-backed buyer
29530,10,9,155516,1332,2023-09-15,2023-09-15,109.0,Repeat item-backed buyer
49203,7,7,155511,1422,2023-09-30,2023-09-30,94.0,Repeat item-backed buyer
35077,11,10,155504,0,2023-03-07,2023-03-07,301.0,Repeat item-backed buyer
44067,10,9,155479,3386,2023-12-13,2023-12-13,20.0,Repeat item-backed buyer
13978,9,7,155461,3022,2023-08-24,2023-03-07,301.0,Repeat item-backed buyer
7776,11,10,155456,7745,2023-12-31,2023-12-31,2.0,Repeat item-backed buyer
32668,10,8,155450,3100,2023-02-15,2022-07-04,547.0,Repeat item-backed buyer
9752,12,10,155397,0,2023-10-08,2023-10-08,86.0,Repeat item-backed buyer
32090,10,9,155382,6453,2023-11-20,2023-11-20,43.0,Repeat item-backed buyer
30073,8,8,155377,1759,2021-12-23,2021-12-23,740.0,Repeat item-backed buyer
41099,7,7,155363,1998,2023-07-30,2023-07-30,156.0,Repeat item-backed buyer
3645,6,5,155361,0,2023-09-21,2023-09-21,103.0,Repeat item-backed buyer
4749,9,7,155352,0,2023-12-27,2023-12-27,6.0,Repeat item-backed buyer
13685,10,9,155352,0,2023-12-07,2022-05-02,610.0,Repeat item-backed buyer
25666,10,9,155351,3888,2023-10-17,2023-10-17,77.0,Repeat item-backed buyer
43979,7,7,155327,0,2023-03-31,2023-03-31,277.0,Repeat item-backed buyer
32747,9,9,155319,4585,2023-10-10,2023-10-10,84.0,Repeat item-backed buyer
5845,11,10,155310,0,2022-09-04,2022-09-04,485.0,Repeat item-backed buyer
21883,8,7,155294,2170,2023-11-14,2023-11-14,49.0,Repeat item-backed buyer
35896,8,8,155290,0,2023-09-06,2023-09-06,118.0,Repeat item-backed buyer
34244,8,8,155280,3447,2022-07-13,2022-07-13,538.0,Repeat item-backed buyer
39003,9,8,155275,4056,2023-12-11,2023-12-11,22.0,Repeat item-backed buyer
44805,8,8,155271,4066,2022-06-01,2022-06-01,580.0,Repeat item-backed buyer
26850,10,9,155214,6079,2023-05-01,2023-05-01,246.0,Repeat item-backed buyer
39707,8,7,155199,4566,2023-04-21,2023-04-21,256.0,Repeat item-backed buyer
38791,12,10,155191,0,2023-09-14,2023-09-14,110.0,Repeat item-backed buyer
29417,11,10,155186,2212,2022-10-16,2022-04-20,622.0,Repeat item-backed buyer
958,9,9,155183,7222,2023-10-27,2023-10-27,67.0,Repeat item-backed buyer
43264,8,8,155173,290,2023-08-19,2023-08-19,136.0,Repeat item-backed buyer
31961,10,10,155157,1111,2023-08-09,2023-08-09,146.0,Repeat item-backed buyer
22116,9,7,155148,0,2023-10-28,2023-10-28,66.0,Repeat item-backed buyer
38216,12,10,155128,7622,2023-09-25,2023-09-25,99.0,Repeat item-backed buyer
13001,10,9,155108,4670,2023-11-17,2023-11-17,46.0,Repeat item-backed buyer
18000,10,9,155081,2734,2023-12-22,2023-12-22,11.0,Repeat item-backed buyer
31404,10,10,155057,0,2022-10-05,2022-10-05,454.0,Repeat item-backed buyer
16021,14,13,155050,2582,2023-06-29,2023-06-29,187.0,Repeat item-backed buyer
31232,12,10,155034,4723,2023-09-06,2023-09-06,118.0,Repeat item-backed buyer
17310,8,8,155017,9111,2023-12-24,2023-12-24,9.0,Repeat item-backed buyer
14981,11,10,154979,8752,2023-09-21,2023-09-21,103.0,Repeat item-backed buyer
47574,12,11,154951,3035,2023-10-19,2023-10-19,75.0,Repeat item-backed buyer
31535,10,9,154943,8024,2023-09-02,2023-09-02,122.0,Repeat item-backed buyer
14087,13,11,154917,1886,2023-05-05,2023-05-05,242.0,Repeat item-backed buyer
16256,7,7,154901,7108,2023-11-28,2023-11-28,35.0,Repeat item-backed buyer
34724,10,8,154864,0,2023-11-07,2023-07-27,159.0,Repeat item-backed buyer
45525,11,8,154856,0,2023-10-13,2023-02-06,330.0,Repeat item-backed buyer
28595,7,7,154846,6434,2024-01-01,2024-01-01,1.0,Repeat item-backed buyer
23829,11,10,154839,3705,2023-05-28,2022-09-24,465.0,Repeat item-backed buyer
17520,10,10,154838,0,2023-07-02,2023-07-02,184.0,Repeat item-backed buyer
48623,8,6,154837,0,2023-09-06,2023-09-06,118.0,Repeat item-backed buyer
15967,11,10,154827,0,2023-10-29,2023-10-29,65.0,Repeat item-backed buyer
1525,8,8,154812,3863,2023-12-08,2023-12-08,25.0,Repeat item-backed buyer
22681,10,9,154798,0,2023-12-06,2023-12-06,27.0,Repeat item-backed buyer
20285,10,9,154794,0,2023-06-02,2023-06-02,214.0,Repeat item-backed buyer
5810,8,7,154774,2852,2022-11-21,2022-10-05,454.0,Repeat item-backed buyer
23675,10,8,154754,2100,2023-11-01,2022-07-14,537.0,Repeat item-backed buyer
27409,8,8,154744,7297,2023-11-23,2023-11-23,40.0,Repeat item-backed buyer
31644,7,7,154719,1907,2023-09-24,2023-09-24,100.0,Repeat item-backed buyer
15440,9,6,154714,0,2023-10-25,2023-07-03,183.0,Repeat item-backed buyer
18294,10,9,154713,1518,2023-06-14,2023-02-07,329.0,Repeat item-backed buyer
35187,10,10,154708,2176,2022-04-24,2022-04-24,618.0,Repeat item-backed buyer
40354,8,8,154705,7148,2023-11-13,2023-11-13,50.0,Repeat item-backed buyer
21697,6,6,154687,14732,2021-12-05,2021-12-05,758.0,Repeat item-backed buyer
12592,8,8,154684,0,2023-09-26,2023-09-26,98.0,Repeat item-backed buyer
46565,11,9,154683,4564,2023-10-30,2023-10-30,64.0,Repeat item-backed buyer
20422,12,10,154677,0,2023-06-02,2022-12-11,387.0,Repeat item-backed buyer
39012,8,7,154663,10612,2023-08-25,2023-08-25,130.0,Repeat item-backed buyer
36793,14,9,154640,5541,2023-12-19,2023-12-19,14.0,Repeat item-backed buyer
18846,5,4,154631,0,2023-07-19,2023-07-19,167.0,Repeat item-backed buyer
47529,8,8,154631,4797,2023-12-04,2023-12-04,29.0,Repeat item-backed buyer
41879,7,6,154629,2635,2023-10-11,2023-10-11,83.0,Repeat item-backed buyer
22475,9,8,154610,2828,2023-11-29,2023-11-29,34.0,Repeat item-backed buyer
4522,8,8,154609,12546,2023-10-12,2023-10-12,82.0,Repeat item-backed buyer
10606,8,7,154607,4226,2022-12-09,2022-12-09,389.0,Repeat item-backed buyer
11413,11,9,154602,7593,2023-12-11,2023-12-11,22.0,Repeat item-backed buyer
23436,8,8,154600,6512,2022-07-20,2022-07-20,531.0,Repeat item-backed buyer
47254,7,6,154596,7982,2023-10-05,2023-10-05,89.0,Repeat item-backed buyer
8415,10,8,154587,0,2023-06-26,2023-06-26,190.0,Repeat item-backed buyer
30509,9,9,154571,5639,2023-10-04,2023-10-04,90.0,Repeat item-backed buyer
45817,12,12,154550,0,2023-11-17,2023-11-17,46.0,Repeat item-backed buyer
39556,12,11,154546,2224,2023-09-13,2023-09-13,111.0,Repeat item-backed buyer
41683,11,11,154545,2961,2023-12-20,2023-12-20,13.0,Repeat item-backed buyer
6635,11,11,154530,2182,2023-11-29,2023-11-29,34.0,Repeat item-backed buyer
26641,12,10,154525,9240,2023-12-22,2023-12-22,11.0,Repeat item-backed buyer
36322,8,8,154525,0,2023-12-26,2023-12-26,7.0,Repeat item-backed buyer
2821,7,7,154515,0,2023-04-27,2023-04-27,250.0,Repeat item-backed buyer
45842,10,9,154511,7803,2023-12-20,2023-05-15,232.0,Repeat item-backed buyer
41799,9,8,154492,1445,2023-11-27,2023-11-27,36.0,Repeat item-backed buyer
6546,10,9,154491,2977,2023-11-08,2023-11-08,55.0,Repeat item-backed buyer
3155,9,9,154479,3236,2023-12-13,2023-12-13,20.0,Repeat item-backed buyer
29696,9,8,154479,3832,2023-11-03,2023-11-03,60.0,Repeat item-backed buyer
15735,7,7,154478,986,2023-09-23,2023-09-23,101.0,Repeat item-backed buyer
14039,10,10,154459,3320,2023-10-19,2023-10-19,75.0,Repeat item-backed buyer
10452,11,10,154440,7178,2023-11-29,2023-11-29,34.0,Repeat item-backed buyer
31769,5,5,154434,0,2023-09-11,2023-09-11,113.0,Repeat item-backed buyer
24835,11,8,154432,5666,2023-09-06,2023-09-06,118.0,Repeat item-backed buyer
38033,10,9,154429,0,2023-09-26,2023-09-26,98.0,Repeat item-backed buyer
32840,10,9,154409,3590,2023-10-25,2023-10-25,69.0,Repeat item-backed buyer
17622,8,8,154404,2677,2023-07-16,2023-07-16,170.0,Repeat item-backed buyer
15596,9,9,154383,0,2023-09-23,2023-09-23,101.0,Repeat item-backed buyer
42137,10,8,154373,2622,2023-12-12,2023-12-12,21.0,Repeat item-backed buyer
43971,8,7,154359,0,2023-07-13,2023-07-13,173.0,Repeat item-backed buyer
5076,12,9,154357,0,2023-07-12,2022-12-23,375.0,Repeat item-backed buyer
36464,8,8,154357,0,2023-12-02,2023-12-02,31.0,Repeat item-backed buyer
26039,9,9,154332,0,2023-10-06,2023-10-06,88.0,Repeat item-backed buyer
16638,9,7,154326,4459,2023-11-08,2023-11-08,55.0,Repeat item-backed buyer
16451,7,6,154309,0,2023-07-14,2023-07-14,172.0,Repeat item-backed buyer
4446,9,9,154278,0,2023-08-06,2023-08-06,149.0,Repeat item-backed buyer
745,7,7,154252,0,2023-12-05,2023-12-05,28.0,Repeat item-backed buyer
32780,11,8,154238,3422,2023-12-27,2022-12-24,374.0,Repeat item-backed buyer
7722,9,8,154216,849,2023-10-13,2023-10-13,81.0,Repeat item-backed buyer
17191,10,10,154192,2140,2023-06-15,2023-06-15,201.0,Repeat item-backed buyer
34794,12,9,154192,0,2023-10-16,2023-10-16,78.0,Repeat item-backed buyer
1269,9,8,154189,8165,2023-06-07,2023-06-07,209.0,Repeat item-backed buyer
7189,11,8,154174,0,2023-12-21,2023-12-21,12.0,Repeat item-backed buyer
11706,10,10,154156,243,2023-11-26,2023-11-26,37.0,Repeat item-backed buyer
4704,10,10,154146,857,2023-01-14,2023-01-14,353.0,Repeat item-backed buyer
25760,6,6,154113,0,2023-12-18,2023-12-18,15.0,Repeat item-backed buyer
6206,9,8,154102,1467,2023-10-29,2023-10-29,65.0,Repeat item-backed buyer
24900,11,9,154091,0,2023-10-15,2023-10-15,79.0,Repeat item-backed buyer
48813,6,5,154081,0,2023-11-25,2023-11-25,38.0,Repeat item-backed buyer
30865,10,9,154067,0,2023-05-31,2023-05-05,242.0,Repeat item-backed buyer
47747,9,9,154064,3491,2023-12-26,2023-12-26,7.0,Repeat item-backed buyer
48538,8,7,154059,8174,2023-11-19,2023-11-19,44.0,Repeat item-backed buyer
41667,10,10,154057,1764,2023-12-17,2023-12-17,16.0,Repeat item-backed buyer
10381,7,6,154035,2874,2022-04-03,2022-04-03,639.0,Repeat item-backed buyer
39659,9,8,154014,4524,2023-06-30,2023-06-30,186.0,Repeat item-backed buyer
47669,9,8,154014,1564,2023-12-07,2023-11-23,40.0,Repeat item-backed buyer
13367,10,10,154004,6854,2023-12-29,2023-12-29,4.0,Repeat item-backed buyer
11138,6,6,153990,7119,2024-01-01,2024-01-01,1.0,Repeat item-backed buyer
19060,9,8,153982,3305,2023-08-16,2023-08-16,139.0,Repeat item-backed buyer
29394,7,7,153974,1020,2022-11-08,2022-11-08,420.0,Repeat item-backed buyer
14589,9,8,153973,0,2023-12-12,2023-12-12,21.0,Repeat item-backed buyer
19233,11,10,153952,0,2023-12-17,2023-12-17,16.0,Repeat item-backed buyer
12845,6,6,153934,1236,2023-12-11,2023-12-11,22.0,Repeat item-backed buyer
29146,9,8,153919,0,2022-12-01,2022-12-01,397.0,Repeat item-backed buyer
24053,7,7,153913,4604,2022-10-17,2022-10-17,442.0,Repeat item-backed buyer
7291,8,8,153912,9297,2023-07-05,2023-07-05,181.0,Repeat item-backed buyer
16040,9,8,153897,0,2023-12-22,2023-12-22,11.0,Repeat item-backed buyer
37789,10,10,153888,0,2023-09-10,2023-09-10,114.0,Repeat item-backed buyer
31345,8,6,153863,5784,2023-09-17,2023-05-09,238.0,Repeat item-backed buyer
33422,9,8,153832,6989,2023-11-12,2023-11-12,51.0,Repeat item-backed buyer
45810,4,4,153819,0,2023-07-16,2023-07-16,170.0,Repeat item-backed buyer
15123,9,7,153818,0,2023-12-26,2023-12-26,7.0,Repeat item-backed buyer
26842,9,8,153811,0,2023-12-23,2023-12-23,10.0,Repeat item-backed buyer
47690,10,9,153803,7812,2023-04-02,2023-04-02,275.0,Repeat item-backed buyer
46355,9,8,153790,81,2023-10-02,2023-10-02,92.0,Repeat item-backed buyer
16465,11,10,153783,1861,2023-07-20,2023-07-20,166.0,Repeat item-backed buyer
44304,7,7,153715,3797,2021-06-27,2021-06-27,919.0,Repeat item-backed buyer
33240,9,9,153693,3849,2023-06-25,2023-06-25,191.0,Repeat item-backed buyer
496,7,7,153690,286,2023-06-11,2023-06-11,205.0,Repeat item-backed buyer
46795,12,12,153640,0,2023-12-10,2023-12-10,23.0,Repeat item-backed buyer
41701,9,8,153605,129,2023-09-08,2023-09-08,116.0,Repeat item-backed buyer
8253,10,9,153595,0,2023-12-05,2023-12-05,28.0,Repeat item-backed buyer
34790,10,10,153589,8808,2023-09-01,2023-09-01,123.0,Repeat item-backed buyer
37639,12,9,153586,11190,2023-11-30,2023-11-30,33.0,Repeat item-backed buyer
23106,13,11,153580,0,2023-10-18,2023-10-18,76.0,Repeat item-backed buyer
40095,10,10,153559,0,2023-09-09,2023-09-09,115.0,Repeat item-backed buyer
26474,8,7,153551,994,2022-03-11,2022-03-11,662.0,Repeat item-backed buyer
34613,9,8,153551,0,2023-03-09,2023-03-09,299.0,Repeat item-backed buyer
10559,7,7,153550,4662,2023-10-22,2023-10-22,72.0,Repeat item-backed buyer
16073,12,10,153550,589,2023-10-13,2023-10-13,81.0,Repeat item-backed buyer
17387,9,9,153536,0,2023-05-05,2023-05-05,242.0,Repeat item-backed buyer
34108,9,8,153533,4148,2023-05-18,2023-05-18,229.0,Repeat item-backed buyer
35648,9,7,153520,1223,2023-10-23,2023-06-05,211.0,Repeat item-backed buyer
44962,9,7,153497,0,2023-12-24,2023-12-24,9.0,Repeat item-backed buyer
16966,10,7,153481,144,2023-08-13,2023-07-31,155.0,Repeat item-backed buyer
38321,9,9,153481,918,2023-06-10,2023-06-10,206.0,Repeat item-backed buyer
20484,7,7,153478,3260,2023-11-10,2023-11-10,53.0,Repeat item-backed buyer
9698,8,8,153465,237,2022-09-06,2022-09-06,483.0,Repeat item-backed buyer
19725,11,10,153459,8390,2023-11-11,2023-11-11,52.0,Repeat item-backed buyer
4842,9,9,153451,1155,2023-10-26,2023-10-26,68.0,Repeat item-backed buyer
20745,13,12,153446,4317,2023-09-11,2023-09-11,113.0,Repeat item-backed buyer
458,12,10,153430,0,2023-08-03,2023-08-03,152.0,Repeat item-backed buyer
23075,7,7,153417,0,2023-12-31,2023-12-31,2.0,Repeat item-backed buyer
18930,6,6,153406,0,2023-12-17,2023-12-17,16.0,Repeat item-backed buyer
6648,8,8,153380,0,2023-06-12,2023-06-12,204.0,Repeat item-backed buyer
33479,11,11,153366,0,2023-10-02,2023-10-02,92.0,Repeat item-backed buyer
2381,10,9,153332,0,2023-12-10,2023-12-10,23.0,Repeat item-backed buyer
48628,9,9,153332,0,2023-10-13,2023-10-13,81.0,Repeat item-backed buyer
8549,9,9,153325,5657,2023-09-16,2023-09-16,108.0,Repeat item-backed buyer
39873,8,8,153289,0,2023-09-20,2023-09-20,104.0,Repeat item-backed buyer
36437,9,8,153242,2280,2023-03-25,2023-03-25,283.0,Repeat item-backed buyer
39926,10,10,153233,9343,2023-03-12,2023-03-12,296.0,Repeat item-backed buyer
47700,9,9,153227,0,2023-07-13,2023-07-13,173.0,Repeat item-backed buyer
11608,11,11,153226,9173,2023-10-14,2023-10-14,80.0,Repeat item-backed buyer
41797,9,9,153224,2528,2023-08-19,2023-08-19,136.0,Repeat item-backed buyer
11333,11,10,153217,3379,2023-12-30,2023-12-30,3.0,Repeat item-backed buyer
44490,9,7,153193,717,2023-11-27,2023-11-27,36.0,Repeat item-backed buyer
7746,8,8,153190,6268,2023-12-05,2023-12-05,28.0,Repeat item-backed buyer
32869,9,9,153179,5711,2023-12-10,2023-12-10,23.0,Repeat item-backed buyer
38110,11,9,153178,1793,2023-12-19,2023-12-19,14.0,Repeat item-backed buyer
47244,8,8,153153,0,2022-08-03,2022-08-03,517.0,Repeat item-backed buyer
15449,7,7,153130,5634,2022-05-23,2022-05-23,589.0,Repeat item-backed buyer
7211,8,7,153101,2742,2023-06-28,2023-06-10,206.0,Repeat item-backed buyer
8563,10,10,153100,132,2023-12-17,2023-12-17,16.0,Repeat item-backed buyer
8465,7,6,153089,1322,2023-12-20,2022-10-21,438.0,Repeat item-backed buyer
3539,8,8,153077,2303,2023-08-30,2023-08-30,125.0,Repeat item-backed buyer
41750,8,8,153071,7450,2023-12-03,2023-12-03,30.0,Repeat item-backed buyer
46872,9,8,153071,0,2023-06-29,2022-12-31,367.0,Repeat item-backed buyer
2614,9,9,153069,3353,2023-12-27,2023-12-27,6.0,Repeat item-backed buyer
38737,8,8,153036,4140,2023-03-25,2023-03-25,283.0,Repeat item-backed buyer
29545,5,5,153034,0,2023-09-19,2023-09-19,105.0,Repeat item-backed buyer
41354,11,10,153034,9714,2023-06-09,2023-06-09,207.0,Repeat item-backed buyer
9303,8,8,153026,4500,2023-11-27,2023-11-27,36.0,Repeat item-backed buyer
2312,11,10,153008,8219,2023-12-14,2023-12-14,19.0,Repeat item-backed buyer
18921,8,8,153006,4101,2023-06-27,2023-06-27,189.0,Repeat item-backed buyer
16885,10,8,153001,3739,2023-12-29,2023-12-03,30.0,Repeat item-backed buyer
2236,9,9,152995,0,2023-03-22,2023-03-22,286.0,Repeat item-backed buyer
10204,12,11,152979,4588,2023-11-03,2023-11-03,60.0,Repeat item-backed buyer
10873,13,12,152975,0,2023-11-24,2023-11-24,39.0,Repeat item-backed buyer
1503,11,9,152973,0,2023-12-06,2023-12-06,27.0,Repeat item-backed buyer
7300,9,8,152971,0,2023-04-07,2023-04-07,270.0,Repeat item-backed buyer
41781,9,9,152959,1285,2023-01-06,2023-01-06,361.0,Repeat item-backed buyer
35945,14,12,152952,4817,2024-01-01,2023-10-28,66.0,Repeat item-backed buyer
4724,11,11,152938,278,2023-04-28,2023-04-28,249.0,Repeat item-backed buyer
28422,10,9,152920,0,2022-10-28,2022-10-28,431.0,Repeat item-backed buyer
24568,7,7,152908,7961,2023-02-23,2023-02-23,313.0,Repeat item-backed buyer
10422,8,7,152905,1240,2023-12-12,2023-12-12,21.0,Repeat item-backed buyer
15616,9,9,152899,0,2023-10-09,2023-10-09,85.0,Repeat item-backed buyer
19594,9,9,152886,4926,2023-10-30,2023-10-30,64.0,Repeat item-backed buyer
10456,8,6,152869,3821,2023-04-20,2022-01-24,708.0,Repeat item-backed buyer
8503,8,7,152863,2584,2022-10-14,2022-10-14,445.0,Repeat item-backed buyer
37463,11,10,152839,0,2023-12-04,2023-12-04,29.0,Repeat item-backed buyer
39933,8,8,152827,0,2023-07-20,2023-07-20,166.0,Repeat item-backed buyer
8739,7,6,152820,2673,2023-01-13,2022-04-25,617.0,Repeat item-backed buyer
47229,5,5,152817,2420,2023-09-16,2023-09-16,108.0,Repeat item-backed buyer
29642,12,9,152807,6828,2023-12-13,2023-09-09,115.0,Repeat item-backed buyer
7140,9,8,152780,0,2023-11-12,2023-11-12,51.0,Repeat item-backed buyer
2321,10,10,152755,1009,2023-11-23,2023-11-23,40.0,Repeat item-backed buyer
18570,11,8,152684,1330,2023-12-25,2023-05-31,216.0,Repeat item-backed buyer
20209,7,7,152661,2409,2023-11-25,2023-11-25,38.0,Repeat item-backed buyer
23969,10,10,152639,6825,2023-12-09,2023-12-09,24.0,Repeat item-backed buyer
41285,10,7,152634,0,2022-11-01,2022-11-01,427.0,Repeat item-backed buyer
30082,9,8,152627,3950,2023-11-25,2023-11-25,38.0,Repeat item-backed buyer
47981,5,5,152585,3059,2023-04-25,2023-04-25,252.0,Repeat item-backed buyer
35416,11,11,152571,8377,2023-09-02,2023-09-02,122.0,Repeat item-backed buyer
41707,7,6,152529,10932,2023-06-26,2023-06-26,190.0,Repeat item-backed buyer
5640,6,6,152523,1531,2023-01-23,2023-01-23,344.0,Repeat item-backed buyer
25084,10,9,152504,5986,2023-12-07,2023-12-07,26.0,Repeat item-backed buyer
48406,7,7,152502,0,2023-12-17,2023-12-17,16.0,Repeat item-backed buyer
7307,8,8,152498,0,2023-03-08,2023-03-08,300.0,Repeat item-backed buyer
4353,8,8,152492,6892,2022-09-12,2022-09-12,477.0,Repeat item-backed buyer
22554,10,8,152492,0,2023-11-13,2023-11-13,50.0,Repeat item-backed buyer
96,8,7,152478,4959,2023-05-29,2023-05-29,218.0,Repeat item-backed buyer
10001,9,9,152472,3435,2023-06-30,2023-06-30,186.0,Repeat item-backed buyer
1810,10,10,152467,6392,2023-12-22,2023-12-22,11.0,Repeat item-backed buyer
3800,8,7,152464,0,2023-12-26,2023-12-26,7.0,Repeat item-backed buyer
38300,8,8,152455,0,2023-06-29,2023-06-29,187.0,Repeat item-backed buyer
35284,13,12,152441,2856,2023-12-22,2023-12-22,11.0,Repeat item-backed buyer
20006,9,6,152432,4929,2022-11-14,2022-11-14,414.0,Repeat item-backed buyer
32891,10,10,152422,116,2023-12-28,2023-12-28,5.0,Repeat item-backed buyer
5703,10,9,152421,2458,2023-03-04,2023-03-04,304.0,Repeat item-backed buyer
25733,7,7,152407,0,2023-10-26,2023-10-26,68.0,Repeat item-backed buyer
18987,7,6,152406,1947,2023-09-09,2023-09-09,115.0,Repeat item-backed buyer
43694,11,11,152391,0,2023-07-21,2023-07-21,165.0,Repeat item-backed buyer
31360,8,7,152382,0,2022-07-19,2022-07-19,532.0,Repeat item-backed buyer
44078,10,9,152337,1513,2023-04-04,2023-04-04,273.0,Repeat item-backed buyer
42909,8,7,152293,4258,2023-08-27,2023-08-27,128.0,Repeat item-backed buyer
11867,8,8,152288,2922,2023-11-15,2023-11-15,48.0,Repeat item-backed buyer
23460,12,11,152280,4699,2023-11-14,2023-11-14,49.0,Repeat item-backed buyer
25503,8,8,152275,0,2023-04-03,2023-04-03,274.0,Repeat item-backed buyer
43240,8,7,152259,4492,2023-07-25,2023-06-24,192.0,Repeat item-backed buyer
38189,9,7,152220,0,2023-12-23,2023-09-02,122.0,Repeat item-backed buyer
26906,7,7,152217,4280,2023-12-07,2023-12-07,26.0,Repeat item-backed buyer
38848,8,8,152213,3513,2023-10-24,2023-10-24,70.0,Repeat item-backed buyer
66,12,10,152197,0,2023-06-01,2023-06-01,215.0,Repeat item-backed buyer
37080,9,8,152170,0,2023-08-15,2023-08-15,140.0,Repeat item-backed buyer
38622,7,6,152169,138,2023-07-04,2023-06-25,191.0,Repeat item-backed buyer
23574,7,7,152163,0,2023-09-24,2023-09-24,100.0,Repeat item-backed buyer
18967,9,8,152146,4566,2023-06-25,2023-06-25,191.0,Repeat item-backed buyer
49877,12,10,152142,0,2023-09-26,2023-09-26,98.0,Repeat item-backed buyer
17657,9,7,152141,3183,2023-10-21,2023-10-21,73.0,Repeat item-backed buyer
31436,12,11,152140,7867,2023-08-25,2023-08-25,130.0,Repeat item-backed buyer
16599,11,10,152120,2262,2023-12-14,2023-12-14,19.0,Repeat item-backed buyer
24750,11,10,152117,4806,2023-05-13,2023-05-13,234.0,Repeat item-backed buyer
48956,9,8,152102,0,2023-11-27,2023-07-14,172.0,Repeat item-backed buyer
38281,9,8,152076,5815,2023-12-18,2023-12-18,15.0,Repeat item-backed buyer
49909,8,6,152066,2457,2023-09-09,2023-09-09,115.0,Repeat item-backed buyer
48288,9,8,152057,3828,2022-12-06,2022-06-24,557.0,Repeat item-backed buyer
21709,9,9,152055,0,2023-11-03,2023-11-03,60.0,Repeat item-backed buyer
3500,9,8,152047,0,2023-04-10,2023-04-10,267.0,Repeat item-backed buyer
1399,8,6,152044,0,2023-08-23,2023-08-23,132.0,Repeat item-backed buyer
41022,9,9,152043,0,2023-02-16,2023-02-16,320.0,Repeat item-backed buyer
11104,6,6,152041,7185,2023-08-02,2023-08-02,153.0,Repeat item-backed buyer
27027,7,7,152039,1946,2023-02-19,2023-02-19,317.0,Repeat item-backed buyer
33030,9,7,152038,3491,2023-09-20,2023-09-20,104.0,Repeat item-backed buyer
34253,11,10,152036,3754,2023-08-15,2023-08-15,140.0,Repeat item-backed buyer
13839,15,13,152025,3815,2023-08-17,2023-08-17,138.0,Repeat item-backed buyer
2080,7,6,152013,3680,2023-09-28,2023-09-28,96.0,Repeat item-backed buyer
48290,10,10,152008,3082,2022-09-18,2022-09-18,471.0,Repeat item-backed buyer
5975,11,10,151981,7237,2023-10-18,2023-10-18,76.0,Repeat item-backed buyer
37132,8,7,151951,0,2023-11-07,2023-11-07,56.0,Repeat item-backed buyer
32803,10,9,151928,1997,2023-07-29,2023-07-29,157.0,Repeat item-backed buyer
5309,8,6,151924,0,2023-04-05,2021-11-17,776.0,Repeat item-backed buyer
7962,7,7,151921,0,2023-06-24,2023-06-24,192.0,Repeat item-backed buyer
1893,11,10,151917,1840,2023-03-01,2023-03-01,307.0,Repeat item-backed buyer
26584,10,7,151916,4483,2023-09-18,2023-09-18,106.0,Repeat item-backed buyer
30543,6,6,151913,3433,2023-07-25,2023-07-25,161.0,Repeat item-backed buyer
1183,10,9,151910,7746,2023-05-19,2023-05-19,228.0,Repeat item-backed buyer
22476,6,6,151895,2410,2023-05-05,2023-05-05,242.0,Repeat item-backed buyer
23385,13,10,151881,2147,2023-03-02,2023-03-02,306.0,Repeat item-backed buyer
17979,7,6,151880,2675,2023-04-07,2023-04-07,270.0,Repeat item-backed buyer
47532,11,10,151867,2350,2023-05-02,2023-05-02,245.0,Repeat item-backed buyer
10295,10,9,151859,0,2023-06-08,2023-06-08,208.0,Repeat item-backed buyer
24707,9,7,151858,0,2023-01-25,2022-12-08,390.0,Repeat item-backed buyer
49330,10,9,151850,4105,2023-09-05,2023-09-05,119.0,Repeat item-backed buyer
19565,7,7,151842,4308,2023-10-23,2023-10-23,71.0,Repeat item-backed buyer
3745,6,6,151835,11386,2023-11-20,2023-11-20,43.0,Repeat item-backed buyer
19191,9,8,151821,0,2023-11-29,2023-11-29,34.0,Repeat item-backed buyer
32132,10,10,151794,0,2023-10-13,2023-10-13,81.0,Repeat item-backed buyer
28916,6,6,151791,3943,2022-07-31,2022-07-31,520.0,Repeat item-backed buyer
16466,9,9,151785,3785,2022-12-20,2022-12-20,378.0,Repeat item-backed buyer
42222,12,12,151776,1109,2023-11-24,2023-11-24,39.0,Repeat item-backed buyer
31113,6,6,151753,515,2023-07-08,2023-07-08,178.0,Repeat item-backed buyer
44735,9,8,151753,2395,2023-02-12,2023-02-12,324.0,Repeat item-backed buyer
48972,7,7,151740,2533,2023-06-24,2023-06-24,192.0,Repeat item-backed buyer
48584,16,14,151730,0,2023-09-08,2023-09-08,116.0,Repeat item-backed buyer
24029,11,10,151708,1879,2023-10-09,2023-10-09,85.0,Repeat item-backed buyer
37588,9,9,151683,0,2023-09-21,2023-09-21,103.0,Repeat item-backed buyer
31289,9,7,151670,4481,2023-12-10,2022-11-16,412.0,Repeat item-backed buyer
48720,8,7,151652,0,2022-04-24,2022-04-24,618.0,Repeat item-backed buyer
30377,11,10,151640,0,2023-12-07,2023-12-07,26.0,Repeat item-backed buyer
7725,10,9,151633,0,2023-11-11,2023-11-11,52.0,Repeat item-backed buyer
24588,9,7,151580,2990,2023-07-08,2023-07-08,178.0,Repeat item-backed buyer
21368,9,8,151546,0,2023-12-16,2023-12-16,17.0,Repeat item-backed buyer
1016,10,8,151519,2245,2023-11-18,2023-11-18,45.0,Repeat item-backed buyer
5971,10,10,151517,0,2023-03-02,2023-03-02,306.0,Repeat item-backed buyer
10302,13,12,151486,1877,2023-08-19,2023-08-19,136.0,Repeat item-backed buyer
8915,5,5,151475,0,2023-05-27,2023-05-27,220.0,Repeat item-backed buyer
39910,7,6,151475,2320,2023-09-07,2023-09-07,117.0,Repeat item-backed buyer
22292,10,9,151445,0,2023-04-07,2023-04-07,270.0,Repeat item-backed buyer
20804,8,8,151435,0,2023-08-11,2023-08-11,144.0,Repeat item-backed buyer
44788,8,7,151429,4612,2023-11-23,2023-11-23,40.0,Repeat item-backed buyer
4232,8,8,151427,5170,2023-08-29,2023-08-29,126.0,Repeat item-backed buyer
29535,10,9,151399,0,2023-07-26,2023-02-14,322.0,Repeat item-backed buyer
15100,9,8,151397,3107,2023-12-21,2023-08-24,131.0,Repeat item-backed buyer
45235,8,6,151397,10911,2023-12-20,2023-12-20,13.0,Repeat item-backed buyer
45790,11,9,151396,2376,2023-11-07,2023-09-04,120.0,Repeat item-backed buyer
28692,13,11,151395,4666,2023-09-30,2023-09-30,94.0,Repeat item-backed buyer
36417,11,9,151395,2966,2023-11-16,2023-04-05,272.0,Repeat item-backed buyer
41721,6,6,151381,0,2023-08-05,2023-08-05,150.0,Repeat item-backed buyer
42437,8,8,151362,2101,2023-05-25,2023-05-25,222.0,Repeat item-backed buyer
12790,8,8,151345,537,2023-10-27,2023-10-27,67.0,Repeat item-backed buyer
27710,9,9,151335,1911,2023-08-19,2023-08-19,136.0,Repeat item-backed buyer
33456,7,7,151325,3132,2023-03-23,2023-03-23,285.0,Repeat item-backed buyer
10022,11,9,151324,3489,2023-12-01,2023-12-01,32.0,Repeat item-backed buyer
26356,7,6,151318,5546,2023-11-20,2023-11-20,43.0,Repeat item-backed buyer
661,8,8,151315,3600,2023-10-31,2023-10-31,63.0,Repeat item-backed buyer
9648,6,6,151315,0,2023-02-24,2023-02-24,312.0,Repeat item-backed buyer
38231,9,8,151281,938,2023-09-29,2023-09-29,95.0,Repeat item-backed buyer
17992,8,8,151272,2074,2023-06-09,2023-06-09,207.0,Repeat item-backed buyer
41775,11,9,151270,2721,2023-05-20,2023-05-20,227.0,Repeat item-backed buyer
17211,12,11,151244,0,2023-12-20,2023-12-20,13.0,Repeat item-backed buyer
35091,14,12,151237,2557,2023-10-08,2023-08-10,145.0,Repeat item-backed buyer
5392,9,9,151232,8486,2023-09-08,2023-09-08,116.0,Repeat item-backed buyer
40257,10,8,151219,8818,2023-11-01,2023-11-01,62.0,Repeat item-backed buyer
33033,8,8,151208,3850,2023-11-16,2023-11-16,47.0,Repeat item-backed buyer
23065,9,8,151204,16948,2023-01-17,2023-01-17,350.0,Repeat item-backed buyer
16849,8,8,151198,0,2023-10-06,2023-10-06,88.0,Repeat item-backed buyer
10814,8,8,151197,0,2023-06-11,2023-06-11,205.0,Repeat item-backed buyer
30369,9,8,151186,4852,2023-12-19,2022-11-05,423.0,Repeat item-backed buyer
44371,8,8,151175,0,2022-09-16,2022-09-16,473.0,Repeat item-backed buyer
40959,11,10,151174,3668,2023-07-25,2023-07-25,161.0,Repeat item-backed buyer
9856,9,8,151148,0,2023-06-09,2023-06-09,207.0,Repeat item-backed buyer
24808,9,9,151138,0,2023-05-23,2023-05-23,224.0,Repeat item-backed buyer
31937,8,7,151099,4752,2023-11-23,2023-11-23,40.0,Repeat item-backed buyer
34868,10,9,151078,0,2023-03-27,2023-03-27,281.0,Repeat item-backed buyer
12547,8,8,151064,5814,2023-08-05,2023-08-05,150.0,Repeat item-backed buyer
29973,8,7,151057,12543,2023-11-28,2023-02-09,327.0,Repeat item-backed buyer
48181,9,9,151048,4756,2023-12-31,2023-12-31,2.0,Repeat item-backed buyer
16754,11,10,151035,3532,2023-09-08,2023-09-08,116.0,Repeat item-backed buyer
36502,12,11,151008,10770,2023-02-28,2023-02-28,308.0,Repeat item-backed buyer
42242,8,8,151006,4618,2023-08-18,2023-08-18,137.0,Repeat item-backed buyer
22666,9,9,150992,2080,2023-11-17,2023-11-17,46.0,Repeat item-backed buyer
39607,9,9,150991,3797,2023-10-29,2023-10-29,65.0,Repeat item-backed buyer
36799,9,8,150970,366,2023-04-08,2023-04-08,269.0,Repeat item-backed buyer
47224,9,8,150961,0,2023-07-14,2023-07-14,172.0,Repeat item-backed buyer
10604,9,8,150936,0,2023-11-29,2023-11-29,34.0,Repeat item-backed buyer
36543,7,7,150934,6828,2023-06-11,2023-06-11,205.0,Repeat item-backed buyer
41336,10,8,150915,0,2023-11-04,2023-11-04,59.0,Repeat item-backed buyer
3432,8,7,150895,0,2023-09-04,2023-09-04,120.0,Repeat item-backed buyer
23494,9,9,150889,908,2022-12-04,2022-12-04,394.0,Repeat item-backed buyer
12076,7,5,150872,0,2023-11-27,2023-11-27,36.0,Repeat item-backed buyer
21093,10,8,150869,1855,2023-08-04,2023-05-08,239.0,Repeat item-backed buyer
10817,9,8,150867,4670,2023-08-07,2023-08-07,148.0,Repeat item-backed buyer
16856,6,5,150860,0,2023-10-29,2023-10-29,65.0,Repeat item-backed buyer
48250,8,8,150860,620,2023-03-22,2023-03-22,286.0,Repeat item-backed buyer
34873,10,8,150856,2197,2023-11-01,2023-11-01,62.0,Repeat item-backed buyer
22586,13,11,150821,0,2023-11-06,2023-11-06,57.0,Repeat item-backed buyer
42511,16,16,150818,3503,2023-07-06,2023-07-06,180.0,Repeat item-backed buyer
11847,9,8,150806,0,2023-09-24,2023-09-24,100.0,Repeat item-backed buyer
48999,11,10,150799,4700,2023-07-07,2023-07-07,179.0,Repeat item-backed buyer
17621,6,6,150794,0,2023-04-25,2023-04-25,252.0,Repeat item-backed buyer
15435,8,8,150792,0,2023-12-27,2023-12-27,6.0,Repeat item-backed buyer
38784,8,7,150792,0,2023-04-22,2023-04-22,255.0,Repeat item-backed buyer
13759,8,8,150790,1387,2023-12-19,2023-12-19,14.0,Repeat item-backed buyer
17650,9,8,150781,2602,2023-12-17,2023-12-17,16.0,Repeat item-backed buyer
872,12,11,150758,0,2023-11-15,2023-11-15,48.0,Repeat item-backed buyer
14446,11,10,150748,3665,2023-12-03,2023-12-03,30.0,Repeat item-backed buyer
20851,8,7,150743,7609,2023-12-23,2022-01-21,711.0,Repeat item-backed buyer
8183,7,7,150741,2870,2022-12-30,2022-12-30,368.0,Repeat item-backed buyer
7069,5,5,150726,1555,2023-12-16,2023-12-16,17.0,Repeat item-backed buyer
7081,9,7,150715,6988,2023-08-04,2023-05-02,245.0,Repeat item-backed buyer
13147,11,10,150711,210,2023-10-16,2023-10-16,78.0,Repeat item-backed buyer
1332,9,8,150703,3282,2023-09-08,2023-09-08,116.0,Repeat item-backed buyer
13524,8,8,150690,0,2023-11-07,2023-11-07,56.0,Repeat item-backed buyer
41441,12,10,150684,4927,2023-12-28,2023-12-28,5.0,Repeat item-backed buyer
20112,10,10,150676,418,2023-12-29,2023-12-29,4.0,Repeat item-backed buyer
43491,9,9,150655,0,2023-03-10,2023-03-10,298.0,Repeat item-backed buyer
23908,8,8,150649,2451,2022-12-22,2022-12-22,376.0,Repeat item-backed buyer
42318,10,9,150649,0,2023-05-24,2023-05-24,223.0,Repeat item-backed buyer
1494,9,8,150644,5264,2023-11-26,2023-11-26,37.0,Repeat item-backed buyer
38499,8,8,150642,0,2023-09-03,2023-09-03,121.0,Repeat item-backed buyer
37734,8,7,150640,82,2023-09-16,2023-05-26,221.0,Repeat item-backed buyer
44995,9,9,150610,4166,2023-09-10,2023-09-10,114.0,Repeat item-backed buyer
7761,9,9,150538,8773,2023-08-04,2023-08-04,151.0,Repeat item-backed buyer
13054,10,10,150520,0,2023-07-19,2023-07-19,167.0,Repeat item-backed buyer
9431,7,6,150514,0,2023-03-27,2022-04-16,626.0,Repeat item-backed buyer
6116,15,13,150511,2151,2023-10-15,2023-10-15,79.0,Repeat item-backed buyer
43411,13,12,150483,4786,2023-11-20,2023-11-20,43.0,Repeat item-backed buyer
23488,9,8,150480,0,2023-07-07,2023-07-07,179.0,Repeat item-backed buyer
48887,5,5,150477,0,2022-06-22,2022-06-22,559.0,Repeat item-backed buyer
23750,8,8,150439,5296,2023-12-24,2023-12-24,9.0,Repeat item-backed buyer
48704,11,10,150418,4531,2023-12-14,2023-12-14,19.0,Repeat item-backed buyer
4192,9,9,150414,0,2023-12-29,2023-12-29,4.0,Repeat item-backed buyer
20065,8,7,150400,2001,2022-05-13,2022-05-13,599.0,Repeat item-backed buyer
12830,12,10,150377,1495,2023-09-12,2023-09-12,112.0,Repeat item-backed buyer
29233,8,7,150364,8600,2023-03-12,2023-03-12,296.0,Repeat item-backed buyer
42514,10,10,150345,0,2023-10-02,2023-10-02,92.0,Repeat item-backed buyer
15987,9,9,150343,0,2023-06-06,2023-06-06,210.0,Repeat item-backed buyer
47011,6,6,150342,1580,2023-04-17,2023-04-17,260.0,Repeat item-backed buyer
30708,8,8,150330,1163,2023-11-12,2023-11-12,51.0,Repeat item-backed buyer
10080,8,8,150328,3391,2023-02-08,2023-02-08,328.0,Repeat item-backed buyer
48164,11,10,150323,5371,2023-02-04,2023-02-04,332.0,Repeat item-backed buyer
29470,8,8,150315,0,2023-10-26,2023-10-26,68.0,Repeat item-backed buyer
22114,13,12,150295,3479,2023-10-26,2023-10-26,68.0,Repeat item-backed buyer
29167,9,9,150294,3270,2022-11-13,2022-11-13,415.0,Repeat item-backed buyer
35893,8,7,150292,0,2023-09-10,2023-09-10,114.0,Repeat item-backed buyer
40973,6,6,150283,4747,2023-09-07,2023-09-07,117.0,Repeat item-backed buyer
19113,7,7,150278,411,2023-11-15,2023-11-15,48.0,Repeat item-backed buyer
25757,8,8,150260,13041,2023-09-09,2023-09-09,115.0,Repeat item-backed buyer
43796,10,10,150254,5948,2023-03-05,2023-03-05,303.0,Repeat item-backed buyer
27927,9,8,150243,2222,2022-12-18,2022-12-18,380.0,Repeat item-backed buyer
6612,11,11,150217,4861,2023-08-09,2023-08-09,146.0,Repeat item-backed buyer
8640,11,11,150215,2424,2023-07-11,2023-07-11,175.0,Repeat item-backed buyer
29054,8,7,150204,9081,2023-12-12,2023-12-12,21.0,Repeat item-backed buyer
25143,8,7,150203,875,2023-10-24,2023-10-24,70.0,Repeat item-backed buyer
32801,9,9,150195,274,2023-01-22,2023-01-22,345.0,Repeat item-backed buyer
49199,7,7,150192,2217,2022-11-19,2022-11-19,409.0,Repeat item-backed buyer
14650,7,7,150163,8622,2023-11-24,2023-11-24,39.0,Repeat item-backed buyer
11456,7,7,150160,3249,2023-10-24,2023-10-24,70.0,Repeat item-backed buyer
9642,9,8,150159,0,2023-12-07,2023-12-07,26.0,Repeat item-backed buyer
46474,6,6,150118,1676,2023-12-21,2023-12-21,12.0,Repeat item-backed buyer
46114,10,8,150115,3636,2023-12-25,2023-12-25,8.0,Repeat item-backed buyer
34007,12,12,150112,2942,2023-10-01,2023-10-01,93.0,Repeat item-backed buyer
26933,11,9,150105,1627,2023-10-06,2023-10-06,88.0,Repeat item-backed buyer
31977,9,9,150100,4192,2023-09-19,2023-09-19,105.0,Repeat item-backed buyer
14160,8,7,150068,3690,2023-11-21,2023-11-21,42.0,Repeat item-backed buyer
9224,8,8,150038,3267,2023-12-26,2023-12-26,7.0,Repeat item-backed buyer
24883,11,10,150031,2467,2023-10-01,2023-10-01,93.0,Repeat item-backed buyer
41807,7,7,150023,4217,2023-04-23,2023-04-23,254.0,Repeat item-backed buyer
13015,9,8,150008,0,2023-05-07,2023-05-07,240.0,Repeat item-backed buyer
15776,9,8,149954,0,2023-12-07,2023-12-07,26.0,Repeat item-backed buyer
32559,8,7,149953,73,2023-07-17,2023-07-17,169.0,Repeat item-backed buyer
36386,8,7,149946,0,2023-04-09,2023-04-09,268.0,Repeat item-backed buyer
42232,11,9,149939,7849,2023-12-05,2023-12-05,28.0,Repeat item-backed buyer
19196,8,7,149929,0,2023-11-13,2023-10-19,75.0,Repeat item-backed buyer
34302,11,11,149926,0,2023-11-20,2023-11-20,43.0,Repeat item-backed buyer
43280,8,6,149899,2296,2023-02-14,2023-02-14,322.0,Repeat item-backed buyer
22603,13,13,149851,989,2023-05-30,2023-05-30,217.0,Repeat item-backed buyer
48979,9,8,149835,0,2023-02-23,2023-02-23,313.0,Repeat item-backed buyer
26101,9,8,149771,2935,2023-10-31,2023-10-31,63.0,Repeat item-backed buyer
10903,8,7,149770,4967,2023-11-20,2023-11-20,43.0,Repeat item-backed buyer
6524,9,7,149762,0,2022-10-06,2022-10-06,453.0,Repeat item-backed buyer
6926,11,9,149759,0,2023-12-13,2023-12-13,20.0,Repeat item-backed buyer
7117,10,10,149745,0,2023-12-19,2023-12-19,14.0,Repeat item-backed buyer
19429,6,6,149740,0,2023-06-27,2023-06-27,189.0,Repeat item-backed buyer
47456,9,8,149723,3029,2023-12-31,2023-12-31,2.0,Repeat item-backed buyer
4544,13,9,149672,3868,2023-12-18,2023-12-18,15.0,Repeat item-backed buyer
14541,8,7,149667,0,2023-12-12,2023-12-12,21.0,Repeat item-backed buyer
24311,9,9,149632,2732,2023-02-22,2023-02-22,314.0,Repeat item-backed buyer
28323,9,9,149625,11457,2023-07-18,2023-07-18,168.0,Repeat item-backed buyer
32361,8,8,149621,497,2023-12-31,2023-12-31,2.0,Repeat item-backed buyer
42502,7,6,149621,0,2023-01-28,2023-01-28,339.0,Repeat item-backed buyer
13211,10,8,149608,3343,2023-09-21,2023-09-21,103.0,Repeat item-backed buyer
34625,10,10,149596,7397,2023-09-04,2023-09-04,120.0,Repeat item-backed buyer
4124,9,7,149585,2717,2023-12-15,2023-12-15,18.0,Repeat item-backed buyer
16808,5,5,149562,2247,2023-06-05,2023-06-05,211.0,Repeat item-backed buyer
6810,11,9,149561,476,2023-08-22,2023-08-22,133.0,Repeat item-backed buyer
4312,12,10,149557,3445,2023-12-19,2023-11-21,42.0,Repeat item-backed buyer
42363,7,7,149535,2690,2023-12-15,2023-12-15,18.0,Repeat item-backed buyer
41996,11,10,149531,5438,2023-11-29,2023-11-29,34.0,Repeat item-backed buyer
15014,11,9,149527,5813,2023-07-05,2023-07-05,181.0,Repeat item-backed buyer
864,10,8,149524,0,2023-10-14,2023-06-05,211.0,Repeat item-backed buyer
18420,11,9,149522,4711,2023-10-24,2023-10-24,70.0,Repeat item-backed buyer
17030,12,12,149512,3120,2023-11-27,2023-11-27,36.0,Repeat item-backed buyer
16804,11,11,149505,2614,2023-11-29,2023-11-29,34.0,Repeat item-backed buyer
36982,10,10,149500,1852,2023-05-23,2023-05-23,224.0,Repeat item-backed buyer
6417,9,9,149468,2894,2023-11-09,2023-11-09,54.0,Repeat item-backed buyer
31904,7,7,149468,0,2022-07-12,2022-07-12,539.0,Repeat item-backed buyer
46060,11,11,149467,6736,2023-08-01,2023-08-01,154.0,Repeat item-backed buyer
17135,9,8,149455,0,2022-09-14,2022-09-14,475.0,Repeat item-backed buyer
49964,7,7,149442,0,2023-12-10,2023-12-10,23.0,Repeat item-backed buyer
28319,9,9,149410,0,2023-11-30,2023-11-30,33.0,Repeat item-backed buyer
12338,5,5,149406,2495,2022-01-21,2022-01-21,711.0,Repeat item-backed buyer
17959,11,10,149376,10212,2023-11-22,2023-11-22,41.0,Repeat item-backed buyer
19141,6,5,149375,1640,2022-11-04,2022-11-04,424.0,Repeat item-backed buyer
43863,10,7,149374,2475,2023-09-19,2023-09-19,105.0,Repeat item-backed buyer
17573,6,5,149372,0,2023-11-15,2023-11-15,48.0,Repeat item-backed buyer
7616,11,10,149368,7500,2023-07-01,2023-07-01,185.0,Repeat item-backed buyer
12947,8,7,149365,0,2023-07-29,2023-07-29,157.0,Repeat item-backed buyer
1684,8,8,149349,6248,2023-02-05,2023-02-05,331.0,Repeat item-backed buyer
11418,7,6,149344,10168,2022-11-27,2022-11-27,401.0,Repeat item-backed buyer
9476,10,9,149343,1790,2023-11-30,2023-11-30,33.0,Repeat item-backed buyer
12938,7,5,149341,0,2023-11-09,2023-11-09,54.0,Repeat item-backed buyer
35288,8,7,149341,3705,2023-02-09,2023-02-09,327.0,Repeat item-backed buyer
15923,10,9,149319,0,2023-10-21,2023-05-16,231.0,Repeat item-backed buyer
38416,9,9,149319,4850,2023-06-28,2023-06-28,188.0,Repeat item-backed buyer
34386,9,9,149315,0,2023-07-07,2023-07-07,179.0,Repeat item-backed buyer
48653,10,8,149315,1246,2023-09-04,2023-09-04,120.0,Repeat item-backed buyer
40531,8,8,149313,2209,2022-08-20,2022-08-20,500.0,Repeat item-backed buyer
11918,7,6,149310,0,2023-04-22,2023-04-22,255.0,Repeat item-backed buyer
28411,11,10,149302,0,2023-12-15,2023-08-16,139.0,Repeat item-backed buyer
899,12,12,149301,0,2023-10-14,2023-10-14,80.0,Repeat item-backed buyer
47080,10,8,149260,0,2023-12-23,2023-06-04,212.0,Repeat item-backed buyer
48715,10,9,149257,6907,2023-09-24,2023-09-24,100.0,Repeat item-backed buyer
30325,9,9,149256,4763,2023-03-07,2023-03-07,301.0,Repeat item-backed buyer
38046,8,6,149251,3244,2023-11-18,2023-11-18,45.0,Repeat item-backed buyer
42402,11,10,149239,0,2023-08-25,2023-04-04,273.0,Repeat item-backed buyer
3126,7,7,149238,4859,2023-11-30,2023-11-30,33.0,Repeat item-backed buyer
33608,12,11,149227,2905,2023-12-13,2023-12-13,20.0,Repeat item-backed buyer
19521,10,9,149223,4778,2023-10-05,2023-10-05,89.0,Repeat item-backed buyer
1731,8,8,149177,0,2023-12-11,2023-12-11,22.0,Repeat item-backed buyer
4366,6,6,149161,0,2023-02-08,2023-02-08,328.0,Repeat item-backed buyer
36497,12,10,149158,6590,2023-12-01,2023-12-01,32.0,Repeat item-backed buyer
13848,10,8,149154,2714,2023-10-11,2023-10-11,83.0,Repeat item-backed buyer
36902,10,8,149148,6225,2023-10-02,2023-10-02,92.0,Repeat item-backed buyer
20469,10,9,149136,11439,2023-10-30,2023-10-30,64.0,Repeat item-backed buyer
5126,9,9,149112,4987,2023-12-15,2023-12-15,18.0,Repeat item-backed buyer
16014,8,6,149111,0,2023-05-09,2023-05-09,238.0,Repeat item-backed buyer
389,10,9,149080,3440,2023-10-11,2023-10-11,83.0,Repeat item-backed buyer
47512,10,9,149065,0,2023-12-28,2023-12-28,5.0,Repeat item-backed buyer
39776,6,6,149064,2064,2023-09-24,2023-09-24,100.0,Repeat item-backed buyer
1000,9,9,149056,2742,2023-10-18,2023-10-18,76.0,Repeat item-backed buyer
6088,10,8,149050,1527,2023-02-03,2023-02-03,333.0,Repeat item-backed buyer
40670,10,8,149044,7598,2023-09-07,2023-09-07,117.0,Repeat item-backed buyer
46656,9,8,149024,7121,2023-04-06,2023-04-06,271.0,Repeat item-backed buyer
14074,8,8,149012,1018,2023-08-03,2023-08-03,152.0,Repeat item-backed buyer
33429,10,9,149009,8939,2023-11-08,2023-11-08,55.0,Repeat item-backed buyer
10467,9,9,149008,0,2022-10-28,2022-10-28,431.0,Repeat item-backed buyer
11605,8,8,149000,5460,2023-07-22,2023-07-22,164.0,Repeat item-backed buyer
49792,10,9,148988,7795,2023-11-18,2023-11-18,45.0,Repeat item-backed buyer
6624,13,12,148978,4577,2023-06-21,2023-06-21,195.0,Repeat item-backed buyer
28851,7,7,148950,403,2023-09-01,2023-09-01,123.0,Repeat item-backed buyer
15196,9,8,148949,3906,2023-10-16,2023-10-16,78.0,Repeat item-backed buyer
10844,9,9,148944,15919,2023-12-26,2023-12-26,7.0,Repeat item-backed buyer
34780,10,9,148944,3014,2023-07-20,2023-07-20,166.0,Repeat item-backed buyer
11341,13,11,148940,9604,2023-07-01,2023-07-01,185.0,Repeat item-backed buyer
44270,9,9,148938,4407,2023-07-30,2023-07-30,156.0,Repeat item-backed buyer
34675,7,7,148934,1417,2023-10-31,2023-10-31,63.0,Repeat item-backed buyer
30232,8,8,148926,0,2023-07-27,2023-07-27,159.0,Repeat item-backed buyer
7033,9,9,148923,4961,2023-05-26,2023-05-26,221.0,Repeat item-backed buyer
8185,8,7,148915,5621,2022-07-21,2022-07-21,530.0,Repeat item-backed buyer
37475,5,5,148911,4414,2023-06-24,2023-06-24,192.0,Repeat item-backed buyer
38837,9,9,148906,0,2023-09-26,2023-09-26,98.0,Repeat item-backed buyer
6283,12,10,148895,0,2023-09-16,2023-09-16,108.0,Repeat item-backed buyer
29017,8,7,148875,7545,2023-02-23,2022-10-18,441.0,Repeat item-backed buyer
17293,11,11,148873,0,2023-12-04,2023-12-04,29.0,Repeat item-backed buyer
10768,8,8,148861,3243,2023-12-14,2023-12-14,19.0,Repeat item-backed buyer
31747,6,6,148858,0,2022-08-11,2022-08-11,509.0,Repeat item-backed buyer
21667,10,8,148851,4421,2023-12-29,2023-12-29,4.0,Repeat item-backed buyer
3435,9,9,148840,3921,2023-08-03,2023-08-03,152.0,Repeat item-backed buyer
2762,7,5,148826,0,2023-05-17,2023-05-17,230.0,Repeat item-backed buyer
26852,12,9,148826,1010,2023-11-23,2023-11-23,40.0,Repeat item-backed buyer
9049,5,5,148822,2630,2023-09-23,2023-09-23,101.0,Repeat item-backed buyer
39532,7,6,148821,8851,2023-08-09,2023-08-09,146.0,Repeat item-backed buyer
49760,7,7,148808,4584,2023-09-06,2023-09-06,118.0,Repeat item-backed buyer
9625,8,7,148782,4465,2023-11-21,2023-11-21,42.0,Repeat item-backed buyer
30421,9,9,148778,0,2023-07-05,2023-07-05,181.0,Repeat item-backed buyer
9490,8,8,148771,0,2023-09-10,2023-09-10,114.0,Repeat item-backed buyer
36158,6,6,148740,10481,2023-10-18,2023-10-18,76.0,Repeat item-backed buyer
18740,12,10,148733,7716,2023-12-11,2023-12-11,22.0,Repeat item-backed buyer
32720,8,7,148711,0,2022-07-18,2022-07-18,533.0,Repeat item-backed buyer
42337,8,8,148705,2086,2023-08-19,2023-08-19,136.0,Repeat item-backed buyer
45260,9,8,148692,0,2023-06-25,2023-03-20,288.0,Repeat item-backed buyer
26160,8,7,148688,573,2023-11-03,2023-01-26,341.0,Repeat item-backed buyer
35104,8,7,148655,1794,2023-07-07,2023-06-20,196.0,Repeat item-backed buyer
23709,9,9,148642,6061,2023-09-21,2023-09-21,103.0,Repeat item-backed buyer
19022,7,6,148629,0,2023-09-27,2023-09-27,97.0,Repeat item-backed buyer
16891,10,8,148620,5010,2023-10-17,2023-10-17,77.0,Repeat item-backed buyer
32660,10,10,148606,0,2023-06-17,2023-06-17,199.0,Repeat item-backed buyer
23560,10,10,148596,9156,2023-07-26,2023-07-26,160.0,Repeat item-backed buyer
21110,8,7,148593,0,2023-12-01,2023-12-01,32.0,Repeat item-backed buyer
27284,11,9,148564,0,2023-11-11,2023-11-11,52.0,Repeat item-backed buyer
23066,9,8,148558,0,2023-12-07,2023-12-07,26.0,Repeat item-backed buyer
18019,9,9,148541,8842,2023-08-16,2023-08-16,139.0,Repeat item-backed buyer
39024,9,7,148540,922,2023-11-14,2023-11-14,49.0,Repeat item-backed buyer
31299,6,6,148511,0,2023-11-04,2023-11-04,59.0,Repeat item-backed buyer
48578,12,12,148511,3963,2023-07-03,2023-07-03,183.0,Repeat item-backed buyer
45465,9,8,148509,7387,2023-04-17,2023-04-17,260.0,Repeat item-backed buyer
34656,7,7,148502,0,2023-08-14,2023-08-14,141.0,Repeat item-backed buyer
41035,8,7,148462,0,2023-07-18,2023-07-18,168.0,Repeat item-backed buyer
3874,9,8,148459,0,2023-09-18,2023-09-18,106.0,Repeat item-backed buyer
24726,8,7,148459,0,2023-01-31,2023-01-31,336.0,Repeat item-backed buyer
29549,8,8,148458,1415,2023-06-29,2023-06-29,187.0,Repeat item-backed buyer
29210,8,7,148455,0,2023-11-27,2023-11-27,36.0,Repeat item-backed buyer
2993,8,6,148440,0,2023-05-12,2023-05-12,235.0,Repeat item-backed buyer
8774,11,9,148437,3277,2023-08-01,2023-08-01,154.0,Repeat item-backed buyer
37801,10,9,148437,0,2023-07-04,2023-07-04,182.0,Repeat item-backed buyer
10323,8,8,148360,12525,2023-06-01,2023-06-01,215.0,Repeat item-backed buyer
48108,10,10,148358,4898,2023-06-18,2023-06-18,198.0,Repeat item-backed buyer
49755,9,8,148352,1342,2023-06-24,2023-06-24,192.0,Repeat item-backed buyer
45315,11,10,148347,1219,2023-12-11,2023-12-11,22.0,Repeat item-backed buyer
16365,8,8,148330,0,2023-05-01,2023-05-01,246.0,Repeat item-backed buyer
21645,6,6,148311,2839,2023-09-07,2023-09-07,117.0,Repeat item-backed buyer
14641,6,6,148307,0,2023-11-13,2023-11-13,50.0,Repeat item-backed buyer
13965,11,9,148303,15654,2023-10-26,2023-10-26,68.0,Repeat item-backed buyer
31266,7,7,148289,0,2023-10-31,2023-10-31,63.0,Repeat item-backed buyer
12452,12,10,148285,0,2023-12-04,2023-12-04,29.0,Repeat item-backed buyer
23077,7,7,148273,0,2023-04-29,2023-04-29,248.0,Repeat item-backed buyer
20610,8,8,148270,0,2023-08-06,2023-08-06,149.0,Repeat item-backed buyer
30137,9,8,148262,3231,2022-11-02,2022-11-02,426.0,Repeat item-backed buyer
8446,9,8,148239,0,2023-05-12,2023-05-12,235.0,Repeat item-backed buyer
29561,9,8,148230,5048,2022-07-17,2022-07-17,534.0,Repeat item-backed buyer
39377,8,8,148229,0,2023-03-12,2023-03-12,296.0,Repeat item-backed buyer
13937,10,8,148227,4196,2023-03-31,2023-03-31,277.0,Repeat item-backed buyer
13475,6,6,148221,0,2023-01-24,2023-01-24,343.0,Repeat item-backed buyer
29559,7,7,148221,2621,2023-02-12,2023-02-12,324.0,Repeat item-backed buyer
11176,8,8,148215,5913,2023-11-03,2023-11-03,60.0,Repeat item-backed buyer
45070,8,8,148209,2271,2023-02-24,2023-02-24,312.0,Repeat item-backed buyer
26306,10,10,148204,1073,2023-12-30,2023-12-30,3.0,Repeat item-backed buyer
48496,11,10,148195,1962,2023-10-31,2023-10-31,63.0,Repeat item-backed buyer
32357,10,10,148194,0,2023-09-13,2023-09-13,111.0,Repeat item-backed buyer
33011,8,7,148187,1266,2023-09-06,2023-09-06,118.0,Repeat item-backed buyer
37284,9,9,148180,3415,2023-12-11,2023-12-11,22.0,Repeat item-backed buyer
18504,10,10,148154,0,2023-09-03,2023-09-03,121.0,Repeat item-backed buyer
33950,6,6,148153,0,2023-04-13,2023-04-13,264.0,Repeat item-backed buyer
20163,11,9,148140,2968,2023-11-04,2022-12-25,373.0,Repeat item-backed buyer
11857,9,8,148137,4030,2023-12-29,2023-12-29,4.0,Repeat item-backed buyer
44647,10,7,148123,1618,2023-11-14,2023-09-01,123.0,Repeat item-backed buyer
10207,12,10,148106,2566,2023-11-18,2023-11-18,45.0,Repeat item-backed buyer
13746,10,10,148105,2535,2023-12-06,2023-12-06,27.0,Repeat item-backed buyer
33971,11,8,148091,7440,2023-08-11,2023-07-07,179.0,Repeat item-backed buyer
34215,8,8,148085,0,2023-11-15,2023-11-15,48.0,Repeat item-backed buyer
48700,11,9,148073,0,2023-09-11,2023-05-28,219.0,Repeat item-backed buyer
48679,8,8,148065,4226,2023-08-17,2023-08-17,138.0,Repeat item-backed buyer
25318,10,10,148063,4918,2023-11-18,2023-11-18,45.0,Repeat item-backed buyer
28114,11,11,148060,6763,2023-03-14,2023-03-14,294.0,Repeat item-backed buyer
41624,8,8,148027,2560,2022-12-24,2022-12-24,374.0,Repeat item-backed buyer
49979,6,4,148019,2605,2023-02-08,2023-02-08,328.0,Repeat item-backed buyer
306,11,8,147994,1789,2023-11-14,2023-11-14,49.0,Repeat item-backed buyer
45516,7,7,147994,0,2023-06-14,2023-06-14,202.0,Repeat item-backed buyer
49735,11,9,147989,0,2022-10-15,2022-10-15,444.0,Repeat item-backed buyer
48952,11,9,147976,4482,2023-12-07,2023-12-07,26.0,Repeat item-backed buyer
509,8,8,147973,4090,2023-11-02,2023-11-02,61.0,Repeat item-backed buyer
13567,10,8,147945,867,2023-06-25,2023-06-25,191.0,Repeat item-backed buyer
22043,12,9,147944,4306,2023-10-24,2023-10-24,70.0,Repeat item-backed buyer
15902,8,8,147940,5417,2023-06-09,2023-06-09,207.0,Repeat item-backed buyer
28121,11,10,147924,0,2023-01-06,2023-01-06,361.0,Repeat item-backed buyer
893,8,8,147919,3705,2023-08-31,2023-08-31,124.0,Repeat item-backed buyer
39913,7,6,147896,0,2023-11-13,2023-11-13,50.0,Repeat item-backed buyer
37948,9,8,147890,3357,2023-12-22,2023-12-22,11.0,Repeat item-backed buyer
30339,10,10,147884,1908,2023-07-26,2023-07-26,160.0,Repeat item-backed buyer
21963,10,10,147880,0,2023-06-05,2023-06-05,211.0,Repeat item-backed buyer
4213,10,8,147818,4638,2023-04-09,2023-04-09,268.0,Repeat item-backed buyer
47860,10,10,147791,0,2023-12-22,2023-12-22,11.0,Repeat item-backed buyer
1068,11,10,147789,5782,2023-12-17,2023-12-17,16.0,Repeat item-backed buyer
20685,10,10,147785,6575,2023-08-23,2023-08-23,132.0,Repeat item-backed buyer
38392,9,9,147767,0,2023-12-07,2023-12-07,26.0,Repeat item-backed buyer
33493,10,9,147742,0,2023-11-10,2023-11-10,53.0,Repeat item-backed buyer
31264,12,11,147721,7021,2023-11-25,2023-11-25,38.0,Repeat item-backed buyer
49966,8,7,147705,7003,2023-04-18,2023-04-18,259.0,Repeat item-backed buyer
44779,11,11,147703,6887,2023-09-23,2023-09-23,101.0,Repeat item-backed buyer
3637,10,9,147698,0,2023-02-19,2023-02-19,317.0,Repeat item-backed buyer
21807,10,8,147692,0,2023-06-08,2023-06-08,208.0,Repeat item-backed buyer
5883,9,8,147687,0,2023-02-19,2023-02-19,317.0,Repeat item-backed buyer
7108,14,11,147685,1121,2023-10-14,2023-10-14,80.0,Repeat item-backed buyer
13646,7,6,147683,3946,2023-12-25,2023-12-25,8.0,Repeat item-backed buyer
22851,13,12,147680,0,2023-10-24,2023-10-24,70.0,Repeat item-backed buyer
48433,10,9,147675,2393,2023-05-29,2023-05-29,218.0,Repeat item-backed buyer
45929,10,9,147670,4862,2023-11-29,2023-11-29,34.0,Repeat item-backed buyer
16089,10,10,147632,1587,2023-11-09,2023-11-09,54.0,Repeat item-backed buyer
38230,9,9,147628,199,2024-01-01,2024-01-01,1.0,Repeat item-backed buyer
48828,10,10,147619,124,2023-10-19,2023-10-19,75.0,Repeat item-backed buyer
10076,8,7,147616,7037,2023-09-30,2023-09-30,94.0,Repeat item-backed buyer
22879,10,10,147609,0,2023-04-11,2023-04-11,266.0,Repeat item-backed buyer
21085,10,10,147602,2733,2023-07-16,2023-07-16,170.0,Repeat item-backed buyer
31832,7,7,147568,0,2023-12-02,2023-12-02,31.0,Repeat item-backed buyer
32769,11,10,147567,0,2023-06-12,2023-06-12,204.0,Repeat item-backed buyer
32055,7,6,147549,0,2022-04-12,2022-04-12,630.0,Repeat item-backed buyer
44691,5,5,147549,0,2022-07-24,2022-07-24,527.0,Repeat item-backed buyer
42588,9,8,147530,0,2023-12-22,2023-12-22,11.0,Repeat item-backed buyer
12237,6,6,147527,0,2023-04-08,2023-04-08,269.0,Repeat item-backed buyer
23141,10,10,147523,0,2023-07-27,2023-07-27,159.0,Repeat item-backed buyer
28872,9,9,147512,0,2023-03-24,2023-03-24,284.0,Repeat item-backed buyer
47433,11,10,147512,2674,2023-09-25,2023-09-25,99.0,Repeat item-backed buyer
29511,8,7,147492,6405,2022-08-19,2022-06-01,580.0,Repeat item-backed buyer
10223,10,10,147484,0,2023-10-09,2023-10-09,85.0,Repeat item-backed buyer
35757,8,8,147467,416,2023-08-28,2023-08-28,127.0,Repeat item-backed buyer
25392,13,11,147453,0,2023-09-20,2022-12-31,367.0,Repeat item-backed buyer
48713,9,8,147452,0,2023-12-07,2023-12-07,26.0,Repeat item-backed buyer
11699,8,8,147430,4371,2023-11-13,2023-11-13,50.0,Repeat item-backed buyer
13968,8,7,147426,1472,2023-10-30,2023-10-30,64.0,Repeat item-backed buyer
17431,4,4,147425,4298,2022-10-20,2022-10-20,439.0,Repeat item-backed buyer
29885,6,6,147405,9122,2022-12-28,2022-12-28,370.0,Repeat item-backed buyer
21917,8,7,147404,3206,2023-10-28,2023-10-28,66.0,Repeat item-backed buyer
44692,10,10,147392,3638,2023-06-14,2023-06-14,202.0,Repeat item-backed buyer
32553,15,11,147359,4696,2023-12-25,2023-12-25,8.0,Repeat item-backed buyer
14645,11,8,147352,0,2023-12-02,2023-12-02,31.0,Repeat item-backed buyer
10494,9,9,147349,2252,2023-10-11,2023-10-11,83.0,Repeat item-backed buyer
26967,9,8,147344,3862,2023-11-16,2023-11-16,47.0,Repeat item-backed buyer
37870,9,9,147319,4124,2023-11-19,2023-11-19,44.0,Repeat item-backed buyer
22341,9,9,147307,0,2023-11-24,2023-11-24,39.0,Repeat item-backed buyer
42898,9,9,147293,1991,2023-07-26,2023-07-26,160.0,Repeat item-backed buyer
41585,10,10,147286,4240,2023-12-17,2023-12-17,16.0,Repeat item-backed buyer
5119,7,6,147264,0,2023-09-14,2023-09-14,110.0,Repeat item-backed buyer
18729,9,7,147261,1686,2023-07-24,2023-07-24,162.0,Repeat item-backed buyer
30887,9,8,147260,0,2023-08-19,2023-06-22,194.0,Repeat item-backed buyer
16438,7,7,147249,5650,2023-12-20,2023-12-20,13.0,Repeat item-backed buyer
35497,10,8,147232,0,2023-05-28,2023-05-28,219.0,Repeat item-backed buyer
37735,10,9,147228,4333,2023-08-02,2023-08-02,153.0,Repeat item-backed buyer
49299,8,8,147228,0,2023-07-23,2023-07-23,163.0,Repeat item-backed buyer
1133,6,6,147224,0,2023-12-17,2023-12-17,16.0,Repeat item-backed buyer
35225,10,8,147205,0,2023-10-12,2023-10-12,82.0,Repeat item-backed buyer
48791,9,8,147192,3337,2022-11-19,2022-11-19,409.0,Repeat item-backed buyer
8795,7,6,147186,3058,2023-08-15,2023-08-15,140.0,Repeat item-backed buyer
21075,5,5,147163,7624,2022-07-30,2022-07-30,521.0,Repeat item-backed buyer
12793,10,9,147162,4768,2023-08-28,2023-08-28,127.0,Repeat item-backed buyer
32935,9,8,147162,0,2023-12-26,2023-12-26,7.0,Repeat item-backed buyer
13715,7,6,147155,0,2022-10-31,2022-10-31,428.0,Repeat item-backed buyer
23139,7,7,147154,4638,2023-11-25,2023-11-25,38.0,Repeat item-backed buyer
36302,8,8,147153,2330,2022-10-20,2022-10-20,439.0,Repeat item-backed buyer
33913,9,9,147141,5762,2023-12-27,2023-12-27,6.0,Repeat item-backed buyer
21700,6,6,147120,0,2022-12-06,2022-12-06,392.0,Repeat item-backed buyer
2697,9,9,147118,2907,2023-12-28,2023-12-28,5.0,Repeat item-backed buyer
40376,5,5,147117,0,2023-07-15,2023-07-15,171.0,Repeat item-backed buyer
42243,8,7,147113,9135,2023-04-20,2023-02-17,319.0,Repeat item-backed buyer
36637,8,8,147090,4188,2023-10-25,2023-10-25,69.0,Repeat item-backed buyer
11504,9,9,147087,0,2023-12-05,2023-12-05,28.0,Repeat item-backed buyer
1711,12,8,147076,1704,2022-06-30,2022-06-30,551.0,Repeat item-backed buyer
36983,10,10,147050,5177,2023-10-23,2023-10-23,71.0,Repeat item-backed buyer
23741,9,9,147041,0,2023-10-15,2023-10-15,79.0,Repeat item-backed buyer
43745,7,7,147039,0,2023-10-25,2023-10-25,69.0,Repeat item-backed buyer
12562,12,10,147037,477,2023-04-26,2023-04-26,251.0,Repeat item-backed buyer
31400,12,12,147026,316,2023-12-07,2023-12-07,26.0,Repeat item-backed buyer
42069,10,10,147007,3833,2023-06-27,2023-06-27,189.0,Repeat item-backed buyer
21837,8,7,146994,0,2023-10-21,2023-03-05,303.0,Repeat item-backed buyer
15520,9,8,146981,2579,2023-11-25,2023-11-25,38.0,Repeat item-backed buyer
20921,7,7,146959,0,2023-07-21,2023-07-21,165.0,Repeat item-backed buyer
33391,8,7,146943,0,2023-10-08,2023-10-08,86.0,Repeat item-backed buyer
10045,9,9,146936,3670,2023-09-16,2023-09-16,108.0,Repeat item-backed buyer
4713,9,9,146935,0,2023-09-25,2023-09-25,99.0,Repeat item-backed buyer
15304,10,9,146935,2145,2023-06-02,2023-06-02,214.0,Repeat item-backed buyer
40528,9,9,146933,6034,2023-10-19,2023-10-19,75.0,Repeat item-backed buyer
1306,12,10,146896,0,2023-02-27,2023-02-27,309.0,Repeat item-backed buyer
2506,10,9,146894,6894,2023-09-01,2023-09-01,123.0,Repeat item-backed buyer
33352,9,6,146891,1539,2023-10-06,2022-12-05,393.0,Repeat item-backed buyer
11285,7,7,146878,8326,2023-02-27,2023-02-27,309.0,Repeat item-backed buyer
12081,8,6,146875,0,2022-08-13,2022-08-13,507.0,Repeat item-backed buyer
21250,13,12,146871,0,2023-08-22,2023-08-22,133.0,Repeat item-backed buyer
34260,10,8,146860,3191,2023-05-12,2023-05-12,235.0,Repeat item-backed buyer
13650,6,6,146854,2426,2023-12-26,2023-12-26,7.0,Repeat item-backed buyer
10053,10,8,146852,0,2023-09-14,2023-09-14,110.0,Repeat item-backed buyer
28895,9,8,146852,2180,2023-10-28,2023-10-28,66.0,Repeat item-backed buyer
21155,10,10,146846,6831,2023-12-26,2023-12-26,7.0,Repeat item-backed buyer
24143,9,8,146841,0,2023-05-05,2023-05-05,242.0,Repeat item-backed buyer
33694,6,6,146841,4466,2023-08-26,2023-08-26,129.0,Repeat item-backed buyer
12412,9,9,146828,0,2023-12-15,2023-12-15,18.0,Repeat item-backed buyer
40918,6,6,146826,0,2023-10-24,2023-10-24,70.0,Repeat item-backed buyer
1288,8,8,146809,3738,2023-11-14,2023-11-14,49.0,Repeat item-backed buyer
13936,14,10,146809,3116,2023-12-10,2023-06-19,197.0,Repeat item-backed buyer
38925,7,6,146805,10531,2022-07-15,2022-07-15,536.0,Repeat item-backed buyer
10158,10,10,146804,2948,2023-12-14,2023-12-14,19.0,Repeat item-backed buyer
5733,9,6,146777,0,2023-12-21,2022-03-03,670.0,Repeat item-backed buyer
23563,9,8,146773,3164,2023-04-30,2023-04-30,247.0,Repeat item-backed buyer
10818,8,8,146764,0,2023-11-17,2023-11-17,46.0,Repeat item-backed buyer
821,7,7,146744,5974,2023-11-09,2023-11-09,54.0,Repeat item-backed buyer
39378,8,8,146744,0,2023-05-20,2023-05-20,227.0,Repeat item-backed buyer
7323,7,7,146692,0,2023-02-12,2023-02-12,324.0,Repeat item-backed buyer
37540,9,8,146685,4280,2023-07-10,2023-07-10,176.0,Repeat item-backed buyer
20802,7,7,146678,0,2023-08-30,2023-08-30,125.0,Repeat item-backed buyer
7322,8,8,146659,0,2023-06-21,2023-06-21,195.0,Repeat item-backed buyer
31213,11,11,146644,999,2023-10-13,2023-10-13,81.0,Repeat item-backed buyer
33716,12,10,146643,2824,2023-12-02,2023-12-02,31.0,Repeat item-backed buyer
30784,9,9,146640,433,2023-05-08,2023-05-08,239.0,Repeat item-backed buyer
24510,6,6,146628,6111,2023-12-30,2023-12-30,3.0,Repeat item-backed buyer
6189,12,10,146621,2744,2023-09-01,2023-09-01,123.0,Repeat item-backed buyer
34363,11,8,146602,1689,2023-09-19,2023-08-26,129.0,Repeat item-backed buyer
43569,10,8,146602,0,2023-03-23,2023-03-23,285.0,Repeat item-backed buyer
43082,11,10,146601,3557,2023-07-28,2023-07-28,158.0,Repeat item-backed buyer
24197,9,9,146564,4294,2023-11-07,2023-11-07,56.0,Repeat item-backed buyer
19618,7,5,146561,0,2023-07-04,2023-07-04,182.0,Repeat item-backed buyer
21159,8,7,146550,5723,2023-11-20,2023-11-20,43.0,Repeat item-backed buyer
1636,8,7,146545,3127,2023-04-16,2022-10-18,441.0,Repeat item-backed buyer
7013,10,8,146528,4068,2023-12-18,2023-12-18,15.0,Repeat item-backed buyer
37157,7,7,146524,0,2023-10-20,2023-10-20,74.0,Repeat item-backed buyer
11173,8,8,146521,8413,2023-08-17,2023-08-17,138.0,Repeat item-backed buyer
45807,9,8,146516,2257,2023-02-13,2023-02-13,323.0,Repeat item-backed buyer
12251,12,11,146514,5483,2022-11-13,2022-11-13,415.0,Repeat item-backed buyer
5146,7,7,146511,6301,2023-08-01,2023-08-01,154.0,Repeat item-backed buyer
46333,8,8,146492,0,2023-09-02,2023-09-02,122.0,Repeat item-backed buyer
48249,11,11,146491,0,2023-08-07,2023-08-07,148.0,Repeat item-backed buyer
42758,7,7,146490,8091,2023-12-15,2023-12-15,18.0,Repeat item-backed buyer
28102,10,8,146489,1790,2023-04-04,2023-04-04,273.0,Repeat item-backed buyer
37624,12,10,146484,0,2023-07-31,2023-07-31,155.0,Repeat item-backed buyer
47019,7,6,146476,2213,2023-12-31,2023-05-20,227.0,Repeat item-backed buyer
25938,6,5,146469,0,2022-09-06,2022-09-06,483.0,Repeat item-backed buyer
46468,9,8,146463,2545,2023-10-18,2023-10-18,76.0,Repeat item-backed buyer
2942,8,7,146462,0,2023-09-07,2023-09-02,122.0,Repeat item-backed buyer
21448,8,7,146456,0,2023-12-09,2023-12-09,24.0,Repeat item-backed buyer
1924,9,8,146432,755,2023-09-22,2023-09-22,102.0,Repeat item-backed buyer
34325,10,10,146415,2376,2023-05-21,2023-05-21,226.0,Repeat item-backed buyer
30007,9,8,146411,3713,2023-03-23,2023-03-23,285.0,Repeat item-backed buyer
48816,10,8,146395,3075,2023-12-23,2022-12-22,376.0,Repeat item-backed buyer
33428,11,10,146377,5502,2023-04-23,2023-04-23,254.0,Repeat item-backed buyer
39250,9,9,146373,2036,2023-07-19,2023-07-19,167.0,Repeat item-backed buyer
45226,7,6,146368,1268,2023-09-11,2023-09-11,113.0,Repeat item-backed buyer
41780,6,6,146355,4707,2023-12-06,2023-12-06,27.0,Repeat item-backed buyer
14884,8,8,146351,3364,2023-12-20,2023-12-20,13.0,Repeat item-backed buyer
49560,11,9,146341,0,2023-12-05,2023-12-05,28.0,Repeat item-backed buyer
12403,9,9,146338,0,2023-11-15,2023-11-15,48.0,Repeat item-backed buyer
14662,7,7,146331,0,2023-05-27,2023-05-27,220.0,Repeat item-backed buyer
43515,9,9,146326,3333,2023-06-05,2023-06-05,211.0,Repeat item-backed buyer
1181,10,8,146320,0,2023-07-15,2023-07-15,171.0,Repeat item-backed buyer
7167,10,9,146320,4788,2023-09-24,2023-09-24,100.0,Repeat item-backed buyer
21825,11,11,146315,0,2023-10-10,2023-10-10,84.0,Repeat item-backed buyer
30394,7,5,146312,0,2023-04-26,2023-04-26,251.0,Repeat item-backed buyer
36778,11,9,146307,4235,2023-10-19,2023-10-19,75.0,Repeat item-backed buyer
45778,8,8,146305,0,2022-08-09,2022-08-09,511.0,Repeat item-backed buyer
48654,5,5,146304,0,2023-10-07,2023-10-07,87.0,Repeat item-backed buyer
2356,7,7,146297,1836,2023-08-31,2023-08-31,124.0,Repeat item-backed buyer
18011,9,7,146287,0,2023-11-07,2023-11-07,56.0,Repeat item-backed buyer
14031,9,8,146281,4280,2023-06-16,2023-06-16,200.0,Repeat item-backed buyer
2877,10,8,146276,0,2023-05-27,2023-05-27,220.0,Repeat item-backed buyer
24691,10,7,146272,4195,2023-12-30,2023-12-30,3.0,Repeat item-backed buyer
27368,10,8,146270,0,2023-12-25,2023-12-23,10.0,Repeat item-backed buyer
25783,8,8,146233,0,2023-09-22,2023-09-22,102.0,Repeat item-backed buyer
47324,6,6,146213,0,2023-12-24,2023-12-24,9.0,Repeat item-backed buyer
18312,7,7,146206,0,2023-07-07,2023-07-07,179.0,Repeat item-backed buyer
23100,12,10,146200,3211,2023-12-26,2023-12-26,7.0,Repeat item-backed buyer
46024,8,6,146197,2250,2023-05-31,2023-05-31,216.0,Repeat item-backed buyer
36376,9,9,146196,0,2023-11-23,2023-11-23,40.0,Repeat item-backed buyer
38654,11,10,146186,2035,2023-07-11,2023-07-11,175.0,Repeat item-backed buyer
4538,9,9,146177,0,2023-08-31,2023-08-31,124.0,Repeat item-backed buyer
13441,8,8,146173,2544,2023-06-25,2023-06-25,191.0,Repeat item-backed buyer
14863,9,9,146159,2256,2023-03-22,2023-03-22,286.0,Repeat item-backed buyer
47307,11,10,146159,0,2023-08-25,2023-08-25,130.0,Repeat item-backed buyer
38219,12,12,146142,4431,2023-09-02,2023-09-02,122.0,Repeat item-backed buyer
40486,12,9,146140,0,2023-11-15,2023-11-15,48.0,Repeat item-backed buyer
37242,12,11,146134,0,2023-11-05,2023-11-05,58.0,Repeat item-backed buyer
18247,9,9,146124,3005,2023-08-04,2023-08-04,151.0,Repeat item-backed buyer
37538,8,7,146114,0,2023-05-26,2023-05-26,221.0,Repeat item-backed buyer
14745,11,9,146096,0,2023-09-19,2023-09-19,105.0,Repeat item-backed buyer
32113,8,8,146090,344,2023-12-03,2023-12-03,30.0,Repeat item-backed buyer
26551,12,11,146084,0,2022-11-18,2022-11-18,410.0,Repeat item-backed buyer
16764,8,7,146072,2980,2023-11-05,2023-11-05,58.0,Repeat item-backed buyer
7339,8,8,146069,0,2022-12-08,2022-12-08,390.0,Repeat item-backed buyer
37491,12,10,146064,0,2023-08-14,2023-08-14,141.0,Repeat item-backed buyer
40851,11,10,146058,2099,2023-05-20,2023-05-20,227.0,Repeat item-backed buyer
48619,10,10,146047,1288,2023-02-26,2023-02-26,310.0,Repeat item-backed buyer
25323,10,8,146044,0,2023-06-21,2023-06-21,195.0,Repeat item-backed buyer
24066,6,6,146033,0,2023-09-16,2023-09-16,108.0,Repeat item-backed buyer
42029,7,7,146007,4471,2023-11-10,2023-11-10,53.0,Repeat item-backed buyer
33491,7,7,146006,4085,2023-03-20,2023-03-20,288.0,Repeat item-backed buyer
40498,10,9,146004,2010,2023-06-16,2023-06-16,200.0,Repeat item-backed buyer
39604,9,8,145993,417,2023-01-31,2023-01-31,336.0,Repeat item-backed buyer
48310,10,10,145992,4439,2023-11-08,2023-11-08,55.0,Repeat item-backed buyer
23876,10,8,145983,4310,2023-04-09,2023-02-22,314.0,Repeat item-backed buyer
47100,11,11,145968,0,2023-12-19,2023-12-19,14.0,Repeat item-backed buyer
39210,9,8,145959,3352,2023-12-27,2023-12-27,6.0,Repeat item-backed buyer
36229,6,5,145954,0,2023-06-22,2023-06-22,194.0,Repeat item-backed buyer
18457,12,8,145942,3148,2023-09-26,2023-09-26,98.0,Repeat item-backed buyer
14574,8,8,145940,7680,2023-08-22,2023-08-22,133.0,Repeat item-backed buyer
12317,8,8,145937,3198,2023-09-25,2023-09-25,99.0,Repeat item-backed buyer
33611,10,8,145931,0,2023-12-02,2023-12-02,31.0,Repeat item-backed buyer
11967,8,7,145926,0,2023-01-05,2023-01-05,362.0,Repeat item-backed buyer
25674,9,9,145921,0,2023-07-15,2023-07-15,171.0,Repeat item-backed buyer
42073,9,7,145918,2757,2023-06-29,2023-06-29,187.0,Repeat item-backed buyer
36255,12,11,145912,3619,2023-09-07,2023-09-07,117.0,Repeat item-backed buyer
48668,12,11,145906,7448,2023-09-03,2023-09-03,121.0,Repeat item-backed buyer
10596,9,8,145905,7205,2023-04-01,2023-04-01,276.0,Repeat item-backed buyer
23726,10,10,145904,0,2023-07-13,2023-07-13,173.0,Repeat item-backed buyer
15002,13,12,145901,4192,2023-09-25,2023-09-21,103.0,Repeat item-backed buyer
21254,8,6,145900,9334,2023-06-22,2023-05-21,226.0,Repeat item-backed buyer
4070,8,7,145885,5078,2023-11-30,2023-11-30,33.0,Repeat item-backed buyer
25624,7,7,145878,1869,2023-10-20,2023-10-20,74.0,Repeat item-backed buyer
37783,10,8,145874,16522,2023-11-09,2023-11-09,54.0,Repeat item-backed buyer
10675,8,8,145866,10307,2023-07-28,2023-07-28,158.0,Repeat item-backed buyer
48102,10,8,145855,1578,2023-08-30,2023-08-17,138.0,Repeat item-backed buyer
41603,11,9,145850,0,2023-02-11,2023-02-11,325.0,Repeat item-backed buyer
2759,9,8,145848,11473,2023-12-31,2023-12-31,2.0,Repeat item-backed buyer
41929,11,10,145827,0,2023-12-01,2023-12-01,32.0,Repeat item-backed buyer
33914,8,8,145817,2549,2023-06-09,2023-06-09,207.0,Repeat item-backed buyer
18784,11,9,145793,629,2023-08-27,2023-08-27,128.0,Repeat item-backed buyer
19180,15,10,145781,5598,2023-10-13,2023-10-13,81.0,Repeat item-backed buyer
47345,10,10,145771,1225,2022-12-30,2022-12-30,368.0,Repeat item-backed buyer
34050,11,9,145763,3234,2023-10-19,2023-01-22,345.0,Repeat item-backed buyer
38199,5,5,145747,0,2023-07-07,2023-07-07,179.0,Repeat item-backed buyer
7911,10,9,145733,2147,2023-12-15,2023-04-08,269.0,Repeat item-backed buyer
16993,7,6,145714,0,2023-11-21,2023-11-21,42.0,Repeat item-backed buyer
24079,8,7,145713,194,2023-11-09,2023-11-09,54.0,Repeat item-backed buyer
14594,6,6,145712,3619,2023-11-12,2023-11-12,51.0,Repeat item-backed buyer
12999,5,5,145708,1178,2022-07-13,2022-07-13,538.0,Repeat item-backed buyer
11007,7,7,145704,0,2023-01-04,2023-01-04,363.0,Repeat item-backed buyer
29133,9,9,145703,10915,2023-07-10,2023-07-10,176.0,Repeat item-backed buyer
47351,7,6,145698,0,2023-12-12,2023-12-12,21.0,Repeat item-backed buyer
2177,10,9,145696,6048,2023-10-29,2023-10-29,65.0,Repeat item-backed buyer
47818,10,8,145695,3323,2023-11-04,2023-11-04,59.0,Repeat item-backed buyer
41898,7,6,145694,0,2023-02-28,2023-02-28,308.0,Repeat item-backed buyer
18383,7,7,145675,2801,2023-07-14,2023-07-14,172.0,Repeat item-backed buyer
25014,9,8,145673,5337,2023-12-27,2023-12-27,6.0,Repeat item-backed buyer
21648,11,10,145669,2862,2023-11-02,2023-11-02,61.0,Repeat item-backed buyer
5760,9,8,145666,0,2023-06-26,2023-06-26,190.0,Repeat item-backed buyer
40955,9,8,145661,2838,2023-06-16,2023-06-16,200.0,Repeat item-backed buyer
258,9,8,145654,0,2023-11-10,2023-11-10,53.0,Repeat item-backed buyer
25321,10,10,145654,0,2024-01-01,2024-01-01,1.0,Repeat item-backed buyer
13896,10,8,145653,8793,2023-05-10,2023-03-31,277.0,Repeat item-backed buyer
35512,9,6,145652,0,2023-10-22,2023-03-26,282.0,Repeat item-backed buyer
15928,9,9,145651,3537,2023-12-22,2023-12-22,11.0,Repeat item-backed buyer
36581,12,9,145648,4572,2023-12-03,2023-12-03,30.0,Repeat item-backed buyer
14463,6,6,145646,4001,2022-09-03,2022-09-03,486.0,Repeat item-backed buyer
48259,8,8,145635,4887,2023-01-11,2023-01-11,356.0,Repeat item-backed buyer
237,8,8,145629,277,2023-11-02,2023-11-02,61.0,Repeat item-backed buyer
12548,12,10,145622,4628,2023-04-06,2023-04-06,271.0,Repeat item-backed buyer
3869,11,9,145607,1264,2023-12-26,2023-12-26,7.0,Repeat item-backed buyer
12472,12,11,145583,1709,2023-08-18,2023-08-18,137.0,Repeat item-backed buyer
18612,8,7,145581,8457,2023-07-21,2023-07-21,165.0,Repeat item-backed buyer
3290,7,7,145564,0,2023-07-23,2023-07-23,163.0,Repeat item-backed buyer
30657,9,9,145564,7052,2023-03-26,2023-03-26,282.0,Repeat item-backed buyer
23691,8,7,145556,5734,2023-03-16,2023-03-16,292.0,Repeat item-backed buyer
49532,9,8,145543,4926,2023-04-03,2023-04-03,274.0,Repeat item-backed buyer
24119,7,7,145542,3600,2023-07-20,2023-07-20,166.0,Repeat item-backed buyer
13708,12,10,145539,6498,2023-09-15,2023-09-15,109.0,Repeat item-backed buyer
12257,10,8,145537,0,2023-03-09,2023-03-09,299.0,Repeat item-backed buyer
13238,10,8,145536,320,2023-10-19,2023-10-19,75.0,Repeat item-backed buyer
33778,9,8,145512,0,2023-04-17,2023-04-17,260.0,Repeat item-backed buyer
4510,10,10,145498,0,2023-10-02,2023-10-02,92.0,Repeat item-backed buyer
19613,10,9,145494,1362,2023-10-21,2023-10-21,73.0,Repeat item-backed buyer
34178,9,9,145493,829,2023-12-20,2023-12-20,13.0,Repeat item-backed buyer
37145,11,10,145492,3557,2023-05-28,2023-05-28,219.0,Repeat item-backed buyer
45184,9,9,145492,0,2022-10-01,2022-10-01,458.0,Repeat item-backed buyer
33394,13,10,145449,0,2023-03-10,2023-03-10,298.0,Repeat item-backed buyer
5252,8,7,145441,4374,2022-09-28,2022-09-28,461.0,Repeat item-backed buyer
20962,9,8,145426,5789,2023-07-30,2023-07-30,156.0,Repeat item-backed buyer
41984,8,8,145421,0,2023-07-10,2023-07-10,176.0,Repeat item-backed buyer
43695,8,8,145413,3391,2023-11-19,2023-11-19,44.0,Repeat item-backed buyer
43232,8,7,145398,0,2023-09-22,2023-09-22,102.0,Repeat item-backed buyer
49139,11,10,145375,4278,2023-03-20,2023-03-20,288.0,Repeat item-backed buyer
33369,11,11,145366,2779,2023-07-20,2023-07-20,166.0,Repeat item-backed buyer
45211,9,8,145366,6929,2023-12-18,2023-12-18,15.0,Repeat item-backed buyer
358,11,10,145340,4852,2023-11-15,2023-11-15,48.0,Repeat item-backed buyer
39329,6,6,145338,2328,2023-10-19,2023-10-19,75.0,Repeat item-backed buyer
40548,9,8,145335,484,2023-06-13,2023-06-13,203.0,Repeat item-backed buyer
18909,7,7,145332,7092,2023-10-06,2023-10-06,88.0,Repeat item-backed buyer
26811,8,6,145326,538,2023-11-08,2023-11-08,55.0,Repeat item-backed buyer
33214,7,7,145311,0,2023-09-18,2023-09-18,106.0,Repeat item-backed buyer
7389,7,6,145309,0,2023-04-15,2023-04-15,262.0,Repeat item-backed buyer
16157,8,7,145293,1197,2023-03-20,2023-03-20,288.0,Repeat item-backed buyer
9702,8,8,145290,4575,2022-11-11,2022-11-11,417.0,Repeat item-backed buyer
45188,10,10,145284,0,2023-12-04,2023-12-04,29.0,Repeat item-backed buyer
49076,9,9,145282,5076,2023-12-08,2023-12-08,25.0,Repeat item-backed buyer
43946,8,7,145280,0,2023-07-18,2023-03-19,289.0,Repeat item-backed buyer
14738,7,7,145279,9061,2023-09-30,2023-09-30,94.0,Repeat item-backed buyer
31828,10,9,145258,1539,2023-07-20,2023-07-20,166.0,Repeat item-backed buyer
7135,10,10,145256,0,2023-11-03,2023-11-03,60.0,Repeat item-backed buyer
5999,8,7,145249,0,2022-04-24,2022-04-24,618.0,Repeat item-backed buyer
12085,11,10,145249,0,2023-09-23,2023-09-23,101.0,Repeat item-backed buyer
24273,9,8,145240,7072,2023-12-23,2023-12-05,28.0,Repeat item-backed buyer
11248,11,9,145235,1334,2023-12-22,2023-12-22,11.0,Repeat item-backed buyer
49409,8,8,145224,4957,2023-12-11,2023-12-11,22.0,Repeat item-backed buyer
4119,10,8,145223,6448,2023-11-19,2023-11-19,44.0,Repeat item-backed buyer
42935,8,7,145203,4207,2023-06-01,2023-06-01,215.0,Repeat item-backed buyer
41772,9,6,145193,0,2023-09-01,2023-02-13,323.0,Repeat item-backed buyer
34881,8,7,145191,0,2023-06-05,2023-05-29,218.0,Repeat item-backed buyer
19643,11,9,145185,9905,2023-07-12,2023-07-12,174.0,Repeat item-backed buyer
23186,7,6,145182,0,2023-06-14,2023-06-14,202.0,Repeat item-backed buyer
38942,10,8,145175,0,2023-11-20,2023-11-20,43.0,Repeat item-backed buyer
15598,8,8,145168,3756,2022-09-16,2022-09-16,473.0,Repeat item-backed buyer
44298,10,10,145151,0,2023-01-30,2023-01-30,337.0,Repeat item-backed buyer
26800,8,8,145118,3458,2023-11-08,2023-11-08,55.0,Repeat item-backed buyer
28209,9,9,145114,1104,2023-12-21,2023-12-21,12.0,Repeat item-backed buyer
443,9,9,145109,2176,2023-10-17,2023-10-17,77.0,Repeat item-backed buyer
26997,9,9,145089,4546,2023-03-28,2023-03-28,280.0,Repeat item-backed buyer
14523,11,9,145087,3197,2023-10-09,2023-10-09,85.0,Repeat item-backed buyer
26132,10,9,145063,6087,2023-11-28,2023-11-28,35.0,Repeat item-backed buyer
38800,9,8,145051,7216,2023-12-31,2023-11-14,49.0,Repeat item-backed buyer
25304,12,11,145049,3608,2023-12-30,2023-12-30,3.0,Repeat item-backed buyer
18043,7,7,145040,3382,2023-06-09,2023-06-09,207.0,Repeat item-backed buyer
811,8,7,145017,0,2022-10-14,2022-10-14,445.0,Repeat item-backed buyer
11900,8,7,144996,0,2023-08-22,2023-04-11,266.0,Repeat item-backed buyer
26634,6,6,144994,0,2022-08-16,2022-08-16,504.0,Repeat item-backed buyer
2862,7,7,144984,2859,2022-11-18,2022-11-18,410.0,Repeat item-backed buyer
41094,6,6,144978,4319,2023-02-11,2023-02-11,325.0,Repeat item-backed buyer
25699,8,7,144975,2169,2023-12-20,2023-10-29,65.0,Repeat item-backed buyer
27181,12,9,144967,6331,2023-04-21,2023-02-20,316.0,Repeat item-backed buyer
1847,10,9,144965,0,2023-10-09,2023-10-09,85.0,Repeat item-backed buyer
11194,8,8,144964,6389,2023-11-21,2023-11-21,42.0,Repeat item-backed buyer
37396,6,6,144964,0,2022-09-03,2022-09-03,486.0,Repeat item-backed buyer
34425,9,8,144952,5775,2023-03-30,2023-03-30,278.0,Repeat item-backed buyer
9869,9,8,144951,2512,2023-11-22,2023-11-22,41.0,Repeat item-backed buyer
26073,11,11,144941,0,2023-06-05,2023-06-05,211.0,Repeat item-backed buyer
5449,12,12,144938,127,2023-06-24,2023-06-24,192.0,Repeat item-backed buyer
31611,11,10,144920,17668,2023-11-15,2023-11-15,48.0,Repeat item-backed buyer
11163,12,11,144908,4158,2023-07-01,2023-01-02,365.0,Repeat item-backed buyer
24139,11,10,144907,3631,2023-08-23,2023-08-23,132.0,Repeat item-backed buyer
42978,11,9,144892,0,2023-09-28,2022-11-02,426.0,Repeat item-backed buyer
19858,7,6,144885,2866,2023-10-02,2023-10-02,92.0,Repeat item-backed buyer
34979,9,9,144880,0,2023-11-23,2023-11-23,40.0,Repeat item-backed buyer
18567,10,8,144866,0,2023-07-20,2023-02-25,311.0,Repeat item-backed buyer
20990,10,9,144835,1070,2023-11-01,2023-11-01,62.0,Repeat item-backed buyer
14850,11,9,144809,771,2023-07-23,2023-07-23,163.0,Repeat item-backed buyer
31095,7,7,144791,0,2023-01-05,2023-01-05,362.0,Repeat item-backed buyer
28426,12,10,144759,0,2023-11-21,2023-11-21,42.0,Repeat item-backed buyer
11326,13,11,144758,4322,2023-11-18,2023-11-18,45.0,Repeat item-backed buyer
23236,9,8,144726,170,2022-07-03,2022-07-03,548.0,Repeat item-backed buyer
15930,8,8,144725,8496,2023-11-22,2023-11-22,41.0,Repeat item-backed buyer
31012,10,9,144718,0,2023-01-14,2023-01-14,353.0,Repeat item-backed buyer
13241,10,9,144717,6429,2023-09-03,2023-09-03,121.0,Repeat item-backed buyer
16412,9,9,144713,7637,2023-08-12,2023-08-12,143.0,Repeat item-backed buyer
24231,9,7,144705,0,2023-06-28,2023-06-28,188.0,Repeat item-backed buyer
40473,8,8,144703,111,2023-11-30,2023-11-30,33.0,Repeat item-backed buyer
36353,10,9,144700,3439,2023-12-31,2023-12-31,2.0,Repeat item-backed buyer
37244,7,7,144698,8157,2023-09-25,2023-09-25,99.0,Repeat item-backed buyer
10667,7,7,144690,7243,2023-07-21,2023-07-21,165.0,Repeat item-backed buyer
41011,8,8,144689,4764,2023-07-30,2023-07-30,156.0,Repeat item-backed buyer
1321,12,10,144674,1179,2023-12-09,2023-12-09,24.0,Repeat item-backed buyer
6494,9,9,144664,0,2023-05-28,2023-05-28,219.0,Repeat item-backed buyer
46629,11,8,144652,0,2023-08-05,2023-08-05,150.0,Repeat item-backed buyer
49595,8,8,144651,7250,2023-11-21,2023-11-21,42.0,Repeat item-backed buyer
12196,5,5,144638,0,2022-09-29,2022-09-29,460.0,Repeat item-backed buyer
28635,6,5,144632,5332,2023-10-15,2023-10-15,79.0,Repeat item-backed buyer
15337,7,6,144631,0,2023-12-03,2023-12-03,30.0,Repeat item-backed buyer
30028,9,9,144606,0,2023-01-10,2023-01-10,357.0,Repeat item-backed buyer
35114,11,10,144593,1400,2023-05-05,2023-05-05,242.0,Repeat item-backed buyer
5095,7,6,144592,3903,2023-07-03,2023-07-03,183.0,Repeat item-backed buyer
33396,9,7,144583,1457,2023-08-30,2023-04-27,250.0,Repeat item-backed buyer
5136,11,11,144582,0,2023-10-08,2023-10-08,86.0,Repeat item-backed buyer
8881,9,8,144580,2767,2023-12-23,2023-08-17,138.0,Repeat item-backed buyer
35203,8,8,144568,0,2023-03-29,2023-03-29,279.0,Repeat item-backed buyer
10974,10,10,144565,1836,2023-12-25,2023-12-25,8.0,Repeat item-backed buyer
15185,7,7,144565,1848,2023-12-20,2023-12-20,13.0,Repeat item-backed buyer
2371,6,6,144564,1929,2023-12-06,2023-12-06,27.0,Repeat item-backed buyer
25626,10,10,144530,2197,2023-10-18,2023-10-18,76.0,Repeat item-backed buyer
39153,9,7,144528,0,2023-12-08,2023-12-08,25.0,Repeat item-backed buyer
28247,6,6,144518,0,2023-12-03,2023-12-03,30.0,Repeat item-backed buyer
45847,9,9,144514,530,2023-05-03,2023-05-03,244.0,Repeat item-backed buyer
32635,9,9,144502,4557,2023-09-05,2023-09-05,119.0,Repeat item-backed buyer
24876,6,6,144469,3944,2023-11-29,2023-11-29,34.0,Repeat item-backed buyer
19064,8,8,144459,0,2023-09-25,2023-09-25,99.0,Repeat item-backed buyer
7371,7,7,144451,4157,2023-09-19,2023-09-19,105.0,Repeat item-backed buyer
33144,8,7,144450,4975,2023-12-18,2023-12-18,15.0,Repeat item-backed buyer
46078,8,7,144433,0,2023-12-14,2023-12-14,19.0,Repeat item-backed buyer
29762,8,8,144431,0,2023-08-26,2023-08-26,129.0,Repeat item-backed buyer
914,9,8,144417,1918,2023-09-05,2022-07-25,526.0,Repeat item-backed buyer
35557,6,6,144406,0,2022-04-14,2022-04-14,628.0,Repeat item-backed buyer
23164,8,7,144394,1969,2023-09-05,2023-09-05,119.0,Repeat item-backed buyer
1820,11,10,144389,14432,2023-11-19,2023-06-25,191.0,Repeat item-backed buyer
18299,8,7,144389,2987,2023-12-26,2023-12-26,7.0,Repeat item-backed buyer
24839,8,8,144384,8440,2023-07-25,2023-07-25,161.0,Repeat item-backed buyer
24338,9,9,144382,5694,2023-07-23,2023-07-23,163.0,Repeat item-backed buyer
21749,8,8,144376,0,2023-06-07,2023-06-07,209.0,Repeat item-backed buyer
41352,8,6,144368,13585,2022-08-12,2022-08-12,508.0,Repeat item-backed buyer
43724,8,8,144362,356,2023-11-15,2023-11-15,48.0,Repeat item-backed buyer
2985,6,5,144348,0,2023-10-12,2023-08-25,130.0,Repeat item-backed buyer
16437,6,5,144348,0,2023-04-26,2023-04-26,251.0,Repeat item-backed buyer
490,9,8,144343,716,2022-10-26,2022-06-24,557.0,Repeat item-backed buyer
29735,9,9,144320,932,2023-06-05,2023-06-05,211.0,Repeat item-backed buyer
28730,9,9,144316,1641,2023-06-30,2023-06-30,186.0,Repeat item-backed buyer
22865,12,10,144303,4749,2023-03-25,2023-03-25,283.0,Repeat item-backed buyer
38680,8,8,144300,0,2023-08-02,2023-08-02,153.0,Repeat item-backed buyer
29937,9,8,144297,12318,2023-04-10,2023-04-10,267.0,Repeat item-backed buyer
4789,10,8,144295,86,2023-08-31,2023-08-31,124.0,Repeat item-backed buyer
44452,7,7,144292,7544,2023-09-10,2023-09-10,114.0,Repeat item-backed buyer
28939,9,9,144290,4735,2022-12-11,2022-12-11,387.0,Repeat item-backed buyer
16236,9,9,144266,2153,2023-11-06,2023-11-06,57.0,Repeat item-backed buyer
23094,9,8,144262,0,2023-10-08,2023-10-08,86.0,Repeat item-backed buyer
27865,8,8,144259,1891,2023-12-02,2023-12-02,31.0,Repeat item-backed buyer
187,11,10,144245,0,2023-11-19,2023-11-19,44.0,Repeat item-backed buyer
45293,5,5,144223,0,2023-08-17,2023-08-17,138.0,Repeat item-backed buyer
18343,8,8,144222,2466,2023-11-22,2023-11-22,41.0,Repeat item-backed buyer
34887,10,8,144221,0,2023-09-20,2023-03-15,293.0,Repeat item-backed buyer
4017,11,11,144206,3847,2023-09-06,2023-09-06,118.0,Repeat item-backed buyer
22008,12,10,144205,6105,2023-12-27,2023-12-27,6.0,Repeat item-backed buyer
41025,9,8,144195,0,2023-01-27,2023-01-27,340.0,Repeat item-backed buyer
42865,9,9,144192,4506,2023-07-08,2023-07-08,178.0,Repeat item-backed buyer
424,7,7,144172,4853,2023-08-02,2023-08-02,153.0,Repeat item-backed buyer
49024,11,10,144167,10052,2023-10-16,2023-10-16,78.0,Repeat item-backed buyer
13132,7,7,144160,0,2023-12-22,2023-12-22,11.0,Repeat item-backed buyer
48939,9,8,144148,0,2023-09-12,2023-09-12,112.0,Repeat item-backed buyer
18111,8,7,144144,3404,2024-01-01,2024-01-01,1.0,Repeat item-backed buyer
25437,10,10,144134,4312,2023-10-05,2023-10-05,89.0,Repeat item-backed buyer
33591,10,9,144130,1221,2023-11-28,2023-11-28,35.0,Repeat item-backed buyer
37049,8,8,144113,0,2023-11-08,2023-11-08,55.0,Repeat item-backed buyer
1949,8,6,144108,0,2023-06-02,2023-06-02,214.0,Repeat item-backed buyer
48645,8,5,144101,0,2023-07-14,2023-06-06,210.0,Repeat item-backed buyer
6836,11,9,144100,11296,2023-05-27,2023-05-27,220.0,Repeat item-backed buyer
42584,13,11,144085,0,2023-10-28,2023-10-28,66.0,Repeat item-backed buyer
40127,5,5,144065,983,2023-01-13,2023-01-13,354.0,Repeat item-backed buyer
40727,8,6,144065,0,2023-07-03,2023-05-21,226.0,Repeat item-backed buyer
7540,7,7,144064,3578,2023-07-15,2023-07-15,171.0,Repeat item-backed buyer
5808,9,9,144046,0,2023-06-29,2023-06-29,187.0,Repeat item-backed buyer
27703,12,11,144042,0,2023-10-22,2023-10-22,72.0,Repeat item-backed buyer
22339,10,9,144023,0,2023-12-19,2023-12-19,14.0,Repeat item-backed buyer
36246,8,8,144010,0,2023-11-17,2023-11-17,46.0,Repeat item-backed buyer
41069,9,8,144006,0,2023-07-18,2023-07-18,168.0,Repeat item-backed buyer
20388,9,9,144004,4510,2023-12-05,2023-12-05,28.0,Repeat item-backed buyer
9573,7,7,144003,4315,2023-12-08,2023-12-08,25.0,Repeat item-backed buyer
19562,6,6,144002,0,2022-10-02,2022-10-02,457.0,Repeat item-backed buyer
30673,6,6,144000,0,2022-07-30,2022-07-30,521.0,Repeat item-backed buyer
24988,8,8,143999,0,2022-09-21,2022-09-21,468.0,Repeat item-backed buyer
44475,14,11,143994,1694,2023-06-18,2023-06-12,204.0,Repeat item-backed buyer
1085,13,12,143981,6395,2023-08-16,2023-08-16,139.0,Repeat item-backed buyer
19154,8,8,143973,7155,2023-06-17,2023-06-17,199.0,Repeat item-backed buyer
49004,5,5,143971,3020,2022-07-24,2022-07-24,527.0,Repeat item-backed buyer
37414,11,10,143969,1520,2023-09-11,2023-09-11,113.0,Repeat item-backed buyer
18568,10,9,143967,9767,2023-12-03,2023-12-03,30.0,Repeat item-backed buyer
16525,12,10,143962,4042,2023-06-28,2023-06-28,188.0,Repeat item-backed buyer
35653,8,7,143959,1909,2023-12-24,2023-12-24,9.0,Repeat item-backed buyer
29825,8,7,143958,922,2023-01-14,2023-01-14,353.0,Repeat item-backed buyer
42419,8,8,143952,6950,2023-09-19,2023-09-19,105.0,Repeat item-backed buyer
31563,9,9,143936,3466,2023-12-18,2023-12-18,15.0,Repeat item-backed buyer
43068,9,7,143928,0,2023-12-29,2023-12-29,4.0,Repeat item-backed buyer
38546,7,7,143925,3348,2023-12-17,2023-12-17,16.0,Repeat item-backed buyer
2117,9,9,143924,942,2023-09-10,2023-09-10,114.0,Repeat item-backed buyer
17203,8,8,143920,1514,2023-08-09,2023-08-09,146.0,Repeat item-backed buyer
17031,8,8,143916,2924,2023-10-23,2023-10-23,71.0,Repeat item-backed buyer
20357,10,10,143901,755,2023-10-09,2023-10-09,85.0,Repeat item-backed buyer
28012,10,9,143877,0,2023-11-07,2023-11-07,56.0,Repeat item-backed buyer
17939,8,8,143876,1344,2022-10-07,2022-10-07,452.0,Repeat item-backed buyer
11175,9,7,143873,7398,2023-10-28,2023-05-10,237.0,Repeat item-backed buyer
21419,8,6,143873,273,2023-02-23,2023-01-27,340.0,Repeat item-backed buyer
39622,11,11,143861,4680,2023-02-25,2023-02-25,311.0,Repeat item-backed buyer
9561,8,7,143858,0,2023-11-21,2023-11-21,42.0,Repeat item-backed buyer
20643,12,11,143856,1356,2023-12-19,2023-12-19,14.0,Repeat item-backed buyer
11437,9,7,143837,4733,2023-04-30,2023-04-30,247.0,Repeat item-backed buyer
19062,6,6,143835,6281,2023-08-21,2023-08-21,134.0,Repeat item-backed buyer
34282,7,6,143831,2914,2023-10-04,2023-10-04,90.0,Repeat item-backed buyer
6107,9,8,143830,459,2023-08-12,2023-08-12,143.0,Repeat item-backed buyer
3188,7,5,143816,8067,2023-06-11,2023-06-11,205.0,Repeat item-backed buyer
41523,8,7,143813,0,2023-10-11,2023-10-11,83.0,Repeat item-backed buyer
12638,6,5,143807,12686,2023-08-23,2023-08-23,132.0,Repeat item-backed buyer
18666,10,9,143807,9082,2023-07-23,2023-07-23,163.0,Repeat item-backed buyer
45410,10,9,143805,4308,2023-10-05,2023-10-05,89.0,Repeat item-backed buyer
49878,9,7,143803,0,2023-11-26,2023-11-26,37.0,Repeat item-backed buyer
8664,5,4,143797,1914,2023-10-22,2023-10-22,72.0,Repeat item-backed buyer
10226,13,10,143786,4250,2023-08-25,2023-08-25,130.0,Repeat item-backed buyer
43999,7,7,143778,11259,2023-12-12,2023-12-12,21.0,Repeat item-backed buyer
11156,7,6,143770,2722,2023-03-16,2023-03-16,292.0,Repeat item-backed buyer
42957,9,7,143767,11226,2023-07-09,2023-07-09,177.0,Repeat item-backed buyer
33736,8,8,143764,0,2023-07-04,2023-07-04,182.0,Repeat item-backed buyer
2986,9,9,143754,1408,2023-05-23,2023-05-23,224.0,Repeat item-backed buyer
29026,9,9,143752,0,2022-09-05,2022-09-05,484.0,Repeat item-backed buyer
33965,7,7,143748,4589,2023-08-07,2023-08-07,148.0,Repeat item-backed buyer
6669,8,7,143745,2437,2023-05-17,2023-05-17,230.0,Repeat item-backed buyer
18216,7,7,143741,1262,2023-03-11,2023-03-11,297.0,Repeat item-backed buyer
11757,7,7,143740,1418,2023-07-23,2023-07-23,163.0,Repeat item-backed buyer
27614,10,8,143739,0,2023-06-06,2023-06-06,210.0,Repeat item-backed buyer
33566,6,6,143737,0,2023-07-29,2023-07-29,157.0,Repeat item-backed buyer
18662,7,7,143724,0,2023-08-05,2023-08-05,150.0,Repeat item-backed buyer
10459,9,8,143716,0,2023-12-22,2023-12-22,11.0,Repeat item-backed buyer
42106,9,8,143715,0,2022-06-22,2022-01-02,730.0,Repeat item-backed buyer
47625,11,9,143714,190,2023-04-13,2023-04-13,264.0,Repeat item-backed buyer
39543,8,7,143707,0,2023-04-21,2023-04-21,256.0,Repeat item-backed buyer
16003,6,6,143705,1932,2023-11-20,2023-11-20,43.0,Repeat item-backed buyer
4613,7,7,143697,2203,2023-12-14,2023-12-14,19.0,Repeat item-backed buyer
43783,7,5,143645,0,2023-04-23,2023-03-26,282.0,Repeat item-backed buyer
5401,5,5,143629,1231,2023-12-25,2023-12-25,8.0,Repeat item-backed buyer
3286,10,9,143615,8522,2023-12-04,2023-08-26,129.0,Repeat item-backed buyer
25145,9,9,143615,5407,2023-11-15,2023-11-15,48.0,Repeat item-backed buyer
7016,10,9,143614,5742,2024-01-01,2024-01-01,1.0,Repeat item-backed buyer
1255,9,8,143613,5810,2023-12-17,2023-12-17,16.0,Repeat item-backed buyer
33006,8,8,143611,2630,2023-09-15,2023-09-15,109.0,Repeat item-backed buyer
12108,7,6,143600,0,2023-07-09,2023-07-09,177.0,Repeat item-backed buyer
47007,6,6,143594,0,2023-07-15,2023-07-15,171.0,Repeat item-backed buyer
641,10,9,143593,0,2023-07-09,2023-07-09,177.0,Repeat item-backed buyer
17561,11,10,143577,4384,2023-12-11,2023-12-11,22.0,Repeat item-backed buyer
2814,7,7,143575,9318,2023-12-13,2023-12-13,20.0,Repeat item-backed buyer
41168,14,11,143568,4998,2023-11-19,2023-11-19,44.0,Repeat item-backed buyer
15741,10,9,143564,0,2023-03-30,2023-03-30,278.0,Repeat item-backed buyer
17479,8,7,143560,9093,2023-09-21,2023-09-21,103.0,Repeat item-backed buyer
48996,9,8,143553,8901,2023-10-15,2023-10-15,79.0,Repeat item-backed buyer
44038,8,7,143545,9168,2023-07-13,2023-06-26,190.0,Repeat item-backed buyer
31678,10,9,143543,0,2023-11-03,2023-11-03,60.0,Repeat item-backed buyer
4853,9,8,143536,386,2023-08-06,2023-08-06,149.0,Repeat item-backed buyer
22736,7,7,143528,4281,2023-02-18,2023-02-18,318.0,Repeat item-backed buyer
26407,10,8,143525,3418,2023-11-13,2023-11-13,50.0,Repeat item-backed buyer
6529,9,7,143523,0,2023-07-09,2023-07-07,179.0,Repeat item-backed buyer
46445,9,8,143499,6905,2023-10-06,2023-10-06,88.0,Repeat item-backed buyer
32822,11,8,143496,4364,2023-10-05,2023-10-05,89.0,Repeat item-backed buyer
40878,10,8,143494,6762,2023-10-06,2023-10-06,88.0,Repeat item-backed buyer
30200,8,7,143476,0,2023-11-18,2023-11-18,45.0,Repeat item-backed buyer
42710,9,9,143475,1627,2023-07-02,2023-07-02,184.0,Repeat item-backed buyer
5412,10,10,143473,0,2023-10-30,2023-10-30,64.0,Repeat item-backed buyer
39025,11,8,143472,174,2023-09-28,2023-07-15,171.0,Repeat item-backed buyer
6048,7,7,143467,3833,2023-03-02,2023-03-02,306.0,Repeat item-backed buyer
20978,11,11,143465,603,2023-12-24,2023-12-24,9.0,Repeat item-backed buyer
27775,9,7,143422,2357,2023-11-01,2023-11-01,62.0,Repeat item-backed buyer
40199,5,4,143407,0,2022-12-05,2022-12-05,393.0,Repeat item-backed buyer
36414,6,6,143393,0,2023-12-05,2023-12-05,28.0,Repeat item-backed buyer
48392,8,8,143390,3723,2023-12-21,2023-12-21,12.0,Repeat item-backed buyer
39881,10,8,143386,0,2022-07-16,2022-07-16,535.0,Repeat item-backed buyer
28558,12,10,143369,0,2023-11-14,2023-11-14,49.0,Repeat item-backed buyer
37950,8,8,143367,5979,2023-09-04,2023-09-04,120.0,Repeat item-backed buyer
7954,8,7,143365,3427,2023-10-11,2023-10-11,83.0,Repeat item-backed buyer
46091,9,8,143363,0,2023-12-29,2023-12-29,4.0,Repeat item-backed buyer
4657,11,10,143361,4428,2023-12-31,2023-12-31,2.0,Repeat item-backed buyer
17127,8,7,143356,5932,2023-09-15,2023-09-15,109.0,Repeat item-backed buyer
43454,8,8,143354,0,2023-06-22,2023-06-22,194.0,Repeat item-backed buyer
24022,10,9,143352,0,2023-12-31,2023-12-31,2.0,Repeat item-backed buyer
36085,11,10,143341,8950,2023-08-02,2023-08-02,153.0,Repeat item-backed buyer
2129,9,9,143324,0,2023-10-08,2023-10-08,86.0,Repeat item-backed buyer
30517,9,9,143286,2181,2023-10-13,2023-10-13,81.0,Repeat item-backed buyer
48815,8,7,143285,0,2023-01-03,2023-01-03,364.0,Repeat item-backed buyer
39890,8,7,143279,0,2023-12-03,2023-12-03,30.0,Repeat item-backed buyer
15961,8,8,143274,3457,2022-06-05,2022-06-05,576.0,Repeat item-backed buyer
29200,8,8,143269,12254,2023-07-06,2023-07-06,180.0,Repeat item-backed buyer
124,11,11,143266,4427,2023-11-13,2023-11-13,50.0,Repeat item-backed buyer
14780,10,8,143253,6298,2023-09-06,2023-09-06,118.0,Repeat item-backed buyer
30043,8,7,143238,4811,2023-08-11,2023-08-11,144.0,Repeat item-backed buyer
34044,7,7,143235,1012,2022-03-31,2022-03-31,642.0,Repeat item-backed buyer
15924,8,7,143227,12119,2022-10-18,2022-10-18,441.0,Repeat item-backed buyer
36006,9,8,143199,5394,2023-01-11,2023-01-11,356.0,Repeat item-backed buyer
728,8,7,143192,4230,2023-07-31,2023-07-31,155.0,Repeat item-backed buyer
49853,7,6,143184,0,2023-01-15,2023-01-15,352.0,Repeat item-backed buyer
33663,6,5,143139,0,2023-05-19,2023-05-19,228.0,Repeat item-backed buyer
37066,12,10,143138,3398,2023-05-16,2023-05-16,231.0,Repeat item-backed buyer
11512,10,10,143137,1898,2023-11-28,2023-11-28,35.0,Repeat item-backed buyer
24047,11,10,143117,0,2023-11-30,2023-10-28,66.0,Repeat item-backed buyer
48060,10,9,143115,0,2023-11-13,2023-11-13,50.0,Repeat item-backed buyer
47739,9,9,143105,6826,2023-07-21,2023-07-21,165.0,Repeat item-backed buyer
4407,5,5,143098,4472,2023-10-21,2023-10-21,73.0,Repeat item-backed buyer
43078,9,7,143086,5949,2023-12-16,2023-12-16,17.0,Repeat item-backed buyer
31993,9,7,143085,7214,2023-01-05,2023-01-05,362.0,Repeat item-backed buyer
9709,8,7,143073,0,2023-06-04,2023-06-04,212.0,Repeat item-backed buyer
29041,5,5,143070,2536,2023-12-19,2023-12-19,14.0,Repeat item-backed buyer
23570,9,7,143067,3227,2023-09-11,2023-09-11,113.0,Repeat item-backed buyer
15442,9,9,143065,3260,2023-11-22,2023-11-22,41.0,Repeat item-backed buyer
24343,7,7,143060,2808,2023-12-09,2023-12-09,24.0,Repeat item-backed buyer
3236,9,9,143042,0,2023-10-14,2023-10-14,80.0,Repeat item-backed buyer
39610,11,9,143014,4230,2023-05-24,2023-05-24,223.0,Repeat item-backed buyer
36538,8,8,142988,1327,2023-10-28,2023-10-28,66.0,Repeat item-backed buyer
45313,9,8,142973,0,2023-12-27,2023-12-27,6.0,Repeat item-backed buyer
32212,10,9,142967,7307,2023-05-29,2023-05-29,218.0,Repeat item-backed buyer
20708,9,9,142958,0,2023-11-15,2023-11-15,48.0,Repeat item-backed buyer
47431,13,11,142955,4643,2023-10-18,2023-10-18,76.0,Repeat item-backed buyer
37498,6,5,142951,0,2023-10-20,2023-10-20,74.0,Repeat item-backed buyer
1940,5,5,142942,1291,2023-07-07,2023-07-07,179.0,Repeat item-backed buyer
17776,9,7,142941,4071,2023-07-14,2023-07-14,172.0,Repeat item-backed buyer
30384,11,11,142936,152,2023-08-07,2023-08-07,148.0,Repeat item-backed buyer
9712,10,10,142931,3505,2023-12-29,2023-12-29,4.0,Repeat item-backed buyer
31283,8,7,142923,0,2023-09-01,2022-08-07,513.0,Repeat item-backed buyer
37584,6,5,142902,1913,2022-08-08,2022-08-08,512.0,Repeat item-backed buyer
21004,5,5,142899,0,2023-11-10,2023-11-10,53.0,Repeat item-backed buyer
22110,10,8,142889,0,2023-11-09,2023-11-09,54.0,Repeat item-backed buyer
26321,8,8,142861,6504,2023-10-31,2023-10-31,63.0,Repeat item-backed buyer
42120,9,8,142858,0,2022-12-02,2022-12-02,396.0,Repeat item-backed buyer
45426,10,10,142839,919,2023-06-18,2023-06-18,198.0,Repeat item-backed buyer
46546,8,7,142833,4855,2023-10-03,2023-10-03,91.0,Repeat item-backed buyer
11350,7,7,142823,1495,2023-12-22,2023-12-22,11.0,Repeat item-backed buyer
2047,11,10,142815,1972,2023-11-30,2023-11-30,33.0,Repeat item-backed buyer
23157,6,6,142815,0,2023-09-02,2023-09-02,122.0,Repeat item-backed buyer
48305,10,9,142811,0,2023-12-18,2023-12-18,15.0,Repeat item-backed buyer
13553,10,9,142807,7510,2023-10-16,2023-10-16,78.0,Repeat item-backed buyer
25990,10,10,142802,237,2023-11-26,2023-11-26,37.0,Repeat item-backed buyer
13846,9,8,142799,0,2023-09-27,2023-09-27,97.0,Repeat item-backed buyer
30876,7,7,142793,3697,2023-11-21,2023-11-21,42.0,Repeat item-backed buyer
21166,7,7,142792,3853,2023-05-21,2023-05-21,226.0,Repeat item-backed buyer
9620,10,9,142785,2698,2023-09-20,2023-09-20,104.0,Repeat item-backed buyer
8411,6,6,142769,6772,2023-07-08,2023-07-08,178.0,Repeat item-backed buyer
36583,8,8,142762,0,2023-08-31,2023-08-31,124.0,Repeat item-backed buyer
9176,10,8,142760,1683,2023-12-19,2023-12-19,14.0,Repeat item-backed buyer
4256,10,8,142755,4253,2023-04-02,2023-04-02,275.0,Repeat item-backed buyer
28641,12,11,142747,7795,2023-06-15,2023-06-15,201.0,Repeat item-backed buyer
28973,10,9,142735,948,2023-10-13,2023-10-13,81.0,Repeat item-backed buyer
29265,8,7,142735,2133,2023-12-19,2023-12-19,14.0,Repeat item-backed buyer
6792,7,7,142732,3770,2023-03-21,2023-03-21,287.0,Repeat item-backed buyer
47564,9,9,142726,11966,2023-05-10,2023-05-10,237.0,Repeat item-backed buyer
11378,12,11,142724,3337,2023-11-24,2023-11-24,39.0,Repeat item-backed buyer
1023,9,7,142719,0,2023-08-08,2023-08-08,147.0,Repeat item-backed buyer
14732,9,9,142717,0,2023-12-13,2023-12-13,20.0,Repeat item-backed buyer
45292,9,9,142677,1924,2023-11-10,2023-11-10,53.0,Repeat item-backed buyer
41497,6,5,142673,8595,2023-10-17,2023-10-17,77.0,Repeat item-backed buyer
10479,7,6,142665,165,2023-10-24,2023-10-24,70.0,Repeat item-backed buyer
38430,7,7,142664,0,2023-11-30,2023-11-30,33.0,Repeat item-backed buyer
8266,9,8,142662,2709,2023-03-31,2023-03-31,277.0,Repeat item-backed buyer
25871,9,9,142661,0,2023-12-30,2023-12-30,3.0,Repeat item-backed buyer
38274,13,10,142660,0,2023-12-22,2023-12-22,11.0,Repeat item-backed buyer
23324,12,11,142636,0,2023-12-20,2023-12-20,13.0,Repeat item-backed buyer
4489,8,8,142635,3839,2023-11-30,2023-11-30,33.0,Repeat item-backed buyer
41409,7,7,142611,1416,2023-05-04,2023-05-04,243.0,Repeat item-backed buyer
12314,10,8,142607,3475,2023-08-02,2023-08-02,153.0,Repeat item-backed buyer
41552,11,10,142595,9674,2023-09-08,2023-08-31,124.0,Repeat item-backed buyer
19843,9,9,142589,0,2023-09-06,2023-09-06,118.0,Repeat item-backed buyer
22694,9,8,142579,0,2023-12-25,2023-12-25,8.0,Repeat item-backed buyer
1884,10,9,142573,4636,2023-05-04,2023-05-04,243.0,Repeat item-backed buyer
5199,8,7,142572,0,2023-09-27,2023-09-27,97.0,Repeat item-backed buyer
23235,4,4,142557,0,2023-07-31,2023-07-31,155.0,Repeat item-backed buyer
5907,13,10,142549,0,2023-11-13,2023-10-23,71.0,Repeat item-backed buyer
909,9,8,142546,4628,2023-12-05,2023-12-05,28.0,Repeat item-backed buyer
11940,7,6,142539,0,2023-01-01,2023-01-01,366.0,Repeat item-backed buyer
28019,13,9,142536,0,2023-06-12,2023-03-02,306.0,Repeat item-backed buyer
46753,10,10,142530,0,2023-07-11,2023-07-11,175.0,Repeat item-backed buyer
23101,9,9,142521,4254,2023-09-09,2023-09-09,115.0,Repeat item-backed buyer
25848,11,9,142521,7549,2023-11-26,2023-04-25,252.0,Repeat item-backed buyer
23038,10,8,142520,0,2023-03-03,2023-03-03,305.0,Repeat item-backed buyer
39061,9,9,142514,13014,2023-11-24,2023-11-24,39.0,Repeat item-backed buyer
45732,7,7,142506,0,2023-03-06,2023-03-06,302.0,Repeat item-backed buyer
45314,10,10,142499,0,2023-09-03,2023-09-03,121.0,Repeat item-backed buyer
34523,11,10,142490,0,2023-09-22,2023-09-22,102.0,Repeat item-backed buyer
43601,7,5,142488,0,2023-03-26,2023-03-18,290.0,Repeat item-backed buyer
32518,10,10,142486,1741,2023-09-04,2023-09-04,120.0,Repeat item-backed buyer
39357,8,8,142475,2625,2023-12-24,2023-12-24,9.0,Repeat item-backed buyer
29160,10,9,142473,5333,2023-11-30,2023-11-30,33.0,Repeat item-backed buyer
1554,12,11,142469,5544,2023-05-20,2023-05-20,227.0,Repeat item-backed buyer
9647,11,8,142467,9747,2023-10-19,2023-04-09,268.0,Repeat item-backed buyer
5709,5,4,142463,4376,2022-11-11,2022-09-17,472.0,Repeat item-backed buyer
9435,8,8,142460,0,2023-05-19,2023-05-19,228.0,Repeat item-backed buyer
41237,11,9,142455,0,2023-11-25,2023-11-25,38.0,Repeat item-backed buyer
37712,10,9,142451,4460,2023-01-20,2023-01-20,347.0,Repeat item-backed buyer
20542,10,9,142449,0,2023-11-02,2023-11-02,61.0,Repeat item-backed buyer
7798,10,10,142446,5169,2023-11-06,2023-11-06,57.0,Repeat item-backed buyer
12079,8,8,142443,4625,2023-01-27,2023-01-27,340.0,Repeat item-backed buyer
3391,10,8,142430,2086,2023-12-01,2023-12-01,32.0,Repeat item-backed buyer
12563,7,6,142419,1050,2023-08-29,2023-08-29,126.0,Repeat item-backed buyer
2805,11,10,142415,8072,2023-08-10,2022-11-10,418.0,Repeat item-backed buyer
37901,9,8,142414,394,2023-12-10,2023-12-10,23.0,Repeat item-backed buyer
25010,11,11,142401,0,2023-10-23,2023-10-23,71.0,Repeat item-backed buyer
6396,11,10,142397,0,2023-06-25,2023-06-25,191.0,Repeat item-backed buyer
33612,9,8,142379,6530,2023-07-25,2023-07-25,161.0,Repeat item-backed buyer
9498,6,6,142377,1014,2023-09-15,2023-09-15,109.0,Repeat item-backed buyer
39114,6,6,142353,2642,2023-11-07,2023-11-07,56.0,Repeat item-backed buyer
17056,9,7,142341,3464,2023-08-04,2020-11-07,1151.0,Repeat item-backed buyer
17151,9,8,142312,2662,2023-12-27,2023-12-27,6.0,Repeat item-backed buyer
38210,11,10,142292,5018,2023-06-05,2023-06-05,211.0,Repeat item-backed buyer
36409,12,10,142284,4572,2023-10-16,2023-10-16,78.0,Repeat item-backed buyer
19349,7,7,142282,272,2023-04-10,2023-04-10,267.0,Repeat item-backed buyer
8859,8,8,142278,3076,2023-12-23,2023-12-23,10.0,Repeat item-backed buyer
34579,9,7,142275,0,2023-11-02,2023-09-14,110.0,Repeat item-backed buyer
406,7,5,142273,0,2023-07-16,2023-07-16,170.0,Repeat item-backed buyer
33619,10,9,142270,823,2023-10-04,2023-10-04,90.0,Repeat item-backed buyer
47896,9,7,142263,3855,2023-01-15,2022-11-19,409.0,Repeat item-backed buyer
10555,7,6,142262,0,2023-08-30,2023-08-30,125.0,Repeat item-backed buyer
45307,7,6,142259,0,2023-08-21,2023-08-21,134.0,Repeat item-backed buyer
19034,12,11,142248,4969,2024-01-01,2024-01-01,1.0,Repeat item-backed buyer
12088,8,7,142242,0,2023-05-22,2023-05-22,225.0,Repeat item-backed buyer
8659,7,7,142239,2176,2023-09-03,2023-09-03,121.0,Repeat item-backed buyer
20468,6,6,142235,0,2023-08-09,2023-08-09,146.0,Repeat item-backed buyer
32541,10,10,142223,6824,2023-11-20,2023-11-20,43.0,Repeat item-backed buyer
23188,8,7,142220,0,2023-12-04,2023-12-04,29.0,Repeat item-backed buyer
456,9,8,142204,9992,2023-04-02,2022-07-24,527.0,Repeat item-backed buyer
21375,7,7,142189,1602,2022-05-30,2022-05-30,582.0,Repeat item-backed buyer
29603,7,7,142179,8807,2023-10-27,2023-10-27,67.0,Repeat item-backed buyer
37709,9,8,142161,4027,2023-10-20,2023-10-20,74.0,Repeat item-backed buyer
29229,8,8,142143,1255,2023-12-02,2023-12-02,31.0,Repeat item-backed buyer
38805,6,6,142135,0,2023-10-08,2023-10-08,86.0,Repeat item-backed buyer
27965,7,6,142131,2083,2023-07-19,2022-11-15,413.0,Repeat item-backed buyer
39764,9,8,142118,5998,2023-12-15,2023-12-15,18.0,Repeat item-backed buyer
17112,8,8,142108,1505,2023-09-16,2023-09-16,108.0,Repeat item-backed buyer
6176,6,6,142100,1405,2023-04-13,2023-04-13,264.0,Repeat item-backed buyer
37988,9,9,142100,1471,2023-08-21,2023-08-21,134.0,Repeat item-backed buyer
11278,7,7,142091,5733,2023-07-21,2023-07-21,165.0,Repeat item-backed buyer
14591,9,8,142088,5207,2023-12-04,2023-12-04,29.0,Repeat item-backed buyer
18284,9,8,142085,0,2023-05-20,2023-05-20,227.0,Repeat item-backed buyer
8106,9,8,142072,7077,2023-05-10,2023-05-10,237.0,Repeat item-backed buyer
20227,6,6,142068,0,2023-04-21,2023-04-21,256.0,Repeat item-backed buyer
9677,7,7,142065,0,2023-03-03,2023-03-03,305.0,Repeat item-backed buyer
24098,10,10,142062,0,2023-03-28,2023-03-28,280.0,Repeat item-backed buyer
33205,10,9,142054,8839,2023-04-20,2023-04-20,257.0,Repeat item-backed buyer
28194,7,7,142036,819,2021-11-12,2021-11-12,781.0,Repeat item-backed buyer
4271,9,8,142017,2745,2023-01-01,2023-01-01,366.0,Repeat item-backed buyer
49312,6,5,142015,0,2023-11-03,2023-11-03,60.0,Repeat item-backed buyer
15231,7,6,141998,0,2023-09-05,2023-09-05,119.0,Repeat item-backed buyer
39178,11,9,141984,3671,2023-12-30,2023-10-01,93.0,Repeat item-backed buyer
39270,12,12,141984,4303,2023-06-26,2023-06-26,190.0,Repeat item-backed buyer
40584,9,8,141979,6740,2023-07-05,2023-07-05,181.0,Repeat item-backed buyer
17307,8,7,141974,9818,2023-11-25,2023-11-25,38.0,Repeat item-backed buyer
22207,13,11,141967,0,2023-08-25,2023-08-25,130.0,Repeat item-backed buyer
31234,8,8,141957,5949,2023-12-09,2023-12-09,24.0,Repeat item-backed buyer
27754,8,8,141951,1055,2023-04-27,2023-04-27,250.0,Repeat item-backed buyer
21198,9,8,141946,2005,2023-08-24,2023-08-24,131.0,Repeat item-backed buyer
38957,6,6,141935,4058,2023-11-01,2023-11-01,62.0,Repeat item-backed buyer
3032,11,10,141933,2999,2023-08-22,2023-08-22,133.0,Repeat item-backed buyer
18382,10,10,141917,0,2023-06-01,2023-06-01,215.0,Repeat item-backed buyer
1335,11,9,141902,2723,2023-06-16,2023-06-16,200.0,Repeat item-backed buyer
8802,8,7,141897,4127,2023-08-24,2023-08-24,131.0,Repeat item-backed buyer
6252,9,9,141889,950,2023-10-10,2023-10-10,84.0,Repeat item-backed buyer
42309,11,9,141883,2801,2023-11-23,2023-11-23,40.0,Repeat item-backed buyer
37043,11,10,141878,7509,2023-07-30,2023-07-30,156.0,Repeat item-backed buyer
35385,6,6,141863,0,2023-10-03,2023-10-03,91.0,Repeat item-backed buyer
24665,9,9,141862,0,2022-02-03,2022-02-03,698.0,Repeat item-backed buyer
36686,8,7,141861,4628,2023-08-03,2023-08-03,152.0,Repeat item-backed buyer
29067,9,9,141819,4469,2023-08-22,2023-08-22,133.0,Repeat item-backed buyer
27897,9,7,141787,12488,2022-12-07,2022-12-07,391.0,Repeat item-backed buyer
48600,9,9,141786,1504,2023-06-24,2023-06-24,192.0,Repeat item-backed buyer
13166,6,6,141776,0,2023-07-04,2023-07-04,182.0,Repeat item-backed buyer
48635,10,9,141769,7323,2023-10-28,2023-10-28,66.0,Repeat item-backed buyer
1081,8,8,141760,4663,2023-07-15,2023-07-15,171.0,Repeat item-backed buyer
32551,8,7,141759,4341,2023-10-11,2023-10-11,83.0,Repeat item-backed buyer
19282,9,7,141753,0,2023-05-12,2023-05-12,235.0,Repeat item-backed buyer
42800,7,7,141729,0,2023-10-25,2023-10-25,69.0,Repeat item-backed buyer
15509,8,7,141702,4916,2023-09-23,2023-09-23,101.0,Repeat item-backed buyer
18933,8,8,141698,5543,2023-11-23,2023-11-23,40.0,Repeat item-backed buyer
28000,8,8,141687,2639,2022-11-13,2022-11-13,415.0,Repeat item-backed buyer
15407,9,7,141682,3082,2023-04-27,2023-04-27,250.0,Repeat item-backed buyer
12382,9,9,141680,5088,2023-07-24,2023-07-24,162.0,Repeat item-backed buyer
14459,9,9,141669,0,2023-08-21,2023-08-21,134.0,Repeat item-backed buyer
35323,9,8,141668,4371,2023-11-21,2023-07-05,181.0,Repeat item-backed buyer
49903,12,12,141658,10147,2023-07-06,2023-07-06,180.0,Repeat item-backed buyer
16571,9,9,141644,0,2023-11-24,2023-11-24,39.0,Repeat item-backed buyer
150,7,7,141638,3981,2023-06-27,2023-06-27,189.0,Repeat item-backed buyer
14136,7,6,141632,0,2023-02-28,2022-06-08,573.0,Repeat item-backed buyer
7582,9,9,141626,2546,2023-10-31,2023-10-31,63.0,Repeat item-backed buyer
41101,7,6,141622,6953,2022-11-29,2022-11-29,399.0,Repeat item-backed buyer
6913,8,8,141614,0,2023-08-07,2023-08-07,148.0,Repeat item-backed buyer
15979,10,9,141613,2933,2023-12-15,2023-08-09,146.0,Repeat item-backed buyer
48253,6,5,141577,693,2023-09-26,2023-09-26,98.0,Repeat item-backed buyer
8187,6,6,141572,1653,2023-02-06,2023-02-06,330.0,Repeat item-backed buyer
33077,11,9,141566,459,2023-10-01,2023-10-01,93.0,Repeat item-backed buyer
35862,9,9,141555,3115,2023-10-15,2023-10-15,79.0,Repeat item-backed buyer
45438,12,10,141555,0,2023-09-25,2023-09-25,99.0,Repeat item-backed buyer
27447,8,8,141554,4714,2023-11-17,2023-11-17,46.0,Repeat item-backed buyer
20002,11,7,141550,3940,2023-09-14,2023-03-05,303.0,Repeat item-backed buyer
4063,7,7,141545,340,2022-10-03,2022-10-03,456.0,Repeat item-backed buyer
19340,8,8,141545,6565,2023-06-25,2023-06-25,191.0,Repeat item-backed buyer
49701,6,5,141532,3679,2023-01-04,2022-04-21,621.0,Repeat item-backed buyer
6424,12,9,141531,4081,2023-08-21,2023-08-21,134.0,Repeat item-backed buyer
43649,11,9,141526,2962,2023-06-18,2023-06-18,198.0,Repeat item-backed buyer
31003,11,11,141493,12700,2023-12-12,2023-12-12,21.0,Repeat item-backed buyer
40646,11,9,141487,0,2023-12-30,2023-12-30,3.0,Repeat item-backed buyer
34741,11,9,141475,4156,2023-07-07,2023-07-07,179.0,Repeat item-backed buyer
6113,6,6,141471,1375,2023-07-29,2023-07-29,157.0,Repeat item-backed buyer
5491,6,6,141459,1000,2022-02-18,2022-02-18,683.0,Repeat item-backed buyer
2340,10,9,141449,6703,2023-08-17,2023-08-17,138.0,Repeat item-backed buyer
30272,11,10,141444,0,2023-10-30,2023-10-30,64.0,Repeat item-backed buyer
31441,8,6,141439,2264,2023-10-11,2022-10-20,439.0,Repeat item-backed buyer
3866,9,9,141429,0,2023-12-07,2023-12-07,26.0,Repeat item-backed buyer
8663,7,7,141425,0,2022-01-08,2022-01-08,724.0,Repeat item-backed buyer
25202,9,7,141418,0,2023-08-01,2022-06-21,560.0,Repeat item-backed buyer
21046,7,6,141407,0,2023-10-24,2023-10-24,70.0,Repeat item-backed buyer
4833,10,9,141402,1937,2023-10-25,2023-10-25,69.0,Repeat item-backed buyer
27893,7,6,141392,0,2023-07-03,2023-07-03,183.0,Repeat item-backed buyer
16340,10,10,141380,4871,2023-10-22,2023-10-22,72.0,Repeat item-backed buyer
28471,9,8,141377,2173,2023-11-02,2023-11-02,61.0,Repeat item-backed buyer
32064,9,8,141360,8304,2023-08-28,2023-08-28,127.0,Repeat item-backed buyer
6800,9,8,141353,0,2023-10-29,2023-02-05,331.0,Repeat item-backed buyer
667,10,8,141337,8251,2023-11-05,2023-07-16,170.0,Repeat item-backed buyer
15613,8,7,141331,4306,2023-11-12,2023-11-12,51.0,Repeat item-backed buyer
45000,7,7,141331,970,2023-09-14,2023-09-14,110.0,Repeat item-backed buyer
9147,9,9,141313,0,2023-06-05,2023-06-05,211.0,Repeat item-backed buyer
31121,11,9,141308,2026,2023-10-30,2023-02-10,326.0,Repeat item-backed buyer
4289,10,9,141306,0,2022-05-04,2022-05-04,608.0,Repeat item-backed buyer
28586,7,6,141303,1201,2023-12-08,2023-12-08,25.0,Repeat item-backed buyer
5575,9,9,141298,0,2023-11-26,2023-11-26,37.0,Repeat item-backed buyer
3886,6,6,141290,1850,2023-12-21,2023-12-21,12.0,Repeat item-backed buyer
12256,10,9,141285,0,2023-08-26,2023-08-26,129.0,Repeat item-backed buyer
20953,10,7,141284,0,2023-12-08,2023-12-08,25.0,Repeat item-backed buyer
1017,13,12,141281,2598,2023-10-02,2023-10-02,92.0,Repeat item-backed buyer
16171,9,9,141275,0,2023-12-14,2023-12-14,19.0,Repeat item-backed buyer
42370,8,7,141265,7416,2023-12-06,2023-12-06,27.0,Repeat item-backed buyer
19279,8,8,141258,4198,2022-12-20,2022-12-20,378.0,Repeat item-backed buyer
30316,9,9,141258,4052,2023-06-22,2023-06-22,194.0,Repeat item-backed buyer
18365,7,7,141256,2635,2022-08-08,2022-08-08,512.0,Repeat item-backed buyer
15506,9,9,141223,4751,2023-08-12,2023-08-12,143.0,Repeat item-backed buyer
3258,9,9,141220,5391,2022-10-22,2022-10-22,437.0,Repeat item-backed buyer
2842,6,4,141176,8151,2023-09-13,2023-09-13,111.0,Repeat item-backed buyer
5236,9,8,141172,10430,2023-09-13,2023-09-13,111.0,Repeat item-backed buyer
39899,9,8,141168,3627,2023-12-21,2023-12-21,12.0,Repeat item-backed buyer
49326,10,9,141155,4839,2023-06-14,2023-06-14,202.0,Repeat item-backed buyer
41267,8,7,141148,3198,2023-12-16,2023-12-16,17.0,Repeat item-backed buyer
36849,10,10,141142,0,2023-11-10,2023-11-10,53.0,Repeat item-backed buyer
4772,11,10,141139,2035,2023-11-10,2023-11-10,53.0,Repeat item-backed buyer
14613,10,8,141133,0,2023-06-20,2023-06-20,196.0,Repeat item-backed buyer
15681,6,5,141126,4700,2023-04-01,2023-04-01,276.0,Repeat item-backed buyer
22827,12,12,141123,7227,2023-10-26,2023-10-26,68.0,Repeat item-backed buyer
46797,8,8,141123,0,2023-04-04,2023-04-04,273.0,Repeat item-backed buyer
13481,10,10,141122,8547,2023-02-24,2023-02-24,312.0,Repeat item-backed buyer
17568,10,8,141106,0,2023-08-30,2023-08-30,125.0,Repeat item-backed buyer
16700,11,10,141077,0,2023-09-25,2023-09-25,99.0,Repeat item-backed buyer
588,7,6,141070,3903,2023-04-28,2023-04-28,249.0,Repeat item-backed buyer
21783,11,8,141062,8762,2023-12-22,2023-12-22,11.0,Repeat item-backed buyer
49754,8,8,141054,4345,2022-11-11,2022-11-11,417.0,Repeat item-backed buyer
46407,8,7,141053,0,2023-12-18,2023-12-18,15.0,Repeat item-backed buyer
30507,8,8,141039,6339,2023-08-28,2023-08-28,127.0,Repeat item-backed buyer
1067,9,9,141036,578,2023-11-30,2023-11-30,33.0,Repeat item-backed buyer
21065,7,6,141034,4239,2023-09-06,2023-09-06,118.0,Repeat item-backed buyer
13811,6,5,141032,0,2022-12-05,2022-12-05,393.0,Repeat item-backed buyer
27686,10,8,141029,0,2023-12-16,2023-08-31,124.0,Repeat item-backed buyer
44079,8,8,141022,0,2023-09-03,2023-09-03,121.0,Repeat item-backed buyer
28713,8,7,141021,0,2023-10-18,2023-10-18,76.0,Repeat item-backed buyer
47021,9,9,141021,7493,2023-12-08,2023-12-08,25.0,Repeat item-backed buyer
37052,12,10,141013,0,2023-07-12,2023-07-12,174.0,Repeat item-backed buyer
28585,9,8,141011,3221,2023-06-04,2023-06-04,212.0,Repeat item-backed buyer
2719,9,8,141008,1151,2022-12-28,2022-12-28,370.0,Repeat item-backed buyer
27293,10,10,140966,3701,2023-03-22,2023-03-22,286.0,Repeat item-backed buyer
26761,10,10,140964,0,2023-11-23,2023-11-23,40.0,Repeat item-backed buyer
49852,9,8,140953,0,2023-11-07,2023-11-07,56.0,Repeat item-backed buyer
36236,8,7,140945,6735,2023-10-03,2023-10-03,91.0,Repeat item-backed buyer
38785,10,10,140941,1575,2022-11-19,2022-11-19,409.0,Repeat item-backed buyer
31758,9,7,140937,1466,2023-07-14,2023-07-14,172.0,Repeat item-backed buyer
21964,7,6,140922,0,2023-12-18,2023-12-18,15.0,Repeat item-backed buyer
44489,6,4,140922,3125,2023-08-09,2022-07-09,542.0,Repeat item-backed buyer
28364,11,10,140917,3662,2023-08-13,2023-08-13,142.0,Repeat item-backed buyer
29804,7,7,140898,3860,2023-12-12,2023-12-12,21.0,Repeat item-backed buyer
30587,7,7,140892,0,2023-10-31,2023-10-31,63.0,Repeat item-backed buyer
26625,13,12,140888,1767,2023-10-21,2023-10-21,73.0,Repeat item-backed buyer
14418,8,7,140875,8789,2022-12-28,2022-12-28,370.0,Repeat item-backed buyer
4295,10,8,140850,1244,2022-06-14,2022-06-14,567.0,Repeat item-backed buyer
45690,10,9,140850,1603,2023-12-12,2023-12-12,21.0,Repeat item-backed buyer
23611,9,8,140834,0,2023-12-11,2023-12-11,22.0,Repeat item-backed buyer
48800,10,10,140821,3924,2023-09-25,2023-09-25,99.0,Repeat item-backed buyer
16553,7,6,140796,0,2023-07-27,2023-07-27,159.0,Repeat item-backed buyer
21581,11,9,140793,7125,2023-06-12,2023-06-12,204.0,Repeat item-backed buyer
46258,8,8,140790,0,2023-03-25,2023-03-25,283.0,Repeat item-backed buyer
8810,10,8,140787,2185,2023-11-09,2023-11-09,54.0,Repeat item-backed buyer
1576,9,9,140778,0,2023-05-17,2023-05-17,230.0,Repeat item-backed buyer
13214,8,8,140778,2597,2023-12-21,2023-12-21,12.0,Repeat item-backed buyer
43492,7,5,140771,0,2023-11-25,2023-11-25,38.0,Repeat item-backed buyer
1635,10,8,140760,2111,2023-12-23,2023-12-23,10.0,Repeat item-backed buyer
45072,8,7,140756,1358,2023-09-05,2023-06-27,189.0,Repeat item-backed buyer
23846,8,7,140755,2438,2023-09-20,2023-09-20,104.0,Repeat item-backed buyer
27038,5,5,140752,5909,2021-07-10,2021-07-10,906.0,Repeat item-backed buyer
20591,12,10,140725,0,2023-09-06,2023-09-02,122.0,Repeat item-backed buyer
3429,9,9,140712,7508,2023-06-21,2023-06-21,195.0,Repeat item-backed buyer
14221,8,8,140676,1028,2023-03-14,2023-03-14,294.0,Repeat item-backed buyer
41325,7,5,140676,0,2023-10-01,2023-04-14,263.0,Repeat item-backed buyer
7416,9,9,140670,0,2023-01-14,2023-01-14,353.0,Repeat item-backed buyer
33375,11,9,140665,0,2023-11-05,2023-11-05,58.0,Repeat item-backed buyer
24054,10,9,140652,7125,2023-06-27,2023-06-27,189.0,Repeat item-backed buyer
24238,7,6,140650,3416,2023-09-18,2023-09-18,106.0,Repeat item-backed buyer
49912,8,8,140645,0,2023-02-03,2023-02-03,333.0,Repeat item-backed buyer
46016,9,7,140640,11346,2023-12-15,2023-12-15,18.0,Repeat item-backed buyer
14537,9,8,140634,0,2023-12-30,2023-07-08,178.0,Repeat item-backed buyer
31052,10,8,140626,2714,2023-12-10,2023-09-10,114.0,Repeat item-backed buyer
44609,10,9,140617,6932,2023-08-17,2023-08-17,138.0,Repeat item-backed buyer
38809,16,10,140606,0,2023-11-24,2023-11-24,39.0,Repeat item-backed buyer
35868,7,6,140594,0,2023-04-05,2023-04-05,272.0,Repeat item-backed buyer
24095,11,10,140590,4318,2023-01-28,2023-01-28,339.0,Repeat item-backed buyer
22333,13,11,140569,8735,2023-05-21,2023-05-21,226.0,Repeat item-backed buyer
24894,7,7,140568,924,2023-10-04,2023-10-04,90.0,Repeat item-backed buyer
17975,10,8,140567,0,2023-09-07,2023-09-07,117.0,Repeat item-backed buyer
48287,9,9,140564,1683,2023-11-09,2023-11-09,54.0,Repeat item-backed buyer
14599,10,10,140551,0,2023-10-27,2023-10-27,67.0,Repeat item-backed buyer
38070,12,12,140549,3055,2023-08-05,2023-08-05,150.0,Repeat item-backed buyer
33556,12,8,140547,7270,2023-12-23,2023-12-23,10.0,Repeat item-backed buyer
29717,8,8,140536,0,2023-12-04,2023-12-04,29.0,Repeat item-backed buyer
8752,9,9,140535,13288,2023-04-14,2023-04-14,263.0,Repeat item-backed buyer
45273,10,9,140534,4793,2023-09-12,2023-09-12,112.0,Repeat item-backed buyer
13747,7,7,140519,2668,2023-08-08,2023-08-08,147.0,Repeat item-backed buyer
40162,11,10,140518,0,2023-08-22,2023-08-22,133.0,Repeat item-backed buyer
29466,10,9,140510,5104,2023-04-27,2023-04-27,250.0,Repeat item-backed buyer
25240,8,8,140509,4406,2023-07-15,2023-07-15,171.0,Repeat item-backed buyer
46135,8,7,140505,0,2023-06-14,2023-06-14,202.0,Repeat item-backed buyer
11767,8,8,140490,0,2023-10-30,2023-10-30,64.0,Repeat item-backed buyer
14801,10,8,140490,0,2023-11-01,2023-01-28,339.0,Repeat item-backed buyer
2227,6,6,140485,0,2023-08-09,2023-08-09,146.0,Repeat item-backed buyer
10698,9,8,140485,0,2023-03-21,2023-03-21,287.0,Repeat item-backed buyer
41415,8,7,140479,2218,2023-09-01,2023-09-01,123.0,Repeat item-backed buyer
42749,8,7,140472,0,2023-01-06,2023-01-06,361.0,Repeat item-backed buyer
2157,9,7,140466,0,2023-11-03,2023-11-03,60.0,Repeat item-backed buyer
33176,10,10,140465,0,2023-09-29,2023-09-29,95.0,Repeat item-backed buyer
41183,10,10,140464,537,2023-11-01,2023-11-01,62.0,Repeat item-backed buyer
8872,8,7,140448,1232,2023-01-12,2023-01-12,355.0,Repeat item-backed buyer
854,8,8,140443,3351,2023-02-20,2023-02-20,316.0,Repeat item-backed buyer
44700,6,6,140439,0,2023-12-06,2023-12-06,27.0,Repeat item-backed buyer
29238,9,8,140438,4188,2023-06-26,2023-06-26,190.0,Repeat item-backed buyer
21395,6,4,140422,2103,2022-11-30,2022-11-30,398.0,Repeat item-backed buyer
44500,7,6,140416,0,2023-07-07,2023-07-07,179.0,Repeat item-backed buyer
1099,12,12,140415,3961,2023-09-12,2023-09-12,112.0,Repeat item-backed buyer
48101,11,10,140410,0,2023-04-25,2023-04-25,252.0,Repeat item-backed buyer
33947,8,7,140401,2027,2023-05-17,2023-05-17,230.0,Repeat item-backed buyer
19872,9,9,140399,4385,2023-09-07,2023-09-07,117.0,Repeat item-backed buyer
33691,9,9,140397,0,2023-12-19,2023-12-19,14.0,Repeat item-backed buyer
681,9,7,140396,1107,2023-12-28,2023-12-28,5.0,Repeat item-backed buyer
17326,9,8,140386,0,2023-11-01,2023-11-01,62.0,Repeat item-backed buyer
19195,10,9,140385,2032,2023-12-24,2023-11-10,53.0,Repeat item-backed buyer
21381,7,7,140378,0,2023-11-27,2023-11-27,36.0,Repeat item-backed buyer
34610,12,10,140374,0,2023-12-20,2023-12-20,13.0,Repeat item-backed buyer
35047,11,10,140359,1419,2023-04-28,2023-04-28,249.0,Repeat item-backed buyer
44895,8,8,140354,4354,2023-08-15,2023-08-15,140.0,Repeat item-backed buyer
18293,9,8,140353,0,2023-12-25,2023-12-25,8.0,Repeat item-backed buyer
36740,7,6,140346,0,2022-11-14,2022-11-14,414.0,Repeat item-backed buyer
10917,9,8,140336,0,2023-07-15,2023-07-15,171.0,Repeat item-backed buyer
31417,10,9,140335,0,2022-12-15,2022-12-15,383.0,Repeat item-backed buyer
30735,9,8,140331,4806,2023-06-15,2023-06-15,201.0,Repeat item-backed buyer
5177,8,6,140328,3076,2022-10-24,2022-10-24,435.0,Repeat item-backed buyer
20696,9,9,140326,4173,2023-12-09,2023-12-09,24.0,Repeat item-backed buyer
40439,9,8,140315,0,2023-05-02,2023-05-02,245.0,Repeat item-backed buyer
47904,10,9,140310,1530,2023-11-30,2023-08-07,148.0,Repeat item-backed buyer
14792,10,9,140306,0,2023-06-11,2023-06-11,205.0,Repeat item-backed buyer
32375,6,6,140298,4071,2023-11-05,2023-11-05,58.0,Repeat item-backed buyer
14038,6,6,140286,0,2023-05-22,2023-05-22,225.0,Repeat item-backed buyer
14736,12,11,140283,3789,2023-11-20,2023-11-20,43.0,Repeat item-backed buyer
27086,9,6,140280,0,2023-12-13,2023-12-13,20.0,Repeat item-backed buyer
35181,6,6,140279,0,2023-07-06,2023-07-06,180.0,Repeat item-backed buyer
14830,8,8,140266,3606,2023-08-25,2023-08-25,130.0,Repeat item-backed buyer
17540,9,7,140255,0,2023-11-12,2023-11-12,51.0,Repeat item-backed buyer
12759,12,9,140254,0,2023-06-14,2023-06-14,202.0,Repeat item-backed buyer
25029,8,7,140254,0,2023-09-02,2023-09-02,122.0,Repeat item-backed buyer
23313,9,8,140236,4900,2023-08-01,2023-08-01,154.0,Repeat item-backed buyer
3631,13,9,140232,2532,2023-10-26,2023-10-12,82.0,Repeat item-backed buyer
9252,8,8,140228,0,2023-09-30,2023-09-30,94.0,Repeat item-backed buyer
36808,9,9,140197,4677,2023-08-17,2023-08-17,138.0,Repeat item-backed buyer
5387,13,11,140194,5520,2023-11-05,2023-09-22,102.0,Repeat item-backed buyer
10315,6,5,140189,1814,2022-12-07,2022-05-24,588.0,Repeat item-backed buyer
39190,12,11,140189,2670,2023-09-27,2023-09-27,97.0,Repeat item-backed buyer
42466,7,7,140165,2049,2023-11-28,2023-11-28,35.0,Repeat item-backed buyer
20897,6,5,140154,13210,2023-05-25,2023-05-25,222.0,Repeat item-backed buyer
6802,10,10,140147,5444,2023-01-14,2023-01-14,353.0,Repeat item-backed buyer
39845,9,9,140143,2922,2023-10-29,2023-10-29,65.0,Repeat item-backed buyer
22910,10,9,140136,0,2023-09-20,2023-09-20,104.0,Repeat item-backed buyer
9414,10,9,140129,0,2023-08-01,2023-08-01,154.0,Repeat item-backed buyer
35875,5,4,140115,1991,2023-06-11,2023-06-11,205.0,Repeat item-backed buyer
48196,10,9,140106,6333,2023-11-18,2023-11-18,45.0,Repeat item-backed buyer
3782,6,6,140102,0,2023-10-23,2023-10-23,71.0,Repeat item-backed buyer
45667,9,9,140090,2293,2023-05-26,2023-05-26,221.0,Repeat item-backed buyer
9291,12,10,140088,0,2023-06-07,2023-06-07,209.0,Repeat item-backed buyer
13465,8,7,140080,805,2023-11-20,2023-11-20,43.0,Repeat item-backed buyer
33610,9,9,140061,3819,2023-10-17,2023-10-17,77.0,Repeat item-backed buyer
13146,15,12,140052,8070,2023-08-01,2023-08-01,154.0,Repeat item-backed buyer
12888,7,7,140051,846,2023-12-22,2023-12-22,11.0,Repeat item-backed buyer
1292,13,13,140046,147,2023-11-26,2023-11-26,37.0,Repeat item-backed buyer
4155,10,10,140039,13132,2023-02-14,2023-02-14,322.0,Repeat item-backed buyer
6957,7,6,140038,2591,2023-01-23,2023-01-23,344.0,Repeat item-backed buyer
6416,9,6,140036,3862,2022-11-11,2022-11-03,425.0,Repeat item-backed buyer
38184,8,8,140034,4696,2023-11-30,2023-11-30,33.0,Repeat item-backed buyer
34360,7,6,140032,392,2023-04-24,2023-03-12,296.0,Repeat item-backed buyer
16888,6,6,140005,3496,2023-08-14,2023-08-14,141.0,Repeat item-backed buyer
18161,8,7,140000,0,2022-05-24,2022-05-24,588.0,Repeat item-backed buyer
11093,9,8,139993,0,2023-10-14,2023-10-14,80.0,Repeat item-backed buyer
4550,9,8,139983,0,2023-05-27,2023-03-21,287.0,Repeat item-backed buyer
10101,9,9,139974,2703,2023-03-31,2023-03-31,277.0,Repeat item-backed buyer
18399,8,7,139974,0,2023-09-06,2023-09-06,118.0,Repeat item-backed buyer
9770,9,9,139972,0,2023-12-01,2023-12-01,32.0,Repeat item-backed buyer
38502,10,9,139968,258,2023-09-15,2023-09-15,109.0,Repeat item-backed buyer
29895,9,8,139959,1570,2023-10-28,2023-10-28,66.0,Repeat item-backed buyer
4896,8,8,139945,0,2023-11-15,2023-11-15,48.0,Repeat item-backed buyer
48040,12,10,139943,0,2023-10-01,2023-10-01,93.0,Repeat item-backed buyer
6703,11,11,139936,3570,2023-10-08,2023-10-08,86.0,Repeat item-backed buyer
30416,10,8,139934,0,2023-09-24,2023-09-24,100.0,Repeat item-backed buyer
35471,7,7,139931,4240,2023-08-13,2023-08-13,142.0,Repeat item-backed buyer
7263,10,10,139919,6951,2023-09-27,2023-09-27,97.0,Repeat item-backed buyer
37511,10,8,139914,6363,2023-08-22,2023-07-10,176.0,Repeat item-backed buyer
32301,9,7,139913,4939,2023-11-20,2023-11-20,43.0,Repeat item-backed buyer
19957,11,8,139908,1067,2023-11-17,2023-11-17,46.0,Repeat item-backed buyer
38778,10,9,139904,0,2022-10-12,2022-10-12,447.0,Repeat item-backed buyer
33868,9,8,139901,2262,2023-01-24,2022-09-18,471.0,Repeat item-backed buyer
11121,10,6,139900,0,2023-11-17,2023-11-17,46.0,Repeat item-backed buyer
48062,9,9,139882,7661,2023-10-08,2023-10-08,86.0,Repeat item-backed buyer
39503,7,7,139880,0,2023-07-18,2023-07-18,168.0,Repeat item-backed buyer
37908,9,7,139865,0,2023-11-16,2023-11-16,47.0,Repeat item-backed buyer
45436,9,8,139858,0,2023-01-28,2023-01-28,339.0,Repeat item-backed buyer
21316,7,7,139844,2315,2023-08-17,2023-08-17,138.0,Repeat item-backed buyer
47461,9,8,139828,1546,2023-10-10,2023-10-10,84.0,Repeat item-backed buyer
4494,9,8,139825,0,2023-11-26,2023-11-26,37.0,Repeat item-backed buyer
5208,6,6,139814,0,2022-12-30,2022-12-30,368.0,Repeat item-backed buyer
41167,9,8,139810,6415,2023-12-18,2023-12-18,15.0,Repeat item-backed buyer
2017,7,7,139807,16935,2022-08-04,2022-08-04,516.0,Repeat item-backed buyer
46844,9,8,139807,3217,2023-12-13,2023-12-13,20.0,Repeat item-backed buyer
36407,9,8,139791,2610,2023-03-15,2023-03-15,293.0,Repeat item-backed buyer
27355,7,7,139789,0,2023-07-19,2023-07-19,167.0,Repeat item-backed buyer
296,9,9,139782,0,2023-12-28,2023-12-28,5.0,Repeat item-backed buyer
170,8,6,139781,0,2023-09-16,2023-09-16,108.0,Repeat item-backed buyer
11927,10,9,139778,5177,2023-10-09,2023-10-09,85.0,Repeat item-backed buyer
29036,10,9,139777,2152,2023-02-10,2023-02-10,326.0,Repeat item-backed buyer
31021,10,8,139777,3801,2023-08-05,2023-08-05,150.0,Repeat item-backed buyer
6515,9,8,139776,8461,2023-07-14,2023-07-14,172.0,Repeat item-backed buyer
22751,7,6,139776,4475,2023-12-08,2023-12-08,25.0,Repeat item-backed buyer
34311,5,5,139774,1504,2023-11-01,2023-11-01,62.0,Repeat item-backed buyer
15141,12,12,139744,0,2023-05-05,2023-05-05,242.0,Repeat item-backed buyer
46161,9,8,139727,4951,2023-09-02,2023-07-28,158.0,Repeat item-backed buyer
49671,10,9,139725,4766,2023-12-01,2023-12-01,32.0,Repeat item-backed buyer
18498,9,9,139718,3256,2023-09-24,2023-09-24,100.0,Repeat item-backed buyer
37824,12,10,139715,626,2023-12-19,2023-12-19,14.0,Repeat item-backed buyer
3508,10,10,139712,928,2023-10-05,2023-10-05,89.0,Repeat item-backed buyer
46413,11,10,139711,3173,2023-02-24,2023-02-24,312.0,Repeat item-backed buyer
26620,10,8,139710,2261,2022-10-24,2022-08-10,510.0,Repeat item-backed buyer
48198,11,9,139699,2327,2023-08-22,2023-08-22,133.0,Repeat item-backed buyer
36859,11,7,139692,863,2023-08-04,2023-08-04,151.0,Repeat item-backed buyer
37920,10,10,139688,8386,2022-09-21,2022-09-21,468.0,Repeat item-backed buyer
40856,8,7,139686,8960,2023-08-07,2023-08-07,148.0,Repeat item-backed buyer
49831,12,10,139683,0,2023-07-13,2023-07-13,173.0,Repeat item-backed buyer
5930,8,6,139680,743,2023-07-19,2023-07-19,167.0,Repeat item-backed buyer
44552,6,5,139667,4607,2023-04-17,2022-12-28,370.0,Repeat item-backed buyer
31149,8,7,139651,0,2023-12-22,2023-12-22,11.0,Repeat item-backed buyer
28417,12,11,139647,12436,2023-12-20,2023-12-20,13.0,Repeat item-backed buyer
39241,7,6,139645,15684,2023-04-08,2023-02-21,315.0,Repeat item-backed buyer
44405,7,6,139641,340,2023-05-22,2023-05-22,225.0,Repeat item-backed buyer
30135,9,8,139626,8040,2023-09-06,2023-09-06,118.0,Repeat item-backed buyer
27711,10,8,139609,4490,2023-10-03,2023-10-03,91.0,Repeat item-backed buyer
37285,10,8,139588,1270,2023-09-29,2023-09-29,95.0,Repeat item-backed buyer
26550,5,5,139587,1878,2023-11-28,2023-11-28,35.0,Repeat item-backed buyer
14061,8,7,139572,4471,2023-08-31,2023-08-31,124.0,Repeat item-backed buyer
10144,10,10,139565,2179,2023-12-25,2023-12-25,8.0,Repeat item-backed buyer
6369,9,8,139561,0,2023-09-09,2023-09-09,115.0,Repeat item-backed buyer
35626,14,12,139560,9132,2023-11-24,2023-11-24,39.0,Repeat item-backed buyer
46308,9,8,139559,0,2022-09-27,2022-09-27,462.0,Repeat item-backed buyer
43218,13,11,139552,1637,2023-05-22,2023-05-22,225.0,Repeat item-backed buyer
33167,9,9,139551,1229,2023-09-23,2023-09-23,101.0,Repeat item-backed buyer
47302,8,8,139541,2724,2023-12-27,2023-12-27,6.0,Repeat item-backed buyer
41131,9,9,139521,597,2023-07-20,2023-07-20,166.0,Repeat item-backed buyer
37318,9,9,139511,0,2023-04-06,2023-04-06,271.0,Repeat item-backed buyer
42728,11,9,139511,0,2023-10-11,2023-10-11,83.0,Repeat item-backed buyer
25073,9,8,139491,6321,2023-12-07,2023-12-07,26.0,Repeat item-backed buyer
35279,8,7,139491,3816,2023-11-22,2023-11-22,41.0,Repeat item-backed buyer
36890,7,7,139484,0,2023-09-26,2023-09-26,98.0,Repeat item-backed buyer
45337,7,7,139482,0,2023-03-02,2023-03-02,306.0,Repeat item-backed buyer
1447,9,8,139464,8643,2023-10-05,2023-10-05,89.0,Repeat item-backed buyer
22321,8,8,139464,994,2022-07-31,2022-07-31,520.0,Repeat item-backed buyer
15160,8,8,139459,0,2023-12-19,2023-12-19,14.0,Repeat item-backed buyer
45021,10,8,139453,5356,2023-11-26,2023-11-26,37.0,Repeat item-backed buyer
11427,6,6,139440,0,2023-10-22,2023-10-22,72.0,Repeat item-backed buyer
26793,12,9,139433,1945,2023-12-08,2023-12-08,25.0,Repeat item-backed buyer
22847,8,6,139430,6695,2022-12-17,2022-12-17,381.0,Repeat item-backed buyer
39437,7,7,139416,5239,2022-07-30,2022-07-30,521.0,Repeat item-backed buyer
26930,9,7,139404,7282,2023-12-05,2023-12-05,28.0,Repeat item-backed buyer
14139,9,9,139389,0,2023-11-26,2023-11-26,37.0,Repeat item-backed buyer
20516,9,7,139385,6505,2022-08-19,2022-05-20,592.0,Repeat item-backed buyer
18471,7,7,139379,816,2023-08-28,2023-08-28,127.0,Repeat item-backed buyer
19050,6,5,139364,0,2022-12-06,2022-12-06,392.0,Repeat item-backed buyer
43660,10,8,139363,11564,2023-09-16,2023-09-16,108.0,Repeat item-backed buyer
26515,10,10,139354,371,2023-11-28,2023-11-28,35.0,Repeat item-backed buyer
46411,7,7,139351,3025,2023-02-27,2023-02-27,309.0,Repeat item-backed buyer
2101,8,8,139347,3917,2024-01-01,2024-01-01,1.0,Repeat item-backed buyer
7719,10,9,139342,4895,2023-12-21,2023-12-21,12.0,Repeat item-backed buyer
27521,11,9,139341,8939,2023-06-08,2023-06-08,208.0,Repeat item-backed buyer
14383,7,6,139328,0,2023-12-01,2023-12-01,32.0,Repeat item-backed buyer
24450,5,5,139328,0,2022-09-24,2022-09-24,465.0,Repeat item-backed buyer
31843,6,6,139313,847,2023-10-16,2023-10-16,78.0,Repeat item-backed buyer
29076,13,12,139309,0,2023-11-13,2023-11-13,50.0,Repeat item-backed buyer
33998,9,9,139305,3060,2023-01-26,2023-01-26,341.0,Repeat item-backed buyer
26313,12,10,139299,4103,2023-05-07,2023-01-29,338.0,Repeat item-backed buyer
5108,6,5,139292,0,2023-12-13,2023-12-13,20.0,Repeat item-backed buyer
2690,7,7,139290,9169,2022-12-03,2022-12-03,395.0,Repeat item-backed buyer
17138,10,8,139289,2382,2023-02-12,2023-02-12,324.0,Repeat item-backed buyer
36577,8,7,139271,284,2023-12-16,2023-12-16,17.0,Repeat item-backed buyer
8055,6,6,139246,2119,2023-10-28,2023-10-28,66.0,Repeat item-backed buyer
32542,7,7,139246,9207,2023-12-26,2023-12-26,7.0,Repeat item-backed buyer
1544,8,8,139245,7155,2023-11-29,2023-11-29,34.0,Repeat item-backed buyer
29899,9,9,139234,5422,2024-01-01,2024-01-01,1.0,Repeat item-backed buyer
9463,7,6,139232,11370,2023-08-11,2023-08-11,144.0,Repeat item-backed buyer
17760,10,9,139232,4771,2023-11-16,2023-11-16,47.0,Repeat item-backed buyer
29524,7,7,139232,2919,2023-11-07,2023-11-07,56.0,Repeat item-backed buyer
35604,9,8,139231,6544,2023-05-02,2023-02-06,330.0,Repeat item-backed buyer
34711,9,8,139223,1627,2023-11-02,2023-11-02,61.0,Repeat item-backed buyer
40627,9,7,139217,0,2023-11-24,2023-10-27,67.0,Repeat item-backed buyer
47137,9,8,139213,0,2023-03-06,2022-10-26,433.0,Repeat item-backed buyer
22236,7,7,139208,2358,2023-01-31,2023-01-31,336.0,Repeat item-backed buyer
3711,8,8,139206,239,2023-10-08,2023-10-08,86.0,Repeat item-backed buyer
22274,12,10,139199,4843,2023-08-29,2023-07-23,163.0,Repeat item-backed buyer
15115,10,10,139193,716,2023-10-22,2023-10-22,72.0,Repeat item-backed buyer
22530,6,6,139180,1917,2021-09-30,2021-09-30,824.0,Repeat item-backed buyer
26883,8,6,139158,0,2023-07-13,2023-07-13,173.0,Repeat item-backed buyer
44643,7,6,139158,0,2023-11-02,2023-11-02,61.0,Repeat item-backed buyer
47055,5,5,139153,3275,2023-10-16,2023-10-16,78.0,Repeat item-backed buyer
21266,7,7,139149,8699,2023-09-25,2023-09-25,99.0,Repeat item-backed buyer
47220,7,7,139140,4977,2023-02-21,2023-02-21,315.0,Repeat item-backed buyer
38454,9,8,139133,0,2023-11-11,2023-11-11,52.0,Repeat item-backed buyer
31903,8,8,139126,0,2023-11-10,2023-11-10,53.0,Repeat item-backed buyer
20835,7,6,139122,8398,2023-11-02,2023-11-02,61.0,Repeat item-backed buyer
38131,8,7,139114,302,2023-08-18,2023-08-18,137.0,Repeat item-backed buyer
33190,10,10,139112,4412,2023-11-15,2023-11-15,48.0,Repeat item-backed buyer
26139,8,6,139096,0,2023-08-20,2023-08-20,135.0,Repeat item-backed buyer
49110,9,7,139091,3451,2023-12-25,2023-12-25,8.0,Repeat item-backed buyer
11199,8,8,139088,3523,2023-04-05,2023-04-05,272.0,Repeat item-backed buyer
7399,9,8,139055,4081,2023-12-30,2023-12-30,3.0,Repeat item-backed buyer
23444,10,8,139055,1935,2023-12-17,2023-12-17,16.0,Repeat item-backed buyer
1619,5,5,139053,337,2023-05-23,2023-05-23,224.0,Repeat item-backed buyer
16762,13,11,139053,0,2023-11-07,2023-11-07,56.0,Repeat item-backed buyer
32671,5,5,139047,0,2022-10-02,2022-10-02,457.0,Repeat item-backed buyer
46643,11,10,139047,6836,2023-07-28,2023-07-28,158.0,Repeat item-backed buyer
5380,7,7,139044,0,2023-07-11,2023-07-11,175.0,Repeat item-backed buyer
46043,13,10,139033,1710,2023-10-28,2023-10-28,66.0,Repeat item-backed buyer
15525,11,9,139031,876,2023-12-20,2023-12-20,13.0,Repeat item-backed buyer
31489,8,8,139025,0,2023-10-30,2023-10-30,64.0,Repeat item-backed buyer
36754,8,8,139006,0,2022-07-21,2022-07-21,530.0,Repeat item-backed buyer
24258,7,6,139005,0,2023-10-07,2023-10-07,87.0,Repeat item-backed buyer
17171,8,8,138997,0,2023-04-13,2023-04-13,264.0,Repeat item-backed buyer
10800,9,9,138996,0,2023-08-17,2023-08-17,138.0,Repeat item-backed buyer
3965,9,8,138992,7959,2023-07-18,2023-07-18,168.0,Repeat item-backed buyer
1910,12,11,138977,751,2023-12-26,2023-12-26,7.0,Repeat item-backed buyer
15981,11,10,138958,0,2022-11-26,2022-11-26,402.0,Repeat item-backed buyer
49115,7,6,138958,1387,2023-09-25,2023-09-25,99.0,Repeat item-backed buyer
30947,6,6,138950,3206,2023-04-13,2023-04-13,264.0,Repeat item-backed buyer
48594,7,6,138938,2651,2022-06-19,2022-06-19,562.0,Repeat item-backed buyer
16481,8,8,138934,6886,2023-08-15,2023-08-15,140.0,Repeat item-backed buyer
3907,10,9,138911,4666,2023-11-26,2023-11-26,37.0,Repeat item-backed buyer
33757,11,11,138908,3410,2023-11-19,2023-11-19,44.0,Repeat item-backed buyer
37459,10,10,138899,11365,2023-05-25,2023-05-25,222.0,Repeat item-backed buyer
2911,11,11,138894,0,2023-09-29,2023-09-29,95.0,Repeat item-backed buyer
34027,7,7,138890,2274,2023-12-02,2023-12-02,31.0,Repeat item-backed buyer
18652,7,6,138883,577,2023-06-04,2022-11-15,413.0,Repeat item-backed buyer
44279,9,8,138870,0,2023-04-04,2023-04-04,273.0,Repeat item-backed buyer
32516,8,7,138867,1518,2023-09-21,2023-09-21,103.0,Repeat item-backed buyer
33614,11,9,138867,330,2023-12-05,2023-12-05,28.0,Repeat item-backed buyer
43773,10,8,138866,3755,2023-03-03,2023-03-03,305.0,Repeat item-backed buyer
19275,8,6,138857,0,2023-06-22,2023-06-22,194.0,Repeat item-backed buyer
22273,8,7,138845,1256,2023-07-04,2023-07-04,182.0,Repeat item-backed buyer
47897,10,9,138844,3655,2023-12-14,2023-12-14,19.0,Repeat item-backed buyer
9563,7,6,138841,0,2023-12-24,2023-12-24,9.0,Repeat item-backed buyer
12031,7,6,138836,5703,2023-07-03,2023-07-03,183.0,Repeat item-backed buyer
43404,10,7,138827,3019,2023-06-27,2023-06-27,189.0,Repeat item-backed buyer
24501,4,4,138825,0,2023-06-13,2023-06-13,203.0,Repeat item-backed buyer
45828,10,9,138821,0,2023-08-15,2023-08-15,140.0,Repeat item-backed buyer
40539,11,8,138816,4796,2021-12-10,2021-08-07,878.0,Repeat item-backed buyer
44617,9,9,138813,1509,2023-10-06,2023-10-06,88.0,Repeat item-backed buyer
24285,11,10,138808,5052,2023-05-18,2023-05-18,229.0,Repeat item-backed buyer
39469,11,8,138807,3398,2023-12-04,2023-12-04,29.0,Repeat item-backed buyer
15513,7,7,138802,0,2023-06-29,2023-06-29,187.0,Repeat item-backed buyer
43127,12,12,138796,2368,2022-12-22,2022-12-22,376.0,Repeat item-backed buyer
3349,10,10,138788,7268,2023-08-11,2023-08-11,144.0,Repeat item-backed buyer
8745,8,7,138778,0,2023-10-24,2023-10-24,70.0,Repeat item-backed buyer
3528,7,5,138766,4736,2023-12-05,2023-12-05,28.0,Repeat item-backed buyer
22055,8,7,138745,1045,2023-11-29,2023-11-29,34.0,Repeat item-backed buyer
22584,9,9,138715,0,2023-12-06,2023-12-06,27.0,Repeat item-backed buyer
9316,9,7,138697,0,2023-06-14,2023-01-25,342.0,Repeat item-backed buyer
26959,7,6,138697,4552,2023-10-17,2023-10-17,77.0,Repeat item-backed buyer
23642,10,9,138694,0,2023-07-25,2023-05-01,246.0,Repeat item-backed buyer
8236,7,7,138692,3033,2023-12-16,2023-12-16,17.0,Repeat item-backed buyer
48726,8,8,138689,0,2023-11-16,2023-11-16,47.0,Repeat item-backed buyer
30444,9,8,138688,54,2023-12-09,2023-12-09,24.0,Repeat item-backed buyer
24781,8,8,138662,3731,2023-05-14,2023-05-14,233.0,Repeat item-backed buyer
21139,7,7,138661,1704,2023-11-22,2023-11-22,41.0,Repeat item-backed buyer
37767,11,8,138650,0,2022-07-25,2022-04-17,625.0,Repeat item-backed buyer
49178,9,8,138645,0,2023-06-03,2023-05-31,216.0,Repeat item-backed buyer
28439,6,6,138644,0,2023-06-19,2023-06-19,197.0,Repeat item-backed buyer
37372,7,7,138628,0,2023-07-11,2023-07-11,175.0,Repeat item-backed buyer
22491,5,5,138621,4566,2023-11-06,2023-11-06,57.0,Repeat item-backed buyer
31031,9,9,138618,0,2023-11-07,2023-11-07,56.0,Repeat item-backed buyer
23463,6,5,138613,1373,2023-09-28,2023-09-28,96.0,Repeat item-backed buyer
20020,9,9,138609,1777,2023-12-02,2023-12-02,31.0,Repeat item-backed buyer
13752,12,11,138608,4777,2022-12-09,2022-11-12,416.0,Repeat item-backed buyer
37355,6,6,138603,4817,2023-08-14,2023-08-14,141.0,Repeat item-backed buyer
23258,6,6,138595,0,2023-12-18,2023-12-18,15.0,Repeat item-backed buyer
46192,14,12,138586,0,2023-11-18,2023-11-18,45.0,Repeat item-backed buyer
15373,10,9,138584,8161,2023-12-03,2023-12-03,30.0,Repeat item-backed buyer
47310,8,7,138566,1701,2023-12-14,2023-10-06,88.0,Repeat item-backed buyer
11492,6,5,138564,0,2023-11-16,2023-11-16,47.0,Repeat item-backed buyer
37522,9,9,138563,8787,2022-10-17,2022-10-17,442.0,Repeat item-backed buyer
26586,7,7,138551,336,2023-09-14,2023-09-14,110.0,Repeat item-backed buyer
36294,5,5,138545,9068,2023-07-14,2023-07-14,172.0,Repeat item-backed buyer
43448,8,8,138545,4187,2023-11-01,2023-11-01,62.0,Repeat item-backed buyer
11329,7,6,138514,0,2023-02-17,2023-02-17,319.0,Repeat item-backed buyer
49385,9,8,138500,1579,2022-10-23,2022-10-23,436.0,Repeat item-backed buyer
14179,10,7,138495,2236,2023-12-18,2023-06-11,205.0,Repeat item-backed buyer
25031,9,8,138446,0,2023-09-18,2023-09-18,106.0,Repeat item-backed buyer
21524,9,8,138426,0,2023-12-14,2023-12-14,19.0,Repeat item-backed buyer
46000,13,12,138402,1322,2023-12-07,2023-12-07,26.0,Repeat item-backed buyer
24599,10,10,138394,2455,2023-04-28,2023-04-28,249.0,Repeat item-backed buyer
1421,13,9,138392,4389,2023-10-19,2023-07-13,173.0,Repeat item-backed buyer
15489,9,9,138388,0,2022-12-25,2022-12-25,373.0,Repeat item-backed buyer
19081,9,8,138388,3642,2023-05-02,2023-03-28,280.0,Repeat item-backed buyer
25559,10,8,138360,8672,2022-06-29,2022-06-29,552.0,Repeat item-backed buyer
42202,7,7,138343,0,2023-07-19,2023-07-19,167.0,Repeat item-backed buyer
42508,8,8,138337,6553,2023-02-22,2023-02-22,314.0,Repeat item-backed buyer
47477,8,8,138333,2686,2023-08-25,2023-08-25,130.0,Repeat item-backed buyer
36915,6,6,138327,0,2023-07-23,2023-07-23,163.0,Repeat item-backed buyer
15855,14,9,138316,764,2023-09-27,2023-09-27,97.0,Repeat item-backed buyer
34844,11,8,138311,4459,2023-05-01,2023-05-01,246.0,Repeat item-backed buyer
11037,9,8,138310,5553,2023-06-09,2023-06-09,207.0,Repeat item-backed buyer
19004,11,9,138307,2990,2023-10-30,2023-10-30,64.0,Repeat item-backed buyer
42499,6,6,138296,1587,2023-08-01,2023-08-01,154.0,Repeat item-backed buyer
36449,7,7,138293,0,2023-03-22,2023-03-22,286.0,Repeat item-backed buyer
19477,6,6,138291,0,2023-12-19,2023-12-19,14.0,Repeat item-backed buyer
41903,7,7,138290,2168,2023-05-14,2023-05-14,233.0,Repeat item-backed buyer
13718,9,9,138289,0,2023-06-20,2023-06-20,196.0,Repeat item-backed buyer
5468,6,6,138279,0,2023-08-25,2023-08-25,130.0,Repeat item-backed buyer
22287,11,11,138277,4669,2023-03-01,2023-03-01,307.0,Repeat item-backed buyer
8051,9,9,138272,4283,2023-12-24,2023-12-24,9.0,Repeat item-backed buyer
24194,6,6,138267,0,2022-12-11,2022-12-11,387.0,Repeat item-backed buyer
22700,8,8,138265,0,2022-12-31,2022-12-31,367.0,Repeat item-backed buyer
37807,10,7,138257,8317,2023-05-13,2023-02-10,326.0,Repeat item-backed buyer
40633,10,8,138248,3992,2023-12-07,2023-12-07,26.0,Repeat item-backed buyer
7149,7,7,138225,8087,2023-01-13,2023-01-13,354.0,Repeat item-backed buyer
38147,12,9,138221,1071,2023-11-09,2023-11-09,54.0,Repeat item-backed buyer
18566,10,10,138215,0,2023-12-01,2023-12-01,32.0,Repeat item-backed buyer
38941,11,9,138203,0,2023-12-28,2023-12-28,5.0,Repeat item-backed buyer
9738,6,6,138190,6551,2023-08-08,2023-08-08,147.0,Repeat item-backed buyer
17223,9,9,138190,0,2023-11-19,2023-11-19,44.0,Repeat item-backed buyer
24078,10,10,138189,0,2023-07-05,2023-07-05,181.0,Repeat item-backed buyer
45960,12,11,138187,0,2023-11-24,2023-11-24,39.0,Repeat item-backed buyer
16817,6,6,138179,0,2023-10-31,2023-10-31,63.0,Repeat item-backed buyer
38674,9,9,138176,3746,2023-11-27,2023-11-27,36.0,Repeat item-backed buyer
38687,8,7,138166,0,2023-11-01,2023-11-01,62.0,Repeat item-backed buyer
26676,6,6,138163,5514,2022-11-06,2022-11-06,422.0,Repeat item-backed buyer
45391,8,8,138153,642,2023-12-01,2023-12-01,32.0,Repeat item-backed buyer
43682,12,11,138152,8167,2023-06-14,2023-06-14,202.0,Repeat item-backed buyer
48152,9,8,138144,0,2023-12-11,2023-12-11,22.0,Repeat item-backed buyer
4316,6,6,138139,0,2023-01-29,2023-01-29,338.0,Repeat item-backed buyer
46792,8,8,138132,9850,2022-10-11,2022-10-11,448.0,Repeat item-backed buyer
16672,9,9,138117,3723,2023-12-20,2023-12-20,13.0,Repeat item-backed buyer
25558,5,5,138115,7183,2023-12-21,2023-12-21,12.0,Repeat item-backed buyer
44684,12,10,138091,3762,2023-09-05,2023-09-05,119.0,Repeat item-backed buyer
6043,11,8,138086,0,2023-12-30,2023-12-30,3.0,Repeat item-backed buyer
43801,10,8,138066,0,2022-11-26,2022-11-26,402.0,Repeat item-backed buyer
25309,10,9,138057,0,2023-12-14,2023-12-14,19.0,Repeat item-backed buyer
16573,12,10,138046,1547,2023-11-28,2023-01-31,336.0,Repeat item-backed buyer
46892,11,10,138019,2684,2023-09-24,2023-09-24,100.0,Repeat item-backed buyer
40414,10,10,138016,6967,2023-04-20,2023-04-20,257.0,Repeat item-backed buyer
630,8,8,138007,0,2023-11-10,2023-11-10,53.0,Repeat item-backed buyer
36794,10,10,138006,3744,2023-07-31,2023-07-31,155.0,Repeat item-backed buyer
10595,5,4,138003,0,2023-11-03,2023-11-03,60.0,Repeat item-backed buyer
31294,7,7,137997,0,2023-09-15,2023-09-15,109.0,Repeat item-backed buyer
17670,10,10,137987,1466,2023-12-30,2023-12-30,3.0,Repeat item-backed buyer
29102,7,7,137982,2202,2023-10-23,2023-10-23,71.0,Repeat item-backed buyer
19860,7,5,137972,0,2023-07-30,2023-07-30,156.0,Repeat item-backed buyer
7494,10,10,137956,0,2023-12-19,2023-12-19,14.0,Repeat item-backed buyer
11813,8,8,137935,0,2023-12-08,2023-12-08,25.0,Repeat item-backed buyer
4805,9,8,137934,0,2024-01-01,2024-01-01,1.0,Repeat item-backed buyer
26854,10,7,137933,0,2023-07-23,2023-06-19,197.0,Repeat item-backed buyer
45352,8,6,137930,0,2023-08-12,2023-08-12,143.0,Repeat item-backed buyer
7423,8,7,137928,2710,2023-12-24,2023-12-24,9.0,Repeat item-backed buyer
19719,8,8,137921,4398,2023-11-09,2023-11-09,54.0,Repeat item-backed buyer
37415,7,7,137909,8692,2023-11-09,2023-11-09,54.0,Repeat item-backed buyer
3210,8,8,137889,0,2023-07-02,2023-07-02,184.0,Repeat item-backed buyer
26680,10,9,137878,10432,2023-11-12,2023-11-12,51.0,Repeat item-backed buyer
47912,10,10,137876,7513,2023-09-05,2023-09-05,119.0,Repeat item-backed buyer
25823,6,5,137865,4837,2023-07-27,2023-07-27,159.0,Repeat item-backed buyer
18501,7,5,137858,0,2023-12-14,2023-12-14,19.0,Repeat item-backed buyer
31301,6,6,137855,7942,2023-10-25,2023-10-25,69.0,Repeat item-backed buyer
6895,8,6,137853,0,2023-02-24,2022-11-11,417.0,Repeat item-backed buyer
20615,6,6,137852,5305,2023-09-30,2023-09-30,94.0,Repeat item-backed buyer
11358,8,8,137849,3885,2023-11-24,2023-11-24,39.0,Repeat item-backed buyer
27044,8,7,137849,8889,2023-08-12,2023-08-12,143.0,Repeat item-backed buyer
46874,12,10,137845,0,2023-12-26,2023-12-26,7.0,Repeat item-backed buyer
22942,9,8,137834,5379,2023-01-08,2022-11-24,404.0,Repeat item-backed buyer
30580,8,8,137824,1153,2023-09-09,2023-09-09,115.0,Repeat item-backed buyer
46978,8,6,137821,0,2023-09-17,2023-09-17,107.0,Repeat item-backed buyer
23873,6,4,137818,8529,2023-11-06,2023-05-08,239.0,Repeat item-backed buyer
33600,12,9,137818,1325,2023-12-28,2023-11-29,34.0,Repeat item-backed buyer
41763,8,7,137813,3529,2023-10-18,2023-10-18,76.0,Repeat item-backed buyer
43728,9,9,137785,7915,2023-11-28,2023-11-28,35.0,Repeat item-backed buyer
31026,9,9,137765,2530,2023-08-23,2023-08-23,132.0,Repeat item-backed buyer
525,8,8,137739,0,2023-10-27,2023-10-27,67.0,Repeat item-backed buyer
12639,9,8,137737,0,2023-07-29,2022-09-25,464.0,Repeat item-backed buyer
40030,7,5,137729,4526,2023-11-11,2022-12-02,396.0,Repeat item-backed buyer
2581,11,10,137725,0,2022-06-22,2022-06-22,559.0,Repeat item-backed buyer
12813,12,10,137715,0,2023-11-09,2023-11-09,54.0,Repeat item-backed buyer
15467,12,11,137687,6727,2023-12-08,2023-06-01,215.0,Repeat item-backed buyer
2203,10,9,137684,0,2023-12-06,2023-12-06,27.0,Repeat item-backed buyer
30114,12,11,137677,7950,2023-10-23,2023-10-23,71.0,Repeat item-backed buyer
32583,13,12,137672,3057,2023-02-21,2023-02-21,315.0,Repeat item-backed buyer
19129,9,8,137668,0,2023-11-17,2023-11-17,46.0,Repeat item-backed buyer
19240,6,6,137641,4953,2023-11-04,2023-11-04,59.0,Repeat item-backed buyer
20580,10,10,137640,7777,2023-06-01,2023-06-01,215.0,Repeat item-backed buyer
14535,11,11,137633,3025,2023-05-24,2023-05-24,223.0,Repeat item-backed buyer
36423,7,6,137632,0,2023-12-09,2023-12-09,24.0,Repeat item-backed buyer
39427,10,9,137621,3895,2023-05-15,2023-05-15,232.0,Repeat item-backed buyer
39359,12,10,137591,6677,2023-08-28,2023-08-28,127.0,Repeat item-backed buyer
21782,10,10,137586,4000,2023-12-19,2023-12-19,14.0,Repeat item-backed buyer
4177,9,9,137584,459,2023-11-22,2023-11-22,41.0,Repeat item-backed buyer
43297,7,7,137578,4474,2023-11-03,2023-11-03,60.0,Repeat item-backed buyer
3541,9,7,137575,9063,2023-06-03,2023-06-03,213.0,Repeat item-backed buyer
34270,9,8,137571,0,2023-09-19,2023-09-19,105.0,Repeat item-backed buyer
27491,8,8,137569,0,2023-12-04,2023-12-04,29.0,Repeat item-backed buyer
36831,10,10,137561,9159,2023-11-16,2023-11-16,47.0,Repeat item-backed buyer
14052,8,7,137546,0,2023-07-12,2023-07-12,174.0,Repeat item-backed buyer
19528,8,7,137541,0,2023-12-27,2023-12-27,6.0,Repeat item-backed buyer
27369,10,9,137521,0,2023-04-12,2023-04-12,265.0,Repeat item-backed buyer
15139,8,7,137517,1615,2023-07-15,2022-08-09,511.0,Repeat item-backed buyer
10912,8,8,137509,0,2023-09-20,2023-09-20,104.0,Repeat item-backed buyer
34414,8,7,137498,0,2023-10-01,2023-10-01,93.0,Repeat item-backed buyer
42395,10,8,137490,0,2023-12-13,2023-12-13,20.0,Repeat item-backed buyer
25778,8,8,137485,634,2022-12-08,2022-12-08,390.0,Repeat item-backed buyer
16581,8,7,137483,0,2023-09-27,2023-09-21,103.0,Repeat item-backed buyer
49118,9,7,137482,3734,2023-05-10,2021-08-08,877.0,Repeat item-backed buyer
16252,9,9,137480,5591,2023-11-08,2023-11-08,55.0,Repeat item-backed buyer
25882,7,6,137467,0,2023-10-29,2023-10-29,65.0,Repeat item-backed buyer
9780,6,5,137464,0,2023-10-03,2023-10-03,91.0,Repeat item-backed buyer
23487,10,9,137461,2601,2023-11-30,2023-09-29,95.0,Repeat item-backed buyer
40937,8,7,137456,2548,2023-08-04,2023-08-04,151.0,Repeat item-backed buyer
28561,9,6,137446,3614,2023-10-24,2023-10-24,70.0,Repeat item-backed buyer
26127,7,7,137427,2350,2023-10-30,2023-10-30,64.0,Repeat item-backed buyer
29340,10,10,137423,0,2022-09-24,2022-09-24,465.0,Repeat item-backed buyer
22789,7,6,137419,8055,2023-04-27,2023-04-27,250.0,Repeat item-backed buyer
40845,10,10,137405,0,2023-09-24,2023-09-24,100.0,Repeat item-backed buyer
32087,6,6,137369,0,2023-10-12,2023-10-12,82.0,Repeat item-backed buyer
29630,8,8,137363,0,2023-06-19,2023-06-19,197.0,Repeat item-backed buyer
6030,8,6,137359,3810,2023-12-18,2023-07-06,180.0,Repeat item-backed buyer
70,12,10,137355,0,2023-12-27,2023-02-12,324.0,Repeat item-backed buyer
39060,7,7,137351,0,2023-05-10,2023-05-10,237.0,Repeat item-backed buyer
6276,9,9,137350,4933,2023-07-16,2023-07-16,170.0,Repeat item-backed buyer
23290,7,5,137349,4843,2022-11-04,2022-07-07,544.0,Repeat item-backed buyer
21538,7,7,137346,0,2023-03-15,2023-03-15,293.0,Repeat item-backed buyer
19193,9,6,137332,1792,2023-11-19,2023-10-31,63.0,Repeat item-backed buyer
3786,8,7,137329,0,2023-12-15,2023-12-15,18.0,Repeat item-backed buyer
3417,10,8,137325,0,2023-12-14,2023-12-14,19.0,Repeat item-backed buyer
18580,13,12,137304,0,2023-12-12,2023-12-12,21.0,Repeat item-backed buyer
37254,7,5,137302,0,2023-11-01,2023-05-25,222.0,Repeat item-backed buyer
10353,8,7,137301,105,2023-08-16,2023-08-16,139.0,Repeat item-backed buyer
2422,8,8,137300,0,2023-04-10,2023-04-10,267.0,Repeat item-backed buyer
26998,8,8,137290,0,2022-11-21,2022-11-21,407.0,Repeat item-backed buyer
15020,11,7,137281,0,2023-09-14,2023-09-14,110.0,Repeat item-backed buyer
21074,5,5,137274,1205,2023-12-12,2023-12-12,21.0,Repeat item-backed buyer
5093,7,6,137268,0,2023-01-17,2023-01-17,350.0,Repeat item-backed buyer
38227,10,9,137267,2359,2022-10-21,2022-10-21,438.0,Repeat item-backed buyer
13837,12,11,137261,1788,2023-10-28,2023-10-28,66.0,Repeat item-backed buyer
21047,6,5,137226,0,2022-12-29,2022-12-29,369.0,Repeat item-backed buyer
3232,9,6,137222,0,2023-12-17,2023-12-17,16.0,Repeat item-backed buyer
48921,5,5,137220,614,2023-10-19,2023-10-19,75.0,Repeat item-backed buyer
33338,9,8,137215,4463,2023-04-08,2023-04-08,269.0,Repeat item-backed buyer
35907,8,7,137209,0,2023-12-16,2023-12-16,17.0,Repeat item-backed buyer
28702,8,7,137202,0,2023-11-30,2023-11-30,33.0,Repeat item-backed buyer
14084,7,6,137197,0,2022-10-14,2022-10-14,445.0,Repeat item-backed buyer
4473,8,7,137188,7739,2023-12-18,2023-12-18,15.0,Repeat item-backed buyer
18879,9,6,137181,0,2022-09-02,2022-06-11,570.0,Repeat item-backed buyer
47221,8,6,137172,0,2023-04-30,2023-01-20,347.0,Repeat item-backed buyer
7301,12,10,137171,3863,2023-12-26,2023-12-26,7.0,Repeat item-backed buyer
10086,5,5,137166,980,2023-09-26,2023-09-26,98.0,Repeat item-backed buyer
2712,8,8,137162,3840,2023-06-24,2023-06-24,192.0,Repeat item-backed buyer
48067,7,7,137159,0,2022-08-02,2022-08-02,518.0,Repeat item-backed buyer
34968,8,7,137158,5467,2023-08-16,2023-08-16,139.0,Repeat item-backed buyer
21186,9,8,137155,0,2023-09-07,2023-09-07,117.0,Repeat item-backed buyer
15236,12,11,137153,566,2023-10-20,2023-10-20,74.0,Repeat item-backed buyer
28656,11,10,137148,256,2023-11-24,2023-07-04,182.0,Repeat item-backed buyer
1385,15,11,137146,0,2023-07-06,2023-07-06,180.0,Repeat item-backed buyer
9187,10,9,137144,267,2023-10-12,2023-10-12,82.0,Repeat item-backed buyer
17065,8,7,137143,4745,2023-04-13,2023-02-23,313.0,Repeat item-backed buyer
17613,9,8,137142,3775,2023-12-29,2023-12-29,4.0,Repeat item-backed buyer
29209,12,11,137115,0,2022-11-25,2022-11-25,403.0,Repeat item-backed buyer
1075,9,8,137111,2414,2023-10-20,2023-10-20,74.0,Repeat item-backed buyer
46081,13,11,137103,513,2023-11-14,2023-11-14,49.0,Repeat item-backed buyer
20238,8,7,137096,499,2023-12-17,2023-12-17,16.0,Repeat item-backed buyer
48328,7,7,137096,6172,2022-12-27,2022-12-27,371.0,Repeat item-backed buyer
49662,7,6,137094,2300,2023-09-02,2023-09-02,122.0,Repeat item-backed buyer
40739,6,6,137075,0,2023-04-05,2023-04-05,272.0,Repeat item-backed buyer
27401,9,8,137072,6875,2023-07-04,2023-07-04,182.0,Repeat item-backed buyer
275,6,6,137070,4951,2023-10-08,2023-10-08,86.0,Repeat item-backed buyer
16665,7,7,137051,0,2023-12-31,2023-12-31,2.0,Repeat item-backed buyer
45627,7,7,137038,0,2023-12-14,2023-12-14,19.0,Repeat item-backed buyer
6682,9,8,137004,4224,2023-04-01,2023-04-01,276.0,Repeat item-backed buyer
26405,11,9,136984,3309,2023-10-26,2023-10-26,68.0,Repeat item-backed buyer
19602,6,6,136973,0,2023-07-24,2023-07-24,162.0,Repeat item-backed buyer
27120,7,7,136967,2082,2023-12-17,2023-12-17,16.0,Repeat item-backed buyer
40808,7,7,136956,4601,2023-12-20,2023-12-20,13.0,Repeat item-backed buyer
40045,11,10,136953,1659,2023-11-30,2023-11-30,33.0,Repeat item-backed buyer
33243,12,9,136946,5642,2023-08-18,2023-08-18,137.0,Repeat item-backed buyer
15357,8,8,136939,0,2023-12-05,2023-12-05,28.0,Repeat item-backed buyer
44004,10,7,136937,2055,2023-08-07,2023-08-07,148.0,Repeat item-backed buyer
12799,8,8,136930,0,2023-01-12,2023-01-12,355.0,Repeat item-backed buyer
25462,6,6,136930,115,2024-01-01,2024-01-01,1.0,Repeat item-backed buyer
32161,8,7,136926,807,2023-11-28,2023-11-28,35.0,Repeat item-backed buyer
42581,8,8,136904,10291,2023-09-14,2023-09-14,110.0,Repeat item-backed buyer
16047,14,11,136901,7790,2023-09-02,2023-05-12,235.0,Repeat item-backed buyer
9566,6,6,136896,3379,2023-07-18,2023-07-18,168.0,Repeat item-backed buyer
7979,8,5,136895,0,2021-11-13,2021-05-06,971.0,Repeat item-backed buyer
29507,10,9,136895,284,2023-06-14,2023-06-14,202.0,Repeat item-backed buyer
31965,10,10,136890,0,2023-07-27,2023-07-27,159.0,Repeat item-backed buyer
13434,5,5,136875,7323,2023-10-20,2023-10-20,74.0,Repeat item-backed buyer
8592,9,9,136864,0,2023-08-28,2023-08-28,127.0,Repeat item-backed buyer
39419,11,9,136862,8488,2023-03-25,2023-03-25,283.0,Repeat item-backed buyer
30326,8,8,136849,645,2023-09-02,2023-09-02,122.0,Repeat item-backed buyer
452,8,7,136845,0,2023-12-12,2023-07-11,175.0,Repeat item-backed buyer
4392,10,9,136831,11938,2023-12-27,2023-12-27,6.0,Repeat item-backed buyer
41180,7,7,136829,3989,2023-05-20,2023-05-20,227.0,Repeat item-backed buyer
41705,7,7,136817,0,2023-07-25,2023-07-25,161.0,Repeat item-backed buyer
39299,11,10,136816,6312,2023-04-04,2023-04-04,273.0,Repeat item-backed buyer
27140,7,7,136812,274,2023-10-23,2023-10-23,71.0,Repeat item-backed buyer
36708,6,6,136807,3796,2022-10-11,2022-10-11,448.0,Repeat item-backed buyer
29141,6,6,136803,7799,2023-11-26,2023-11-26,37.0,Repeat item-backed buyer
32778,8,7,136802,7228,2023-08-14,2023-08-14,141.0,Repeat item-backed buyer
38932,10,8,136800,0,2023-08-12,2023-08-12,143.0,Repeat item-backed buyer
10955,7,7,136797,0,2023-11-06,2023-11-06,57.0,Repeat item-backed buyer
8918,7,7,136769,0,2023-09-25,2023-09-25,99.0,Repeat item-backed buyer
43308,8,8,136766,0,2023-12-20,2023-12-20,13.0,Repeat item-backed buyer
40708,9,8,136759,7564,2023-09-07,2023-09-07,117.0,Repeat item-backed buyer
47159,10,10,136754,0,2023-02-10,2023-02-10,326.0,Repeat item-backed buyer
39298,7,7,136753,9195,2023-10-28,2023-10-28,66.0,Repeat item-backed buyer
17991,7,7,136747,1681,2023-11-15,2023-11-15,48.0,Repeat item-backed buyer
39757,9,8,136726,4329,2023-10-24,2023-10-24,70.0,Repeat item-backed buyer
32850,11,10,136709,4432,2023-04-18,2023-04-18,259.0,Repeat item-backed buyer
33091,10,9,136707,0,2023-10-17,2023-10-06,88.0,Repeat item-backed buyer
39663,10,9,136699,0,2023-07-19,2023-07-19,167.0,Repeat item-backed buyer
20640,11,9,136683,2281,2023-08-20,2023-08-20,135.0,Repeat item-backed buyer
15977,6,5,136681,0,2023-08-26,2023-08-26,129.0,Repeat item-backed buyer
20133,8,8,136678,9982,2023-08-15,2023-08-15,140.0,Repeat item-backed buyer
48163,7,7,136678,4673,2023-07-11,2023-07-11,175.0,Repeat item-backed buyer
43592,10,9,136674,0,2023-12-08,2023-03-14,294.0,Repeat item-backed buyer
35558,11,9,136667,5655,2022-12-07,2022-07-28,523.0,Repeat item-backed buyer
38580,11,10,136666,1423,2023-12-23,2023-07-26,160.0,Repeat item-backed buyer
6710,9,8,136660,13185,2023-04-17,2023-04-17,260.0,Repeat item-backed buyer
46700,6,5,136657,0,2023-06-12,2023-06-12,204.0,Repeat item-backed buyer
6737,10,9,136646,0,2023-12-02,2023-12-02,31.0,Repeat item-backed buyer
43540,7,6,136644,3775,2023-01-03,2023-01-03,364.0,Repeat item-backed buyer
43798,9,7,136637,189,2023-12-10,2023-12-10,23.0,Repeat item-backed buyer
19598,11,11,136634,4521,2023-04-01,2023-04-01,276.0,Repeat item-backed buyer
22053,10,9,136612,2365,2023-06-25,2023-06-25,191.0,Repeat item-backed buyer
26381,8,8,136606,1804,2023-10-20,2023-10-20,74.0,Repeat item-backed buyer
5573,6,6,136596,0,2023-09-12,2023-09-12,112.0,Repeat item-backed buyer
22605,9,6,136595,3172,2023-08-12,2023-05-27,220.0,Repeat item-backed buyer
41535,10,9,136586,4408,2023-07-15,2023-07-15,171.0,Repeat item-backed buyer
2889,12,10,136572,3847,2023-11-12,2023-11-12,51.0,Repeat item-backed buyer
48415,8,7,136567,4066,2023-12-11,2023-12-11,22.0,Repeat item-backed buyer
14046,6,5,136562,8404,2023-11-30,2023-11-30,33.0,Repeat item-backed buyer
49498,6,6,136541,5747,2023-12-28,2023-12-28,5.0,Repeat item-backed buyer
9845,12,10,136538,984,2023-05-07,2023-05-07,240.0,Repeat item-backed buyer
3571,9,8,136525,2946,2023-12-26,2023-12-26,7.0,Repeat item-backed buyer
18276,10,9,136520,0,2023-07-26,2023-07-26,160.0,Repeat item-backed buyer
22996,10,10,136520,7220,2023-10-16,2023-10-16,78.0,Repeat item-backed buyer
47181,8,8,136517,2231,2023-11-04,2023-11-04,59.0,Repeat item-backed buyer
45779,8,8,136515,0,2023-01-07,2023-01-07,360.0,Repeat item-backed buyer
29004,11,11,136510,1106,2023-12-10,2023-12-10,23.0,Repeat item-backed buyer
18320,7,7,136502,856,2023-10-16,2023-10-16,78.0,Repeat item-backed buyer
1622,8,7,136494,2152,2022-05-09,2022-05-09,603.0,Repeat item-backed buyer
1258,8,7,136484,1745,2022-10-18,2022-10-18,441.0,Repeat item-backed buyer
1851,9,9,136464,0,2023-05-31,2023-05-31,216.0,Repeat item-backed buyer
39539,10,8,136454,4409,2023-03-25,2023-03-25,283.0,Repeat item-backed buyer
42325,10,9,136453,1057,2023-12-17,2023-12-17,16.0,Repeat item-backed buyer
41067,9,8,136447,3295,2023-12-26,2023-12-26,7.0,Repeat item-backed buyer
38202,9,8,136435,2171,2023-12-01,2023-12-01,32.0,Repeat item-backed buyer
37900,8,7,136434,0,2023-10-03,2023-10-03,91.0,Repeat item-backed buyer
14157,8,8,136431,4524,2023-09-14,2023-09-14,110.0,Repeat item-backed buyer
46652,9,9,136422,3652,2023-11-27,2023-11-27,36.0,Repeat item-backed buyer
3116,10,9,136416,4530,2023-09-27,2023-09-27,97.0,Repeat item-backed buyer
43165,8,7,136397,2804,2023-03-28,2023-03-28,280.0,Repeat item-backed buyer
2167,10,8,136394,0,2023-11-26,2023-11-26,37.0,Repeat item-backed buyer
44215,7,7,136381,2744,2023-10-17,2023-10-17,77.0,Repeat item-backed buyer
6628,9,7,136369,3607,2023-07-19,2023-03-22,286.0,Repeat item-backed buyer
1244,11,8,136367,0,2023-02-25,2022-12-28,370.0,Repeat item-backed buyer
1521,9,9,136364,3801,2023-11-01,2023-11-01,62.0,Repeat item-backed buyer
48264,9,8,136351,4738,2023-09-13,2023-09-13,111.0,Repeat item-backed buyer
38031,7,6,136349,0,2022-11-23,2022-11-18,410.0,Repeat item-backed buyer
42236,11,9,136346,0,2023-05-06,2023-05-06,241.0,Repeat item-backed buyer
48365,8,7,136341,4011,2023-10-30,2023-10-30,64.0,Repeat item-backed buyer
46773,7,6,136333,4432,2022-10-18,2022-10-18,441.0,Repeat item-backed buyer
37073,7,7,136328,4676,2023-12-30,2023-12-30,3.0,Repeat item-backed buyer
23710,11,9,136327,14374,2023-12-17,2023-12-17,16.0,Repeat item-backed buyer
15177,7,7,136321,0,2023-07-23,2023-07-23,163.0,Repeat item-backed buyer
26406,9,6,136320,0,2023-11-01,2023-11-01,62.0,Repeat item-backed buyer
34553,10,9,136309,0,2023-10-12,2023-10-12,82.0,Repeat item-backed buyer
15767,12,10,136307,0,2023-09-17,2023-09-17,107.0,Repeat item-backed buyer
41170,6,6,136303,142,2023-11-30,2023-11-30,33.0,Repeat item-backed buyer
9003,8,8,136300,0,2023-11-27,2023-11-27,36.0,Repeat item-backed buyer
13579,7,7,136300,0,2023-05-30,2023-05-30,217.0,Repeat item-backed buyer
47274,8,7,136293,0,2023-02-10,2023-02-10,326.0,Repeat item-backed buyer
4351,12,9,136276,0,2023-09-17,2023-09-17,107.0,Repeat item-backed buyer
26359,11,11,136276,1458,2023-11-09,2023-11-09,54.0,Repeat item-backed buyer
968,7,6,136254,5439,2023-11-04,2023-11-04,59.0,Repeat item-backed buyer
47905,9,7,136252,1740,2023-08-18,2023-08-18,137.0,Repeat item-backed buyer
45695,7,7,136245,0,2023-11-22,2023-11-22,41.0,Repeat item-backed buyer
46164,9,8,136233,0,2023-01-12,2023-01-12,355.0,Repeat item-backed buyer
25270,9,7,136227,4377,2023-06-03,2022-07-06,545.0,Repeat item-backed buyer
11824,11,10,136225,3609,2023-07-26,2023-07-26,160.0,Repeat item-backed buyer
19101,12,11,136211,4114,2023-01-28,2023-01-28,339.0,Repeat item-backed buyer
16978,9,9,136203,5936,2023-05-27,2023-05-27,220.0,Repeat item-backed buyer
23699,7,7,136197,4648,2023-08-29,2023-08-29,126.0,Repeat item-backed buyer
38273,7,7,136172,0,2023-11-29,2023-11-29,34.0,Repeat item-backed buyer
46530,7,5,136164,2981,2023-07-29,2023-07-29,157.0,Repeat item-backed buyer
21739,9,8,136162,4701,2023-11-21,2023-11-21,42.0,Repeat item-backed buyer
13377,5,5,136161,3353,2023-06-17,2023-06-17,199.0,Repeat item-backed buyer
28382,10,9,136132,3062,2023-06-28,2023-06-28,188.0,Repeat item-backed buyer
16880,7,6,136131,5921,2023-07-20,2023-06-06,210.0,Repeat item-backed buyer
14143,9,7,136129,6733,2023-03-05,2023-03-05,303.0,Repeat item-backed buyer
34295,6,6,136129,1110,2023-05-01,2023-05-01,246.0,Repeat item-backed buyer
20430,11,8,136126,10203,2023-12-09,2023-12-09,24.0,Repeat item-backed buyer
6247,7,5,136124,0,2023-10-19,2023-10-19,75.0,Repeat item-backed buyer
46598,5,5,136114,1501,2022-12-30,2022-12-30,368.0,Repeat item-backed buyer
44849,13,12,136106,1431,2023-03-02,2023-03-02,306.0,Repeat item-backed buyer
27162,9,9,136102,4891,2023-11-29,2023-11-29,34.0,Repeat item-backed buyer
27926,10,9,136094,1796,2023-11-30,2023-11-28,35.0,Repeat item-backed buyer
32855,9,7,136083,0,2022-12-15,2022-12-15,383.0,Repeat item-backed buyer
24262,8,8,136079,0,2022-12-23,2022-12-23,375.0,Repeat item-backed buyer
12175,10,8,136070,10202,2023-12-30,2023-12-30,3.0,Repeat item-backed buyer
18207,11,10,136070,4031,2022-11-08,2022-11-08,420.0,Repeat item-backed buyer
43850,9,8,136068,4880,2023-07-30,2023-07-30,156.0,Repeat item-backed buyer
42160,8,8,136067,12015,2023-08-29,2023-08-29,126.0,Repeat item-backed buyer
44349,10,10,136059,6271,2023-08-11,2023-08-11,144.0,Repeat item-backed buyer
30559,11,11,136050,0,2023-10-22,2023-10-22,72.0,Repeat item-backed buyer
19229,10,9,136040,3039,2022-11-10,2022-11-10,418.0,Repeat item-backed buyer
900,8,7,136027,4082,2023-07-24,2023-07-24,162.0,Repeat item-backed buyer
20881,9,7,136026,2413,2023-12-06,2023-12-06,27.0,Repeat item-backed buyer
22176,7,7,136018,4888,2023-07-25,2023-07-25,161.0,Repeat item-backed buyer
47209,8,7,136006,1478,2022-11-11,2022-11-11,417.0,Repeat item-backed buyer
35966,9,6,136002,2456,2023-11-01,2023-11-01,62.0,Repeat item-backed buyer
37785,9,9,135998,0,2023-12-23,2023-12-23,10.0,Repeat item-backed buyer
46124,9,9,135997,5738,2023-03-15,2023-03-15,293.0,Repeat item-backed buyer
43819,9,8,135994,3777,2023-10-02,2023-10-02,92.0,Repeat item-backed buyer
22951,8,8,135967,0,2023-12-16,2023-12-16,17.0,Repeat item-backed buyer
1922,11,11,135955,2716,2023-12-07,2023-12-07,26.0,Repeat item-backed buyer
6846,7,6,135937,5834,2023-08-27,2023-08-27,128.0,Repeat item-backed buyer
25418,11,8,135934,458,2023-04-16,2023-04-16,261.0,Repeat item-backed buyer
44710,12,9,135933,0,2023-05-19,2023-05-19,228.0,Repeat item-backed buyer
31900,5,5,135921,858,2022-07-19,2022-07-19,532.0,Repeat item-backed buyer
23827,5,5,135919,0,2023-08-11,2023-08-11,144.0,Repeat item-backed buyer
640,11,9,135915,3146,2023-09-08,2023-09-08,116.0,Repeat item-backed buyer
40511,8,8,135913,2598,2023-12-27,2023-12-27,6.0,Repeat item-backed buyer
12593,8,8,135909,0,2023-12-23,2023-12-23,10.0,Repeat item-backed buyer
36130,8,8,135909,7505,2023-06-28,2023-06-28,188.0,Repeat item-backed buyer
10335,11,8,135904,0,2022-11-14,2022-11-14,414.0,Repeat item-backed buyer
39511,9,7,135891,855,2022-09-27,2022-07-21,530.0,Repeat item-backed buyer
7585,11,11,135883,0,2023-12-26,2023-12-26,7.0,Repeat item-backed buyer
47122,9,9,135882,0,2023-06-09,2023-06-09,207.0,Repeat item-backed buyer
49489,9,6,135882,6865,2023-11-27,2022-02-08,693.0,Repeat item-backed buyer
17633,9,8,135874,1212,2023-05-27,2023-05-21,226.0,Repeat item-backed buyer
10748,9,9,135856,8928,2022-12-08,2022-12-08,390.0,Repeat item-backed buyer
20935,9,9,135851,0,2023-10-29,2023-10-29,65.0,Repeat item-backed buyer
1832,8,6,135847,2691,2023-09-18,2023-06-19,197.0,Repeat item-backed buyer
22780,9,6,135846,0,2023-12-16,2023-12-16,17.0,Repeat item-backed buyer
23613,12,10,135840,120,2023-12-27,2023-12-27,6.0,Repeat item-backed buyer
17731,9,7,135835,0,2023-03-16,2023-03-16,292.0,Repeat item-backed buyer
19294,7,6,135832,2612,2023-10-15,2023-10-15,79.0,Repeat item-backed buyer
18996,8,8,135829,5022,2023-12-13,2023-12-13,20.0,Repeat item-backed buyer
32998,9,9,135821,11242,2023-03-24,2023-03-24,284.0,Repeat item-backed buyer
26904,8,7,135815,0,2023-04-17,2023-04-17,260.0,Repeat item-backed buyer
9825,5,5,135808,7323,2023-08-26,2023-08-26,129.0,Repeat item-backed buyer
34442,7,6,135808,815,2023-03-01,2023-03-01,307.0,Repeat item-backed buyer
16109,10,9,135800,7452,2023-12-25,2023-12-25,8.0,Repeat item-backed buyer
18877,11,11,135799,2822,2023-10-05,2023-10-05,89.0,Repeat item-backed buyer
47908,10,10,135797,1183,2023-08-07,2023-08-07,148.0,Repeat item-backed buyer
10269,10,8,135795,3071,2023-09-30,2023-09-30,94.0,Repeat item-backed buyer
35369,10,9,135795,9331,2023-10-03,2023-10-03,91.0,Repeat item-backed buyer
22692,9,7,135788,3744,2023-07-15,2023-07-15,171.0,Repeat item-backed buyer
23228,8,7,135773,361,2023-12-18,2023-12-18,15.0,Repeat item-backed buyer
32222,7,6,135773,2533,2023-12-30,2023-12-30,3.0,Repeat item-backed buyer
46400,8,7,135766,12669,2023-12-12,2023-12-12,21.0,Repeat item-backed buyer
40029,7,6,135757,4269,2023-08-30,2023-08-30,125.0,Repeat item-backed buyer
45567,10,9,135756,632,2023-10-05,2023-10-05,89.0,Repeat item-backed buyer
34673,8,6,135751,5564,2022-11-02,2021-10-16,808.0,Repeat item-backed buyer
18236,9,9,135738,5375,2022-08-30,2022-08-30,490.0,Repeat item-backed buyer
5368,9,8,135732,4066,2023-04-12,2023-04-12,265.0,Repeat item-backed buyer
24182,8,8,135724,6540,2023-07-22,2023-07-22,164.0,Repeat item-backed buyer
8256,5,5,135721,3837,2023-08-16,2023-08-16,139.0,Repeat item-backed buyer
17896,10,9,135673,4243,2023-05-23,2023-05-23,224.0,Repeat item-backed buyer
36753,8,8,135668,6415,2023-05-02,2023-05-02,245.0,Repeat item-backed buyer
14248,11,9,135664,3035,2022-12-31,2022-12-31,367.0,Repeat item-backed buyer
7857,8,7,135660,0,2023-08-31,2023-08-31,124.0,Repeat item-backed buyer
35505,9,9,135656,1197,2023-07-31,2023-07-31,155.0,Repeat item-backed buyer
7360,8,7,135640,4169,2023-12-22,2023-12-22,11.0,Repeat item-backed buyer
8569,10,8,135629,0,2023-10-26,2023-10-26,68.0,Repeat item-backed buyer
40270,12,11,135614,0,2023-01-05,2023-01-05,362.0,Repeat item-backed buyer
35967,7,6,135591,4135,2023-10-17,2023-10-17,77.0,Repeat item-backed buyer
15090,7,7,135581,531,2023-07-25,2023-07-25,161.0,Repeat item-backed buyer
23454,10,10,135578,1923,2023-10-29,2023-10-29,65.0,Repeat item-backed buyer
44367,11,10,135576,2319,2023-03-13,2023-03-13,295.0,Repeat item-backed buyer
46737,10,9,135562,1615,2023-12-13,2023-12-13,20.0,Repeat item-backed buyer
13201,10,9,135558,0,2023-05-07,2023-05-07,240.0,Repeat item-backed buyer
30335,7,7,135546,3921,2023-07-12,2023-07-12,174.0,Repeat item-backed buyer
15583,10,9,135544,0,2023-07-03,2023-07-03,183.0,Repeat item-backed buyer
25498,7,7,135531,469,2023-09-01,2023-09-01,123.0,Repeat item-backed buyer
34341,8,6,135520,5453,2023-12-08,2023-12-08,25.0,Repeat item-backed buyer
44458,7,6,135514,0,2023-05-03,2022-08-11,509.0,Repeat item-backed buyer
86,7,6,135510,12965,2023-07-07,2022-05-08,604.0,Repeat item-backed buyer
46412,9,7,135502,0,2023-07-21,2023-05-14,233.0,Repeat item-backed buyer
46981,6,6,135500,1829,2023-09-02,2023-09-02,122.0,Repeat item-backed buyer
531,9,9,135497,2794,2023-11-13,2023-11-13,50.0,Repeat item-backed buyer
22085,10,9,135495,6945,2023-07-08,2023-07-08,178.0,Repeat item-backed buyer
23344,10,9,135489,0,2023-12-26,2023-12-26,7.0,Repeat item-backed buyer
7143,6,6,135457,4012,2023-06-09,2023-06-09,207.0,Repeat item-backed buyer
15821,10,9,135457,7376,2023-07-31,2023-07-31,155.0,Repeat item-backed buyer
26431,8,8,135449,3898,2022-09-19,2022-09-19,470.0,Repeat item-backed buyer
38728,7,7,135449,0,2023-08-06,2023-08-06,149.0,Repeat item-backed buyer
8209,11,8,135442,4321,2023-06-24,2023-06-24,192.0,Repeat item-backed buyer
32522,6,6,135434,3054,2023-01-18,2023-01-18,349.0,Repeat item-backed buyer
8874,6,6,135426,0,2022-09-29,2022-09-29,460.0,Repeat item-backed buyer
18046,8,7,135412,0,2023-11-23,2023-11-23,40.0,Repeat item-backed buyer
12188,10,10,135397,5524,2023-04-06,2023-04-06,271.0,Repeat item-backed buyer
9651,10,9,135394,0,2023-07-11,2023-07-11,175.0,Repeat item-backed buyer
28330,5,5,135394,4582,2022-07-16,2022-07-16,535.0,Repeat item-backed buyer
26171,6,6,135379,5823,2023-07-12,2023-07-12,174.0,Repeat item-backed buyer
3727,7,6,135360,0,2022-05-29,2022-05-29,583.0,Repeat item-backed buyer
23528,8,8,135351,0,2023-06-28,2023-06-28,188.0,Repeat item-backed buyer
11467,7,5,135347,3035,2023-10-30,2023-10-30,64.0,Repeat item-backed buyer
30282,9,8,135346,734,2023-11-05,2023-11-05,58.0,Repeat item-backed buyer
26157,9,8,135343,0,2023-12-11,2023-12-11,22.0,Repeat item-backed buyer
41849,6,6,135334,0,2023-11-06,2023-11-06,57.0,Repeat item-backed buyer
9155,8,7,135327,2399,2023-08-23,2023-08-23,132.0,Repeat item-backed buyer
3951,8,8,135325,3928,2023-01-09,2023-01-09,358.0,Repeat item-backed buyer
49534,9,7,135324,0,2023-07-27,2023-07-27,159.0,Repeat item-backed buyer
39056,8,8,135317,6101,2023-07-05,2023-07-05,181.0,Repeat item-backed buyer
2852,7,6,135312,1521,2023-09-24,2023-09-24,100.0,Repeat item-backed buyer
4346,9,9,135306,5425,2023-08-31,2023-08-31,124.0,Repeat item-backed buyer
18230,12,9,135294,2164,2023-06-21,2022-05-23,589.0,Repeat item-backed buyer
35033,8,7,135293,1624,2023-03-06,2023-03-06,302.0,Repeat item-backed buyer
47051,7,7,135289,6987,2023-12-02,2023-12-02,31.0,Repeat item-backed buyer
21921,8,8,135281,4490,2023-04-01,2023-04-01,276.0,Repeat item-backed buyer
26598,7,7,135266,0,2023-12-28,2023-12-28,5.0,Repeat item-backed buyer
3633,8,8,135263,4928,2023-06-24,2023-06-24,192.0,Repeat item-backed buyer
5145,7,7,135234,3052,2023-04-28,2023-04-28,249.0,Repeat item-backed buyer
47825,8,8,135230,0,2023-07-13,2023-07-13,173.0,Repeat item-backed buyer
38209,7,5,135228,4422,2023-09-12,2023-05-10,237.0,Repeat item-backed buyer
32186,8,8,135226,4271,2023-11-07,2023-11-07,56.0,Repeat item-backed buyer
17873,9,9,135213,3902,2023-10-14,2023-10-14,80.0,Repeat item-backed buyer
13690,12,10,135200,4998,2023-04-14,2023-04-14,263.0,Repeat item-backed buyer
32892,8,8,135200,10422,2023-11-01,2023-11-01,62.0,Repeat item-backed buyer
12650,8,7,135197,2211,2023-10-28,2023-10-28,66.0,Repeat item-backed buyer
30644,13,12,135194,0,2023-10-25,2023-10-25,69.0,Repeat item-backed buyer
10990,8,8,135189,4459,2023-10-20,2023-10-20,74.0,Repeat item-backed buyer
22978,9,7,135186,0,2023-12-20,2022-12-28,370.0,Repeat item-backed buyer
48770,8,8,135186,4598,2023-03-15,2023-03-15,293.0,Repeat item-backed buyer
34504,6,6,135180,2965,2023-08-31,2023-08-31,124.0,Repeat item-backed buyer
43970,9,8,135161,4778,2023-02-07,2023-02-07,329.0,Repeat item-backed buyer
44310,11,10,135161,0,2023-10-01,2023-10-01,93.0,Repeat item-backed buyer
30443,10,10,135137,0,2023-09-16,2023-09-16,108.0,Repeat item-backed buyer
24874,5,5,135135,3391,2023-11-04,2023-11-04,59.0,Repeat item-backed buyer
31659,10,9,135128,0,2023-06-12,2023-06-12,204.0,Repeat item-backed buyer
8487,11,8,135123,0,2023-05-16,2023-05-16,231.0,Repeat item-backed buyer
417,8,6,135119,2815,2023-12-16,2023-12-16,17.0,Repeat item-backed buyer
34286,11,11,135112,5884,2023-09-08,2023-09-08,116.0,Repeat item-backed buyer
40656,6,6,135110,0,2023-10-09,2023-10-09,85.0,Repeat item-backed buyer
47198,10,9,135108,3170,2023-10-01,2023-10-01,93.0,Repeat item-backed buyer
11758,6,6,135105,0,2023-10-08,2023-10-08,86.0,Repeat item-backed buyer
21898,7,6,135101,0,2023-09-09,2023-09-09,115.0,Repeat item-backed buyer
30176,8,7,135080,11471,2023-10-02,2023-10-02,92.0,Repeat item-backed buyer
8632,6,6,135078,0,2023-03-08,2023-03-08,300.0,Repeat item-backed buyer
26454,8,7,135075,3371,2023-06-11,2023-06-11,205.0,Repeat item-backed buyer
18554,8,8,135051,3121,2023-06-02,2023-06-02,214.0,Repeat item-backed buyer
32895,7,7,135037,4494,2023-10-11,2023-10-11,83.0,Repeat item-backed buyer
5374,12,11,135035,4079,2023-01-15,2023-01-15,352.0,Repeat item-backed buyer
27472,9,8,135035,0,2022-08-11,2022-08-11,509.0,Repeat item-backed buyer
13704,6,6,135028,0,2023-05-04,2023-05-04,243.0,Repeat item-backed buyer
27033,12,10,135016,8421,2023-11-14,2023-09-21,103.0,Repeat item-backed buyer
34016,9,6,135011,1123,2023-10-12,2023-08-26,129.0,Repeat item-backed buyer
4471,10,9,135005,0,2023-03-26,2023-03-26,282.0,Repeat item-backed buyer
2272,7,6,134999,2603,2023-05-19,2023-05-19,228.0,Repeat item-backed buyer
20590,7,6,134999,3602,2023-05-26,2023-05-26,221.0,Repeat item-backed buyer
34142,7,6,134993,4173,2023-10-20,2023-08-20,135.0,Repeat item-backed buyer
21352,10,9,134982,0,2023-06-02,2023-06-02,214.0,Repeat item-backed buyer
44991,8,7,134981,0,2023-09-30,2023-09-30,94.0,Repeat item-backed buyer
45228,7,7,134980,7074,2023-09-29,2023-09-29,95.0,Repeat item-backed buyer
18715,7,6,134979,8097,2023-12-22,2023-12-22,11.0,Repeat item-backed buyer
11331,7,6,134955,0,2023-12-17,2023-12-17,16.0,Repeat item-backed buyer
13889,8,6,134951,3110,2023-12-29,2023-11-16,47.0,Repeat item-backed buyer
5738,10,9,134949,1766,2023-09-28,2023-09-28,96.0,Repeat item-backed buyer
27158,9,8,134925,1343,2023-10-10,2023-10-10,84.0,Repeat item-backed buyer
14636,9,8,134921,0,2023-10-30,2023-10-30,64.0,Repeat item-backed buyer
7048,10,7,134916,0,2023-12-22,2023-03-20,288.0,Repeat item-backed buyer
49480,7,7,134916,0,2023-03-26,2023-03-26,282.0,Repeat item-backed buyer
7552,6,6,134914,2074,2022-06-17,2022-06-17,564.0,Repeat item-backed buyer
8292,6,6,134914,7746,2023-05-26,2023-05-26,221.0,Repeat item-backed buyer
4185,9,9,134907,4753,2023-10-04,2023-10-04,90.0,Repeat item-backed buyer
46279,9,9,134898,5136,2023-10-19,2023-10-19,75.0,Repeat item-backed buyer
38122,9,8,134891,10881,2023-04-04,2023-04-04,273.0,Repeat item-backed buyer
5060,8,8,134889,654,2023-09-20,2023-09-20,104.0,Repeat item-backed buyer
24016,10,9,134882,0,2023-07-29,2023-07-29,157.0,Repeat item-backed buyer
1625,6,6,134862,0,2021-11-04,2021-11-04,789.0,Repeat item-backed buyer
39131,9,8,134842,2255,2023-09-30,2023-09-30,94.0,Repeat item-backed buyer
37385,9,9,134837,1045,2023-11-03,2023-11-03,60.0,Repeat item-backed buyer
31215,8,7,134836,4326,2023-11-26,2023-11-26,37.0,Repeat item-backed buyer
49575,9,8,134833,8249,2023-08-15,2023-08-15,140.0,Repeat item-backed buyer
10877,6,6,134826,4148,2023-09-20,2023-09-20,104.0,Repeat item-backed buyer
12320,7,5,134794,0,2023-09-19,2023-09-19,105.0,Repeat item-backed buyer
41787,9,9,134793,5963,2023-08-13,2023-08-13,142.0,Repeat item-backed buyer
40515,8,8,134784,10608,2023-05-11,2023-05-11,236.0,Repeat item-backed buyer
596,10,10,134776,0,2023-11-10,2023-11-10,53.0,Repeat item-backed buyer
16041,8,8,134771,1065,2023-11-20,2023-11-20,43.0,Repeat item-backed buyer
46746,7,6,134747,4061,2023-08-15,2023-08-15,140.0,Repeat item-backed buyer
19038,5,3,134738,1910,2023-03-18,2023-03-18,290.0,Repeat item-backed buyer
33268,9,8,134738,2951,2022-12-29,2022-12-29,369.0,Repeat item-backed buyer
12556,7,6,134718,0,2022-03-09,2022-03-09,664.0,Repeat item-backed buyer
25686,7,6,134716,0,2023-11-09,2023-11-09,54.0,Repeat item-backed buyer
6340,5,5,134713,0,2023-06-22,2023-06-22,194.0,Repeat item-backed buyer
18978,9,7,134708,0,2023-07-12,2023-07-12,174.0,Repeat item-backed buyer
13202,11,9,134706,8661,2023-11-08,2023-11-08,55.0,Repeat item-backed buyer
39086,8,8,134697,2700,2023-09-06,2023-09-06,118.0,Repeat item-backed buyer
36216,6,6,134686,4611,2023-05-26,2023-05-26,221.0,Repeat item-backed buyer
11217,9,8,134675,0,2023-11-14,2023-11-14,49.0,Repeat item-backed buyer
7012,8,7,134668,0,2023-06-15,2023-06-15,201.0,Repeat item-backed buyer
11365,11,11,134653,4822,2023-12-27,2023-12-27,6.0,Repeat item-backed buyer
46465,10,9,134653,8924,2023-09-21,2023-09-21,103.0,Repeat item-backed buyer
28085,5,5,134651,0,2023-11-22,2023-11-22,41.0,Repeat item-backed buyer
926,8,8,134641,7185,2023-11-04,2023-11-04,59.0,Repeat item-backed buyer
49319,8,8,134631,586,2023-12-06,2023-12-06,27.0,Repeat item-backed buyer
29713,7,6,134628,0,2023-10-19,2023-10-19,75.0,Repeat item-backed buyer
14501,8,7,134626,3457,2023-03-13,2023-03-13,295.0,Repeat item-backed buyer
12215,8,7,134625,0,2023-04-29,2022-05-03,609.0,Repeat item-backed buyer
43870,9,9,134592,0,2023-12-06,2023-12-06,27.0,Repeat item-backed buyer
1755,10,7,134588,1470,2023-09-28,2023-05-08,239.0,Repeat item-backed buyer
12003,8,7,134584,0,2022-08-13,2022-08-13,507.0,Repeat item-backed buyer
43226,7,7,134580,0,2022-10-22,2022-10-22,437.0,Repeat item-backed buyer
6554,6,6,134579,0,2023-09-09,2023-09-09,115.0,Repeat item-backed buyer
43368,6,5,134571,0,2023-05-09,2023-05-09,238.0,Repeat item-backed buyer
48640,7,6,134569,5897,2023-06-06,2023-06-06,210.0,Repeat item-backed buyer
43820,10,10,134560,9051,2023-09-20,2023-09-20,104.0,Repeat item-backed buyer
37348,9,6,134548,0,2023-09-08,2023-09-08,116.0,Repeat item-backed buyer
33443,7,7,134547,0,2023-11-09,2023-11-09,54.0,Repeat item-backed buyer
8,10,8,134544,2524,2023-05-28,2023-05-28,219.0,Repeat item-backed buyer
20351,6,6,134537,0,2021-11-07,2021-11-07,786.0,Repeat item-backed buyer
35820,13,10,134520,2530,2023-12-10,2023-12-10,23.0,Repeat item-backed buyer
3784,7,7,134518,4439,2023-04-11,2023-04-11,266.0,Repeat item-backed buyer
791,8,8,134508,3020,2023-09-15,2023-09-15,109.0,Repeat item-backed buyer
49710,8,6,134505,0,2022-07-28,2022-07-28,523.0,Repeat item-backed buyer
49116,9,8,134499,0,2023-08-04,2023-08-04,151.0,Repeat item-backed buyer
37152,9,8,134491,4236,2023-06-03,2023-06-03,213.0,Repeat item-backed buyer
38,9,7,134490,3215,2023-12-16,2023-08-20,135.0,Repeat item-backed buyer
27788,10,7,134483,2993,2023-11-02,2023-11-02,61.0,Repeat item-backed buyer
10324,9,9,134479,3397,2023-11-21,2023-11-21,42.0,Repeat item-backed buyer
2389,14,9,134474,0,2023-11-17,2023-08-04,151.0,Repeat item-backed buyer
30665,10,8,134466,0,2023-11-30,2023-11-30,33.0,Repeat item-backed buyer
40273,10,6,134464,0,2023-08-16,2023-05-31,216.0,Repeat item-backed buyer
5389,8,7,134458,10038,2023-12-12,2023-12-12,21.0,Repeat item-backed buyer
45995,8,7,134442,4005,2023-05-01,2023-05-01,246.0,Repeat item-backed buyer
28670,9,9,134422,0,2023-07-02,2023-07-02,184.0,Repeat item-backed buyer
47134,10,8,134406,0,2023-06-25,2023-06-25,191.0,Repeat item-backed buyer
48094,11,10,134406,0,2023-07-31,2023-07-31,155.0,Repeat item-backed buyer
434,10,6,134385,0,2023-12-03,2023-02-20,316.0,Repeat item-backed buyer
44443,6,6,134385,0,2023-06-25,2023-06-25,191.0,Repeat item-backed buyer
16924,8,7,134380,0,2022-12-26,2022-12-26,372.0,Repeat item-backed buyer
40023,9,8,134378,4469,2023-12-07,2023-12-07,26.0,Repeat item-backed buyer
32239,9,7,134374,0,2023-10-31,2023-10-31,63.0,Repeat item-backed buyer
12595,9,8,134365,0,2023-12-31,2023-12-31,2.0,Repeat item-backed buyer
43086,7,7,134364,4515,2023-10-27,2023-10-27,67.0,Repeat item-backed buyer
16627,7,7,134350,0,2023-07-17,2023-07-17,169.0,Repeat item-backed buyer
16673,7,7,134342,0,2023-12-06,2023-12-06,27.0,Repeat item-backed buyer
6696,9,8,134341,4765,2023-11-16,2023-11-03,60.0,Repeat item-backed buyer
21041,7,6,134341,8337,2022-10-27,2022-10-27,432.0,Repeat item-backed buyer
28081,9,9,134334,0,2023-08-17,2023-08-17,138.0,Repeat item-backed buyer
15428,8,8,134327,7643,2023-12-03,2023-12-03,30.0,Repeat item-backed buyer
45423,7,7,134322,646,2023-05-30,2023-05-30,217.0,Repeat item-backed buyer
40135,8,7,134320,7081,2023-12-19,2023-09-05,119.0,Repeat item-backed buyer
49366,6,6,134310,891,2023-08-08,2023-08-08,147.0,Repeat item-backed buyer
35194,6,6,134308,3289,2023-12-03,2023-12-03,30.0,Repeat item-backed buyer
6064,10,9,134305,4552,2023-08-03,2023-08-03,152.0,Repeat item-backed buyer
7429,11,10,134304,1959,2023-10-24,2023-10-24,70.0,Repeat item-backed buyer
30725,8,8,134302,0,2022-12-07,2022-12-07,391.0,Repeat item-backed buyer
17916,7,7,134286,9307,2022-07-09,2022-07-09,542.0,Repeat item-backed buyer
33652,8,7,134286,0,2023-07-13,2023-07-13,173.0,Repeat item-backed buyer
12205,8,8,134284,0,2021-08-29,2021-08-29,856.0,Repeat item-backed buyer
36680,9,7,134274,0,2023-11-06,2023-11-06,57.0,Repeat item-backed buyer
29593,9,8,134259,0,2023-12-26,2023-12-26,7.0,Repeat item-backed buyer
45721,8,7,134241,4976,2023-08-16,2023-08-16,139.0,Repeat item-backed buyer
8048,8,7,134239,4696,2023-12-06,2023-12-06,27.0,Repeat item-backed buyer
36150,10,9,134238,3503,2023-12-14,2023-12-14,19.0,Repeat item-backed buyer
45023,10,9,134232,3572,2023-09-22,2023-09-22,102.0,Repeat item-backed buyer
6820,7,7,134224,0,2023-11-05,2023-11-05,58.0,Repeat item-backed buyer
5276,6,5,134200,0,2023-10-02,2023-06-20,196.0,Repeat item-backed buyer
25306,7,7,134199,1997,2023-12-11,2023-12-11,22.0,Repeat item-backed buyer
1891,7,7,134182,4822,2023-08-04,2023-08-04,151.0,Repeat item-backed buyer
23875,8,8,134180,1432,2023-10-14,2023-10-14,80.0,Repeat item-backed buyer
39304,7,7,134178,7069,2022-12-18,2022-12-18,380.0,Repeat item-backed buyer
1932,10,10,134168,0,2023-04-12,2023-04-12,265.0,Repeat item-backed buyer
45399,6,5,134168,5407,2022-09-08,2022-09-08,481.0,Repeat item-backed buyer
6304,11,11,134139,2837,2023-09-07,2023-09-07,117.0,Repeat item-backed buyer
34319,11,11,134133,2286,2023-10-12,2023-10-12,82.0,Repeat item-backed buyer
29649,10,10,134128,3839,2023-02-06,2023-02-06,330.0,Repeat item-backed buyer
47997,7,5,134121,2150,2023-08-03,2023-08-03,152.0,Repeat item-backed buyer
3905,7,7,134120,0,2023-10-12,2023-10-12,82.0,Repeat item-backed buyer
10982,8,7,134120,0,2024-01-01,2024-01-01,1.0,Repeat item-backed buyer
41133,8,8,134097,0,2023-06-20,2023-06-20,196.0,Repeat item-backed buyer
39938,6,5,134095,0,2023-12-08,2023-12-08,25.0,Repeat item-backed buyer
16967,9,8,134082,0,2023-12-09,2023-12-09,24.0,Repeat item-backed buyer
31756,10,7,134082,0,2023-09-04,2023-09-04,120.0,Repeat item-backed buyer
8674,9,9,134080,4303,2023-09-21,2023-09-21,103.0,Repeat item-backed buyer
1645,8,8,134074,0,2023-09-18,2023-09-18,106.0,Repeat item-backed buyer
20581,10,9,134070,5778,2023-12-05,2023-12-05,28.0,Repeat item-backed buyer
16646,8,7,134066,0,2023-05-14,2023-05-14,233.0,Repeat item-backed buyer
9439,13,11,134062,3982,2023-12-25,2023-08-06,149.0,Repeat item-backed buyer
46406,9,8,134058,0,2023-10-01,2023-10-01,93.0,Repeat item-backed buyer
27015,6,6,134056,680,2023-10-02,2023-10-02,92.0,Repeat item-backed buyer
23490,12,10,134051,0,2023-12-21,2023-03-08,300.0,Repeat item-backed buyer
44324,8,8,134051,4778,2023-09-19,2023-09-19,105.0,Repeat item-backed buyer
17422,8,7,134045,0,2023-12-26,2023-12-26,7.0,Repeat item-backed buyer
18039,8,7,134041,2329,2023-07-05,2023-07-05,181.0,Repeat item-backed buyer
14477,9,7,134037,419,2023-11-03,2023-11-03,60.0,Repeat item-backed buyer
36700,8,8,134037,3097,2023-04-07,2023-04-07,270.0,Repeat item-backed buyer
31688,11,9,134031,2655,2023-11-06,2023-11-06,57.0,Repeat item-backed buyer
17313,11,8,134020,3980,2022-01-27,2022-01-27,705.0,Repeat item-backed buyer
35513,9,9,134009,4434,2023-08-26,2023-08-26,129.0,Repeat item-backed buyer
34791,7,7,134006,3538,2023-05-25,2023-05-25,222.0,Repeat item-backed buyer
597,10,8,134004,0,2023-12-11,2023-12-11,22.0,Repeat item-backed buyer
1605,11,10,134001,1846,2023-09-29,2023-09-29,95.0,Repeat item-backed buyer
26282,10,10,133986,8368,2023-03-24,2023-03-24,284.0,Repeat item-backed buyer
1070,8,7,133984,0,2023-08-24,2023-08-24,131.0,Repeat item-backed buyer
43661,8,8,133980,483,2023-07-03,2023-07-03,183.0,Repeat item-backed buyer
6080,7,7,133972,958,2022-08-10,2022-08-10,510.0,Repeat item-backed buyer
12408,9,9,133956,456,2023-12-15,2023-12-15,18.0,Repeat item-backed buyer
43099,11,11,133931,881,2023-10-07,2023-10-07,87.0,Repeat item-backed buyer
13154,7,6,133930,0,2023-09-12,2023-06-01,215.0,Repeat item-backed buyer
18709,9,9,133912,1053,2022-11-18,2022-11-18,410.0,Repeat item-backed buyer
48822,8,8,133899,0,2023-09-16,2023-09-16,108.0,Repeat item-backed buyer
9865,6,6,133894,4030,2022-11-07,2022-11-07,421.0,Repeat item-backed buyer
28200,10,9,133885,0,2023-11-04,2023-11-04,59.0,Repeat item-backed buyer
22185,8,8,133884,4442,2023-10-07,2023-10-07,87.0,Repeat item-backed buyer
37397,5,5,133880,4823,2023-09-08,2023-09-08,116.0,Repeat item-backed buyer
33951,8,7,133856,5611,2023-06-03,2023-06-03,213.0,Repeat item-backed buyer
15661,9,8,133847,3180,2023-11-26,2023-11-26,37.0,Repeat item-backed buyer
21200,8,7,133845,1986,2023-11-16,2023-11-16,47.0,Repeat item-backed buyer
43751,11,10,133840,4706,2023-03-30,2023-03-30,278.0,Repeat item-backed buyer
49784,7,6,133836,0,2023-08-25,2023-07-23,163.0,Repeat item-backed buyer
32636,7,6,133827,0,2023-05-15,2023-05-15,232.0,Repeat item-backed buyer
26399,8,8,133826,2418,2023-11-06,2023-11-06,57.0,Repeat item-backed buyer
14664,8,8,133822,0,2023-07-02,2023-07-02,184.0,Repeat item-backed buyer
9809,9,9,133810,12777,2023-09-30,2023-09-30,94.0,Repeat item-backed buyer
25618,6,6,133807,0,2023-08-23,2023-08-23,132.0,Repeat item-backed buyer
4021,5,5,133802,2559,2023-03-20,2023-03-20,288.0,Repeat item-backed buyer
22719,8,8,133801,2234,2023-04-09,2023-04-09,268.0,Repeat item-backed buyer
19498,11,11,133800,0,2023-10-31,2023-10-31,63.0,Repeat item-backed buyer
29179,6,6,133779,2359,2023-11-26,2023-11-26,37.0,Repeat item-backed buyer
25977,8,7,133778,8986,2023-05-28,2023-05-28,219.0,Repeat item-backed buyer
19672,10,10,133775,3306,2023-10-22,2023-10-22,72.0,Repeat item-backed buyer
22196,10,10,133774,0,2023-09-24,2023-09-24,100.0,Repeat item-backed buyer
17455,9,7,133773,0,2023-09-09,2023-04-10,267.0,Repeat item-backed buyer
44576,7,6,133767,3309,2023-09-18,2023-09-18,106.0,Repeat item-backed buyer
595,13,11,133747,0,2023-07-15,2022-03-01,672.0,Repeat item-backed buyer
20084,7,7,133745,0,2023-12-10,2023-12-10,23.0,Repeat item-backed buyer
10108,8,8,133742,1273,2023-10-07,2023-10-07,87.0,Repeat item-backed buyer
35255,4,4,133733,7154,2023-01-27,2023-01-27,340.0,Repeat item-backed buyer
5793,8,7,133728,2518,2023-11-10,2023-11-10,53.0,Repeat item-backed buyer
46676,6,6,133722,99,2023-12-23,2023-12-23,10.0,Repeat item-backed buyer
32751,6,6,133717,7627,2023-08-09,2023-08-09,146.0,Repeat item-backed buyer
6636,7,7,133694,0,2023-06-29,2023-06-29,187.0,Repeat item-backed buyer
3438,10,9,133692,0,2023-11-26,2023-11-26,37.0,Repeat item-backed buyer
5493,7,7,133684,0,2023-07-19,2023-07-19,167.0,Repeat item-backed buyer
22677,10,9,133675,5556,2023-12-18,2023-12-18,15.0,Repeat item-backed buyer
47455,8,8,133671,2465,2022-11-01,2022-11-01,427.0,Repeat item-backed buyer
9988,10,9,133668,6408,2023-08-04,2023-08-04,151.0,Repeat item-backed buyer
18286,8,7,133668,3660,2022-08-23,2022-08-23,497.0,Repeat item-backed buyer
40783,8,7,133658,3851,2023-06-19,2023-05-04,243.0,Repeat item-backed buyer
35477,10,7,133652,5817,2023-07-28,2023-07-28,158.0,Repeat item-backed buyer
36443,11,9,133648,1878,2023-10-11,2023-10-11,83.0,Repeat item-backed buyer
35952,5,5,133647,4582,2023-11-02,2023-11-02,61.0,Repeat item-backed buyer
32863,7,7,133620,4133,2023-12-23,2023-12-23,10.0,Repeat item-backed buyer
38367,8,7,133608,2378,2023-08-13,2023-08-13,142.0,Repeat item-backed buyer
9189,8,7,133606,0,2023-05-09,2023-05-09,238.0,Repeat item-backed buyer
10419,9,9,133606,5798,2023-09-08,2023-09-08,116.0,Repeat item-backed buyer
4816,11,9,133602,0,2023-12-14,2023-12-14,19.0,Repeat item-backed buyer
1615,8,8,133593,0,2023-12-02,2023-12-02,31.0,Repeat item-backed buyer
39575,8,6,133593,2105,2023-03-05,2023-01-30,337.0,Repeat item-backed buyer
41665,10,8,133583,0,2023-10-09,2023-10-09,85.0,Repeat item-backed buyer
39097,7,6,133569,675,2023-05-13,2023-05-13,234.0,Repeat item-backed buyer
13,9,9,133550,6153,2023-11-07,2023-11-07,56.0,Repeat item-backed buyer
31981,7,7,133548,4949,2023-11-29,2023-11-29,34.0,Repeat item-backed buyer
23142,9,7,133546,0,2023-07-20,2023-07-20,166.0,Repeat item-backed buyer
29307,8,8,133530,1441,2024-01-01,2024-01-01,1.0,Repeat item-backed buyer
39453,5,4,133520,213,2023-12-13,2023-12-13,20.0,Repeat item-backed buyer
28273,9,8,133513,0,2023-04-09,2023-04-09,268.0,Repeat item-backed buyer
35111,9,8,133507,0,2023-12-24,2023-12-24,9.0,Repeat item-backed buyer
7618,10,9,133486,9376,2023-12-30,2023-12-30,3.0,Repeat item-backed buyer
42267,10,10,133476,4573,2023-08-16,2023-08-16,139.0,Repeat item-backed buyer
41507,9,9,133470,8209,2023-08-23,2023-08-23,132.0,Repeat item-backed buyer
13914,4,4,133466,4211,2023-10-06,2023-10-06,88.0,Repeat item-backed buyer
41362,7,6,133464,6586,2023-05-18,2023-05-17,230.0,Repeat item-backed buyer
36651,12,10,133446,4075,2023-11-24,2023-11-17,46.0,Repeat item-backed buyer
27796,9,7,133445,1595,2023-04-01,2023-04-01,276.0,Repeat item-backed buyer
12406,8,7,133433,2322,2023-11-24,2023-11-24,39.0,Repeat item-backed buyer
7895,10,9,133430,0,2023-08-20,2023-08-20,135.0,Repeat item-backed buyer
37580,8,7,133427,3653,2023-10-17,2023-10-17,77.0,Repeat item-backed buyer
31790,10,8,133422,0,2023-06-25,2023-06-25,191.0,Repeat item-backed buyer
11003,6,6,133417,0,2023-04-15,2023-04-15,262.0,Repeat item-backed buyer
25610,6,6,133411,71,2023-10-22,2023-10-22,72.0,Repeat item-backed buyer
23267,10,9,133408,1082,2023-05-15,2023-05-15,232.0,Repeat item-backed buyer
4266,7,7,133398,14145,2023-11-12,2023-11-12,51.0,Repeat item-backed buyer
11277,7,7,133398,3303,2022-09-01,2022-09-01,488.0,Repeat item-backed buyer
18132,10,10,133395,0,2023-10-09,2023-10-09,85.0,Repeat item-backed buyer
15700,5,4,133359,0,2023-10-16,2022-07-23,528.0,Repeat item-backed buyer
1651,7,7,133355,5071,2023-11-01,2023-11-01,62.0,Repeat item-backed buyer
21517,8,8,133346,5204,2023-11-05,2023-11-05,58.0,Repeat item-backed buyer
25105,10,9,133341,7310,2023-06-18,2023-06-18,198.0,Repeat item-backed buyer
31918,10,9,133339,0,2023-12-29,2023-12-29,4.0,Repeat item-backed buyer
15170,10,8,133335,0,2023-02-08,2023-02-08,328.0,Repeat item-backed buyer
18270,10,6,133325,1351,2023-12-15,2023-11-09,54.0,Repeat item-backed buyer
14689,8,6,133322,0,2023-06-11,2023-06-11,205.0,Repeat item-backed buyer
35190,8,7,133322,19578,2023-11-29,2023-10-09,85.0,Repeat item-backed buyer
33064,8,8,133317,2713,2023-04-06,2023-04-06,271.0,Repeat item-backed buyer
11936,7,7,133314,0,2023-07-10,2023-07-10,176.0,Repeat item-backed buyer
97,7,7,133308,4105,2023-10-20,2023-10-20,74.0,Repeat item-backed buyer
41329,8,6,133301,7285,2023-09-19,2023-09-19,105.0,Repeat item-backed buyer
13029,9,9,133292,8740,2023-11-11,2023-11-11,52.0,Repeat item-backed buyer
26518,8,7,133286,1589,2023-06-14,2023-06-14,202.0,Repeat item-backed buyer
3619,8,7,133278,0,2023-08-09,2021-05-19,958.0,Repeat item-backed buyer
27769,10,10,133269,0,2023-11-24,2023-11-24,39.0,Repeat item-backed buyer
41290,8,7,133268,0,2023-01-07,2023-01-07,360.0,Repeat item-backed buyer
26592,8,8,133263,0,2023-08-01,2023-08-01,154.0,Repeat item-backed buyer
45725,11,10,133261,2650,2023-08-23,2023-08-23,132.0,Repeat item-backed buyer
12902,7,6,133250,1924,2023-07-08,2023-07-08,178.0,Repeat item-backed buyer
32092,8,8,133249,7611,2023-10-18,2023-10-18,76.0,Repeat item-backed buyer
13942,8,8,133246,2006,2023-09-04,2023-09-04,120.0,Repeat item-backed buyer
22506,10,9,133242,3641,2023-12-13,2023-12-13,20.0,Repeat item-backed buyer
22153,7,6,133241,0,2023-11-16,2023-03-11,297.0,Repeat item-backed buyer
47538,8,7,133233,3049,2023-07-20,2023-07-20,166.0,Repeat item-backed buyer
12056,5,5,133231,3984,2023-08-04,2023-08-04,151.0,Repeat item-backed buyer
19662,8,8,133223,624,2023-12-23,2023-12-23,10.0,Repeat item-backed buyer
20092,9,9,133221,2176,2023-12-27,2023-12-27,6.0,Repeat item-backed buyer
6521,6,6,133215,0,2023-05-14,2023-05-14,233.0,Repeat item-backed buyer
38548,5,5,133210,8312,2023-02-28,2023-02-28,308.0,Repeat item-backed buyer
2359,9,8,133202,0,2023-08-22,2023-08-22,133.0,Repeat item-backed buyer
7953,7,7,133194,3044,2023-06-09,2023-06-09,207.0,Repeat item-backed buyer
25087,8,6,133187,9838,2023-02-05,2023-01-04,363.0,Repeat item-backed buyer
49975,10,8,133162,6799,2023-09-10,2023-09-10,114.0,Repeat item-backed buyer
15374,6,6,133153,0,2023-06-01,2023-06-01,215.0,Repeat item-backed buyer
17027,7,6,133153,2111,2023-12-03,2023-12-03,30.0,Repeat item-backed buyer
8089,6,6,133147,7711,2023-02-09,2023-02-09,327.0,Repeat item-backed buyer
24275,6,6,133144,3873,2022-09-24,2022-09-24,465.0,Repeat item-backed buyer
39519,9,9,133143,4826,2022-12-21,2022-12-21,377.0,Repeat item-backed buyer
42436,9,8,133133,2025,2023-12-15,2023-11-21,42.0,Repeat item-backed buyer
49103,7,7,133133,0,2023-08-22,2023-08-22,133.0,Repeat item-backed buyer
19721,12,11,133129,4996,2023-03-27,2023-03-27,281.0,Repeat item-backed buyer
20993,7,7,133127,0,2023-07-13,2023-07-13,173.0,Repeat item-backed buyer
9622,9,9,133125,0,2023-07-20,2023-07-20,166.0,Repeat item-backed buyer
36942,5,5,133112,2642,2024-01-01,2024-01-01,1.0,Repeat item-backed buyer
23074,10,7,133106,0,2023-12-21,2023-08-19,136.0,Repeat item-backed buyer
41696,7,7,133102,1483,2023-04-02,2023-04-02,275.0,Repeat item-backed buyer
5716,10,9,133100,0,2023-12-08,2022-12-09,389.0,Repeat item-backed buyer
44412,6,6,133100,0,2023-12-28,2023-12-28,5.0,Repeat item-backed buyer
3279,9,7,133092,0,2023-11-21,2023-11-21,42.0,Repeat item-backed buyer
29344,11,10,133092,0,2023-06-15,2023-06-15,201.0,Repeat item-backed buyer
15248,8,6,133082,0,2023-01-27,2023-01-27,340.0,Repeat item-backed buyer
39644,9,8,133066,0,2023-12-18,2023-12-18,15.0,Repeat item-backed buyer
47311,9,9,133045,3545,2023-08-24,2023-08-24,131.0,Repeat item-backed buyer
36135,14,11,133043,0,2023-08-19,2023-08-19,136.0,Repeat item-backed buyer
3203,8,7,133040,0,2023-12-01,2023-12-01,32.0,Repeat item-backed buyer
27781,7,7,133036,4078,2022-12-06,2022-12-06,392.0,Repeat item-backed buyer
29131,9,9,133033,10449,2023-12-29,2023-12-29,4.0,Repeat item-backed buyer
34939,9,6,133025,0,2023-10-15,2023-10-15,79.0,Repeat item-backed buyer
8026,9,9,133018,3055,2023-12-17,2023-12-17,16.0,Repeat item-backed buyer
44073,10,9,133018,0,2023-05-01,2023-05-01,246.0,Repeat item-backed buyer
22451,9,8,133016,0,2023-07-22,2023-07-22,164.0,Repeat item-backed buyer
2482,10,10,133012,8686,2023-12-26,2023-12-26,7.0,Repeat item-backed buyer
19545,9,7,133007,0,2023-06-29,2023-06-29,187.0,Repeat item-backed buyer
16777,6,6,133005,1980,2023-04-24,2023-04-24,253.0,Repeat item-backed buyer
40362,9,9,132997,525,2023-08-05,2023-08-05,150.0,Repeat item-backed buyer
14032,10,9,132989,701,2023-11-23,2023-11-23,40.0,Repeat item-backed buyer
6122,11,8,132986,0,2023-12-19,2023-12-19,14.0,Repeat item-backed buyer
18080,10,9,132981,3790,2023-06-09,2023-06-09,207.0,Repeat item-backed buyer
37021,10,9,132980,2604,2023-04-04,2023-04-04,273.0,Repeat item-backed buyer
252,11,10,132968,1207,2023-11-06,2023-11-06,57.0,Repeat item-backed buyer
26108,7,6,132968,0,2023-11-06,2023-11-06,57.0,Repeat item-backed buyer
32733,9,5,132964,934,2023-09-12,2023-09-12,112.0,Repeat item-backed buyer
17642,7,7,132962,0,2023-07-15,2023-07-15,171.0,Repeat item-backed buyer
21785,9,7,132951,4307,2023-04-01,2023-04-01,276.0,Repeat item-backed buyer
22755,10,9,132943,0,2023-12-09,2023-12-09,24.0,Repeat item-backed buyer
47541,10,9,132940,4559,2023-03-07,2023-03-07,301.0,Repeat item-backed buyer
48008,11,9,132927,0,2023-10-23,2023-10-23,71.0,Repeat item-backed buyer
18053,7,7,132926,4766,2023-11-09,2023-11-09,54.0,Repeat item-backed buyer
39785,8,7,132924,5276,2023-12-21,2023-12-21,12.0,Repeat item-backed buyer
8732,8,6,132920,5638,2023-05-04,2023-05-04,243.0,Repeat item-backed buyer
4528,9,8,132913,0,2023-12-08,2023-12-08,25.0,Repeat item-backed buyer
44159,5,5,132908,108,2023-04-25,2023-04-25,252.0,Repeat item-backed buyer
29819,6,6,132904,0,2022-12-14,2022-12-14,384.0,Repeat item-backed buyer
38441,7,6,132896,0,2023-06-26,2023-06-26,190.0,Repeat item-backed buyer
39735,11,11,132893,0,2023-05-11,2023-05-11,236.0,Repeat item-backed buyer
1248,8,7,132886,0,2023-06-19,2023-06-19,197.0,Repeat item-backed buyer
5161,7,7,132875,1634,2022-10-14,2022-10-14,445.0,Repeat item-backed buyer
17685,8,7,132872,329,2023-07-05,2023-05-11,236.0,Repeat item-backed buyer
21331,7,7,132857,0,2022-12-23,2022-12-23,375.0,Repeat item-backed buyer
8729,9,7,132840,569,2023-09-30,2023-01-21,346.0,Repeat item-backed buyer
40178,11,9,132837,0,2023-12-27,2023-12-27,6.0,Repeat item-backed buyer
10969,5,5,132834,4220,2023-09-19,2023-09-19,105.0,Repeat item-backed buyer
19130,10,9,132827,0,2023-08-28,2023-08-28,127.0,Repeat item-backed buyer
27489,6,6,132823,0,2023-08-07,2023-08-07,148.0,Repeat item-backed buyer
30064,8,8,132819,0,2023-04-09,2023-04-09,268.0,Repeat item-backed buyer
17902,9,9,132817,0,2023-11-27,2023-11-27,36.0,Repeat item-backed buyer
33627,7,6,132817,7876,2023-06-05,2023-06-05,211.0,Repeat item-backed buyer
7298,7,6,132806,0,2023-05-04,2023-05-04,243.0,Repeat item-backed buyer
18123,9,8,132805,7260,2023-10-16,2023-10-16,78.0,Repeat item-backed buyer
639,8,7,132801,0,2023-12-24,2023-12-24,9.0,Repeat item-backed buyer
9843,10,10,132798,8325,2023-11-21,2023-11-21,42.0,Repeat item-backed buyer
48336,7,7,132797,0,2023-08-14,2023-08-14,141.0,Repeat item-backed buyer
32989,9,9,132791,4169,2023-03-11,2023-03-11,297.0,Repeat item-backed buyer
29464,10,8,132790,990,2022-10-11,2022-10-11,448.0,Repeat item-backed buyer
41276,10,9,132778,0,2023-12-29,2023-12-29,4.0,Repeat item-backed buyer
3157,9,8,132774,1738,2023-04-11,2023-04-11,266.0,Repeat item-backed buyer
49214,7,6,132769,5736,2023-04-23,2023-04-23,254.0,Repeat item-backed buyer
5067,8,7,132768,3338,2023-12-13,2023-11-16,47.0,Repeat item-backed buyer
45722,9,7,132756,3248,2023-12-19,2023-12-19,14.0,Repeat item-backed buyer
9121,9,8,132753,77,2023-06-13,2023-06-13,203.0,Repeat item-backed buyer
26427,8,7,132753,0,2023-08-09,2023-08-09,146.0,Repeat item-backed buyer
31800,9,9,132746,17764,2023-08-29,2023-08-29,126.0,Repeat item-backed buyer
25064,8,6,132739,4499,2023-11-02,2023-11-02,61.0,Repeat item-backed buyer
25728,9,9,132735,1691,2023-11-19,2023-11-19,44.0,Repeat item-backed buyer
