order_item_id,order_id,item_sales,refund_amount,return_records
89,238390,2762,4222,1
164,72992,2445,4747,1
187,43877,508,4988,1
287,89064,2370,2636,1
301,246232,154,1342,1
409,6172,966,1377,1
519,58137,789,4574,1
585,38720,1502,4106,1
660,168379,1787,2304,1
762,210433,1272,2880,1
907,93776,199,4539,1
1004,257388,1444,1884,1
1287,259020,1194,4604,1
1479,277141,1455,2802,1
1528,192958,2270,2472,1
1541,48597,3706,4125,1
1544,31354,3399,4349,1
1561,281402,2496,4081,1
1605,30164,780,3827,1
1655,53827,2980,4624,2
1671,80839,544,1976,1
1784,195102,3124,3362,1
1800,53956,1251,2462,1
1869,63151,575,1067,1
1900,221419,2316,2479,1
1932,107884,1028,1052,1
2044,50775,730,3551,1
2066,33281,1954,3903,1
2143,145511,3132,3255,1
2146,119411,1840,3638,1
2173,132963,4334,4843,1
2204,68421,2658,4918,1
2356,62888,232,3220,1
2470,137646,303,1028,1
2525,43739,1537,2911,1
2808,96956,372,3089,1
2815,45995,1275,4782,1
2876,113229,2216,4255,1
2947,185976,1433,4032,1
2963,220325,732,3625,1
2964,112761,198,2699,1
2973,47942,2910,3215,1
2992,29022,2932,2943,1
3067,246729,532,1178,1
3238,201749,217,366,1
3443,107725,3854,4350,1
3446,8248,1414,1658,1
3521,59499,3183,4902,1
3610,245761,2263,4495,1
4042,213427,2410,5304,2
4218,190095,1290,4765,1
4243,44052,1835,3346,1
4306,134914,3168,3341,1
4334,191535,978,3680,1
4348,296,1090,1645,1
4401,257540,1762,2282,1
4493,181374,303,1128,1
4564,38178,1836,4500,1
4811,173894,2572,2605,1
4834,107,884,1398,1
4869,170860,1564,2606,1
4947,191575,2372,4170,1
5099,36292,3842,3869,1
5308,3281,1868,4958,1
5374,154396,1565,4009,1
5491,259854,4196,4266,2
5539,214238,2200,3214,1
5601,219960,1032,4137,1
5627,206567,1002,1369,1
5720,187605,573,7397,2
5743,144615,1216,2003,1
5801,179488,1000,4370,1
5861,95673,1546,3938,1
5879,90081,247,1422,1
5881,139738,2020,4429,1
6033,248685,3802,4198,1
6070,237732,132,270,1
6159,238048,3587,4208,1
6219,261962,1022,4269,1
6288,210234,1491,2232,1
6319,121569,3204,3957,1
6326,298229,1206,4811,1
6334,27681,474,1632,1
6645,143988,410,519,1
6656,251542,4370,4972,1
6852,233688,717,950,1
6885,134805,2327,4700,1
6917,42200,531,4058,1
6922,51598,676,3789,1
7064,183100,879,4801,1
7192,91890,234,4300,1
7348,255496,738,2382,1
7445,150266,837,3404,1
7477,86377,673,1029,1
7532,14849,1527,2343,1
7659,73865,590,1021,1
7673,31942,1762,2482,1
7684,204199,4238,4920,1
7812,810,2724,4371,1
7851,48723,2852,3822,1
8094,171359,498,1704,1
8398,174326,1410,2400,1
8740,138884,556,3544,1
8803,88017,470,778,1
8951,102736,202,1497,1
9054,30804,1974,3208,1
9091,64125,442,4847,1
9102,97454,1864,2433,1
9103,68606,3118,4963,1
9232,19376,2870,4778,1
9245,220134,2596,4124,1
9251,139961,3157,7471,2
9351,204291,730,1051,1
9397,57698,3603,5543,2
9907,44364,1866,4309,1
9948,90586,3298,4695,1
10040,210128,1578,1925,1
10141,231165,3754,3919,1
10191,163194,2529,4752,1
10194,85498,878,2234,1
10198,299090,2049,4441,1
10373,276169,1060,2141,1
10462,290459,1098,4463,1
10571,113301,646,1505,1
10713,248798,901,4920,1
10744,85743,3210,4415,1
10746,94297,1151,2237,1
10752,54831,398,894,1
10776,163962,4062,4477,1
10813,290686,2790,2857,1
10840,123108,4016,4879,1
10887,223179,344,2804,1
10932,232074,3902,4411,1
10953,221379,886,1134,1
10970,9424,2611,2939,1
11012,93680,2964,3996,1
11027,88720,2671,4854,1
11034,166224,476,1946,1
11076,224705,1428,2620,1
11146,173837,1552,4267,1
11226,242581,484,4793,1
11380,167751,264,4593,1
11570,173908,386,4475,1
11903,35776,500,2902,1
11913,158573,378,4283,1
11949,184286,2145,4735,1
11981,197870,949,2863,1
12032,53550,3964,4699,1
12063,71314,354,3963,1
12067,188920,906,3904,1
12101,246476,3436,3686,1
12171,213909,1771,2563,1
12271,271947,1189,2613,1
12273,248116,806,4035,1
12280,136658,1859,2027,1
12325,182136,295,2152,1
12657,6383,108,822,1
12709,207523,1851,3412,1
12841,202345,499,4210,1
12869,144031,2781,2882,1
12921,213810,516,5676,2
13076,275588,1745,2690,1
13141,26824,3432,4645,1
13247,59170,2672,3673,1
13317,86242,2871,3942,1
13349,43313,1056,2450,1
13420,13630,4480,4914,1
13530,126346,918,3861,2
13828,166098,746,1318,1
13907,140914,668,3073,1
13958,158100,3868,4492,1
14005,27356,1239,3622,1
14007,95232,520,2145,1
14085,53537,3752,4477,1
14280,27861,1482,2809,1
14354,112554,1056,3969,1
14358,263980,663,3690,1
14557,274737,1652,4973,1
14658,297843,2407,3641,1
14749,108652,1475,3729,1
14811,81388,667,1843,1
14910,97266,2405,4346,1
14979,212850,2202,4724,1
15142,252290,866,1837,1
15145,36257,2502,2865,1
15191,64202,1048,1694,1
15283,231941,2259,2491,1
15289,180371,2522,2560,1
15301,165531,1709,1818,1
15315,192196,3708,4805,1
15325,94101,2618,3507,1
15355,12432,767,1542,1
15411,10622,930,2437,1
15529,188825,3828,4865,1
15571,274541,2338,2705,1
15583,157132,3153,3260,1
15650,225320,241,2076,1
15865,222947,2548,4269,1
15899,54359,2432,4160,1
15914,81401,2563,3921,1
15974,244859,1770,2010,1
16149,70923,1344,4808,1
16192,112413,1729,2176,1
16251,144054,2492,3169,1
16333,166578,867,3913,1
16573,144765,2044,3768,1
16603,67194,226,761,1
16618,160886,7062,7188,2
16799,252343,3629,3944,1
16848,229595,376,388,1
16976,119229,4788,4915,1
17054,290943,2928,4789,1
17140,19573,828,1904,1
17531,207566,3046,4878,1
17605,168525,1980,4975,1
17764,89269,2483,3915,1
17850,144336,2056,4384,1
17868,267819,634,3749,1
17972,134083,1892,2655,1
17985,114907,1020,4921,1
18155,21974,255,4874,1
18195,202096,3322,4146,1
18391,285362,471,2981,1
18408,114328,1745,4864,1
18510,234160,198,219,1
18616,215550,3280,4295,1
18644,74664,2982,4510,1
18738,103085,1491,4807,1
18756,247718,2813,2821,1
18807,67453,1832,6868,2
18910,83164,1423,2115,1
18988,201881,1146,1440,1
18990,128862,2964,4662,1
19041,74687,3982,4102,1
19063,268434,2083,3191,1
19093,243859,3770,4977,1
19128,213962,4050,4172,1
19315,262514,1169,1341,1
19401,197013,2130,2671,1
19416,194882,1000,3632,1
19597,233228,3405,4310,1
19703,187007,874,1638,1
19902,163069,682,2537,1
19907,152543,2189,2612,1
20117,93949,1878,5619,2
20156,107061,2718,4409,1
20178,152417,838,2204,1
20252,262944,1594,2856,1
20396,81133,579,4168,1
20397,63820,2857,3620,1
20419,297904,2585,4037,1
20489,181733,745,2402,1
20562,134419,643,3062,1
20638,208992,1960,4024,1
20725,124928,204,3316,1
20736,236501,840,1017,1
20740,270156,1209,4424,1
20790,136753,2438,4095,1
20792,127716,2682,3408,1
20891,67560,2595,4207,1
21272,74345,1401,3345,1
21329,56284,3378,4993,1
21370,146853,1483,1810,1
21399,158864,3132,4651,1
21406,122418,4242,4417,1
21438,219227,2770,4781,1
21672,230893,2060,2833,1
21761,91214,1568,2647,1
22192,157094,1208,4927,1
22368,28299,898,1006,1
22410,155359,223,2537,1
22450,190239,3609,4012,1
22495,187930,4710,5995,2
22527,220898,2756,4382,1
22609,56608,254,541,1
22666,76760,872,4950,1
22767,218358,2024,4396,1
22797,212609,348,2677,1
22820,158403,687,4205,1
22931,80341,3259,4752,1
23009,297957,332,4392,1
23083,274053,540,4345,1
23205,64291,1459,7561,2
23216,75736,3448,4486,1
23221,44161,1593,3876,1
23351,97220,1652,2868,1
23421,143766,3408,3666,1
23719,213563,1901,4895,1
23762,53908,513,1314,1
23852,290354,798,3034,1
23865,220225,442,3646,1
23867,40686,1014,3467,1
23987,65571,1546,3597,1
24021,254120,959,1807,1
24080,10667,855,4142,1
24166,79645,1924,3293,1
24277,61040,1312,4992,1
24485,112125,2202,2809,1
24490,262389,2360,3483,1
24576,286871,2074,4664,1
24597,270284,692,1512,1
24634,209963,1021,4666,1
24648,158232,4017,4561,1
24753,237087,1815,4898,1
24805,236779,525,4866,1
25018,90716,1755,3948,1
25050,117325,963,4225,1
25167,219637,2862,4961,1
25231,269819,3976,4911,1
25271,8942,2816,3837,1
25409,155407,3334,3647,1
25577,97382,2636,3404,1
25744,11829,2924,3125,1
25853,232619,1804,3766,1
26085,132919,2424,3504,1
26217,227691,3568,4400,2
26246,46272,1118,1394,1
26259,95801,3035,4088,1
26321,32181,1605,3995,1
26354,61392,3645,4249,1
26373,143578,1814,4546,1
26411,57627,4446,4747,1
26517,50748,800,1309,1
26606,205794,454,1143,1
26628,200721,1032,1969,1
26663,77423,1813,3852,1
26692,277565,928,3265,1
26693,56367,693,6041,2
26780,85388,304,653,1
26863,198059,1513,2692,1
26932,83208,2234,2424,1
26979,165746,1997,2441,1
27008,126292,3312,4871,1
27029,190474,1118,4018,1
27084,47323,457,4410,1
27383,229514,3248,3514,1
27389,235817,4815,4855,1
27487,201053,1662,2441,1
27552,62648,627,4359,1
27618,96689,4622,5153,2
27717,81844,3012,4572,1
27732,93060,393,4442,1
27749,199368,2273,3786,1
27900,267135,2224,4779,1
27927,50172,1162,2552,1
27933,265299,2524,4814,1
28040,141763,614,3488,1
28107,36225,572,3321,1
28117,246553,2734,3348,1
28125,253819,3362,4655,1
28155,153682,751,3504,1
28252,263941,691,2402,1
28259,7504,3492,4789,1
28384,274411,1214,1227,1
28409,66626,2009,2242,1
28432,227069,4280,4295,1
28520,129292,2002,4798,1
28551,244472,3150,3482,1
28559,202484,675,3379,1
28561,153841,919,3119,1
28775,206300,1422,2294,2
29039,164231,1081,4357,1
29116,85110,1088,4894,1
29283,72577,489,2358,1
29391,94605,3136,4512,1
29475,261778,2181,2316,1
29658,78397,2667,4649,1
29693,171928,1792,2405,1
29781,164415,2733,3750,1
29844,251367,238,2629,1
29939,100321,1834,4330,1
29941,263035,783,1657,1
29963,211695,1532,4347,1
29987,54580,3878,3899,1
30081,169754,783,1269,1
30199,282175,868,2403,1
30223,9453,1907,2568,1
30274,126864,2794,3389,1
30286,91224,4272,4811,1
30311,97008,1109,4033,1
30312,130119,405,2282,1
30443,62942,2372,2423,1
30513,160415,600,989,1
30516,230431,2434,3021,1
30532,259046,4104,4191,1
30557,260868,4328,4405,1
30585,116762,851,4167,1
30613,212740,324,2565,1
30799,171755,935,3472,1
30883,13837,2373,3053,1
30904,19268,492,4912,1
30972,127283,1444,2831,1
31454,70353,2574,3125,1
31710,277222,830,3612,1
31725,211184,3882,4377,1
31839,254551,4540,4835,1
31940,188157,976,6681,3
32078,80611,254,4952,1
32100,58249,244,547,1
32222,192769,1492,2982,1
32241,179361,1018,1108,1
32341,95623,1806,4367,1
32393,276471,1998,4151,1
32411,214296,1678,4955,1
32440,153286,305,2342,1
32461,274454,1656,3313,1
32495,291105,1096,3773,1
32672,264972,2100,3250,1
32702,246531,1223,1731,1
32827,186614,116,2812,1
32948,226193,4302,4542,1
33022,215320,1619,3066,1
33046,230348,3291,3905,1
33129,95304,408,4396,1
33236,124395,3146,4462,1
33356,35134,2783,3847,1
33476,230025,1664,4387,1
33483,211801,986,2696,1
33580,161536,3324,4337,1
33614,150904,1984,4547,1
33652,39849,310,3706,1
33683,67529,1280,1732,1
33747,151006,3579,4936,1
33784,292184,3603,3875,1
33978,275562,940,2630,1
33997,226191,3158,3776,1
34077,171535,358,965,1
34078,141917,904,2734,1
34093,168825,1869,2947,1
34122,179217,1140,2047,1
34174,288221,2495,4244,1
34275,114222,416,454,1
34312,212022,3144,4610,1
34339,210632,3390,4649,1
34357,127683,1542,1909,1
34471,223541,906,3358,1
34479,293336,1188,4419,1
34548,98763,582,2834,1
34664,219450,879,4574,1
34812,35444,3587,3658,1
34819,171674,1945,3712,1
34870,20207,666,1030,1
34956,91602,2172,3569,1
34978,123694,3028,4574,1
35057,271646,2304,2434,1
35113,218553,1290,3148,1
35173,83417,698,2775,1
35386,116136,4496,4733,1
35437,24710,843,1230,1
35448,164567,1022,4392,1
35542,248812,2166,4296,1
35574,56065,234,3392,1
35654,9982,175,4157,1
35717,243768,1972,3663,1
35751,186082,2792,2925,1
35796,234116,1972,4230,1
35841,165559,1965,2804,1
35871,26217,3794,4389,1
36039,132669,693,4309,1
36047,93075,852,4950,1
36360,74449,2042,3119,1
36405,115475,116,3298,1
36468,206316,2034,3755,1
36560,217116,492,3891,1
36660,194495,160,4663,1
36709,23055,3096,4399,1
36913,199780,8434,8593,2
36919,170096,892,2560,1
36936,103326,1975,7612,2
37045,145388,2414,4830,1
37066,36752,1601,2114,1
37111,282720,2842,4192,1
37165,101750,3046,4243,1
37253,265797,295,2966,1
37299,134317,1634,3202,1
37510,103982,402,1083,1
37520,228759,2067,3640,1
37603,249512,1758,1761,1
37612,251986,695,751,1
37724,126883,2388,4176,1
37780,58248,2400,2894,1
37784,94436,3722,3926,2
37858,199684,3747,4185,1
38057,234637,1406,2851,1
38092,121266,3616,4872,1
38176,114723,744,3465,1
38185,196658,389,2315,1
38312,10200,2719,3387,1
38314,220477,4174,4564,1
38419,287377,142,700,1
38453,239538,4606,4971,1
38496,72061,1630,3288,1
38610,130706,5752,7631,2
38620,165994,951,2553,1
38634,71951,1242,2212,1
38753,60467,3243,3705,1
38755,235979,411,3295,1
38867,56815,3843,3991,1
38918,245439,1928,2299,1
38994,218312,2114,3975,1
39023,165712,954,2595,1
39026,118222,1662,4123,1
39293,165256,796,3026,1
39340,260277,4460,4470,1
39373,294744,1689,4922,1
39583,83575,651,3832,1
39773,89541,1415,4070,1
39798,294890,565,4053,1
39818,71405,2288,4732,1
39859,146360,3250,3529,1
39975,41362,1641,4871,1
39985,216033,1844,3836,1
40023,21396,584,3910,1
40199,95768,130,4584,1
40304,289236,2528,4329,1
40405,198495,1786,2472,1
40468,79472,445,4117,1
40590,30725,834,3768,1
40972,87515,1438,3920,1
41126,217456,1544,3038,1
41157,176507,2557,3457,1
41163,148234,1866,3159,1
41267,197300,578,4155,1
41279,286649,2224,4037,1
41290,287968,1194,4022,1
41359,268215,1842,3656,1
41384,1217,1713,4838,1
41442,271770,2307,2467,1
41505,167896,761,2112,1
41533,2684,2763,3094,1
41584,160726,3786,4563,1
41737,32091,1992,2840,1
41823,154005,1494,3165,1
41868,57194,694,3419,1
42039,70142,4292,4913,1
42127,293050,1269,2669,1
42244,118255,872,3210,1
42253,51625,1678,3405,1
42257,207689,248,1381,1
42488,11107,1057,4991,1
42570,29574,3942,4629,1
42590,44368,598,1935,1
42673,167698,2074,4142,1
42770,265283,3138,4196,1
42932,299571,2754,3930,1
42944,133694,746,913,1
43121,216751,309,3237,1
43261,282600,134,3274,1
43285,68387,1793,4489,1
43543,250187,1387,2540,1
43674,9533,610,3872,1
43700,5893,841,4266,1
43729,186726,688,4194,1
43764,27067,3664,4064,1
43766,5877,874,1070,1
43825,281779,2638,3196,1
43972,245814,1976,4047,1
44053,119010,544,891,1
44077,74432,1394,2229,1
44201,139456,1108,1874,1
44203,12363,505,2527,1
44312,148695,1139,2516,1
44481,267875,1290,3815,1
44547,238477,2169,3674,1
44789,94589,2068,3698,1
44826,245314,2282,3479,1
44950,66704,2008,4721,1
45069,111965,2924,3238,1
45093,209145,2518,4024,2
45163,74040,1431,4133,1
45431,62300,1773,2692,1
45547,137660,1131,3789,1
45555,276522,639,3615,1
45571,206567,2448,3827,1
45636,248620,416,2755,1
45710,186450,362,1663,1
45823,109738,2922,3890,1
46105,228889,1767,3460,1
46160,81368,2548,4237,1
46175,162815,3377,4423,1
46193,216162,1385,4187,1
46355,256131,1540,2133,1
46362,231040,756,979,1
46396,69495,628,4192,1
46426,225899,2652,4137,1
46550,264850,972,3132,1
46569,91432,1874,4210,1
46669,43801,1524,4786,1
46694,119600,2062,3168,1
46837,290026,3526,3769,1
46912,20028,3615,4989,1
46970,58522,945,4469,1
47016,163737,2080,3282,1
47240,111586,3710,4660,1
47326,93407,995,1143,1
47536,25564,3666,3775,1
47870,68544,1600,1731,1
47999,12700,2392,4213,1
48051,102087,548,1873,1
48172,1220,3519,4722,1
48193,242603,2169,2963,1
48198,202809,436,2367,1
48309,36286,3270,3785,1
48438,28170,2061,3473,1
48558,103746,2767,4663,1
48569,256908,3088,4485,1
48762,208296,1153,2239,1
48893,168725,1900,2822,1
48957,66604,1966,4955,1
49042,114407,1899,3088,1
49065,83219,3165,3815,1
49189,184010,4149,4695,1
49215,13480,2390,3460,1
49263,11482,1540,2833,1
49616,69903,4143,4647,1
49681,201424,4837,4869,1
49740,108642,3444,4304,1
49906,213057,390,3759,1
49984,136149,1776,4626,1
50040,175027,2998,3790,1
50107,206323,1586,3154,1
50128,79653,921,3220,1
50146,286088,2172,4892,1
50153,17613,573,3283,1
50336,175360,724,4640,1
50556,26243,1684,4331,1
50759,288934,3165,3320,1
50770,47495,3820,4550,2
50952,86458,4944,5356,2
50992,172426,852,3358,1
50995,49047,831,4905,1
51018,239845,742,2340,1
51062,36748,1005,4438,1
51135,22335,1138,4075,1
51194,125535,3589,4590,1
51223,65243,3449,3542,1
51233,83964,2340,3726,1
51238,295694,4662,4948,1
51246,115609,1030,2279,1
51283,124831,1984,4374,1
51425,160473,424,2973,1
51555,53281,778,944,1
51557,16226,887,4080,1
51670,1733,3553,4059,1
51726,125005,2722,4900,1
51755,35137,1666,2137,1
51791,245586,2016,3581,1
51821,12975,705,3323,1
51951,56892,430,1921,1
51982,211368,1577,2895,1
52034,45283,2419,3614,2
52244,196513,1206,3300,1
52255,54941,1104,1941,1
52489,86191,597,2606,1
52559,431,3066,3780,1
52567,112933,1888,3083,1
52658,148010,1310,3410,1
52702,93770,773,4101,1
52728,271558,747,4876,1
52756,17261,597,2778,1
52835,105193,2817,2859,1
52898,234970,1299,4113,1
52953,123,2691,2715,1
53010,284021,333,4290,1
53033,205378,3078,4952,1
53041,47614,1972,3989,1
53062,76896,832,3539,1
53146,153040,582,4261,1
53179,269358,3076,4150,1
53309,259315,950,2171,1
53354,146270,402,2661,1
53406,87109,3414,4912,1
53607,30030,1812,3064,1
53616,28120,496,1394,1
53754,86879,770,3993,1
53839,245842,1124,2644,1
54047,118359,3693,4513,1
54057,165016,1059,3354,1
54097,107663,1532,2787,1
54132,22021,3284,4198,1
54306,143297,3531,4083,1
54308,166560,283,698,1
54412,242827,876,3881,1
54432,127512,2339,2886,1
54463,268019,3349,4442,1
54507,114981,1567,4369,1
54677,215360,3206,3443,1
54758,157655,298,4773,1
54776,265550,449,4956,1
54843,220732,297,973,1
54938,193117,2873,3092,1
55038,104509,436,1780,1
55040,10235,183,4658,1
55114,141044,1432,3303,1
55123,109380,3944,4653,1
55160,128774,4416,4588,1
55185,211180,2183,4078,1
55201,58334,1776,3508,1
55364,140871,1031,4367,1
55394,183952,2274,4306,1
55776,43956,1459,3348,1
55931,292943,484,1416,1
56044,62801,1587,2934,1
56079,171308,2475,3583,1
56223,21994,4227,4942,1
56247,56299,1268,1868,1
56515,145779,2265,3387,1
56575,273312,504,1559,1
56683,249578,1582,3109,1
56865,234373,2411,3355,1
56954,86161,1343,4334,1
57339,208200,500,1487,1
57364,190593,4111,4987,1
57370,58685,288,2464,1
57572,66324,2132,3445,2
57687,101581,2261,4459,1
57731,215250,1510,1593,1
58000,179474,996,1024,1
58051,187385,3404,3610,1
58100,294487,2915,3793,1
58160,251190,1010,7135,2
58202,209964,231,4063,1
58212,139755,2548,4922,1
58261,83017,238,554,1
58269,92913,4005,4465,1
58376,88543,732,2804,1
58428,64404,1822,3558,1
58459,144388,4132,4343,1
58463,253245,1884,2196,1
58504,22409,1783,2228,1
58642,2645,1568,1707,1
58751,155041,1540,1754,1
58840,182846,476,4392,2
58846,36352,447,1715,1
58851,112282,2370,3206,1
58881,108546,2128,4409,1
58953,134259,1218,2782,1
59036,278274,1597,3014,1
59412,55327,1514,2336,1
59475,175361,1923,4051,1
59502,13686,671,4459,1
59503,257657,1518,2436,1
59690,290965,590,3067,1
59705,288271,2310,2503,1
59737,70211,2328,3044,1
59816,132887,1220,4498,1
59954,274263,859,2258,1
59968,214606,1712,3269,1
59971,258656,2100,2625,1
59984,102392,923,3562,1
60001,24431,1014,1963,1
60074,170489,1079,1327,1
60082,191463,2012,3879,1
60305,297834,3096,6132,2
60308,38664,3187,4740,1
60415,159337,3985,4509,1
60496,202291,163,701,1
60500,41371,387,1539,1
60537,192036,151,4039,1
60542,33700,687,5767,2
60892,116996,692,3469,1
61008,48070,1608,4842,2
61103,185312,836,3863,1
61174,7145,2970,4575,1
61188,291202,2309,3882,1
61245,287863,4182,4594,1
61274,253887,658,4755,1
61325,273600,524,4244,1
61421,25101,348,3306,1
61854,63591,594,1495,1
61884,203498,1377,3360,1
61948,190474,430,836,1
62060,21604,495,2119,1
62162,44872,2116,4843,1
62261,231344,2455,4512,1
62386,169183,3540,4364,1
62484,209569,1738,4129,1
62538,198148,2521,3207,1
62592,205312,2172,2738,1
62621,175416,1270,2276,1
62727,91617,181,3044,1
62826,217670,246,2916,1
62904,3436,2562,4598,1
62924,27910,2126,4173,1
62981,18757,616,1389,1
63068,249405,3000,4858,1
63083,26756,2010,2583,1
63146,154044,3764,4143,1
63179,130748,1338,4923,1
63280,189326,2439,4494,1
63458,49227,792,3470,1
63498,65201,3939,4225,1
63515,186488,2332,4083,1
63556,70227,5912,6812,2
63607,249968,495,4985,1
63634,265570,1972,3338,1
63650,171167,3212,3303,1
63679,92527,1344,2845,1
63956,139297,2696,3772,1
64040,100186,868,1403,1
64131,63475,4280,4810,1
64139,71206,2040,3754,1
64196,145617,2126,3126,1
64220,79908,3840,5017,2
64292,56229,2666,4276,1
64353,161108,3184,3850,1
64411,118950,2698,4722,1
64675,58274,132,4737,1
64728,85131,3924,4502,1
64789,220309,632,4068,1
64901,8142,520,2413,1
64936,107083,606,2784,2
64981,113206,740,4835,1
64984,258256,306,309,1
65044,240791,3230,4436,1
65120,73647,476,3013,1
65182,78282,3520,4825,1
65423,249699,288,4158,1
65449,43480,1770,1847,1
65450,200525,108,2570,1
65493,239724,1079,2607,1
65529,21700,1051,1212,1
65929,50477,1519,4232,1
65940,167396,1635,2635,1
66019,69734,705,1476,1
66025,250946,1049,3964,1
66078,49582,2236,3832,1
66086,256549,2634,3832,1
66265,58534,144,382,1
66433,275189,1362,3106,1
66512,288336,1496,4734,1
66532,288657,2328,4681,1
66612,263377,1756,1876,1
66711,152900,962,4824,1
66724,53834,320,4185,1
66875,71870,758,2292,1
66884,141093,1745,4429,1
67159,288575,2146,4163,1
67178,12468,950,2209,1
67232,63598,2852,3041,1
67537,5409,1620,4091,1
67538,31287,3897,6932,2
67679,100346,564,4249,2
67696,210316,652,1155,1
67712,138087,2989,4283,1
67905,2544,2198,4775,1
68133,21468,1320,2790,1
68153,84377,304,4704,1
68161,56936,2124,3426,1
68197,188117,2004,3406,1
68222,96525,2226,3029,1
68244,280520,297,3045,1
68298,96435,586,8043,2
68407,188217,163,1546,1
68446,104782,2068,2077,1
68469,224859,224,3990,1
68499,208987,2628,3739,1
68558,183632,3732,3971,1
68664,212049,2174,3949,1
68835,34006,308,3848,1
68864,237854,1350,4333,1
68883,291969,757,3839,1
68923,145865,1228,1947,1
68930,152191,1511,1609,1
69042,207891,2620,4376,1
69193,55948,240,4304,1
69224,175377,1356,3131,1
69298,183094,1664,3305,1
69362,151156,3659,3731,1
69390,275329,544,2341,1
69391,297694,686,845,1
69453,71566,1030,3547,1
69568,273976,273,2342,1
69609,123584,1485,3358,1
69685,175141,694,1244,1
69739,138518,1192,1425,1
69787,71441,2238,2974,1
69991,296311,4369,4533,1
70005,23267,1822,4331,1
70030,15521,1168,4447,1
70170,125681,555,4806,1
70216,169519,2493,4214,1
70252,257677,667,2209,1
70404,92483,624,3537,1
70441,274886,738,4702,1
70566,252001,1113,2757,1
70765,196492,708,2405,1
70917,195761,870,1606,1
70968,149578,2212,2511,1
71080,56450,2600,3970,1
71084,225204,3272,4887,1
71086,174129,2372,3898,1
71141,176228,903,4855,1
71302,298484,1132,2795,1
71311,287579,1792,1860,1
71401,268881,241,3800,1
71479,18736,818,3813,1
71571,184153,2780,4530,1
71677,107166,820,4963,2
71746,13149,2358,3971,1
71765,286472,2678,3936,2
72134,72952,161,3116,1
72164,280764,459,3704,1
72223,262619,759,1001,1
72293,120349,1268,4848,1
72355,147901,3216,4804,1
72373,98807,1812,2890,1
72563,207948,618,4003,1
72577,170559,1953,2351,1
72601,100937,1488,3726,1
72667,177018,1944,2866,1
72749,7460,3752,4500,1
72777,128003,1586,4624,1
72848,17194,513,3680,1
72943,21708,2231,2620,1
72950,245026,957,4578,1
73084,37315,976,1172,1
73176,252662,410,1201,1
73224,193579,1951,2656,1
73232,80107,3282,3803,1
73249,291883,708,2713,1
73692,276051,1452,4462,1
73721,90039,1272,4741,1
73898,77252,1088,3626,1
73902,244552,760,1911,1
73940,140980,516,1457,1
73966,34948,1215,3937,1
74023,407,1436,3094,1
74093,101653,469,625,1
74105,15532,1406,2481,1
74234,157439,1497,4037,1
74544,218928,2838,4180,1
74628,172634,2974,3815,1
74771,8137,2494,3357,1
74818,172209,1948,4150,1
74917,276528,408,841,1
75175,137712,1373,3211,1
75253,3932,3069,3244,1
75291,267910,1738,3453,1
75336,94205,228,1729,1
75346,62465,3382,4685,1
75389,163602,4592,4774,1
75440,208596,1989,3840,1
75450,127576,259,2797,1
75516,97639,274,4550,1
75556,164055,1934,4804,1
75828,50925,2365,4970,1
75894,128520,1294,1646,1
75970,210660,592,4903,1
75999,297253,720,3759,1
76060,98856,2300,3502,1
76084,174725,602,1396,1
76242,44127,133,3098,1
76386,195925,141,4509,1
76537,124741,4105,4585,1
76575,160854,719,3390,1
76576,209403,784,4995,1
76591,36347,333,4878,1
76638,138367,492,2971,1
76666,256196,178,1248,1
76715,250489,1131,3895,1
76724,277440,372,4388,1
76761,55704,3532,3719,1
76829,220532,2546,4114,1
76850,219323,2322,3769,1
77028,165668,894,2970,1
77439,198445,2602,3202,1
77494,96209,3890,5591,2
77556,61480,4449,4746,1
77663,193793,2451,2961,1
77797,293693,2552,4686,1
77846,160078,982,1246,1
77886,98164,3772,4822,1
77896,160414,710,771,1
77921,160247,2986,3307,1
77971,152722,2030,4377,1
78001,204248,1435,4423,2
78035,276735,4215,4772,1
78056,242702,2028,4078,1
78277,179222,3332,3978,2
78296,94403,1726,2181,1
78338,87513,1709,1835,1
78379,71430,1504,3891,1
78438,254233,2214,4408,1
78458,230635,2978,3635,1
78536,84274,3956,4317,1
78640,161546,911,4007,1
78835,229022,2550,2951,1
78844,70045,3146,4931,1
79027,121583,206,414,1
79072,120219,1294,4485,1
79078,1633,865,1251,1
79108,67950,876,4369,1
79122,134697,222,264,1
79363,86667,2038,4216,1
79446,48674,3008,4242,1
79450,17170,3156,4563,1
79458,44730,1407,3689,1
79739,248033,2773,3733,1
79764,105205,1906,4171,1
79884,8673,3096,3492,1
79953,104732,603,2783,1
80041,142398,1014,4787,1
80095,296168,509,1475,1
80099,105537,1538,4375,1
80127,266127,2073,2971,1
80129,88087,2888,4548,1
80191,295346,1261,3051,1
80243,113715,597,4536,1
80256,72511,544,4016,1
80318,75474,1372,4326,2
80362,42677,4035,4961,1
80389,240603,780,2136,1
80491,163303,2326,4805,1
80539,251264,1398,3652,1
80673,253737,3095,5752,2
80684,290528,687,4676,1
80708,53128,1662,3600,1
80725,157371,2597,2658,1
80747,184237,840,4838,1
80763,216955,1978,3915,1
80857,116470,348,4134,1
80943,103306,3894,4213,1
80985,190878,759,4940,1
81124,252884,3129,4659,1
81147,233932,1176,2816,1
81178,19675,359,612,1
81198,113501,1929,3769,1
81284,160130,3767,4997,1
81617,226924,265,4638,1
81652,282246,2478,4342,1
81913,75016,388,952,1
81934,67534,202,1223,1
82105,240967,2654,4150,1
82142,192060,1336,3873,1
82243,296418,432,828,1
82339,82497,4572,4812,1
82418,255909,2268,2820,1
82452,207993,1752,2755,1
82475,33748,1767,2210,1
82492,115215,441,2767,1
82506,249926,1278,1702,1
82861,288838,1274,3181,1
82872,67574,2832,3486,1
83073,236823,1656,3969,1
83109,124745,2567,4779,1
83499,130642,940,4816,1
83506,282914,3109,4218,1
83550,190979,1162,3345,1
83600,228470,1587,2170,1
83628,42593,1487,4907,1
83898,128126,445,2585,1
83914,4441,458,6132,2
84046,290357,313,1078,1
84191,34324,1794,3103,1
84297,254380,306,795,1
84455,108028,3320,4603,1
84466,95128,2432,4687,1
84472,71897,1522,2358,1
84504,188338,4053,4398,1
84639,73336,1651,4138,1
84664,196701,1614,2560,1
84667,136483,1016,6813,2
84786,112348,2512,3446,1
84806,83168,2113,2946,1
84856,123266,1817,4613,1
84899,143418,1054,1940,1
84910,198758,1422,3821,1
85172,280665,3020,4430,1
85208,286787,2032,3674,1
85257,174279,2947,4588,1
85313,249565,3176,3821,1
85325,10119,2876,4250,1
85419,140423,1328,4780,1
85433,44385,1558,4328,1
85453,98949,4379,4903,1
85579,1389,452,3532,1
85745,28448,3174,3901,1
85750,147068,1850,4768,1
85872,88857,682,1926,1
85941,44521,2047,3218,1
86007,140560,1256,3158,1
86044,216215,525,4587,1
86126,199395,2260,3418,1
86379,50927,874,4742,1
86424,214163,1982,2760,1
86454,112418,1691,4994,1
86584,144538,1584,3620,1
86686,187878,2534,4989,1
86832,249652,2736,3278,1
86853,267144,1212,3784,1
86953,87698,125,2388,1
87211,81937,2184,3141,1
87270,204980,223,1304,1
87331,238708,2360,4342,1
87347,233979,3207,4344,1
87355,98180,1463,3666,1
87433,61577,914,3057,1
87472,242751,844,3109,1
87595,67523,472,2715,1
87711,70966,1986,4224,1
87892,260751,1087,2916,1
88002,292415,1900,3661,1
88012,195055,1277,2423,1
88029,39688,2294,4768,1
88228,52331,2324,2817,1
88319,40430,379,1401,1
88395,274339,3725,3971,1
88426,237190,1896,3075,1
88466,227868,1533,4662,1
88857,122437,504,2178,1
89035,273510,808,1156,1
89143,112740,3706,4849,1
89194,31607,2126,6180,2
89374,106870,204,4323,1
89618,66418,3141,4336,1
89624,272609,332,1144,1
89625,296246,1101,4139,1
89642,28956,2982,4925,1
89688,125458,2370,4447,1
89748,92900,2424,2862,1
89787,247364,2804,4944,1
89909,184445,1560,2275,1
89930,283826,2908,4059,1
89934,264367,4024,6205,2
90057,37150,356,1786,1
90096,123467,2021,3054,1
90097,158616,743,1238,1
90128,294938,909,7624,2
90163,150876,1376,7205,2
90188,295823,101,1257,1
90302,140715,1107,1973,1
90386,177107,1110,3025,1
90531,127367,968,3111,1
90606,21189,2004,2930,1
90683,235526,2350,4107,1
90708,234376,954,1300,1
90758,220306,4456,4844,1
90817,238746,346,2731,1
90873,173134,1818,2910,1
90925,140379,1900,2527,1
91057,253412,1012,4230,1
91063,86014,556,4145,1
91098,178343,1554,2607,1
91136,266906,461,4680,1
91159,23442,4648,4956,1
91215,163436,956,5346,2
91242,217367,1128,6881,2
91341,161472,2970,4868,1
91478,117545,1169,3289,2
91479,136039,1773,2051,1
91520,105927,2809,4939,1
91550,144008,411,4408,1
91567,280230,2850,3284,1
91591,67447,6314,6953,2
91681,141708,363,3286,1
91757,180129,1111,1962,1
91771,215516,1640,3660,1
91836,137209,280,4035,1
91866,171664,792,2478,1
91952,24378,1156,1882,1
91994,102183,2505,3063,1
92090,128450,906,4935,1
92092,170237,134,811,1
92178,158100,514,2301,2
92286,89241,3150,3208,1
92383,142611,1162,3980,1
92414,15015,2073,4239,1
92466,180009,3608,3621,1
92478,266485,4264,4794,1
92492,133439,564,1086,1
92500,29422,122,266,1
92550,141165,1583,2804,1
92722,266114,893,3789,1
92755,224490,1392,4215,1
92802,250439,2268,4607,1
92851,163212,2229,3080,1
92870,216777,2265,4422,1
92898,160913,1817,4176,1
92950,279959,3069,4885,1
92988,126495,796,1621,1
93007,277628,518,1022,1
93108,269159,2988,4852,1
93425,32387,1930,4716,1
93554,292884,2058,3491,1
93561,26718,2931,4044,1
93690,225980,3402,3642,1
93764,13910,2424,4159,1
93827,65650,2222,2753,1
93919,237115,1118,3936,1
93933,26629,3453,3628,1
93998,217665,5644,9484,2
94005,252129,379,1700,1
94101,283851,1874,4590,1
94116,280582,4350,4702,1
94163,125791,230,1843,1
94319,15940,2902,7958,2
94533,91848,1830,3172,1
94548,208687,799,1362,1
94733,45643,604,2614,1
94822,277109,2934,3044,1
94905,195890,1950,3172,1
94995,19002,4372,4891,1
95080,273654,874,4698,1
95226,259007,1835,5472,2
95276,31310,2402,3660,1
95322,96750,1876,3100,1
95585,140090,1706,4143,1
95595,51164,1093,4534,1
95609,1610,3194,3570,1
95676,68448,1900,2378,1
95713,5450,2114,2612,1
95792,174412,2850,3569,1
95869,77166,1551,4252,1
96011,96756,1156,1364,1
96040,265133,325,4775,1
96047,216224,1908,3286,1
96058,143194,1260,2151,1
96355,196102,240,413,1
96403,42288,528,1889,1
96467,282310,1598,4955,1
96475,91030,217,238,1
96497,84255,3392,4758,1
96646,288080,3049,3580,2
96659,280991,335,1882,1
96702,273929,121,4213,1
96908,115867,796,2919,1
96941,48469,1317,1887,1
97020,235787,631,1493,1
97030,131798,1401,3795,1
97114,247254,784,3048,1
97117,40655,292,3136,1
97127,157442,155,2990,1
97257,226164,4381,4428,1
97373,53824,1272,1528,1
97388,18141,626,4191,1
97456,96852,1628,4582,1
97482,5162,1212,4861,1
97489,160727,1906,4085,1
97526,45702,1728,4757,1
97529,62358,2391,4633,1
97557,197008,1266,4229,1
97571,291897,435,4714,1
97612,156352,702,3124,1
97618,232906,2532,3612,1
97627,52751,1584,2933,1
97693,35642,3381,3978,1
97882,84189,1153,2969,1
97916,165803,2136,2549,1
97929,21571,2268,3374,1
98148,30623,276,4659,1
98317,145683,161,2304,1
98333,258305,2076,3519,1
98471,61419,318,1382,1
98563,214558,4119,4631,1
98592,14258,1788,3836,1
98745,193810,2130,2797,1
98798,194935,2616,3981,1
98885,86685,4101,4884,1
98886,224723,137,1136,1
98953,105928,4264,4406,1
99243,60138,2395,3676,1
99449,140702,392,3113,1
99457,293911,884,4042,1
99593,251382,2288,3384,1
99728,40687,2577,2694,1
99911,12955,1778,2193,1
99928,102758,908,4283,1
99944,40655,566,2646,1
100025,20474,171,1819,1
100272,176289,3816,4003,1
100298,227305,1604,4037,1
100399,286556,249,2730,1
100528,95963,731,3041,1
100536,193062,366,914,1
100637,286595,2454,3293,1
100656,90860,4134,4826,1
100849,100443,3848,4541,1
100920,4705,366,1901,1
101002,293921,3195,4705,1
101035,51508,1326,2035,1
101049,34438,2648,3266,1
101221,248520,306,2617,1
101228,221384,817,2907,1
101274,12612,4272,4374,1
101362,113962,1792,2555,1
101459,10158,316,2033,1
101512,223592,1254,3005,1
101575,10600,3032,4861,1
101757,25542,2657,4670,1
101816,298806,3945,4913,1
101879,288355,892,1948,1
101975,22778,2482,4472,1
102006,125981,2680,3927,1
102139,173448,2168,4643,1
102156,234760,4222,4359,1
102224,50498,2260,2577,1
102299,205360,3284,4980,1
102427,2844,3591,3816,1
102529,70414,567,3127,1
102576,139208,1883,2187,1
102639,31215,425,2678,1
102681,201892,3234,3435,1
102720,193028,1544,3819,1
102748,298417,656,3366,1
102767,51676,1374,3123,1
102811,178184,4755,4934,1
102943,83401,2316,4434,1
102953,141526,4029,4238,1
102957,76656,500,3607,1
102985,198374,686,1788,1
103119,116850,2661,4596,1
103255,118988,1148,3144,1
103297,101400,2952,4786,1
103306,124489,1962,2715,2
103318,33321,1314,1428,1
103332,205897,1698,2522,1
103466,170658,801,4745,1
103620,89162,1673,4407,1
103632,220956,1429,4206,1
103650,66689,2661,4207,1
103765,237649,476,2015,1
103892,213558,1430,3272,1
104284,84356,2353,4325,1
104323,208702,3318,5062,2
104361,52407,1768,2837,1
104529,157917,3513,4128,1
104706,243347,1425,1716,1
104861,65505,1756,1974,1
104937,10092,3500,3944,2
105147,32771,588,1145,1
105161,45885,1331,1781,1
105236,175839,1197,3301,1
105271,187875,2148,3029,1
105318,6515,386,4778,1
105332,204368,2204,4816,1
105426,237645,1920,3665,1
105429,28390,2137,7822,2
105454,98743,2910,3724,1
105458,172320,1088,1870,1
105502,148213,604,3398,1
105549,265927,1204,3767,1
105606,255664,4041,4766,1
105712,4030,140,1774,1
105732,188204,2793,3896,1
105777,90308,4324,4335,1
105821,59311,2049,2285,1
105842,184058,1060,1852,1
105890,16749,1296,4624,1
106107,9152,852,1398,1
106173,294483,1089,4557,1
106207,87475,1032,4734,1
106244,100808,325,1736,1
106246,177976,2326,4643,1
106254,203664,1156,4059,1
106376,186419,3972,4003,1
106524,169824,4086,4987,1
106550,39410,968,4919,1
106559,155508,3921,4263,1
106582,62291,2370,2452,1
106645,275025,2860,4398,1
106677,167362,2488,4339,1
106681,171446,1616,3196,1
106888,219117,1029,2707,1
107006,287953,3385,3920,1
107009,155888,3645,4788,1
107015,196277,3816,4092,1
107028,147858,1155,4462,1
107088,109848,478,1430,1
107160,261479,636,3131,1
107311,237131,1704,4870,1
107337,71223,1206,3335,1
107347,153720,630,3132,1
107390,160735,627,3152,1
107456,256048,877,3602,1
107472,235018,2054,3515,1
107580,287260,415,2923,1
107661,202996,2896,3779,1
107670,252436,2208,3968,1
107684,289686,4179,4661,1
107698,241405,608,4801,1
107711,247889,3008,5376,2
107751,169045,1527,3712,1
107960,276961,4090,4525,1
108132,168112,1749,2424,1
108222,116596,3384,4995,1
108445,42341,2946,4858,1
108511,206994,1557,4308,1
108526,276305,2820,4535,1
108563,109223,1959,3352,1
108778,168628,823,1878,1
108782,49854,1878,2012,1
108944,273148,839,4873,1
108963,22593,2259,4772,1
109045,224849,2116,3368,1
109487,158821,1936,3544,1
109843,98877,3447,4384,1
109998,40977,2063,4054,1
110029,155747,133,208,1
110154,140736,209,641,1
110248,22467,3233,4778,1
110434,142185,895,3310,1
110436,279838,1073,1384,1
110468,84936,2780,4456,1
110474,244867,699,3065,1
110494,243894,2114,3363,1
110508,93555,1692,3202,1
110557,177327,500,1913,1
110572,254310,3044,3568,1
110574,56930,4328,5919,2
110635,299560,248,4214,1
110651,231186,898,994,1
110683,290205,1136,4113,1
110690,282114,4094,4816,1
110702,206040,1714,3447,1
110749,80389,3804,4013,1
111016,229065,4176,4944,1
111035,195722,1906,3475,1
111050,149111,996,3250,1
111100,52148,278,556,1
111169,273319,2820,3079,1
111347,127134,1000,2151,1
111505,222447,1500,4708,1
111550,197425,1332,2808,1
111583,51430,1158,2694,1
111665,25689,1405,3706,1
111739,228075,2232,2903,1
111773,271885,2663,2987,1
111775,208468,1000,2401,1
112004,238613,1760,2885,1
112103,121796,396,6153,2
112222,74807,657,1308,1
112225,197670,1872,4066,1
112229,41449,1907,4003,1
112470,27747,2450,3320,1
112543,285542,1738,4128,1
112732,117762,540,3766,1
112855,64980,2468,3788,1
112955,280980,810,1587,1
113176,261745,1377,3401,1
113295,6339,1548,4079,1
113297,213774,2559,2797,1
113304,290349,724,2778,1
113752,295799,588,4698,1
113942,129964,2068,2714,1
114035,36547,2616,6744,2
114064,287233,808,3919,1
114130,140840,3539,4979,1
114308,68652,166,3566,1
114538,258395,743,2851,1
114690,132418,2370,2606,1
114756,10305,1741,2805,1
114765,171884,269,2162,1
114819,134590,3297,4535,1
114903,124552,102,1470,1
115008,149826,2348,4015,1
115117,162557,218,2293,1
115141,201326,2924,3116,1
115409,288652,2314,3548,1
115540,298298,432,2893,1
115599,113068,3237,4938,1
115743,128196,2353,4571,1
115802,120863,2004,2461,1
115896,176552,3463,3861,1
115988,260956,268,4077,1
116007,166237,1224,4343,1
116064,76648,626,3362,1
116184,108313,146,3081,1
116266,39111,2076,4255,1
116308,200281,3071,4780,1
116318,123447,3711,3909,1
116386,13709,1092,3402,1
116425,181873,1999,4845,1
116460,54158,4200,4901,1
116598,109390,1580,2616,1
116701,58015,2299,6134,2
116768,221140,824,2050,1
116871,102475,1077,2319,1
116877,246904,4292,4725,1
116901,139987,891,1354,1
117001,48018,2816,4908,1
117108,187487,1281,7779,2
117152,162049,2134,4537,1
117154,151887,1632,3522,1
117254,179623,2265,3838,1
117294,10777,2454,4969,1
117317,127483,1556,5407,2
117452,289196,3585,4745,1
117505,22906,660,3815,1
117520,948,3988,4074,1
117549,134167,4470,4886,1
117624,163842,550,3995,1
117698,46339,3316,4537,1
117706,152957,1369,3992,1
117747,128222,3820,4865,1
117853,274266,3872,4387,1
117934,18583,556,2762,1
117947,7004,1536,4256,1
118433,157258,718,3908,1
118472,3079,464,747,1
118496,270026,486,584,1
118701,24357,1804,3341,1
118949,284754,1815,2791,1
119004,3148,1782,2135,1
119066,196879,2650,2946,1
119150,269533,4170,4566,1
119202,80154,1509,4560,1
119329,255435,1999,4647,1
119353,79816,3520,4403,1
119404,160657,758,2684,1
119485,190567,2820,3069,1
119510,273261,574,1439,1
119512,23765,299,3649,1
119528,26742,1185,3372,1
119613,88660,3476,3896,1
119711,67557,1621,3776,1
119789,94615,4400,4457,1
119872,152838,339,2651,1
119917,21889,3160,3971,1
120170,13945,4207,4301,1
120177,213215,3520,4706,1
120178,261770,464,482,1
120229,57819,693,4662,1
120298,149591,1460,2294,1
120387,49721,1573,3027,1
120509,259192,1184,2528,2
120529,156631,1473,3661,1
120545,176595,1845,4821,1
120889,107653,1266,1787,1
121049,202296,1160,1263,1
121103,202700,2684,3568,1
121118,217423,1859,3703,1
121128,69671,1158,2810,1
121165,65374,2381,2842,1
121209,201873,1368,2225,1
121218,224646,1491,3425,1
121228,105315,2853,3990,1
121247,191864,3114,4678,1
121305,232541,3602,4764,1
121346,260133,462,2693,1
121358,217542,2216,3926,1
121457,112331,3148,3155,1
121469,147723,1444,4796,1
121805,161654,836,4888,1
121845,103510,1350,3511,1
121854,194097,2335,4383,1
121857,198155,1591,3570,1
121865,51578,1425,3359,1
122000,287388,817,2279,1
122171,241370,2227,4090,1
122214,70551,5146,6331,2
122241,43632,366,2418,1
122244,190587,1272,2322,1
122262,120852,3608,3868,1
122388,297118,1770,4092,1
122467,75926,2269,4630,1
122596,15060,408,2865,1
122815,9873,2456,4149,1
122859,18152,1124,4405,1
123102,125657,753,1836,1
123131,20835,1278,4457,1
123259,251391,1416,1840,1
123383,32907,1000,2996,1
123458,213947,870,1370,1
123498,106966,2572,2688,1
123609,200803,1472,5049,2
123632,251824,2788,4360,1
123723,38931,344,4903,1
123826,238635,3004,3598,1
123864,224363,147,1215,1
123908,23494,2304,3350,1
124153,170435,1608,4727,1
124165,175559,1979,2834,1
124168,90072,4206,4807,1
124228,175389,3102,4820,1
124457,247446,2920,4957,1
124678,165157,498,704,1
124716,222059,1901,1940,1
124751,87558,1840,3842,1
124925,146132,1055,4502,1
124943,180096,3043,4331,1
125016,136962,1796,2508,1
125040,31361,1128,1138,1
125043,120383,2355,3163,2
125131,124066,2544,4260,1
125146,196952,1169,1322,1
125172,161831,477,4383,1
125302,13399,2568,2781,1
125340,97573,1420,3846,1
125560,286096,468,4635,1
125620,180135,554,3979,1
126007,108136,2077,4133,1
126047,198943,3645,3676,1
126120,76418,2712,3934,1
126152,143969,648,739,1
126261,147067,3738,8623,2
126349,71938,214,1831,1
126388,44323,651,4227,1
126429,153984,4535,4848,1
126637,145764,998,2038,1
127024,89705,906,4586,1
127208,114565,457,4335,1
127311,205073,348,2860,1
127452,270569,118,278,1
127527,94706,2787,4482,1
127707,65739,870,1161,1
127941,156382,2514,3824,1
127970,208482,1190,3467,1
128069,1528,552,2703,1
128347,251492,718,730,1
128393,186438,806,1319,1
128398,234817,2330,3390,1
128460,154309,3372,4227,1
128513,167894,3138,3375,1
128604,271628,2896,3267,1
128635,118324,585,3284,1
128714,193352,291,2877,1
128999,182269,8896,9501,2
129014,179355,3612,4453,1
129015,34618,176,2881,1
129033,200178,3423,4521,1
129069,201817,2958,4387,1
129074,276879,284,1876,1
129167,54782,2147,2417,1
129178,161652,3064,3394,1
129337,289402,2202,4709,1
129413,255504,1464,1584,1
129417,163787,2144,4601,1
129434,73517,1441,4472,1
129562,252434,1956,2327,1
129603,3983,2790,4623,1
129610,238106,2342,3556,1
129698,210964,2244,4708,1
130157,137878,1305,4907,1
130203,20600,2152,6736,2
130242,136932,1581,3963,1
130247,169455,1186,3842,1
130447,116153,2175,3678,1
130497,197418,1576,3568,1
130627,12173,2646,4747,1
130752,276299,1421,4832,1
130779,15890,1950,2164,1
130866,132580,826,4496,1
130887,172583,1128,4016,1
130991,90124,161,168,1
131069,298348,612,1718,1
131085,140277,3470,4006,1
131158,121178,122,791,1
131330,40701,372,1130,1
131528,224384,146,3890,1
131702,96805,464,1189,1
131802,104267,147,3488,1
131811,194540,1527,2429,1
131883,281729,1803,4597,1
131962,190817,462,2018,1
131982,289835,2552,3753,1
132095,46299,2616,3409,1
132174,178585,3732,4563,1
132192,205229,562,4541,1
132237,161526,958,4501,1
132263,299743,2658,2977,1
132279,137799,1164,1455,1
132351,140717,603,613,1
132387,41170,909,1070,1
132453,216385,2254,2338,1
132521,96468,1293,3036,1
132558,58567,1465,4828,1
132732,205728,2135,3967,1
132839,42139,2362,3779,1
132851,244438,1216,1988,1
132982,266917,1429,2999,1
133028,264115,432,4487,1
133108,211818,926,1743,1
133383,158831,3250,4399,1
133395,24668,664,3436,1
133497,197648,1477,1502,1
133516,191459,2040,3672,1
133595,252176,4047,5643,2
133614,213296,2847,4441,1
133632,102181,4015,4949,2
133711,254379,3678,4192,1
133745,133653,1185,4826,1
133801,130496,1520,3595,1
133826,261901,2880,3938,1
133874,244419,2364,2437,1
133896,68387,1418,4090,1
133927,296243,182,4302,1
134121,23595,3576,4706,1
134146,282965,4152,4181,1
134190,30308,1836,3103,1
134201,44935,124,4957,1
134309,183949,443,4305,1
134409,78403,3265,3322,1
134566,144080,2234,3696,1
134876,29194,270,2960,1
135077,157328,1126,2848,1
135090,13512,1538,2418,1
135127,66711,3019,4114,1
135131,104509,1284,2402,1
135179,62876,1803,4223,1
135231,156185,1266,1337,1
135267,268929,1440,3066,1
135310,192595,579,2039,1
135572,26436,723,979,1
135627,186843,2846,2966,1
135847,218435,308,873,1
135967,213700,602,4141,1
136037,256724,354,1676,2
136172,226785,870,1550,1
136256,95323,3789,3908,1
136450,119071,584,4349,1
136467,81273,4356,7074,2
136469,279441,2401,4676,1
136575,31773,3648,4150,1
136576,175646,3172,6754,2
136579,215182,438,2233,1
136719,48501,1288,3843,1
136848,115495,998,4243,1
137004,195904,1787,1980,1
137022,66243,3003,4440,1
137051,20752,4060,5494,2
137061,16548,447,958,1
137300,284291,549,8572,2
137327,30472,3888,4680,1
137389,85764,1841,2602,1
137499,167574,1768,3285,1
137587,18181,514,4138,1
137834,48982,4437,4531,1
137855,76418,876,2758,1
137913,131447,1550,3952,1
137960,50361,854,1148,1
137975,208310,1669,3363,1
138018,60459,4100,4647,1
138028,277282,1448,1704,1
138034,106306,1689,3238,1
138071,86929,2297,2676,1
138185,117170,240,500,1
138238,225212,1779,1894,1
138354,80498,2628,3013,1
138505,257785,1026,2515,1
138600,24802,3112,3847,1
138623,101106,2832,4080,1
138645,106194,1294,2709,1
138646,63582,2696,2876,1
138909,93355,2352,4847,1
138914,123853,684,1088,1
138980,186379,2744,4425,1
139076,119669,644,2102,1
139119,39929,880,4536,1
139120,239120,4840,4968,1
139190,30524,210,930,1
139327,80544,1576,3307,1
139389,20498,2856,4188,1
139432,167140,2145,5768,2
139477,104914,242,3734,1
139498,142398,1029,2244,1
139668,156039,719,2881,1
139719,116297,382,2128,1
139731,125279,303,2713,1
139749,277318,1716,4158,1
139857,4017,1140,4036,1
139870,150382,3870,4826,1
139973,173684,746,1543,1
140031,100294,285,1409,1
140099,200301,1461,1604,1
140138,45096,1246,4176,1
140195,293061,432,3039,1
140318,252935,2096,2690,1
140529,84054,3560,3688,1
140561,120742,858,4715,1
140564,277105,558,3932,1
140619,148688,407,1225,1
140737,92550,3090,4706,1
140769,119735,432,1063,1
140853,176392,2230,3818,1
140950,110887,3371,4674,1
140955,128118,1843,2183,1
140980,112520,1023,1945,1
140987,60729,2052,4309,1
141067,137061,2580,2694,1
141080,67063,3960,4773,1
141133,35441,1680,3542,1
141184,96878,200,3405,1
141207,24008,581,1166,1
141348,110221,777,1042,1
141423,221663,2409,4155,1
141438,88559,3216,4473,1
141455,46756,3366,3678,1
141476,94707,2436,3976,1
141575,205481,4029,4705,1
141581,168841,1326,2263,1
141704,249919,1454,1819,1
141762,141577,118,757,1
141848,25120,820,4221,1
141873,169467,380,1448,1
141877,267566,1691,4126,1
141933,115007,1559,4516,1
142050,54047,1461,2801,1
142083,238301,1844,2236,1
142106,255511,2318,3221,1
142111,89412,712,1770,1
142318,102450,2578,6076,3
142328,118221,2307,4806,1
142464,218748,3412,4453,2
142553,174263,1611,3170,1
142732,291525,848,2817,1
142851,8051,3465,3661,1
142860,38143,1566,2522,1
142883,106326,1951,2684,1
142968,257893,1666,2800,1
143033,119166,673,4157,1
143149,173844,1170,1362,1
143159,109059,1495,4837,2
143339,181385,2121,4396,1
143348,106023,2952,4973,1
143395,227062,2982,4705,1
143452,249531,2812,3852,1
143642,28807,1251,4306,1
143663,276506,1692,4731,1
143670,82152,1653,2371,1
143754,32922,1342,1581,1
143801,241122,2708,2854,1
143864,276291,1181,3811,1
143982,79332,810,3107,1
144183,45702,885,4396,1
144258,120946,3011,4065,1
144474,250396,3630,4473,1
144618,22066,3553,3570,1
144634,164120,2408,4751,1
144685,11695,2432,2981,1
144954,292667,1049,1501,1
144998,292635,317,1044,1
145051,165784,956,3584,1
145069,198350,2482,2634,1
145133,225388,842,1416,1
145228,234319,2136,2987,1
145235,101569,4163,4941,1
145255,144121,3007,3592,1
145406,80568,310,2237,1
145506,297272,1964,4725,1
145547,174145,765,4110,1
145662,150878,3950,4772,1
145728,162759,4186,4820,1
145739,67147,936,2328,1
145792,164698,3480,3997,1
145836,147072,2079,4583,1
145986,80085,3642,4375,1
146017,169536,976,4948,1
146086,248756,2890,3437,1
146276,197629,1122,2087,1
146390,227219,3192,4612,1
146483,279872,4144,4996,1
146531,73,444,4900,1
146560,4734,881,2703,1
146595,286354,1318,2594,1
146613,137192,2340,4426,1
146657,83788,865,2447,1
146660,24923,1320,1662,1
146662,64967,1002,5506,2
146753,209938,3486,4714,1
146938,256306,3205,4861,1
146967,71051,630,1089,1
146983,126380,1136,3660,1
146996,7551,1941,4265,1
147144,114874,1048,4529,1
147152,18773,698,3279,1
147310,52708,887,2270,1
147412,166396,2683,4892,1
147480,299428,3460,4707,1
147541,382,1299,1726,1
147569,267748,234,2335,1
147605,198930,2262,2582,1
147612,31150,586,4832,1
147752,114507,2200,3821,1
147755,69063,3583,4162,1
147764,85516,1287,3689,1
147787,155285,1976,2128,1
147883,273447,588,2592,1
147958,9539,3636,4336,1
148017,158400,459,888,1
148047,61974,465,2458,1
148054,29388,3075,4715,1
148061,289423,2494,4608,1
148095,27442,1933,2545,1
148143,26876,1266,3159,1
148177,84672,1170,2700,1
148315,48311,819,4663,1
148342,117514,1260,1788,1
148570,232479,318,3068,1
148577,61080,922,2493,1
148607,260321,374,4595,2
148661,143396,1488,2448,1
148759,44363,1919,4101,1
148815,192568,379,1541,1
148998,4437,151,4474,1
149140,215135,2094,4979,1
149217,45317,2759,3949,1
149261,228380,2624,3400,1
149355,32046,1806,3905,1
149369,249537,2285,4037,1
149526,108998,2108,2386,1
149656,76218,2255,4350,1
149704,180826,4225,4714,1
149816,88257,2044,4395,1
150120,220742,2496,3062,1
150121,191279,4185,4861,1
150136,138098,2731,3255,1
150164,287073,4512,4707,1
150176,93459,1585,2243,1
150206,154350,394,3944,1
150267,175248,1140,3932,1
150315,20954,673,2768,1
150404,8976,1054,2476,1
150470,5634,502,1528,1
150480,85714,438,743,1
150525,144920,583,1285,1
150714,143039,2799,3473,1
150832,71054,1803,4393,1
151010,87422,1706,3387,1
151068,99658,2844,3921,1
151070,254728,1164,3262,1
151087,24896,4596,5346,2
151096,208678,1644,3267,1
151129,132655,772,1578,1
151153,241688,1774,2224,1
151157,15419,975,4059,1
151244,218742,217,4443,2
151339,273545,4095,4396,1
151407,104357,2154,3974,1
151470,133118,2437,2923,1
151657,130761,820,2704,1
151710,168068,2984,4749,1
151724,144678,714,3725,1
151789,248090,143,1627,2
151822,117848,3344,4431,1
151838,256206,1572,3015,1
151894,222741,1268,2482,1
152159,135358,504,4650,1
152170,230814,606,2522,1
152230,22838,1142,3625,1
152301,170475,2912,4974,1
152371,108733,1503,4479,1
152492,58218,458,3426,1
152559,291874,896,1729,1
152793,184664,114,271,1
152862,126446,3895,4097,1
152916,114174,1423,4324,1
152920,146347,1315,2860,1
152992,264114,1698,4898,1
153072,110790,1974,4573,1
153155,98868,2110,3754,1
153411,297657,2007,3551,1
153442,295841,3468,4069,1
153455,144065,1800,4064,1
153628,257230,453,2960,1
153634,247798,4601,4979,1
153736,177221,988,3089,1
153794,259042,985,1431,1
153804,90874,1648,3454,1
153877,142283,1478,2695,1
153951,90708,4083,4530,1
154064,21731,803,4518,1
154079,84915,4902,5363,2
154226,45838,6152,6545,2
154285,144565,2643,4730,1
154531,98135,3967,4383,1
154547,113866,770,892,1
154629,236532,1625,3807,1
154681,221229,268,2782,1
154713,15938,1159,3562,1
154884,154107,3156,4625,1
154911,49537,539,1099,1
154996,264644,328,581,1
155035,72808,318,4272,1
155257,180093,1946,3313,1
155469,245065,4296,5713,2
155526,109273,604,3226,1
155532,30515,1698,2550,1
155599,169863,1040,4893,1
155840,185853,3604,3706,1
155865,38927,792,2782,1
155884,158003,642,4373,2
156241,18514,4416,4856,1
156513,42994,1844,3309,1
156518,54968,3315,4968,1
156550,122545,659,2673,1
156584,231613,727,1291,1
156608,40732,386,1582,1
156840,4937,1991,3065,1
156861,104741,541,652,1
156887,204244,936,2367,1
156979,146036,964,4342,1
157157,125264,3536,4244,1
157288,288200,2118,4904,1
157442,186112,2620,4300,1
157464,90063,3736,4842,1
157595,144324,1536,4188,1
157616,32689,2164,3227,1
157656,259836,1516,4607,1
157669,185035,2347,3031,1
157670,292725,1395,2036,1
157699,58068,864,2556,1
157836,89637,4673,6683,2
157866,151334,308,589,1
158043,92684,932,3639,1
158081,103459,3270,4357,1
158156,285398,2448,3941,1
158202,273788,1857,2211,1
158227,239499,384,2340,1
158237,288625,1356,3209,1
158258,274951,4073,4481,1
158453,28238,897,4855,1
158540,173119,4766,4793,1
158618,266219,428,458,1
158839,285197,508,3617,1
158903,329,4156,4893,1
158920,127806,627,688,1
159017,275386,1288,4597,1
159107,176066,1350,1483,1
159164,172294,946,2057,1
159210,151212,586,3357,1
159226,130537,889,3273,1
159488,147157,776,3277,1
159500,193737,1548,3101,1
159559,201164,2343,4875,1
159664,106985,1109,4497,1
159834,261743,2483,4159,1
159860,152091,4503,4520,1
159963,163557,2484,4047,1
159971,173401,1000,3877,1
159984,37449,754,3378,1
160092,177186,2133,4831,1
160100,137511,810,3654,1
160594,276302,390,3988,1
160606,218016,1012,1202,1
160700,38145,3360,3496,1
160725,171532,833,4076,1
160786,278151,1792,3571,1
160858,223972,1158,2109,1
160968,52175,1023,4001,1
161045,189136,256,3416,1
161155,231134,774,1246,1
161201,36677,182,2656,1
161208,254337,1883,1910,1
161291,287829,201,269,1
161387,152664,435,3363,1
161499,226671,2048,2124,1
161500,136379,687,1345,1
161516,138166,384,702,1
161547,192260,2470,2753,1
161629,228679,2059,4302,1
161639,134282,271,1478,1
161655,12253,3690,3750,2
161666,163273,3884,4766,1
161812,191854,1389,3995,1
161945,133904,123,3488,1
162018,128207,369,720,1
162025,40451,574,1675,1
162183,107591,2117,3045,1
162425,226488,2421,4712,1
162465,7742,3564,4405,1
162505,56389,414,4762,1
162540,53992,2452,4132,1
162590,60030,1200,2096,1
162595,73233,746,3616,1
162801,288249,1167,4795,1
162833,30226,1699,4240,1
162855,190618,632,3005,1
162890,246078,2618,2843,1
162979,211766,1044,2388,1
163046,205967,2187,4402,1
163134,176913,630,1053,1
163279,247451,900,2782,1
163396,271987,2980,4035,1
163420,151198,3957,3998,1
163469,79927,1247,4709,1
163574,227687,449,4083,1
163582,14714,498,3862,1
163694,133746,3884,4875,1
163756,182462,1323,4541,1
163799,43628,3444,3904,1
163858,250555,1156,2788,1
164077,162911,426,436,1
164132,145479,2400,2517,1
164139,111323,938,3338,1
164345,38971,3102,3816,1
164374,150412,4298,4598,1
164420,268642,2217,2514,1
164461,148839,1636,2757,1
164501,182974,420,2943,1
164661,207117,826,2012,1
164665,112073,1144,2002,1
164774,150566,599,3879,1
165008,144740,2842,3860,1
165016,163077,4475,7606,2
165038,20619,735,2877,1
165465,40844,1318,4646,1
165467,83660,1982,3323,1
165500,167632,1156,4803,1
165516,5126,418,2708,1
165617,38440,508,4558,1
165625,12579,262,941,1
165765,239180,4107,4564,1
165942,26520,2640,4471,1
165987,95398,2372,4241,1
166067,290673,2224,2310,1
166079,285495,1797,3713,1
166084,164813,228,3509,1
166184,4080,2666,3104,1
166209,266935,621,748,1
166218,162187,1023,1916,1
166220,183995,2776,3206,1
166369,96229,395,4176,1
166459,164686,3212,4115,1
166523,170661,482,4827,1
166527,84468,886,4273,1
166583,70982,236,1084,1
166655,22576,1296,2978,1
166711,92135,656,2297,1
166956,221323,195,2838,1
167006,109688,1734,2846,1
167100,239178,3954,4721,1
167362,8144,1602,3379,1
167376,9096,984,3976,1
167420,81725,950,2370,1
167423,112940,383,2434,1
167555,53566,604,1823,1
167560,155652,1101,3042,1
167780,287669,1964,2722,1
167800,39841,3228,10033,3
167807,196771,1876,3178,1
167881,171033,2052,5136,2
168002,142106,3460,3921,1
168585,141543,470,1427,1
168599,150961,1461,3117,1
168637,138175,3213,3956,1
168680,79303,538,3294,1
168821,170048,1198,3385,1
168921,226315,1996,2373,1
169074,291131,3879,4231,1
169224,274964,1600,4670,1
169256,180283,966,2369,1
169285,111472,2421,3750,1
169318,212333,2181,2317,1
169330,161727,446,1961,1
169331,241720,1752,3579,1
169565,184798,393,4314,1
169624,205440,1452,3633,1
169689,246558,508,4896,1
169719,10675,500,4180,1
169757,26362,2200,4587,1
169783,133482,2005,3219,1
169810,53041,3664,3909,1
169886,34609,3368,3731,1
169892,253934,1450,3995,1
170162,226866,1949,2132,1
170254,238530,1680,1800,1
170337,220355,2591,3140,1
170342,147924,1251,3295,1
170359,26524,661,2922,1
170481,262365,1458,1468,1
170540,180886,576,1107,1
170592,103761,1475,4443,1
170603,82899,1300,2398,1
170619,242564,481,2623,1
170653,79327,3978,4795,1
170660,151930,2276,2985,1
170706,260920,1084,4892,1
170843,144247,1425,4569,1
170891,33623,1080,3270,1
171022,190387,1900,2331,1
171028,22162,1987,4863,1
171325,225773,636,3972,1
171326,107174,2424,4503,1
171560,249361,4663,7703,3
171698,47584,1630,2829,1
171758,33696,1927,2473,1
171804,259789,2036,2052,1
171808,211037,1365,3336,1
171997,28093,815,4656,1
172064,30073,974,3015,1
172238,255179,4022,4826,1
172265,199519,187,2104,1
172337,202941,1193,2896,1
172347,292073,318,725,1
172363,200889,1592,4478,1
172715,91768,2874,3169,1
172815,294861,3962,4911,1
172955,113147,3060,3926,1
172956,127956,394,2625,1
173028,66780,1326,1935,1
173052,148625,680,2923,1
173125,15801,3190,4490,1
173153,35533,442,2298,1
173172,121260,1317,1620,1
173275,26803,1600,2885,1
173307,196175,1047,4941,1
173333,15350,925,3583,1
173383,130641,4030,4295,1
173603,156359,694,3312,1
173686,34556,3738,4598,1
173707,219590,621,4340,1
173725,80607,2133,3638,1
173775,267355,970,1563,1
173811,272693,2658,4104,1
173924,259225,4112,4772,1
173968,259044,155,3880,1
174146,286584,582,931,1
174184,72920,1928,3479,1
174257,158062,2151,3284,1
174501,68224,2723,3154,1
174598,121702,1344,3674,1
174622,145707,1020,4141,1
174627,7332,2816,3132,1
174660,37278,1830,3648,1
174665,248450,1578,2694,1
174709,205830,4254,4992,1
174777,271636,2020,4973,1
174893,118770,3747,4923,1
174902,115675,1694,1992,1
174939,131865,3684,3933,1
175026,89409,3508,4452,1
175120,160282,2264,3759,1
175272,68827,584,2537,1
175443,167701,2223,4055,1
175555,261447,221,1146,1
175575,30791,2448,4176,1
175621,167287,173,4666,1
175694,87760,3773,4287,1
175695,218128,1028,2462,1
175873,185721,562,3160,1
175876,135246,1967,3092,1
175920,256037,3023,4196,1
175935,259066,2780,4539,1
175968,120416,2909,4310,1
176062,175841,258,3506,1
176144,88412,3255,3739,1
176187,241842,1190,4504,1
176193,60457,3155,4871,1
176214,55307,540,4637,1
176244,270405,411,2749,1
176248,171839,1010,3183,1
176525,221396,1884,4845,1
176533,295679,3044,3156,1
176595,240013,2759,4825,1
176649,85639,648,2754,1
176672,101050,1016,2780,1
176691,161043,188,4127,1
176692,86926,1440,2551,1
176891,189732,1736,4284,1
176960,233357,120,1939,1
177102,129133,1263,2913,1
177137,7928,1650,4763,1
177166,89454,343,1700,1
177252,161443,3216,4858,2
177343,280649,938,4489,1
177350,58503,716,2116,1
177409,30255,2550,3038,1
177598,170284,1496,4999,1
177859,139911,2548,4534,1
177860,120771,1332,3959,1
177869,166521,1751,2057,1
178044,162064,2134,4618,1
178293,146054,553,4202,1
178463,177317,789,1106,1
178466,150692,288,644,1
178569,243996,3090,3400,1
178621,53768,949,4332,1
178665,286277,1373,3107,1
178780,43547,2677,3369,1
178860,61186,1017,3574,1
178930,204657,1320,3769,1
179094,202315,400,4294,1
179205,106862,861,3310,1
179279,135388,1778,2571,1
179365,120275,2296,3579,1
179449,249135,1381,2490,1
179575,210084,923,3844,1
179579,108876,2403,3787,2
179809,215848,562,2039,1
179810,264820,3523,4909,1
179854,172682,5325,6647,2
179891,289785,3132,3834,1
180062,145632,941,4604,1
180158,226484,3000,4822,1
180176,243925,3064,4019,1
180316,176355,656,2617,1
180354,252795,1248,3428,1
180390,178457,2134,2338,1
180441,178839,2359,3749,1
180453,284439,448,4254,1
180739,270817,244,3066,1
181008,180364,669,4811,1
181035,122062,3092,3873,1
181062,25405,933,1428,1
181098,152003,3612,4180,1
181104,268157,3818,4852,1
181106,79971,4137,4326,1
181141,14203,2859,4673,1
181218,281750,255,4382,1
181230,88271,173,3412,1
181268,282183,1448,3127,1
181638,216173,1293,1324,1
181687,178635,1516,3068,1
181691,231724,4030,4884,1
181792,152515,2389,4462,1
181798,63248,2691,4315,1
182242,65668,552,2548,1
182253,172538,117,3790,1
182440,133553,814,3649,1
182587,7733,664,1596,1
182682,39792,1928,2583,1
182760,43,1312,4144,1
182827,121491,2742,2991,1
182841,286987,2142,4639,1
182880,243049,1032,1644,1
183056,270087,2055,2363,1
183118,281380,1964,4873,1
183339,206461,348,1630,1
183368,66064,434,4571,1
183484,223035,2709,2899,1
183674,147762,1132,1161,1
183691,101093,1656,2350,1
183698,7570,726,4515,1
183733,252416,1343,3938,1
183738,193787,580,4677,1
183796,9256,795,3522,1
183847,288186,250,2888,1
183936,157045,456,3985,1
183941,274786,1854,3496,1
183996,70397,202,3563,1
184098,210195,960,5429,2
184157,141420,3287,4533,1
184195,155805,1344,4780,2
184333,201363,7868,9121,2
184351,92934,684,4794,1
184559,634,2094,2784,1
184605,195817,860,2060,1
184665,250496,1009,4010,1
184697,247135,1712,4383,1
184840,246146,519,929,1
185216,243455,214,4935,1
185296,150504,1887,5677,2
185476,76163,3975,4527,1
185493,223390,3267,4389,1
185649,201944,939,2417,1
185676,191566,684,4049,1
185939,25080,6784,7603,2
186119,51236,1914,4814,1
186156,200334,1366,3095,1
186284,21884,2936,4797,1
186329,130946,4418,4506,1
186354,192027,1696,1942,1
186358,109962,608,3807,1
186360,175807,3162,4854,1
186423,177849,2212,3102,2
186446,64187,916,4864,1
186604,191047,246,2383,1
186842,225217,767,2893,1
186880,68529,2920,3002,1
187146,237102,238,1744,1
187152,192367,2484,4269,2
187231,77809,3999,4796,1
187232,101201,840,2696,1
187275,205365,1360,1750,1
187479,282840,2250,3590,1
187569,142737,1748,2319,1
187585,11812,158,725,1
187655,242879,884,3551,1
187658,2030,262,2647,1
187793,138302,3138,3715,1
188079,7053,486,4809,1
188118,70318,243,4387,1
188255,113822,2178,4595,1
188559,219874,3344,4443,1
188586,84924,1728,4034,2
188605,140830,2961,3856,1
188654,44566,1272,1413,1
188655,54592,1310,3322,1
188667,48187,2145,3223,1
188692,196699,2292,4954,1
188859,116567,1826,4761,1
188987,176862,1200,3512,1
188988,271569,156,7203,2
188992,164827,2968,4229,1
189005,81080,4058,5029,2
189103,186527,850,1674,1
189135,199069,600,4520,1
189200,211552,679,4766,1
189208,199607,4942,5218,2
189269,208357,1066,4194,1
189335,136720,726,1334,1
189383,102277,132,1750,1
189862,56709,2644,2748,1
189867,120142,3092,3599,1
189920,80417,145,287,1
190049,123358,1624,4491,1
190146,60884,1004,1448,1
190253,63921,958,1963,1
190388,209663,3756,4333,1
190429,208057,1652,4718,1
190450,131101,2001,4885,1
190488,268636,461,3557,1
190495,10661,1716,5734,2
190513,154684,2242,4798,1
190569,19042,2751,4717,1
190602,224877,474,1870,1
190625,241417,4861,4956,1
190642,28116,783,3068,1
190773,196325,905,946,1
190792,290638,275,1731,1
190821,234347,1458,4350,1
190867,272119,928,1114,1
191045,217145,717,1258,1
191088,160273,4296,5625,2
191165,20369,741,4443,1
191179,38579,2524,2623,1
191391,196473,2561,4411,1
191427,251737,2209,4978,1
191504,239098,1989,2542,1
191571,243481,996,3318,1
191637,172535,3271,3569,1
191737,82792,1006,4330,1
191789,176283,1761,2870,1
191883,299585,3944,4924,1
191901,286442,2411,4006,1
191991,184665,5916,9298,2
192087,129403,1340,2189,1
192239,66329,8032,8996,2
192332,146788,1212,3883,1
192349,140026,1415,4395,1
192360,89998,2497,3846,1
192366,262465,962,4080,1
192633,196147,2025,4080,1
192830,94427,1563,1978,1
192840,265547,2288,2955,1
192894,169237,3348,3542,1
192895,163656,408,1783,1
192907,268809,1749,4208,1
193082,214149,1737,3043,1
193341,17770,1308,3496,1
193420,168693,3963,4903,1
193425,158717,1452,3025,1
193577,239420,2027,3921,1
193602,28741,2031,3708,1
193710,149664,2158,6119,2
193735,83935,3056,4368,1
193747,112980,1955,2704,1
193864,17104,254,722,1
194002,218308,520,2656,1
194019,295462,398,3477,1
194030,148710,2625,3528,1
194053,247719,4424,4970,1
194088,87225,2732,3648,1
194145,169925,2066,4971,1
194240,87679,1315,4237,1
194303,157085,945,1283,1
194419,247062,1772,2111,1
194467,290223,1280,1818,1
194490,128115,4108,4207,2
194598,61048,820,3830,1
194616,194927,4118,4760,2
194623,17127,1910,2047,1
194654,2770,250,1221,1
194689,65596,3212,3701,1
194705,241111,1888,4123,1
194722,212825,3628,4804,1
194736,293494,1688,3501,1
194762,107797,1033,1130,1
194830,113291,1974,4859,1
194945,250268,374,3665,1
194966,189050,668,846,1
194997,118167,1315,2968,1
195239,171239,1713,2259,1
195347,247218,2209,4799,1
195406,8575,1700,4272,1
195408,56045,625,2843,1
195507,145209,247,4926,1
195580,110386,631,703,1
195645,288093,1941,2111,1
195745,126610,2328,2772,1
195780,164118,1360,2832,1
195975,123824,1476,4930,1
196060,102048,752,3267,1
196152,14806,3172,6211,2
196203,154076,2524,3083,1
196246,136036,2140,2373,1
196248,34206,878,4493,1
196279,128546,556,4932,1
196294,122369,201,2679,1
196446,94385,2336,3373,1
196452,62807,422,3617,1
196494,176694,3124,3822,1
196500,19239,3585,4973,1
196635,47075,2160,4612,1
196644,221770,3385,4540,1
196687,46452,2304,3031,1
196822,40344,2517,3740,1
196830,166006,4389,4631,1
196848,233075,1105,5356,2
196874,154806,566,3338,1
196909,55044,3248,4838,1
197013,94238,2558,3569,1
197088,62627,2885,4224,1
197168,270524,879,3890,1
197261,42902,1119,2002,1
197384,236859,1305,6915,2
197415,119449,2124,3071,1
197427,120127,1557,3552,1
197435,26601,1296,3062,1
197593,220450,3460,4267,1
197671,127512,2592,4100,1
197776,135718,2521,3972,1
197819,196862,4120,4407,1
197924,138004,1772,3061,1
197945,51553,1902,2140,1
197982,134135,447,3642,1
198041,117836,4522,4552,1
198054,253655,633,3974,1
198242,166302,2622,4755,1
198270,41571,2574,3451,1
198327,135911,3465,4169,1
198366,160510,3782,7570,2
198765,138837,1557,4328,1
198783,177362,2271,4659,1
198819,10081,459,2391,1
198873,159226,1629,2680,1
198941,53133,4389,6987,2
198946,61386,1012,2860,1
199037,279470,308,4862,1
199069,194008,1023,3876,2
199131,44732,3011,4082,1
199272,163265,3302,3963,1
199352,236029,2931,4041,1
199487,282429,1114,4857,1
199493,250715,3012,3332,1
199533,51531,332,4506,1
199618,25440,4562,4633,1
199635,72862,570,4027,1
199805,57495,3282,4936,1
199813,113816,671,3270,1
199835,101547,2229,2540,1
199855,207698,464,1724,1
199889,294217,1850,2685,1
199905,116553,168,4128,1
199958,172185,466,4398,1
199995,105947,2334,4694,1
200218,103034,1055,2771,1
200306,162326,3406,3723,1
200501,93524,1112,4315,1
200595,107794,404,3267,1
200826,210625,796,4824,1
200864,179401,2907,3496,1
200906,183011,770,3472,1
201017,92137,694,843,1
201120,4395,532,3172,1
201183,207868,630,3747,1
201227,24692,2967,4449,1
201443,183809,1330,1697,1
201618,209263,4745,4976,1
201725,247100,729,1931,1
201812,177637,879,4692,1
201882,190634,1696,2620,1
202238,76698,670,2502,1
202241,120903,206,2368,2
202249,108428,1076,1480,1
202359,282755,402,883,1
202371,218451,735,741,1
202442,30890,3792,4487,1
202458,116214,3638,3944,1
202503,217763,1569,4189,1
202524,127446,233,872,1
202566,188651,1104,1827,1
202646,165999,1195,4385,1
202671,286221,888,3907,1
202700,13050,812,4542,1
202731,15115,400,2089,1
202739,82415,3113,4019,1
202808,20586,490,1900,1
202835,62126,3588,3602,1
202877,220898,4782,4854,1
203121,241528,2271,4847,1
203156,293381,2508,2640,1
203160,271888,468,4697,1
203165,123066,2832,4823,1
203185,95446,2511,2928,1
203190,59048,2722,4804,1
203229,129284,1273,1715,1
203264,209659,1916,3545,1
203338,187199,2402,2425,1
203391,240167,992,1311,1
203415,163327,905,2574,1
203429,283059,2215,3188,1
203490,262023,2822,3363,1
203504,51635,3472,3615,1
203623,284061,3598,4926,1
203825,73472,400,4403,2
203931,179482,920,4261,1
204092,299193,1404,4740,1
204118,277093,4536,4956,1
204198,125842,2686,4554,1
204356,109225,127,2498,1
204454,109153,382,950,1
204486,284230,2901,4947,1
204514,236892,110,2748,1
204527,242774,1262,3755,1
204659,216078,1386,1853,1
204864,36245,1608,1612,1
204969,216174,314,688,1
204976,293890,2644,4573,1
204995,232623,1635,2351,1
204997,108334,514,2994,1
205233,40415,622,3811,1
205321,192429,2232,4111,1
205355,101361,2322,4935,1
205403,165760,2540,4283,1
205462,55830,1082,3862,1
205469,252968,716,3634,1
205633,279930,3788,8709,2
205672,113200,2844,7275,2
205993,14816,3122,3217,1
206068,150320,2475,2479,1
206275,5043,2055,4248,1
206374,296065,619,1558,1
206390,159367,749,1460,1
206430,168953,2387,4384,1
206456,251836,2215,3487,1
206482,151030,2580,2615,1
206484,229934,2783,3450,1
206509,15181,842,4937,1
206641,205657,4430,5123,2
206659,25287,1518,3706,1
206877,129021,2232,4263,1
206902,14474,612,3119,1
206951,145952,1010,1910,1
207090,166352,3846,3945,1
207140,23424,2896,4166,1
207160,135007,916,4348,1
207174,268846,3557,4185,1
207215,147236,1770,3588,1
207262,62291,2304,2626,1
207265,136733,946,2231,1
207276,15857,1768,2906,1
207288,167512,303,1770,1
207336,165745,2322,2375,1
207375,288990,2608,3726,1
207445,230387,2844,3878,1
207509,88023,1860,3100,1
207599,266256,906,4507,1
207695,158637,2561,4555,1
207699,78483,1217,2800,1
207738,147026,2228,4396,1
207974,140351,2196,7334,2
207982,194550,1014,3912,1
208082,54446,500,3415,1
208104,124789,1963,2312,1
208179,190004,573,4936,1
208227,49666,1761,4500,1
208462,68193,1260,1633,1
208500,97333,240,2231,1
208613,114509,182,4705,1
208721,220345,1576,3482,1
208787,201309,1738,3903,1
208926,283058,2670,3288,1
209019,105382,2676,3616,1
209384,181353,1053,2590,1
209462,71866,462,1435,1
209691,92732,3609,4594,1
209741,108234,1506,3939,1
209763,204381,3684,4130,1
209875,73285,648,775,1
210105,285154,2856,3097,1
210111,84265,515,2326,1
210438,98479,1275,4292,1
210451,163627,4082,4377,1
210463,263748,3364,4677,3
210501,172894,1059,2510,1
210570,63115,1131,2005,1
210614,287188,1160,3996,1
210655,215008,4266,4298,1
210661,185851,4026,4997,1
210674,4417,3284,4204,2
210683,156949,400,1598,1
210841,196106,2596,4961,1
210884,87255,4275,4769,1
210962,277226,2931,4622,1
210963,62354,909,4872,1
210975,208602,1272,5059,2
211013,59941,2124,2240,1
211319,119841,4179,4966,1
211374,253945,1815,3068,1
211507,217614,580,2979,1
211525,272607,2760,3181,1
211563,64041,669,1945,1
211588,199610,844,4769,1
211609,294863,2121,3729,1
211948,299454,1019,1299,1
212022,5085,2136,3557,1
212073,298848,2577,4269,1
212074,27343,2178,3395,1
212148,265064,647,3153,1
212171,218102,994,4038,1
212342,246342,2763,3728,1
212440,30275,2268,4994,1
212509,69615,1283,2913,1
212552,131160,1448,1977,1
212556,88874,3342,4301,1
212561,135471,2309,3502,1
212591,49754,936,1959,1
212623,71612,1056,4379,1
212752,55021,1804,2729,1
212759,235273,1698,2871,1
212765,244733,1580,2276,1
212832,77508,2410,3907,1
212931,192060,3904,5014,2
213057,144899,1999,4315,1
213184,254011,4558,4891,1
213232,252258,3093,3396,1
213327,1101,2128,2839,1
213576,164901,547,1103,1
213588,229861,3103,3529,1
213611,209851,250,3701,1
213613,122926,2970,4300,1
213812,165660,556,2447,1
214127,39818,1759,4820,1
214237,129611,2902,4006,1
214432,127352,4446,4545,1
214574,177558,1580,1730,1
214801,159515,906,3134,1
214940,9712,1336,4914,1
215114,135932,384,1968,1
215234,151432,377,2858,1
215302,260741,1924,4263,1
215467,200930,2733,2998,1
215613,220666,3273,3521,1
215660,59129,1792,3529,1
215687,282033,852,3041,1
215776,92007,3768,3787,1
215832,61898,1263,3052,1
215853,144085,239,586,1
216141,31189,1794,2816,1
216166,109542,3046,4404,1
216236,216893,2322,3423,1
216283,214180,2717,4603,1
216375,109367,1084,3422,1
216542,97872,1196,4648,1
216544,145170,3396,3979,1
216578,259985,2706,2769,1
216587,14405,4108,4495,1
216613,257320,316,4249,1
216671,246645,1674,3386,2
216761,39767,162,1119,1
216866,91536,4854,4908,1
216966,190680,366,3501,1
217065,58886,1860,2974,1
217193,247315,2192,2616,1
217198,203268,529,827,1
217231,268969,3772,7270,2
217279,208326,1562,2663,1
217332,98244,165,4338,1
217345,6650,812,4703,1
217367,115410,1719,2170,1
217375,256699,1914,2617,1
217464,162653,3700,5021,2
217494,83696,3102,3732,1
217515,255578,1758,3231,1
217587,229374,2181,2811,1
217626,169187,1752,2787,1
217777,227679,3376,4076,1
217791,167628,1880,3214,1
217813,169721,1378,3823,1
217910,258241,1720,4727,1
217927,206013,1591,9058,2
218079,113487,985,3664,1
218143,15491,3704,4001,1
218163,170852,2397,3317,1
218185,262890,1562,2287,1
218290,133352,2754,3413,1
218316,164528,1965,4523,1
218340,184304,978,4870,1
218391,277253,3238,4202,1
218416,33228,578,1753,1
218427,109651,932,1404,1
218454,139555,4000,4483,1
218511,26287,3774,3854,1
218529,67946,922,4076,1
218583,89713,2386,3241,1
218718,174126,466,4537,1
218722,184375,835,3386,1
218729,104424,1378,1909,1
218956,73813,3396,3403,1
218965,144810,1566,4816,1
219039,20715,3152,4971,1
219160,79186,1768,2427,1
219261,273357,3870,4192,1
219348,54740,3196,4685,1
219440,26767,3321,3776,1
219681,290228,2087,3321,1
219704,221863,1032,3776,1
219768,45060,2604,4684,1
219987,204643,1554,3952,1
220075,147787,1384,2566,1
220156,141625,1052,1457,1
220177,207791,1436,2644,1
220300,157367,877,3855,1
220477,221356,2158,2858,1
220504,44456,768,3755,1
220520,80793,772,3469,1
220569,102461,4048,4988,1
220603,297588,1246,1759,1
220672,130368,1557,3601,1
220681,121363,2729,3782,1
220719,11329,1052,2304,1
220750,75442,755,964,1
220775,253195,2940,4518,1
220850,274297,1226,4591,1
220907,190608,1498,1914,1
221056,26071,2276,3803,1
221137,19089,3176,4034,1
221149,139505,652,3051,1
221242,66362,549,2147,1
221244,209276,2319,2631,1
221339,151194,2016,4555,1
221407,209737,838,3983,1
221472,168833,765,872,1
221710,186002,1352,2995,1
221719,178986,361,2620,1
221757,3797,298,322,1
221797,108548,3440,4080,1
221924,36094,4435,4879,1
221987,226250,1845,2270,1
222015,66182,3340,3731,1
222043,248772,1071,3984,1
222087,112253,1336,3312,1
222192,254860,1502,1555,1
222262,125303,2216,4064,1
222287,102155,4074,4873,1
222357,181508,2184,2317,1
222361,104044,1674,2933,1
222541,260765,578,1259,1
222594,191546,1004,1200,1
222815,20972,436,4334,1
222816,202454,1926,4088,1
222824,2498,528,3232,1
222863,68144,1492,4064,1
222878,155976,1494,2329,1
222884,87886,1136,2369,1
222938,99980,3549,4049,1
223135,248504,2133,4682,1
223193,40598,828,4422,1
223234,257052,1760,2510,1
223324,1872,1048,3079,1
223452,240578,828,4652,1
223767,9581,1755,2422,1
223865,104060,2420,2570,1
223889,126049,2876,3864,1
223891,299362,2019,2853,1
224423,106161,620,1812,1
224430,98579,4878,6541,2
224444,9289,4590,4660,1
224499,130726,678,2035,1
224612,169733,1226,3097,1
224623,143812,1860,4329,1
224666,198486,1265,4017,1
224764,285644,1762,1783,1
224788,111535,534,4789,1
224831,15342,4184,4319,1
224839,137642,1917,2650,1
224921,199314,110,2456,1
225038,218496,2908,4794,1
225071,237794,2653,3181,1
225196,154655,3327,4951,1
225272,137987,1153,2833,1
225560,224266,2180,7982,2
225670,234045,1988,3623,1
225717,76613,1782,3137,1
225908,30383,2641,4817,1
226098,71710,2797,4505,1
226238,20652,1727,4098,1
226243,6860,1861,2963,1
226262,264359,700,4559,1
226292,98674,1508,2656,1
226443,25170,1828,4318,1
226445,171253,609,1119,1
226582,183241,182,4175,1
226652,18229,2044,4782,1
226657,264020,928,1487,1
226881,50695,475,4668,1
227006,91100,1821,2762,1
227204,246992,3042,3280,1
227332,280696,5736,7894,2
227375,196644,4031,4109,1
227451,255742,3407,4436,1
227528,66744,2432,4569,1
227547,244948,1560,4125,1
227651,36442,994,4150,1
227668,260814,1495,4568,1
227718,161696,2270,3923,1
227764,277112,1318,4556,1
227774,81738,1062,2180,1
227778,77949,1432,1558,1
227794,126961,1370,4521,1
227906,239961,1496,3044,1
227940,286424,2440,4245,1
228048,200803,2859,4620,1
228061,145496,2664,3694,1
228068,264843,896,4764,1
228119,95201,1794,4830,1
228139,71200,2685,3105,1
228150,172703,1791,4776,1
228166,48888,3195,3718,1
228211,192003,2210,3031,1
228296,278183,4127,4878,1
228493,171730,926,4828,1
228597,249170,203,3268,1
228692,262634,2604,3382,1
228716,224320,1467,4478,1
228969,125428,4218,4561,1
229018,37998,2886,3538,1
229073,289773,502,1710,1
229154,250616,4652,5865,2
229542,168486,2374,3130,1
229811,45225,1408,3013,1
229838,220635,4006,4392,1
229847,63540,788,3308,1
229915,273028,2996,3838,1
229991,214130,4340,4579,1
230043,127124,3792,4005,1
230060,288972,626,2667,1
230122,5727,656,4168,1
230234,230747,1251,2914,1
230325,40621,3752,4584,1
230362,213773,1692,2746,1
230370,179686,1590,4143,1
230529,163873,3504,3546,1
230559,10609,6906,7293,2
230725,15332,1593,4967,1
230798,63010,958,3626,2
230954,83550,2159,4542,1
231095,185450,2064,2365,1
231131,114070,1056,4176,1
231384,246631,515,4035,1
231444,51999,663,1671,1
231491,182278,940,3049,1
231565,132875,3036,3879,1
231585,5582,1898,3671,1
231681,139345,4092,4380,1
231987,88067,468,1396,1
232051,285198,842,2437,1
232078,268531,185,506,1
232350,92630,1708,4552,1
232705,200726,340,1615,1
232802,78046,1656,4935,1
232825,253092,3937,3985,1
232858,276015,1206,3354,1
232973,29310,2283,4571,1
233095,153762,2159,3180,1
233148,59260,1028,4268,1
233165,266586,1308,2498,1
233179,244942,1240,4196,1
233181,287019,1845,3772,1
233362,46256,902,3244,1
233409,48535,596,1273,1
233626,72004,416,2779,1
233679,249636,1580,4460,1
233700,183888,1530,2278,1
233751,45948,4539,4603,1
233788,288539,1823,1923,1
234378,48641,1104,2458,1
234829,151823,2283,2782,1
235038,24159,2617,4989,1
235385,128964,588,3277,1
235485,146558,4193,4215,1
235488,254307,1905,4033,1
235496,115696,252,2274,1
235626,274446,784,2516,1
235755,262348,3870,4681,1
235765,30120,836,2926,1
235774,48864,5514,8595,2
235888,296384,2228,2305,1
235933,295915,1152,2686,1
236030,249169,1383,2829,1
236032,109237,632,2497,1
236074,90516,3108,3450,1
236199,263350,2174,2503,1
236267,190920,924,1072,1
236386,45624,148,1715,1
236482,162656,2145,3053,1
236628,59335,618,4226,1
236816,153551,527,1426,1
236821,146315,1624,4519,2
236854,140808,232,1811,1
236865,50933,1588,3367,1
236910,54874,1250,1355,1
237009,122606,1750,2145,1
237042,158526,2742,4129,1
237121,287650,836,2557,1
237289,125415,1864,3791,1
237358,126180,1224,2273,1
237398,14399,262,6629,3
237418,151420,2604,4817,1
237434,128748,534,3880,1
237479,156809,1247,1372,1
237564,53601,550,3721,1
237785,133009,846,3394,1
237809,43937,2394,3932,1
237830,96679,2996,3313,1
237918,66930,3026,4305,1
237955,31302,287,1240,1
237967,226699,2766,3587,1
238185,61552,3080,3753,1
238270,272680,4737,4997,1
238421,52977,3489,4606,1
238516,56069,1739,4270,1
238536,42153,344,2620,1
238553,179171,1482,2481,1
238626,140558,1107,1302,1
238654,268256,1572,4936,1
238673,275571,1374,3124,1
238680,205412,2954,4682,1
238735,27330,2475,3325,1
238793,65767,1284,4987,1
238911,158362,2211,3964,1
238926,200810,1902,2534,1
238949,107487,1028,4794,1
239104,174251,1538,2136,1
239122,31494,1623,1892,1
239265,154202,812,990,1
239267,181751,276,2677,1
239301,158107,3020,4796,1
239705,101816,1352,4853,1
239801,46644,3519,4897,1
239830,100643,576,1466,1
240005,261864,1242,4515,1
240040,158923,1226,2678,1
240283,279706,1218,1868,1
240320,24503,2047,4895,1
240419,27403,1775,4887,1
240649,41270,786,3221,1
240684,110685,156,805,1
240749,264615,1104,5273,2
240826,276574,940,1225,1
240952,217817,3114,5658,2
241223,142962,1331,3398,1
241286,20839,1477,2578,1
241324,186219,226,3387,1
241362,3318,1140,4857,1
241553,161215,1122,4705,1
241565,151904,1592,3474,1
241887,191821,4606,4701,1
242191,284278,2176,3086,1
242241,219186,1051,4883,1
242369,82872,1447,1589,1
242545,109537,651,2531,1
242607,1972,1160,4484,1
242653,135366,587,4758,1
242706,285810,3151,3741,1
242772,270092,465,1508,1
243170,219851,1120,1231,1
243359,77377,1075,4399,1
243363,251419,2638,4139,1
243405,34434,3804,4422,1
243505,84936,4598,9126,2
243537,100604,2260,4569,1
243590,49845,960,1871,1
243670,197499,2176,4798,1
243785,195327,1696,2719,1
243885,204641,1894,2008,1
243959,9758,718,3799,1
244031,3955,2650,4936,1
244052,239844,3080,4503,1
244075,144042,3888,4423,1
244085,5359,2250,4430,1
244104,82627,704,3247,1
244191,149910,489,2533,1
244192,269856,1346,4576,1
244214,62204,1633,2823,1
244528,276429,2706,3996,1
244740,216269,600,3577,1
244802,62121,1548,3185,1
244812,13218,1482,2562,1
244943,251466,698,1682,1
245030,115495,2904,3474,1
245095,188579,2136,2598,1
245144,204654,1114,2858,1
245259,119619,1032,4430,1
245273,117877,1754,4201,1
245365,13221,1780,2244,1
245372,219105,330,1910,1
245373,247992,1755,4977,1
245389,4048,1404,2915,1
245546,129654,853,1758,1
245608,252523,1160,3037,1
245633,275450,2922,4897,1
245660,279247,582,2138,1
245747,101050,3192,3769,1
245784,288887,2858,3907,1
245907,39638,2462,2592,1
246046,173402,898,3152,1
246207,186686,936,3806,1
246283,10352,1906,4530,1
246323,72138,845,4745,1
246401,130075,1184,3149,1
246507,112430,1876,2500,1
246621,55869,3676,3866,1
246629,48599,2010,3405,1
246714,49151,1312,1415,1
247228,61488,864,2855,1
247259,153572,3810,4034,1
247465,193531,596,1903,1
247522,248589,1308,3894,1
247683,174599,3838,4268,1
247710,118810,1594,3551,1
247802,211294,540,3933,1
247821,57167,4347,4889,1
247874,27608,1650,1928,1
247896,146091,1338,2331,1
247996,277493,1809,3829,1
248030,255250,435,3478,1
248141,197481,1067,4241,2
248221,184877,1520,1530,1
248295,74702,1486,1988,1
248304,203410,698,2576,1
248313,260725,4286,4902,1
248463,278445,573,2011,1
248647,66183,3066,4075,1
248722,109512,1168,1645,1
248749,104086,238,4828,1
248758,124386,498,3427,1
248763,247983,1620,4274,1
248786,211658,414,4028,1
248800,107169,2286,4951,1
248825,116767,3501,3609,1
249128,261741,710,4172,2
249549,71859,1908,2067,1
249744,82591,1104,4216,2
249810,92448,838,2304,1
249968,36226,963,3880,1
250038,141337,656,4894,1
250136,25937,3045,3972,1
250218,126683,1276,2817,1
250270,141465,2394,4846,1
250332,212094,1698,1837,1
250360,67427,1328,1571,1
250370,97931,847,4490,1
250480,31672,4751,4895,1
250667,263649,4004,4766,1
250700,30170,620,3673,1
250724,180552,2904,4490,1
250733,197154,3646,4491,1
250905,59136,524,1141,1
250912,14678,600,4506,1
250940,297207,964,3287,1
250952,217434,1002,3802,1
250970,146340,3545,4686,1
251026,17118,300,4639,1
251053,5021,1344,4736,1
251100,54831,1096,4289,1
251129,115636,1196,1870,1
251236,129737,3152,4488,1
251516,202033,4431,4545,1
251616,141222,3636,3910,1
251863,198437,3652,4902,2
251874,101583,2762,3093,1
251895,108498,3718,4022,1
251910,255305,1908,4339,1
252106,74988,3942,4898,1
252133,154156,1626,2340,1
252172,77193,1212,3164,1
252178,187769,2330,4651,1
252201,39910,2496,3062,1
252342,1640,1931,3110,1
252384,277386,2111,3681,1
252537,253306,456,2927,1
252808,266250,1818,4468,1
252876,278564,580,3503,1
252877,13149,889,3161,1
252901,46024,1697,3911,1
252929,102427,2000,3936,1
252930,10851,488,2127,1
252979,191318,3213,3718,1
253111,127589,1731,2925,1
253196,215832,2368,3698,1
253231,250427,1708,1910,1
253307,132998,438,3684,1
253318,48880,1870,3420,1
253381,60339,2489,3912,1
253714,232470,1904,3971,1
253823,165789,1329,3961,1
253837,229534,3375,4816,1
253922,57489,294,3929,1
253957,5128,1192,2603,1
254001,210733,1094,1700,1
254020,158824,1154,1527,1
254057,72208,975,1265,1
254123,113125,1840,2270,1
254202,244982,2204,4759,1
254292,14146,6056,6592,2
254298,296927,1938,4364,1
254466,180202,2327,4293,1
254514,9357,417,4853,1
254555,219952,1760,2077,1
254701,171148,1048,2682,1
254777,121124,2948,3150,1
254780,298454,3077,4490,1
254781,259179,4382,4678,1
254796,20829,1454,4355,1
255053,121896,289,4872,1
255079,94261,3156,4009,1
255129,26262,1524,3456,1
255232,297703,213,886,1
255261,95877,4047,4300,1
255346,56982,432,2258,1
255376,117515,1350,2614,1
255475,130626,2508,2824,1
255483,122545,1377,2148,1
255485,236660,1159,3466,1
255956,250291,1188,1346,1
255971,139274,1587,2764,1
256082,91732,837,2523,1
256223,123307,1028,1765,1
256229,100895,2204,4634,1
256328,188826,2672,2970,1
256420,257062,2495,3032,1
256525,155092,3710,4383,1
256590,201017,2589,3391,1
256641,42264,4128,4963,1
256728,218096,2268,3984,1
256910,280685,2032,3913,1
256944,283952,2283,4666,1
257097,270858,401,1928,1
257396,157486,1260,1684,1
257501,36595,706,3386,1
257794,235826,1780,4238,1
257806,156775,4552,4747,1
257834,23632,784,6853,2
257906,27712,652,4340,1
258141,133910,2165,4191,2
258153,22652,2220,4463,1
258198,43266,2749,4284,1
258239,240214,714,2478,1
258255,25025,916,4893,1
258338,268255,568,3434,1
258421,276454,639,3407,1
258440,70796,2814,4742,1
258445,210797,1888,1933,1
258566,256459,1280,2162,1
258592,194790,2572,2672,1
258608,238642,2097,3326,1
258734,240455,879,4797,1
258755,255212,3462,3571,1
259028,196935,1232,1757,1
259068,1171,1044,3422,1
259173,153396,6180,8998,2
259240,232248,1312,1531,1
259316,191215,4446,4959,1
259397,68417,1524,4337,1
259440,118320,4364,4698,1
259500,89639,1286,2717,1
259549,82265,2442,4915,1
259700,111135,726,2701,1
259711,282853,1264,3477,1
259915,168230,753,840,1
260086,213172,1866,2291,1
260155,95864,1831,3277,1
260208,260672,3068,4511,1
260306,28961,448,2187,1
260360,53571,1071,2676,1
260463,76858,772,3642,1
260612,63358,3822,4220,1
260661,137846,3250,3424,1
260667,280687,3321,4331,1
260716,99091,947,2971,1
260870,82064,1714,2193,1
260987,14359,3406,4027,1
261116,105984,562,2721,1
261172,57764,786,1385,1
261315,53083,832,4646,1
261324,109079,1051,3653,1
261350,275548,846,2814,1
261458,77158,2784,4058,1
261543,134166,898,3900,1
261599,126839,2580,2661,1
261613,30845,3471,5553,3
261679,297887,1836,3272,1
261700,275069,201,607,1
261861,249570,847,2119,1
261940,67032,2181,3721,1
262052,151775,2386,4656,1
262114,149329,1389,4122,1
262133,69601,1798,3491,1
262140,22652,3716,4665,1
262141,213600,2583,2652,1
262362,101969,1721,4520,1
262424,116931,1112,1561,1
262478,12883,785,1120,1
262529,195390,3601,3989,1
262652,71336,3567,4537,1
262800,224768,4068,4957,1
262896,299925,1782,4152,1
262906,89757,976,3315,1
262910,121359,2551,3856,1
262922,270536,154,3980,1
262973,290219,1626,4447,1
263018,241268,252,810,1
263098,89327,747,3564,1
263115,115150,4359,7702,2
263126,5259,825,2151,2
263199,194010,384,1877,1
263237,8198,2289,2549,1
263406,239392,411,3935,1
263438,161294,1627,1874,1
263535,262455,2070,6485,2
263557,65826,1922,4656,1
263568,247599,2783,2810,1
263596,9289,1259,1392,1
263823,174404,3086,6572,3
263828,286657,1426,2921,1
263887,261716,3131,3891,1
263987,205872,419,3614,1
263993,237384,680,2840,1
263995,255540,1310,3735,1
264129,96443,4957,4991,1
264142,13235,2259,2378,1
264226,90078,2664,3071,1
264227,283605,476,3142,1
264274,131856,1817,2439,1
264283,101652,1295,1918,1
264300,3638,857,1933,1
264459,27558,3628,4337,1
264572,241841,3692,3799,1
264849,102290,2686,4020,1
264876,145935,2011,4121,1
265015,213962,2264,4062,1
265047,251947,1878,4231,1
265048,220298,1083,3089,1
265111,228761,1017,4163,1
265202,218728,3168,4672,1
265238,47563,749,4676,1
265272,5242,1236,3895,1
265421,38353,342,3161,1
265500,291772,5216,6799,2
265548,45636,1210,1576,1
265597,80624,774,4230,1
265612,243610,3825,3948,1
265623,115713,741,3964,1
265925,100559,1491,1941,1
265931,179651,3281,4356,1
265937,62334,754,1695,1
266009,276578,2313,3817,1
266159,104625,2276,3796,1
266287,176836,4312,4691,1
266312,259343,1154,8949,2
266349,27980,119,4082,1
266467,41782,2683,3782,1
266468,179106,350,1640,1
266469,52853,369,4630,1
266614,272985,1099,6025,2
266663,24744,676,3542,1
266754,106210,1668,3553,1
266853,242503,1756,4494,1
266912,87726,120,2806,1
266946,252804,1685,4364,1
267078,114478,360,3881,1
267358,248119,918,3743,1
267427,258182,3634,3924,1
267582,115055,2026,2649,1
267612,263720,3891,3896,1
267673,282892,4778,4833,1
267677,95345,2230,2852,1
267755,216362,4912,4959,1
267933,260629,1237,4293,1
267983,10071,2392,3084,1
267984,100824,996,1161,1
267991,36062,884,908,1
268046,272339,381,736,1
268124,53293,1413,3352,1
268204,83186,795,3543,1
268210,55870,2759,3772,1
268367,292824,2157,4448,1
268400,182243,2550,2826,1
268415,229692,1105,1279,1
268583,69621,1212,2676,1
268641,191812,405,4398,1
268742,117993,1791,6663,2
268854,124559,3798,5813,2
268880,226237,1626,4746,1
268910,2551,3365,3610,1
268915,169951,880,1639,1
268989,107838,2378,5823,2
269041,98997,2638,4067,1
269120,92487,263,4669,1
269153,114657,2040,4107,1
269156,201887,2632,5536,2
269194,157554,2202,2648,1
269237,190570,3978,4190,1
269258,165330,1170,2558,1
269475,98539,737,1653,1
269540,200940,3207,4301,1
269578,56272,597,2748,1
269792,124618,1678,1840,1
269849,223533,1168,3139,1
269869,201043,462,1420,1
270030,1022,3439,3538,1
270060,129757,2886,4495,1
270062,100094,458,3276,1
270085,21165,3060,4968,1
270131,38160,2199,2421,1
270177,204440,422,1207,1
270180,136184,1251,3873,1
270192,170683,434,1231,1
270199,80011,600,2424,1
270208,87987,1430,2328,1
270233,241071,4346,4882,1
270241,38608,2169,4636,1
270284,228781,1930,2421,1
270340,243246,976,2615,1
270404,74358,1088,1287,1
270492,152643,2072,2630,1
270555,3283,2994,3748,1
270570,236107,294,4127,1
270633,125334,1364,3030,1
271021,79584,300,4051,1
271068,83542,2308,4922,1
271126,257467,3640,4094,1
271318,225851,117,4541,1
271320,96170,3964,4488,1
271383,77634,2816,3338,1
271396,297248,1635,3252,1
271591,3636,1146,3149,1
271776,118831,1826,2492,1
271794,67171,1698,3732,1
271888,250272,1308,2990,1
272387,85213,394,2901,1
272431,286673,3404,3915,1
272569,138163,3426,3544,1
272580,270916,498,1959,1
272611,105624,225,3704,1
272727,251851,2952,4689,1
272982,61006,3300,4840,1
273016,246279,3542,4248,1
273081,182843,4146,4588,1
273096,81464,1269,3169,1
273248,237183,2106,4918,1
273264,167477,376,4461,1
273373,299806,2443,3141,1
273486,39004,1978,4110,1
273602,241359,1120,4779,1
273668,289198,4360,6251,2
273853,233980,1480,3987,1
273932,95208,3298,4571,1
273962,93320,733,1116,1
274026,216572,314,445,1
274037,26357,1563,3738,1
274289,94047,2288,4158,1
274338,118012,4816,4932,1
274341,285079,2820,3954,1
274343,155831,154,2899,1
274345,46933,2586,2702,1
274355,285495,4820,4941,1
274398,228731,1154,5728,2
274417,134748,1091,1844,1
274458,292022,663,2348,1
274638,294648,3339,4222,1
274656,212727,2872,3355,1
274695,141197,568,1330,1
274718,80976,1653,2950,1
274742,196821,2492,3087,1
274791,78160,2937,3107,1
274800,223155,2034,2406,1
275005,105168,1045,2049,1
275283,63393,1064,3955,1
275517,109422,632,2018,1
275525,55421,2631,2996,1
275562,64518,4434,4998,1
275738,51922,369,2048,1
275793,127197,3124,4247,1
275872,270281,959,4241,1
276087,179048,1612,4345,1
276179,253482,3480,4454,1
276232,192297,3730,3871,1
276272,255462,1716,2177,1
276408,58638,1990,3402,1
276633,130231,1534,2585,1
276638,1050,440,600,1
276799,96511,4500,4752,1
276916,195400,4083,4237,1
277000,2483,306,2934,1
277010,54166,456,2968,1
277060,131318,1210,4562,1
277085,64134,2641,3391,1
277135,273381,1528,8599,2
277264,53229,1361,2554,1
277376,114393,273,7356,2
277425,246084,1772,4535,1
277540,35781,1483,2061,1
277794,263283,535,4485,1
277852,295470,1168,1645,1
277893,248548,1873,1945,1
278016,204423,4449,4683,1
278140,230181,1335,3249,1
278190,45140,2145,4052,1
278466,250991,776,3764,1
278523,60240,3216,4289,1
278697,100476,941,3731,1
278710,46118,1931,2546,1
278768,67271,1885,3647,1
278803,151730,332,4390,1
278823,221184,2659,4076,1
278877,181471,1329,2805,1
279026,252464,688,4578,1
279047,269019,484,2491,1
279215,29378,3250,4835,1
279216,262294,1246,2763,1
279448,230815,489,1947,1
279458,146880,1126,4661,1
279499,110271,1518,4385,1
279549,190804,1215,3148,1
279587,212994,1117,3495,1
279597,154844,2952,3747,1
279600,86593,351,454,1
279773,158736,453,2029,1
279777,14381,1144,1212,1
279787,76749,1520,4473,2
279836,42677,970,1610,1
280023,244674,2302,4815,1
280069,174188,3384,4031,1
280102,232132,729,2193,1
280159,240178,3078,4993,1
280273,172990,205,1815,1
280453,182609,2356,3947,1
280546,101693,3726,4686,1
280554,112287,2795,4934,1
280595,198566,2192,3263,1
280700,25857,903,4468,1
280722,7531,2106,3816,1
281007,250982,836,3902,1
281033,262563,2655,4678,1
281115,97324,218,4167,1
281285,270342,2927,4225,1
281311,72523,768,1520,1
281335,62109,512,2324,1
281630,46262,479,3984,1
281802,25891,3256,3907,1
281870,171443,858,9647,2
281882,139909,117,1631,1
282117,111074,153,7821,2
282211,282064,3799,4936,1
282234,247485,840,2572,1
282262,48028,1090,2895,1
282402,165156,1599,2982,1
282524,39421,1044,1408,1
282854,29558,3202,4858,2
282930,42312,4030,4090,1
283326,137327,2320,4099,1
283429,223541,4375,4906,1
283447,233003,1134,3670,1
283511,108612,1802,3872,1
283527,141883,1858,3188,1
283645,273300,1077,1107,1
283647,257489,562,842,1
283796,237504,4314,4955,1
283798,264751,708,4652,1
283824,265234,717,853,1
283851,260294,1439,2553,1
283862,226491,270,2573,1
283896,157956,2393,3038,1
283971,149955,3310,4554,1
283974,215574,2290,3614,1
284030,106095,336,684,1
284078,98878,3141,3289,1
284090,7542,3308,4425,1
284116,183598,354,4828,1
284182,253017,2286,2394,1
284256,157990,733,4369,1
284317,234039,2706,4817,1
284360,183538,4799,4839,1
284614,56105,1487,4183,1
284630,165041,717,1715,1
284797,256452,2500,4857,1
284911,297833,445,6653,2
284925,108749,2518,2805,1
285062,247864,960,4142,1
285162,30107,477,4276,1
285279,60896,1197,2290,1
285297,126155,102,4301,1
285331,112955,660,4356,1
285513,153205,1880,4290,1
285571,254797,1644,2466,1
285728,30524,3578,3771,1
285776,127217,387,738,1
285961,205428,3840,4746,1
286007,295647,1858,1888,1
286139,31800,406,3908,1
286171,225625,1467,3328,1
286187,244585,1536,1859,1
286210,264874,2170,2860,1
286239,161072,382,2617,1
286345,30728,3756,4274,1
286682,22574,1174,3208,1
286726,167898,2100,2967,1
286792,233019,2464,3142,1
286797,287736,1173,2968,1
286845,175185,507,2060,1
286891,72118,2568,4093,1
287018,94209,2643,4670,1
287097,89892,2616,3470,1
287203,258080,678,2683,1
287258,257807,1714,4321,1
287371,242568,2348,2921,1
287640,113691,3213,3781,1
287682,196074,589,2696,1
287710,3053,1994,3622,1
287831,91554,1701,4581,1
287920,158505,1406,4857,1
287998,41837,707,4756,1
288063,269620,639,4790,1
288080,66916,2877,3059,1
288342,115606,1294,4482,1
288408,188213,3146,3788,1
288529,43058,2600,4421,1
288535,204986,257,1300,1
288880,159332,1909,2997,1
288975,206010,4112,4854,1
288980,169684,2141,2804,1
288991,128889,924,4859,1
289039,129093,945,3850,1
289052,212479,3873,4969,1
289089,139474,2958,3690,1
289177,244398,272,4615,1
289180,192346,3450,4811,1
289207,210270,1143,3284,1
289232,138131,438,4629,1
289357,200422,1151,2202,1
289382,349,1096,3248,1
289409,227645,2746,4886,1
289427,138345,754,4002,1
289460,17604,4344,4771,1
289516,161058,1334,4810,1
289524,217975,484,4135,1
289591,238735,4188,4497,1
289664,169511,3148,4866,1
289675,69422,3202,3666,1
289680,70981,454,3065,1
289712,12820,2061,3968,1
289847,177096,129,1781,1
289972,11554,948,1433,1
290058,2954,1076,2379,1
290095,224783,724,1522,1
290106,148128,1157,1549,1
290137,59390,1144,2788,1
290215,93999,3081,3316,1
290595,19009,1410,4645,1
290627,192132,872,2855,1
290681,109989,876,1304,1
290768,5684,1363,3314,1
290826,246083,1563,1854,1
290877,282,264,4503,2
290894,50931,266,3523,1
290907,298432,876,1713,1
290944,227199,688,1544,1
291093,131325,519,4177,1
291229,7860,1736,3628,1
291303,152918,1118,2202,1
291330,248442,322,860,1
291331,174099,4290,4941,1
291332,211755,1925,3702,1
291503,142122,1117,4427,1
291528,215756,710,4822,1
291577,94921,2568,3819,1
291878,64392,1155,2342,1
291941,77858,2533,3306,1
291948,81896,220,1518,1
292052,105091,3977,4434,1
292123,299077,2349,3367,1
292151,296514,724,3616,1
292173,129005,342,1833,1
292262,129643,2073,2523,1
292281,170510,465,4161,1
292335,181913,2344,4759,1
292345,214908,1297,3972,1
292572,36826,119,1835,1
292577,201191,229,2431,1
292646,257355,786,1851,1
292681,119564,442,4457,1
292688,97306,726,2015,1
292810,63827,1308,4119,1
292938,106669,2653,4730,1
292986,183789,1767,3716,1
293233,299207,1992,2726,1
293475,239819,1609,1777,1
293591,28293,3644,3712,1
293736,162161,578,6112,2
293812,187298,1296,1398,1
293873,148625,1348,4440,1
293913,168691,3334,4392,1
294075,59552,444,599,1
294106,76813,516,2688,1
294229,68057,798,1919,1
294276,230955,2003,4863,1
294300,102919,2384,3129,1
294512,48593,1357,3581,1
294544,251860,3570,4932,1
294600,269941,2676,4795,1
294782,269069,998,4379,1
294796,81271,4724,4820,1
294822,193474,1652,1830,1
294991,124307,2915,3054,1
295034,280852,1432,2726,1
295081,90745,1090,4898,1
295177,22411,2418,4599,1
295179,198103,4262,4775,1
295218,159908,157,3639,1
295257,225523,231,3771,1
295283,61316,640,3058,1
295317,130034,2567,4640,1
295429,131114,2368,3190,1
295536,65657,1008,4605,1
295566,92263,3552,4291,1
295613,279290,930,3219,1
295718,64439,175,803,1
296134,143356,2091,2555,1
296148,262688,1293,2011,1
296156,102727,2673,3453,1
296199,100159,808,3985,1
296230,160126,2659,4978,1
296274,173272,2660,3546,1
296344,2268,3207,4745,1
296451,281773,2021,4440,2
296480,63260,887,2399,1
296593,163909,922,3671,1
296667,8941,978,2022,1
296871,248625,2811,4002,1
296948,121201,477,3831,1
297119,58145,1400,4421,1
297331,106311,2874,4702,1
297339,14374,892,2408,1
297473,294317,776,4774,1
297478,163181,1225,2072,1
297584,74800,319,3200,1
297628,290883,528,3950,1
297644,229779,1177,4354,1
297655,192939,424,2685,1
297678,25039,503,651,1
297684,103028,1724,1919,1
297688,150082,3163,3439,1
297715,282544,823,4664,1
297929,207702,828,3298,1
297948,155084,3294,3994,2
297960,287565,1472,4630,1
297985,120610,2574,2887,1
298066,6597,3502,3592,1
298195,161986,2583,3332,1
298197,286068,2247,4249,1
298210,59530,882,2684,1
298244,42486,4294,5362,2
298303,50714,4167,4235,1
298355,117811,1012,3722,1
298360,43570,1274,2983,1
298412,265959,264,3467,1
298440,232272,2692,3236,1
298494,155227,2644,2961,1
298495,71429,3483,4440,1
298561,154752,1641,2627,1
298603,41183,1158,4994,1
298616,238332,1038,2245,1
298699,30331,3709,4675,1
298787,260282,2590,3403,1
298903,71028,448,1311,1
298908,2301,842,4408,1
299054,120111,3448,4732,1
299196,253909,426,1941,1
299209,220842,1546,3446,1
299325,292128,769,2893,1
299454,140164,2353,3766,1
299459,281860,2537,4683,1
299480,179385,1119,4865,1
299559,173914,692,3122,1
299579,189538,1368,1381,1
299603,23582,635,4063,1
299713,179097,847,3557,1
299771,156649,1743,2446,1
299879,218986,932,3881,1
299906,210644,2416,4159,1
299923,53051,1200,1424,1
300141,65631,1212,5048,2
300147,295151,1840,2939,2
300183,2669,806,3896,1
300387,247319,1668,2798,1
300406,13244,4156,4772,1
300433,54417,2937,3679,1
300509,197134,1418,2780,1
300711,22884,939,2029,1
300773,6264,1528,1913,1
300817,206785,2556,3899,1
300821,252724,1344,2853,1
300918,172001,3018,4008,1
300956,23558,2108,5233,2
301143,67503,850,2841,1
301172,273686,738,3856,1
301210,274842,3987,4559,1
301280,116841,105,1304,1
301420,13974,2788,3041,2
301460,77149,2925,3911,1
301620,14745,2804,4245,1
301644,138058,3172,3413,1
301757,283408,2720,4580,1
301851,255470,603,3125,2
302180,159845,378,3387,1
302308,289228,1250,1896,1
302409,161344,3837,3925,1
302436,48433,519,1664,1
302506,32781,1918,2281,1
302509,233565,1432,1469,1
302694,119467,1115,3274,1
302733,95243,2219,4961,1
302798,125410,196,4492,1
302860,30904,1719,1794,1
302906,245762,1134,2262,1
302928,26065,1499,1817,1
303014,25989,1222,1868,1
303022,284448,115,3457,1
303034,62232,4305,4871,1
303076,232687,1380,3900,1
303129,33056,1435,4486,1
303201,252273,737,3496,1
303251,76965,1140,3172,1
303322,91207,1592,4944,1
303369,132058,276,4272,1
303395,244180,3588,4758,1
303491,85477,631,2143,1
303534,45726,2007,3645,1
303635,81566,460,2002,1
303679,259112,3012,4463,1
303711,172879,2792,4071,1
303714,185680,3164,3728,1
303779,18610,2333,2859,1
303803,184192,2658,2911,1
303962,256615,1140,3493,1
304009,59997,2409,4477,1
304121,186249,461,2050,1
304260,116271,1527,4798,1
304358,145401,2721,3253,1
304409,72135,2396,3509,1
304429,20941,172,4439,1
304556,262145,1136,2594,2
304689,70731,2302,4436,1
304806,212869,2956,4554,1
304939,297897,2396,4683,1
305037,108482,606,2776,1
305176,218042,360,832,1
305198,78677,862,2418,1
305342,26067,1850,2689,1
305437,60481,3260,3935,1
305548,53733,3700,4721,1
305647,29745,1108,1831,1
305778,54344,401,488,1
305827,15170,358,4245,1
305897,121211,243,2523,1
306014,96914,3392,4880,1
306056,90043,1677,5929,2
306113,244546,470,2035,1
306130,20627,412,3787,1
306158,247307,904,4962,1
306323,231258,3809,3869,1
306337,119106,2134,2169,1
306418,79506,887,4821,1
306838,267596,1301,2973,1
306859,275394,4596,4707,1
306937,93465,1140,2724,1
307068,160107,2922,3821,1
307286,157937,3544,3638,1
307354,52148,2727,4542,1
307476,200436,1560,3654,1
307521,165029,1584,4203,1
307545,87490,2664,4217,1
307667,116540,466,4606,1
307728,47417,1542,3147,1
307751,104059,883,1388,1
307795,20773,3624,4737,1
307875,191534,2958,4918,1
307878,153389,3279,3369,1
307924,290888,1376,3267,1
308251,103982,362,3972,1
308405,143496,3528,3933,1
308437,217093,2928,3892,1
308458,108508,2976,3025,1
308567,292735,3556,4150,1
308686,187151,2481,3928,1
308855,168306,1428,4117,1
308901,291115,1842,2169,1
309021,222983,2640,4904,1
309058,285303,596,3717,1
309193,37699,3510,4795,1
309267,89468,639,4319,1
309346,50470,2274,4010,1
309504,142444,214,2174,1
309551,131988,3744,4552,1
309737,110305,2455,3333,1
309744,242366,1831,4870,1
309788,29130,1860,3898,1
309792,199423,472,2579,1
309853,35114,516,4176,1
309876,282185,1084,4556,1
310192,16320,3902,4750,1
310295,51958,1983,2422,1
310390,161803,3348,9717,3
310486,283568,1938,4297,1
310511,120078,732,1595,1
310621,177927,2749,4019,1
310868,177495,676,3160,1
310893,19226,1712,4173,1
310952,95910,368,456,1
311106,56411,3137,3451,1
311288,255817,1880,3059,1
311293,165885,2866,4973,1
311355,285840,1118,4787,1
311406,66763,1500,4121,1
311428,281390,3096,4962,1
311443,297520,2150,3712,1
311597,134265,457,2653,1
311848,38819,1587,1682,1
311878,108650,1084,2056,1
311910,90856,240,1823,1
312084,227957,3026,3503,1
312148,235631,1514,4073,1
312156,33846,478,2429,1
312246,46910,3772,4027,1
312397,285716,3060,3442,1
312438,190864,2623,4337,1
312533,211811,1007,2211,1
312540,74635,1734,2544,1
312550,187778,1440,4474,1
312760,126427,666,1414,1
313060,49407,2372,3497,1
313181,274115,1217,2015,1
313208,55715,610,3008,2
313231,103888,2858,3997,1
313266,232644,1016,4306,1
313269,120021,1227,2053,1
313326,186575,1506,4034,1
313357,195358,4396,4796,1
313475,73083,197,2000,1
313504,83824,1801,2023,1
313593,118517,3836,4718,1
313638,289530,1531,4129,1
313640,70581,2255,4492,1
313655,163079,1542,2681,1
313723,66438,1216,4658,1
314029,227013,4043,4241,1
314058,231596,8306,8878,2
314278,157883,2644,4826,1
314319,76402,1719,3110,1
314494,4984,453,1754,1
314499,233663,3246,3472,1
314795,126027,941,6418,2
314812,1029,3108,3852,1
314895,47259,1296,2742,1
314922,14149,1464,2099,1
314948,56108,1644,2287,1
314971,226852,1156,3888,1
315074,24211,3062,3299,1
315368,217084,2559,2965,1
315696,96132,958,1384,1
315909,127096,3976,5036,2
315940,84526,3435,3857,1
316014,118813,450,2880,1
316059,66254,4982,8139,2
316121,89546,496,2221,1
316220,94212,1435,1827,1
316335,153128,1620,3267,1
316343,104545,1724,2560,1
316550,116571,1137,1461,1
316619,76874,2098,4606,1
316749,123425,2416,4718,1
316835,295674,3302,4981,1
316836,295072,987,4711,1
316840,131587,1977,2532,1
316849,180777,1785,4348,1
316851,252364,2688,4909,1
316906,264769,3749,3790,1
316975,157256,1321,2233,1
317110,228614,3191,3976,1
317147,117033,1404,3523,1
317205,42,2403,3399,1
317236,151313,183,3993,1
317280,80975,610,751,1
317399,286592,1374,1544,1
317452,85984,384,2872,1
317581,257700,981,4941,1
317634,189284,3748,4739,1
317720,193227,3712,4837,1
317841,225144,594,725,1
317850,110743,376,4556,1
317853,147367,324,6967,2
318050,232445,191,2234,1
318265,252175,579,2415,1
318342,110561,1248,3398,1
318379,92698,766,2542,1
318590,178130,192,3634,1
318719,265190,3352,3424,1
318803,128022,1815,4577,1
318844,270070,331,2003,1
318966,71063,2692,4696,1
319053,204998,4011,4043,1
319101,140080,3073,3969,1
319106,194796,1434,1584,1
319466,185571,192,557,1
319498,165200,2416,4421,1
319703,213412,954,2259,1
319791,60172,3676,4883,1
319822,275399,712,4425,1
319969,168087,438,2741,1
320219,178398,2196,4133,1
320257,116327,3606,4419,1
320288,39728,3033,4342,1
320301,99121,220,4676,1
320327,180366,1368,2948,1
320371,104193,1877,4261,1
320420,71752,9046,9676,2
320510,201935,1411,2536,1
320626,93922,590,1572,1
320634,255178,2666,3241,1
320681,221331,3108,4486,1
320787,65730,5542,8082,2
320924,230414,2337,2473,1
321121,222433,592,4182,1
321150,114051,301,1842,1
321151,236335,3541,4950,1
321177,152081,2497,3589,1
321365,24434,2741,3282,1
321502,9936,203,2234,1
321674,165275,2325,2623,1
321719,72526,737,1967,1
321749,97331,3630,4383,1
321769,293624,1512,1563,1
321783,80602,3117,4854,1
321961,128217,849,1774,1
321980,111604,1685,3583,1
322068,119507,2528,4570,1
322166,38632,2190,2841,1
322201,5648,1836,3468,1
322218,135063,3084,3255,1
322356,141665,4512,4707,1
322392,166773,720,4403,1
322453,50751,2958,3932,1
322460,167480,2952,3154,1
322605,14240,2764,2797,1
322637,155034,2970,3700,1
322771,241343,343,3455,1
322858,201538,2308,4902,1
323032,289350,2880,6380,2
323075,286825,1376,4043,1
323121,260614,1120,4958,1
323137,157017,1240,1899,1
323179,10831,2578,3392,1
323195,210569,4105,4170,1
323229,207638,2171,3702,1
323336,132189,705,3478,1
323466,160704,660,2795,1
323484,24943,724,4186,1
323499,11476,3047,3920,1
323611,97519,2696,3090,1
323782,185380,3472,4670,1
324021,146763,3402,4842,1
324154,145393,918,2181,1
324208,243592,2828,3619,1
324344,185171,1904,2942,1
324549,222682,633,4718,1
324594,245819,828,2631,1
324659,135398,2960,4320,1
324847,171169,1693,3720,1
324882,29914,630,2409,1
324928,11499,1858,2015,1
325006,195892,611,3029,1
325232,242565,1324,1367,1
325592,86687,572,4045,1
325687,58841,3617,3646,1
325807,83331,1125,4647,1
325908,85795,1306,1676,1
325934,88707,1705,2560,1
325999,63635,744,1268,1
326099,70118,940,3746,1
326202,271138,3018,4634,1
326258,67858,482,3439,1
326301,58267,167,4975,1
326518,144860,470,3820,1
326546,56921,1099,4531,1
326606,244925,2453,3114,1
326753,232141,1518,3050,1
326858,258942,1796,2984,1
326895,188198,2472,4072,1
326921,78480,933,2489,1
327032,279150,1215,3122,1
327170,22145,1110,4969,1
327287,157766,3202,3388,1
327352,5820,315,2002,1
327369,263884,2861,3819,1
327693,182234,3392,3396,1
327706,251846,4028,4441,1
327719,266689,2598,3192,1
327747,130431,1809,2913,1
327777,249736,4649,4930,1
327881,35793,1754,3647,1
327946,162421,4364,4791,1
328207,45586,372,3686,1
328308,153512,1654,3739,1
328581,151025,478,1868,1
328597,16629,3460,4034,1
328613,52612,2300,4147,1
328638,240088,498,3788,1
328658,273435,1478,3983,1
328672,199695,496,2529,1
328688,76582,1279,4144,1
328712,137770,465,1481,1
328733,171828,666,1876,1
328886,253168,522,4168,1
328906,138645,2750,3754,1
329143,175077,1006,4798,1
329208,210836,321,1261,1
329245,185926,713,2103,1
329462,218370,406,3574,1
329669,124909,2356,4274,1
329811,238590,768,2336,1
329900,85002,3058,3393,1
330012,107014,1536,2475,1
330022,91977,418,477,1
330188,98281,3299,4945,1
330209,264665,772,4258,1
330288,121819,2157,2569,1
330389,205379,954,3675,1
330412,31969,1122,1441,1
330487,181900,1449,1904,1
330618,93269,1181,4671,2
330679,201404,915,3649,1
330748,242799,1473,1777,1
330899,85137,348,2598,1
330929,114471,3396,4727,1
330952,25334,153,1788,1
330968,195251,975,2178,1
331136,130356,1041,2582,1
331142,223273,2374,3380,1
331306,62732,208,3962,1
331376,113201,1605,3194,1
331505,245032,2341,3772,1
331580,38982,2394,4039,1
331618,18781,3178,3441,1
331625,235881,2444,3576,1
331835,96949,1397,2767,1
331875,40610,2820,2975,1
331912,50188,1192,2117,1
332022,28746,2263,3475,1
332054,103803,1070,4680,1
332169,158949,1312,4933,1
332199,262133,626,3878,1
332269,170605,2133,3521,1
332281,297002,1660,2054,1
332309,121789,2612,2799,1
332392,108847,3420,4461,1
332397,213624,2690,3233,1
332402,165107,858,4676,1
332423,102226,4581,4856,1
332455,104550,2242,3814,1
332515,172725,3540,4120,1
332556,10063,1128,3265,1
332648,245560,210,1998,1
332652,221718,1790,4068,1
332744,30664,403,2859,1
332758,56441,336,891,1
332802,183290,576,736,1
332838,223685,1794,4611,1
332965,40295,2000,4137,1
332985,56104,2470,2828,1
333024,13201,1276,4826,1
333117,116563,2156,3130,1
333159,210383,350,1028,1
333179,71091,782,2603,1
333196,281234,2472,4248,1
333205,147122,956,4993,1
333326,136216,3244,4648,1
333331,294191,1302,3595,1
333380,123133,720,3296,1
333382,125302,2230,3697,1
333442,199817,432,4269,1
333456,179866,512,1328,1
333459,17749,1090,1331,1
333475,95137,968,4591,1
333495,100210,1454,3711,1
333522,75895,1840,4942,1
333822,250536,3031,4222,1
333976,216096,280,1427,1
334158,732,666,925,1
334397,39728,3300,3891,1
334406,185364,815,1801,1
334420,194878,3536,4433,1
334436,138325,492,4570,1
334464,11091,428,1092,1
334466,101901,2868,2922,1
334543,89061,1332,3057,1
334608,177048,1956,3283,1
334783,196449,1076,4560,1
334826,283274,4236,4343,1
334871,255144,368,2282,1
334881,25832,2621,3880,1
334921,25822,1303,2856,1
334944,250730,2828,4464,1
335092,287144,1781,4729,1
335247,296484,2109,2650,1
335383,84417,1723,4071,1
335423,17240,781,2012,1
335467,135992,3144,3949,1
335498,97837,2201,3370,1
335506,208442,1096,2204,1
335545,16157,1418,3834,1
335675,70952,2951,4178,1
335780,79004,681,3369,1
335820,163321,1782,4536,1
335841,294054,4463,4662,1
335843,132838,2946,3176,1
335848,113322,1521,2422,1
336041,68325,616,2097,1
336063,268146,2546,3832,1
336064,169131,409,4233,1
336092,279688,1005,3354,1
336146,295914,4258,4674,2
336283,36391,864,4279,1
336291,148300,3771,4878,1
336327,236502,404,4129,1
336355,129755,1347,6417,2
336403,133953,1504,2265,1
336485,284739,3015,3552,1
336567,171800,3394,7223,2
336735,9319,2092,4289,1
336906,288824,1524,2744,1
336963,71111,280,1845,1
337082,299903,3115,3974,1
337214,178771,369,1054,1
337238,14554,1320,3876,1
337358,232284,2052,3033,1
337382,279819,2051,3996,1
337459,293969,2997,3337,1
337468,146408,1031,3942,1
337626,123748,502,2840,1
337647,122999,1443,4427,1
337700,73072,1260,4788,1
337708,119388,3289,3787,1
337782,27780,705,4588,1
338061,151159,1695,4586,1
338140,283507,2602,4191,1
338194,86113,2993,4551,1
338209,19347,2230,4793,1
338413,57716,524,1005,1
338518,192542,170,2733,1
338673,248382,1168,2552,1
338681,105384,2200,4175,1
338714,69734,591,1583,1
338797,219293,336,3085,1
338866,78050,912,4818,1
338869,169185,714,834,1
338871,165946,1608,2585,1
338885,235939,3387,4010,1
338911,36852,346,6187,2
339062,238354,243,2799,1
339105,208005,2159,3630,1
339118,259137,431,2409,1
339235,187063,2976,3676,1
339258,142581,698,1895,1
339304,68096,1299,1944,1
339464,187978,2096,5314,2
339515,126730,560,3132,1
339525,87421,2412,4097,1
339562,292958,417,4232,1
339567,104779,987,2270,2
339724,244640,1381,2710,1
339758,89079,728,4757,1
339892,185572,2040,4992,1
339964,181945,682,2325,1
340710,48256,2217,2455,1
340739,254672,520,4916,1
340741,222517,656,1076,1
340780,63837,894,3044,1
341109,281939,3742,4552,1
341126,40292,1576,3236,1
341130,244396,251,4300,1
341174,234393,1098,1719,1
341242,240220,2712,4519,1
341293,288525,3300,3635,1
341325,253368,961,4435,1
341334,252224,2394,2839,1
341502,57923,2285,2572,1
341577,198132,735,1372,1
341654,270885,117,2076,1
341697,7694,655,2298,1
341756,288183,1819,4632,1
341782,30914,1511,1561,1
341815,173536,3302,4169,1
341874,290612,1512,3305,1
341910,264855,1206,1707,1
341998,173343,328,830,1
342064,110946,1014,2550,1
342217,79684,1524,2078,1
342360,212393,9818,10394,3
342385,9838,2613,3917,1
342429,85999,325,4750,1
342469,261610,1971,2212,1
342472,107084,1236,2368,1
342520,21569,885,4391,1
342610,169695,1064,2590,2
342625,35561,814,2481,1
342710,299477,3205,3852,1
342942,147306,1428,4132,1
342999,106509,1149,3713,1
343042,30154,407,7241,2
343050,274612,2400,3260,1
343055,136900,2364,4263,1
343122,180736,2808,4110,1
343137,21672,1188,1498,1
343165,227062,2406,4358,1
343174,101189,1287,3663,1
343320,290522,2319,4962,1
343396,73885,1348,3257,1
343427,298369,1014,4756,1
343440,89875,2848,3323,1
343529,198016,1233,3866,1
343657,5357,1012,4065,1
343787,36237,396,3099,1
343852,7717,2394,4757,1
343878,223277,386,3056,1
343957,201178,2399,3981,1
343966,71340,3080,3522,1
344026,44570,456,1068,1
344096,112121,3114,3493,1
344106,178470,3475,7096,2
344109,27930,432,5748,2
344239,100115,2578,3353,1
344281,26684,4663,4665,2
344385,96244,902,1489,1
344491,85562,1479,2063,1
344500,125163,674,1268,1
344538,280657,1894,3539,1
344560,50124,3899,4302,1
344561,216649,100,2296,1
344575,35439,1353,2069,1
344619,10304,2109,3717,1
344894,246651,4289,4532,2
344895,297260,3716,9412,2
344916,233256,249,762,1
344989,251895,972,3858,1
345016,146076,3003,3314,1
345139,255236,1610,3619,1
345159,264251,3388,4232,1
345232,283075,3735,4614,1
345249,51969,1082,4588,1
345355,83243,2628,4530,1
345542,254104,1774,2345,1
345591,228480,177,4123,1
345655,298664,3374,4230,1
345742,174703,864,1845,1
345833,218451,2813,4751,1
345853,111285,1948,3344,1
345857,235773,1808,1996,1
345864,202685,466,1210,1
345885,77688,1476,4414,1
346030,240448,2332,2929,1
346261,36037,4848,4892,1
346370,49748,4560,4839,1
346396,68985,3990,4896,1
346514,239294,1442,1465,1
346713,183004,3740,6311,2
346714,98829,1044,2278,1
346844,207410,1159,1870,1
346944,80560,124,3055,1
346949,285600,2055,3598,1
346954,176298,2544,4151,1
347228,17135,1388,3502,1
347304,237515,480,548,1
347328,126971,999,4507,1
347355,141692,3647,3850,1
347691,201643,672,956,1
347752,19498,1350,3004,1
348133,297934,362,1542,1
348159,148902,2696,4926,1
348217,96618,4272,4978,1
348258,80183,1114,2905,1
348260,289619,2688,4586,1
348385,269919,3311,4238,1
348446,205263,2584,3638,1
348530,294354,313,1333,1
348563,232551,368,4559,1
348576,105646,792,5161,3
348592,91335,4080,4905,1
348595,161061,2224,4956,1
348636,143957,1420,2368,1
348762,11874,4101,7962,2
348819,261972,655,2205,1
348842,84724,2441,4764,1
348859,174540,1848,4008,1
348885,112666,2973,3768,1
349039,131629,3625,4483,1
349081,287725,454,2891,1
349136,163372,2737,4051,1
349148,203668,1504,4460,1
349212,102943,504,2949,1
349371,10652,2310,4734,1
349431,135151,2814,3235,1
349434,107977,4110,4185,1
349446,222282,4708,4846,1
349649,12364,804,1014,1
349683,175327,3234,3850,1
349704,254048,1484,3137,1
349747,253631,3016,3925,1
349975,1528,1282,5317,2
350091,246209,3646,4870,2
350285,36369,716,2416,1
350363,31547,1866,3313,1
350384,282614,1756,2532,1
350652,94365,321,1533,1
350712,72976,3042,3185,1
350749,134343,1483,4287,1
350836,224846,1298,3139,1
350854,59343,235,2407,1
350912,191933,905,1108,1
350985,6163,2644,3168,1
351006,195086,3080,4824,1
351040,219941,3522,4196,1
351082,33435,585,616,1
351089,77378,3662,4923,1
351104,220708,2140,6067,2
351107,260519,655,4781,1
351280,106167,1225,4094,1
351657,190269,933,2560,1
351733,5875,891,2539,1
351846,159491,3314,4881,1
351887,54655,2271,3870,1
352053,9727,2816,4450,1
352056,202084,710,902,1
352152,120462,844,3788,1
352193,3382,174,929,1
352321,289652,1140,2069,1
352380,9383,324,393,1
352398,133170,2247,2760,1
352430,146037,560,3315,1
352543,6757,1108,4115,1
352661,129956,1634,1968,1
352857,125086,2192,4325,1
352902,8073,452,1504,1
353032,221135,828,3519,1
353050,151097,2370,3864,1
353145,169219,3113,4030,1
353168,43886,3206,4200,1
353219,192204,1676,3614,1
353388,67376,2063,4376,1
353604,26514,3201,4524,1
353672,186335,1650,4814,1
353743,7715,1778,4869,1
353915,27812,4101,4737,1
353938,46965,3578,3931,1
353947,286690,764,1108,1
354116,204935,227,2199,1
354190,18662,2704,3209,1
354230,167603,1787,2808,1
354310,85342,2943,4262,1
354406,165005,1173,2578,1
354634,146367,4212,4540,1
354922,44527,3760,4681,1
355036,43410,2566,4690,1
355192,119482,1964,4013,1
355264,159972,4001,4102,1
355560,299317,1968,2076,1
355626,93792,1905,3890,1
355635,54530,828,2705,1
355815,15243,708,2151,1
355939,28900,1696,2142,1
355947,139076,2964,3846,1
355999,155811,458,695,1
356004,226241,988,3717,1
356070,226027,603,1802,1
356131,257115,417,1702,1
356292,17136,628,3551,1
356442,3264,1149,2744,1
356551,43066,1234,2564,1
356659,37293,6386,8568,2
356745,47705,880,2859,1
356833,154996,1280,4933,1
357035,57065,1776,3370,1
357187,236991,1184,3974,1
357233,141839,890,1258,1
357263,228162,576,1681,1
357507,39097,1378,4879,1
357549,247177,2889,3542,1
357726,165052,1360,2911,1
357752,271546,575,4856,1
358000,80693,1585,1865,1
358016,148614,825,1910,1
358069,181579,3224,3576,1
358086,4416,528,3210,1
358099,159180,1151,3225,1
358107,134116,1216,3968,1
358138,116556,1718,4341,1
358280,58558,1910,3888,1
358290,112558,287,2414,1
358343,251103,2389,3326,1
358371,169858,2714,3691,1
358464,194158,1554,1892,1
358516,4568,2480,3602,1
358568,91571,1140,2520,1
358628,131817,616,4287,1
358723,196238,1400,4367,1
358885,102245,750,3603,1
358956,20744,2615,4830,1
358958,223735,2079,2997,1
358989,234072,665,3245,1
359048,212192,1434,6284,2
359053,48995,897,4428,1
359100,93978,345,3583,1
359101,148019,1510,2488,1
359140,210321,374,2418,1
359162,20541,3696,4662,1
359198,215890,1736,2546,1
359239,263297,2502,4601,1
359253,76022,970,4334,1
359282,287879,1286,1878,1
359471,190205,1566,5674,2
359491,274930,1461,2820,1
359714,232395,3345,4118,1
359820,144705,465,1284,1
359911,154050,2381,4981,1
359974,84110,1368,2646,1
360157,201895,1863,4740,1
360204,69333,1887,2674,1
360257,2343,1331,4721,1
360280,134402,1488,4505,1
360303,36244,3327,4125,1
360449,227225,2283,2576,1
360503,224675,2712,3633,1
360547,159495,3193,3771,1
360608,175427,441,858,1
360721,167215,731,4343,1
360726,25097,1721,3408,1
360749,33699,3465,4968,1
360896,45119,1308,2757,1
360923,14012,1836,2178,1
360927,171395,2430,3806,1
361015,287884,2269,4491,1
361023,178407,1546,3979,1
361026,10003,4454,4465,1
361309,277911,1688,4649,1
361339,118506,3822,4476,1
361340,223496,2092,4585,1
361736,132858,3033,3427,1
361738,43893,3336,3349,1
361822,187923,3588,4341,1
362231,253219,2226,4069,1
362247,133925,2285,4247,1
362304,294935,1598,6452,2
362438,245617,2663,4540,2
362471,147913,4521,4861,1
362526,146577,3424,3746,1
362588,53009,792,4254,1
362595,99338,630,4851,1
362613,47315,2558,2976,1
362688,267955,1758,4137,1
362712,36116,696,1396,1
362913,286219,2276,3304,1
363033,150747,1940,4806,1
363142,18348,824,1626,1
363148,234414,1412,3664,1
363233,235355,212,3851,1
363516,118505,1354,1951,1
363608,53723,890,4739,1
363706,139567,2632,3171,1
363965,181074,2202,4676,1
364000,20654,2154,4676,1
364136,228805,2464,4568,1
364447,126545,904,4051,1
364459,139371,1672,3379,1
364522,114266,669,1362,1
364715,261736,1416,4511,1
364827,84796,4184,4384,1
364828,260755,1811,2464,1
364879,167733,2790,3797,1
364915,143244,1866,3428,1
364917,133709,830,1710,1
364985,174715,1776,2306,1
364999,69774,1835,2249,1
365267,96751,4600,4751,1
365283,255460,1280,3843,1
365319,199571,1137,4241,1
365455,156044,3686,4652,1
365473,24336,1948,2557,1
365503,33642,269,1943,1
365774,201369,3782,4941,1
365788,199581,1896,2847,1
365876,158177,2651,2818,1
365914,110408,3220,4389,1
365974,47639,220,2922,1
366015,106336,828,2136,1
366181,274449,1347,2127,1
366213,143917,4170,4202,1
366250,105266,831,1161,1
366584,104828,1636,2634,1
366718,222224,2596,3853,1
366719,254503,716,4124,1
366882,22600,1964,2325,1
366954,280534,1374,4248,1
367064,289078,781,4879,1
367150,4296,493,504,1
367279,104025,564,758,1
367291,224844,3932,4612,1
367361,97607,762,2684,1
367434,29171,2119,3244,1
367457,44161,249,3493,1
367561,221924,837,2262,1
367579,112141,4284,4558,1
367589,2964,2252,2788,1
367758,200350,5536,7913,2
367767,158858,1372,4907,1
367781,5064,604,3175,1
367832,89350,3029,3592,1
367858,7085,3622,4670,1
367869,255820,1146,3976,1
368034,183060,819,3512,1
368066,5220,858,4094,1
368121,131535,1094,4086,1
368182,20928,1627,4222,1
368256,286828,1371,4414,1
368282,60550,2224,2525,1
368537,94982,2678,3458,1
368556,60394,1695,1882,1
368588,103734,3486,4113,1
368613,90008,242,2405,1
368674,277080,2672,3922,1
368713,136160,516,2181,1
368714,163226,1292,3900,1
369001,244925,1548,3880,1
369004,205604,1850,4500,1
369006,21008,1788,3777,1
369120,235873,1719,3743,1
369393,273351,2117,2523,1
369677,260964,1706,1830,1
369813,294765,296,4910,1
369884,52149,3146,4373,1
369964,127520,1700,4021,1
370015,169473,696,4916,1
370469,207377,1002,4593,1
370510,95656,1552,3159,1
370518,161827,1291,1941,1
370590,165390,915,3339,1
370650,76632,3204,3556,1
370745,90327,814,4769,1
370768,280376,2184,4927,1
370833,205354,442,1241,1
370943,143451,1536,3459,1
370960,243478,450,4181,1
370968,92424,3654,3685,1
371031,112795,1699,3842,1
371081,256318,4034,4946,1
371161,226800,4011,4402,1
371338,92439,2871,3932,1
371392,236125,1641,3669,1
371468,51956,603,4181,2
371605,279652,2038,4634,1
371610,240284,1172,4888,1
371625,269780,236,3650,1
371654,114965,331,547,1
371664,232987,560,2693,1
371736,29,1316,3341,1
371871,50017,1663,3870,1
371980,282432,738,4360,1
372056,114597,1846,4627,1
372089,4576,528,4706,1
372243,178537,3148,4377,1
372294,163870,400,3713,1
372305,277206,630,4646,1
372410,151843,5588,6095,2
372414,173422,2301,3778,1
372537,116346,1374,2399,1
372593,80221,4026,4725,1
372723,57940,1740,2964,1
372756,58860,1720,3832,1
372875,32132,1068,2126,1
372921,196433,879,2350,1
372951,114649,791,2879,1
372953,257652,1296,3921,1
373021,151950,294,651,1
373126,217102,468,1011,1
373165,181949,732,3010,1
373171,298116,3603,3867,1
373284,25168,2296,2627,1
373287,205461,2211,3239,1
373289,26145,1359,1375,1
373660,291513,1113,2597,1
373700,73874,248,1803,1
374013,3611,2195,3188,1
374074,273275,1663,4729,1
374077,271868,263,1027,1
374105,125869,3660,3981,1
374136,174425,1528,4260,1
374145,130322,321,1814,1
374203,264515,947,4385,1
374212,54224,569,1316,1
374241,135904,1185,4145,1
374289,271537,1143,2396,1
374463,92678,2550,3010,1
374482,162042,942,4442,1
374579,61512,2212,4258,1
374676,277677,2344,3619,1
374678,261256,2204,3521,1
374749,202431,1994,2738,1
374770,257850,3756,4124,1
374825,290709,841,3760,1
374848,61904,1361,1464,1
374902,50665,1539,4713,1
375074,111464,2324,4260,1
375179,63169,4164,7091,2
375236,252778,2466,2999,1
375265,231738,626,3921,1
375279,172899,1298,1972,1
375348,56825,744,2212,1
375352,159112,2184,2390,1
375374,201153,468,4193,1
375502,229566,3011,4318,1
375728,179116,1431,1815,1
375786,237153,1140,4765,1
375788,237735,2588,3951,1
375835,127861,3677,4010,1
376220,85399,1745,2088,1
376225,74113,2571,4696,1
376268,112256,3071,4825,1
376409,237851,1872,2410,1
376595,106366,2047,4015,1
376710,3079,2380,4755,1
376735,136018,716,3495,1
376808,120259,3484,3982,1
376890,259325,924,2657,1
376897,186056,2220,4578,1
376935,34830,539,2533,1
376950,280824,107,378,1
376967,192957,723,1957,1
376981,103489,513,1453,1
377033,127135,1298,4170,1
377137,176993,490,942,1
377242,72050,3004,4286,1
377255,147523,1484,2967,1
377314,68658,4698,4709,1
377557,151934,917,4173,1
377718,237942,2466,4235,1
377827,78775,1182,4726,1
377910,43884,1886,4525,1
378142,248819,4381,4664,1
378200,70731,2176,2923,1
378392,110216,1159,3275,1
378505,259982,2804,3515,1
378541,203111,2849,4714,1
378631,287914,2316,3930,1
378729,34084,3126,3144,1
378735,189047,2004,2957,1
378803,158267,1211,1470,1
378938,165628,1988,3439,1
378951,155065,2088,4953,1
378952,141078,1580,2381,1
378971,294307,1864,2671,1
379084,6741,1168,4447,1
379192,57137,252,3124,1
379220,42663,1158,1913,1
379317,203157,1078,2073,1
379319,212947,163,3124,1
379473,48994,972,3202,1
379556,239324,3842,4235,1
379570,237423,1588,2487,1
379789,176417,1234,4095,1
379822,194536,843,4156,1
380016,85117,2883,5589,2
380166,188763,768,929,1
380196,294339,3394,4931,1
380392,262746,333,1852,1
380448,60818,1836,1845,1
380531,55456,2040,3234,1
380655,136484,2510,3887,1
380731,190105,1788,2259,1
380742,60642,988,1022,1
380802,5497,3216,4405,1
380809,162702,2376,4899,1
380857,213389,553,1944,1
380963,273847,2760,3422,1
380965,98357,1876,2500,1
381017,18807,1429,4278,1
381140,134678,387,1465,1
381174,243159,1480,4400,1
381330,92634,1310,3641,1
381464,169872,137,4534,1
381559,269676,994,4599,1
381828,95154,230,4780,1
381851,136559,1560,3633,1
381879,77165,411,4007,1
381882,140820,766,3655,1
381937,164254,1543,3835,1
381947,251823,624,1208,1
381962,65868,864,3939,1
382132,26781,1344,1926,1
382161,111227,1530,4900,1
382192,28171,3134,3979,1
382196,97954,2789,4093,1
382345,25328,1028,3613,1
382438,191564,4156,4569,1
382636,91104,1035,4597,1
382700,239645,3100,3440,1
382713,141286,1442,1957,1
382770,293332,1146,2661,1
382834,296769,3452,3480,1
382843,281442,213,464,1
382924,74254,768,4483,1
382967,146355,1181,4981,1
383005,219834,207,3669,1
383040,221476,1364,4095,1
383066,108212,760,900,1
383128,32758,1570,2348,1
383179,112286,560,3225,1
383221,155551,2031,3434,1
383242,231339,2148,3108,1
383374,32174,3073,4291,1
383521,293983,3845,4268,1
383643,225735,3299,4040,1
383845,147697,3238,3953,1
383927,150013,1556,3876,2
383987,257684,447,3332,1
384097,168100,2175,2244,1
384129,174476,1726,2440,1
384156,256595,2756,4921,1
384209,193765,2619,4937,1
384296,78999,1741,4118,1
384340,268813,3870,3974,1
384369,98491,430,2261,1
384412,193288,2337,2425,1
384644,132033,518,2920,1
384713,145252,2460,4413,1
384822,257060,617,3844,1
384923,216992,2742,3140,2
384987,12973,3815,4126,1
385050,128338,3780,4842,1
385148,160018,526,3919,1
385161,77286,2083,3711,1
385382,84051,804,2365,1
385409,53802,5322,6190,2
385564,200054,3116,3225,1
385601,162213,928,1170,1
385683,247339,2716,2735,1
385696,126491,2084,3845,1
385860,105675,1887,4525,1
385881,97172,2366,4829,1
386003,16523,1508,3752,1
386018,137335,2872,4104,1
386153,291459,742,3334,1
386402,297473,500,4890,1
386476,232457,3555,4312,1
386571,194944,3866,4346,1
386639,40519,2682,3774,1
386848,248433,3084,4743,1
386977,280544,4164,4409,1
387037,129712,4536,4788,1
387067,38355,3192,3683,1
387132,258424,1578,4316,1
387264,155811,4438,4780,1
387333,85242,2148,3748,1
387424,32139,2529,2632,1
387442,108266,2406,3835,1
387586,280337,658,2719,1
387664,1996,472,1067,1
387723,30769,3280,3907,1
387887,239684,1552,1764,1
387928,31048,4226,4648,1
388152,241918,2511,4526,1
388172,27368,1874,3517,1
388242,44369,2349,3305,1
388271,279888,2293,3028,1
388369,73236,490,4046,1
388498,69727,872,2405,1
388500,115321,984,4194,1
388596,280358,2208,2465,1
388634,103945,993,3096,1
388716,181121,4308,4340,1
388744,222325,333,4092,1
388834,204573,3490,3597,1
388836,200749,3020,4687,1
388844,208564,1338,1417,1
388854,41155,2987,4857,1
388930,70029,1280,3313,1
389454,273887,1740,3035,1
389458,183942,2520,3477,1
389463,292327,540,780,1
389467,116637,3645,4301,1
389469,39439,3942,4330,1
389522,241007,746,3185,1
389550,242271,364,2374,1
389673,144940,1881,3255,1
389682,205516,2774,2973,1
389763,205789,3378,3607,1
389771,28015,1203,2215,1
389948,117603,102,1494,1
390050,203697,2402,2744,1
390115,191898,2946,4354,1
390170,253202,464,2217,1
390260,150612,1050,3742,1
390265,183895,2580,4347,1
390340,48116,3675,4592,1
390361,101793,3075,3402,1
390408,61730,182,1574,1
390451,180822,2996,4952,1
390465,96783,2275,2715,1
390471,209294,242,2514,1
390569,241125,2372,2447,1
390608,283477,1468,2542,1
390767,149057,468,4324,1
391028,235495,1397,2579,1
391078,44158,3318,4585,1
391079,77786,747,4478,1
391210,207441,1452,4696,1
391248,253512,1694,4113,1
391318,287138,1156,2264,1
391349,23254,1065,1657,1
391431,7922,1930,3174,1
391446,12821,3802,4044,1
391473,61149,1881,4690,1
391497,87710,1696,3532,1
391570,241819,2704,3590,1
391620,170752,1746,4995,1
391633,263771,762,4338,1
391705,297914,2551,4660,1
391762,190236,980,1113,1
391799,269840,942,3807,1
391893,44975,2557,3968,1
391991,175267,1383,3175,1
392080,212655,706,3710,1
392127,212525,898,1954,1
392152,34571,2317,2493,1
392234,155320,435,3601,1
392265,51230,802,2479,1
392376,250846,3059,3868,1
392390,151456,2490,4278,1
392561,266154,1626,4944,1
392578,90740,1472,3393,1
392673,228921,953,1251,1
392680,140699,1275,4258,1
392691,282344,1926,3961,1
392753,250813,3352,4778,1
392761,144193,2583,3564,1
392798,149237,109,3062,1
392837,24515,609,1087,1
392843,221921,4135,4215,1
392895,244507,1749,2107,1
393091,272849,2224,2581,1
393094,47577,2603,4260,1
393183,45650,1488,4832,1
393205,159383,1672,2308,1
393226,176204,1071,3065,1
393261,96481,1982,4573,1
393314,77212,368,3819,1
393495,246381,614,949,1
393594,69575,2068,4772,1
393603,102917,3822,4995,1
393619,187762,1012,2389,1
393644,273521,312,772,1
393654,195572,927,4416,1
393788,2990,698,2658,1
394012,216525,1979,2546,1
394123,263537,753,1870,1
394176,43010,122,2456,1
394263,292289,1995,3098,1
394297,230953,853,2070,1
394352,79264,1278,2916,1
394364,116636,1476,2840,1
394396,1389,3329,4385,1
394413,171150,3491,4218,1
394419,39449,282,1483,1
394478,249774,2099,4065,1
394557,161896,820,2830,1
394629,276619,2053,2578,1
394821,132694,2176,7211,2
394875,26795,2928,4907,1
394924,200333,1935,4759,1
394937,142932,3404,3479,1
395018,169064,2918,3920,1
395151,234808,1422,2150,1
395177,252931,328,1355,1
395288,205411,128,2181,1
395299,202061,3338,4415,1
395409,208441,734,2993,1
395647,240542,1081,4881,1
395765,294671,2652,4477,1
395773,244439,1190,2446,1
395777,184507,672,3114,1
395788,19919,3020,4404,1
395841,170368,1089,4390,1
396018,124848,3894,4849,1
396175,76781,795,4239,1
396181,120068,3054,4970,1
396192,140737,3937,4461,1
396298,189146,3768,4324,1
396330,69917,1362,2255,1
396340,85895,1264,3359,1
396346,88727,2901,3627,1
396435,260324,4218,4803,1
396499,101624,1607,2650,1
396524,274811,715,3785,1
396536,298000,924,2869,1
396581,89398,1952,2790,1
396735,86185,435,3833,1
396786,31456,632,2164,1
396811,128636,471,4942,2
396850,199411,3275,4397,1
396946,5850,3304,8092,2
396952,86853,4179,4639,1
396961,291098,896,2032,1
397003,29244,555,4850,1
397116,222482,558,1873,1
397381,131320,2124,4151,1
397560,247577,1784,3693,1
397582,234490,1976,2353,2
397618,7009,2244,4905,1
397661,227768,436,4585,1
397924,250164,2794,4716,1
397938,164533,1762,2351,1
398103,155158,1633,3157,1
398267,222659,2380,3010,1
398300,31362,2000,2544,1
398303,290094,828,3662,1
398347,293221,1089,3675,1
398524,140504,2403,3723,1
398543,133902,3104,3107,1
398691,122653,1010,1596,1
398714,89348,3015,4038,1
398753,218465,840,1097,1
398784,248332,2058,3630,1
398790,281325,717,4792,1
399055,113352,2888,3637,1
399081,10863,1047,1569,1
399103,228337,1366,2569,1
399203,292254,2232,2548,1
399230,58657,2456,4107,1
399553,172330,7232,7909,2
399653,52826,603,635,1
399692,250724,942,3591,1
399787,1244,1079,1098,1
399841,49239,3452,4772,1
400071,166684,1828,4223,1
400113,100562,3536,4811,1
400177,270865,3216,3313,1
400222,70376,464,2047,1
400385,124812,3384,4430,1
400602,22236,512,4908,1
400724,12315,1674,4892,1
400736,164143,242,761,1
400746,13040,1272,3445,1
400847,238364,1140,3494,1
400892,7795,1850,2945,1
401094,135831,1252,2545,1
401119,107564,4479,4604,1
401123,194933,1492,4473,1
401154,199688,542,3085,1
401259,193957,2994,3689,1
401285,180274,1230,1880,1
401314,206905,4491,4814,1
401367,9988,843,3361,1
401473,7891,950,4382,1
401532,32689,794,3817,1
401538,88467,3670,4868,1
401621,109281,998,3631,1
401653,270432,2374,2861,1
401785,142062,2605,4317,2
402072,113900,279,653,1
402146,25402,2140,2876,1
402175,180904,1176,3524,1
402314,292569,1307,3924,1
402380,205171,1683,4631,1
402547,196696,1679,4728,1
402584,177651,2085,3864,1
402796,273161,887,1111,1
402835,157956,1546,2626,1
402890,29838,1730,2564,1
403028,14504,3108,4758,1
403165,113199,2652,4591,1
403466,195042,222,3139,1
403707,184450,3557,3577,1
403779,58507,2202,2385,1
403930,142542,2168,4211,1
403956,166410,2754,4879,1
404033,138513,2194,4074,1
404042,6232,3172,4715,1
404048,172981,895,4772,1
404081,296577,2784,4272,1
404115,145010,3932,4921,1
404182,236174,1293,4801,1
404205,138264,1124,4705,1
404210,286505,1952,2862,1
404431,259253,2196,4293,1
404478,189868,3412,3863,1
404494,61131,1616,4901,1
404816,31079,1062,2741,1
404886,41427,1814,2368,1
404898,244219,4220,4500,1
404902,157413,328,4616,1
404904,180977,2368,2843,1
405108,282955,2877,3048,1
405240,238586,460,979,1
405369,162989,1288,1306,1
405415,110873,626,826,1
405507,27685,1449,4100,1
405531,293740,1455,4527,1
405533,116496,2308,5415,2
405558,63440,222,3293,1
405563,12198,810,1415,1
405619,163176,679,2238,1
405630,191609,2000,4452,1
405646,148064,1496,4811,1
405777,92934,953,2941,1
405832,101502,1597,2204,1
405949,140268,762,2151,1
406114,97805,3230,3719,1
406174,219909,2210,4493,1
406219,130688,181,1151,1
406253,211866,3090,4579,1
406322,205396,667,4325,1
406339,170372,3073,3271,1
406363,247167,1815,2653,1
406426,98073,396,1549,1
406465,216426,208,5650,2
406660,108505,1605,2311,1
406689,260507,426,3131,1
406750,117614,1336,3645,1
406751,218358,2066,3043,1
406816,226685,2718,3039,1
406891,273678,3981,4610,1
406893,69556,2474,4270,1
406981,244137,1290,2162,1
406996,111420,1050,3171,1
407022,212854,618,3175,1
407069,2074,1017,2551,1
407303,79811,358,4946,1
407318,263288,771,3261,1
407326,294565,2560,4084,1
407414,117385,278,810,2
407430,235262,1517,3379,1
407663,175621,592,2658,1
407697,192545,1263,3961,1
407717,14951,1872,2068,1
407725,97930,936,4942,1
407737,246436,546,1884,1
407776,32648,1028,1588,1
407909,84541,785,939,1
407924,109503,1412,2518,1
407967,251165,1722,7746,2
407980,165726,2437,4483,1
408028,155836,4816,4994,1
408486,169176,2935,3850,1
408581,8423,2253,5356,2
408643,250149,1852,2385,1
408658,166037,2404,4674,1
408839,297873,451,2876,1
408854,43304,1153,2590,1
408934,76183,856,4561,1
408982,252712,147,3388,1
409043,15198,3075,4989,1
409057,212106,2118,2481,1
409124,81726,845,3845,1
409183,230996,2102,2688,1
409279,104590,679,1494,1
409323,50109,912,4452,1
409385,23679,2645,3833,1
409402,82612,1828,3034,1
409410,82349,2726,3191,1
409455,60040,706,848,1
409610,219140,1192,1243,1
409618,165712,140,2044,1
409701,257515,1735,2230,1
409906,38093,2922,4114,1
409910,248684,392,2158,1
410064,146908,2367,3562,1
410078,97388,2757,3401,1
410167,1937,1020,3021,1
410175,145428,440,3610,1
410495,51720,161,1475,1
410498,234512,2651,3365,1
410878,75349,2576,4682,1
410944,213128,1561,4564,1
411116,109100,1164,2935,1
411227,270904,1832,3074,1
411332,29660,874,1136,1
411367,17713,1242,2111,1
411615,131196,1275,1395,1
411662,123547,2151,4326,1
411712,223313,3450,4485,1
411806,111191,2508,3215,1
411933,62592,1102,2022,1
412026,292734,1946,2023,1
412105,201326,1461,2634,1
412229,148023,660,3755,1
412234,154155,2532,4987,1
412336,117306,970,1893,1
412495,32478,525,1111,1
412562,288250,1172,4326,1
412613,60818,602,847,1
412663,59861,2301,4027,1
413042,85766,1340,1725,1
413080,21469,964,1664,1
413202,278125,2949,4929,1
413271,94673,297,1494,1
413286,47402,1149,2053,1
413289,8867,2938,3698,1
413345,232373,2235,4370,1
413461,133191,2053,3144,1
413739,4463,1087,3442,1
413828,75552,2342,4202,1
413832,176870,3098,9603,2
413984,72579,1608,1626,1
414125,208350,3494,4678,1
414237,130371,1071,3309,1
414303,195604,576,1687,1
414346,249501,2156,2489,1
414415,254467,4571,4753,1
414552,273253,1953,2520,1
414595,262412,359,2794,1
414634,195067,1262,4329,1
414750,116903,1863,2833,1
414996,160948,795,2725,1
415126,78823,2350,4142,1
415157,206514,151,1776,1
415163,249849,3116,3359,1
415168,188561,787,4616,1
415185,147657,910,4773,1
415327,199793,2384,2569,1
415393,104788,3227,4241,1
415443,283765,1236,2512,1
415589,23417,3421,3942,1
415601,94534,3098,3749,1
415683,231083,978,2432,1
415737,70332,1492,4596,1
415762,233232,2612,3160,1
416218,157807,2764,4660,1
416260,191697,1770,2433,1
416274,289370,595,4660,1
416461,99992,3053,3313,1
416546,262471,1990,4466,1
416555,123982,398,1042,1
416664,7794,1312,2462,1
416776,288328,1360,1420,1
416821,206526,3652,3786,1
416858,75722,1998,3387,1
416916,738,972,1828,1
416960,30057,511,2387,1
416978,213686,3650,3998,1
416991,212958,2422,8903,2
417020,145892,2550,4094,1
417131,56660,456,791,1
417302,257571,3248,4409,2
417331,254782,2374,4977,1
417447,240758,2780,2796,1
417550,94423,1215,3992,1
417586,47481,1123,2263,1
417682,239577,488,3334,1
417728,200500,1192,1937,1
417856,168253,1503,2228,1
418120,10282,978,1094,1
418293,114207,952,4390,1
418301,185374,2684,4209,1
418303,83619,1542,1825,1
418389,224377,3637,4913,1
418557,248129,1301,4602,1
418601,173467,4574,4909,1
418797,296487,828,3545,1
418999,185359,546,2714,1
419022,40350,758,4141,1
419047,86292,729,3414,1
419072,222907,3270,3570,1
419252,87085,1397,4441,1
419407,93185,2564,3068,1
419509,30080,1388,4520,1
419576,212193,2688,4770,1
419632,277911,1376,2158,1
419705,141485,2159,4154,1
419793,81409,182,4942,1
419854,1616,849,1404,1
419869,257839,2412,4060,1
419935,3774,2786,3153,1
419960,159708,594,1838,1
420059,159956,829,1566,1
420084,232161,313,2403,1
420123,38940,1312,1719,1
420124,103089,480,627,1
420174,297433,2679,3224,1
420195,247354,3864,4799,1
420329,196215,1542,2654,1
420382,183285,1695,4799,1
420442,131361,516,2857,1
420459,64673,312,3169,1
420687,265226,1266,4162,1
420816,201297,1761,2432,1
420838,278425,1949,2811,1
420883,111599,1911,4705,1
421019,56466,2470,3768,1
421221,292564,360,4045,1
421282,27113,2316,4770,1
421433,262853,4534,4870,1
421438,266375,119,2530,1
421557,100014,2716,3929,1
421749,259192,444,4053,1
421761,127061,632,2854,1
421914,58327,1116,4878,1
422039,201348,1149,4957,1
422151,114413,2017,5684,2
422172,102428,1539,3782,1
422184,197036,1092,1920,1
422198,255626,2168,4495,1
422201,280088,1925,2468,1
422227,148353,580,4086,1
422271,157234,726,2796,1
422275,209586,3404,3744,1
422486,123779,3160,3962,1
422629,110419,3009,3093,1
422656,40151,2385,4269,1
422719,164215,744,4575,1
422790,284148,4028,4110,1
422950,276983,390,1303,1
423015,223377,3927,8419,2
423021,196688,1848,1859,1
423150,207730,828,4993,1
423192,77306,3285,3705,1
423208,84413,1805,2912,1
423277,269076,448,2155,1
423300,84776,2679,3874,1
423333,95576,753,810,1
423423,186789,2247,4958,1
423500,202203,3632,4998,1
423577,93938,1449,3155,1
423581,53416,1466,1729,1
423618,139749,2428,4528,1
423871,75290,241,3423,1
423916,126829,3592,4854,1
423955,11988,846,2058,1
423970,192406,548,3808,1
424078,200778,2098,2829,1
424148,90700,1278,1681,1
424342,89328,168,2665,1
424539,120436,1772,4254,1
424571,49092,1306,4610,1
424594,110240,2262,2952,1
424657,16926,2298,4041,1
424683,146011,1816,4982,1
424739,13041,906,3779,1
424904,203843,1774,3140,1
424934,221327,2388,4072,1
424992,84728,936,1415,1
425052,150758,2064,4455,1
425145,65893,1456,4370,1
425188,125362,1352,4686,1
425381,239361,2404,3330,1
425567,159560,1606,3816,1
425579,281747,1450,2031,1
425674,140096,1495,3100,1
425717,12277,268,2866,1
425739,176060,3838,4520,1
425831,47335,214,2512,1
425832,246409,2200,3722,1
425949,97421,671,713,1
426078,53777,266,2066,1
426099,154408,2892,7509,2
426131,55468,1402,4225,1
426347,157959,3406,4381,1
426359,281326,1041,3442,1
426362,22138,1950,4701,1
426513,233224,207,3890,1
426532,2780,226,4192,1
426661,284881,692,4764,1
426730,60855,1815,2512,1
426752,48603,1924,3032,1
426963,62789,846,1050,1
427009,132470,1633,2504,1
427010,95106,1082,2763,1
427040,77598,2751,2825,1
427194,137731,2983,3451,1
427224,73131,345,4668,1
427326,48117,1116,4020,1
427329,275212,791,3156,1
427367,55593,1054,4150,1
427374,126177,4511,4840,1
427518,24334,1030,3739,1
427601,294362,3448,4061,1
427760,264833,1065,2159,1
427825,271926,252,4741,1
428114,287666,1740,8839,2
428177,12464,1429,2189,1
428190,242891,595,4126,1
428214,72346,3291,3835,1
428356,107880,3489,4358,1
428393,34028,3438,4657,1
428498,176056,1657,2126,1
428612,185358,3742,4581,1
428685,4470,1784,1832,1
428729,222212,1238,2320,1
428819,210925,1652,4906,1
428827,64696,2411,3163,1
428916,139955,2784,3846,1
429023,251737,471,579,1
429078,278565,3626,3693,1
429111,14605,2259,3514,2
429138,50344,1824,3418,1
429166,198871,1552,3512,1
429246,26844,839,2290,1
429284,119842,526,4839,1
429289,258622,1168,3998,1
429391,16562,3816,4109,1
429426,92591,1068,4837,1
429450,259130,2572,3009,1
429484,105584,1230,1356,1
429513,147550,547,2365,1
429652,267729,2700,3177,1
429686,92643,1142,1765,1
429708,21669,2750,4459,1
429883,92657,496,1163,1
429968,244068,540,2491,1
429976,164329,1649,2657,1
430023,280386,108,4956,1
430068,265125,352,811,1
430185,98266,925,4582,1
430203,169913,1406,2407,1
430371,67845,981,4573,1
430385,294430,3544,4197,1
430544,207741,596,842,1
430761,52544,1782,2123,1
430822,63864,1740,4307,1
430862,222571,1682,3413,1
430889,91995,4416,4800,1
430936,246767,444,849,1
431082,242258,3476,3965,1
431191,43229,4531,4998,1
431423,129585,868,3059,1
431457,186183,651,1259,1
431565,78895,3294,4908,1
431591,217511,1056,4520,1
431643,38218,1678,4511,1
431664,60982,4152,4651,1
431676,187559,2545,4034,1
431933,28087,2098,4598,1
431944,274892,1442,3196,1
431988,72732,747,4184,1
432045,130357,925,3007,1
432059,35296,2704,4543,1
432117,57773,1252,1840,1
432148,239301,2240,3774,1
432177,124129,2826,3076,1
432257,35542,258,2491,2
432261,205775,2631,3557,1
432264,38551,666,2608,1
432578,130334,826,3577,1
432639,154593,1908,5889,2
432711,31653,1830,2789,1
432735,261883,3386,3523,1
432789,278295,721,3481,1
432927,30627,752,3244,1
432936,274192,2728,4000,1
433002,197588,2091,2821,1
433055,95036,846,3774,1
433084,38971,342,1560,1
433110,277909,2644,4357,1
433126,58931,412,1822,1
433128,97298,1412,2846,1
433142,145450,4004,4986,1
433293,267869,2304,4486,1
433304,119416,640,4210,1
433364,125981,2212,4662,1
433423,270453,1278,2078,1
433472,68463,2178,4963,1
433512,83237,3378,3943,1
433558,53158,3164,4321,1
433713,52745,1272,1384,1
433717,76577,413,2145,1
433756,194314,627,3813,1
433858,205628,1279,1918,1
433880,265905,2572,3840,1
433973,187823,1580,2766,1
434113,26374,1184,3937,1
434121,246678,3678,4128,1
434224,86056,2328,3866,1
434254,101144,1403,2458,1
434412,251996,1926,4040,1
434485,93499,1992,3364,1
434543,211148,1257,1601,1
434589,217646,1536,3387,1
434620,290933,1267,3629,2
434632,246228,374,3335,1
434646,98309,1746,2015,1
434734,9307,836,3545,1
434759,4338,630,2906,1
434917,149227,2715,2763,1
434975,96975,1122,4438,1
435104,235893,195,2702,1
435218,247463,1970,3966,1
435358,247883,412,4467,2
435552,79523,1094,2025,1
435558,272112,305,3458,1
435626,102009,1797,3210,1
435811,200988,652,4686,1
435813,137435,352,770,1
435921,14250,1629,3343,1
435977,68208,3095,4761,1
435986,31136,1824,2219,1
435994,210406,1769,4940,1
436044,99078,1571,6715,2
436062,24778,1798,2449,1
436152,164832,222,299,1
436252,100300,3002,4693,1
436299,266877,309,325,1
436322,291356,3141,3592,1
436414,10154,1569,3181,1
436546,3458,3200,3208,1
436551,120798,4350,4665,1
436618,107233,2853,3591,1
436675,288275,2076,8116,2
436845,202293,504,734,1
436911,181613,1024,3957,1
436969,109336,993,3953,1
437016,128679,3422,4065,1
437033,175948,2152,3653,1
437146,25542,1277,3633,1
437169,62410,616,2210,1
437202,115775,1422,2335,1
437402,45622,207,1255,1
437493,101109,1212,3029,1
437496,138134,772,1163,1
437584,291997,2665,3877,1
437627,157777,3179,4116,1
437714,136906,1548,2406,1
437749,249997,402,3122,1
438019,64587,2160,3540,1
438210,145842,628,3613,1
438223,106157,4018,4998,1
438320,213566,669,3935,1
438496,200239,2130,3507,1
438596,30318,1927,4643,1
438635,281690,2313,3806,1
438729,122760,1302,2905,1
438731,232869,1077,3762,1
438739,108183,3668,4068,1
438744,16397,966,4181,1
438914,139059,110,6088,2
439136,272237,2072,3020,1
439222,122764,1634,4193,1
439389,115233,796,2184,1
439435,231570,1161,2620,1
439658,70001,3473,3880,1
439703,166514,437,1119,1
439737,297101,1956,4873,1
439763,197513,789,4166,1
439768,81555,551,2315,1
439821,128344,3136,3458,1
439849,1723,303,2347,1
439980,134944,1322,1727,1
439981,259971,3638,3777,1
439983,145672,1270,4548,1
440381,97363,3630,4684,1
440412,60750,738,2430,1
440453,73426,1694,4618,1
440506,35435,980,3638,1
440547,148416,3004,4421,1
440605,18920,508,3984,1
440669,15839,926,2892,1
440981,134451,1804,4198,1
441007,187023,2310,3509,1
441031,158983,4578,4948,1
441193,180048,4073,4259,1
441259,89114,928,2654,1
441278,270416,650,3237,1
441467,61003,1756,3926,1
441542,96369,1522,1666,1
441607,282307,972,1795,1
441635,19198,1616,4481,1
441714,48353,1498,3628,1
441754,287136,3522,3671,1
441804,163172,3339,4690,1
441886,31277,380,1296,1
442050,93623,1238,3431,1
442057,27192,2962,4176,1
442162,145797,961,1897,1
442335,271619,1906,3691,1
442398,219778,1036,1244,1
442747,169730,4157,4491,1
442755,153052,299,2916,1
442787,244098,374,2341,1
442835,169690,1587,2881,1
442924,120749,2510,3863,1
442961,121647,962,1740,1
443064,115054,807,2890,1
443114,292119,3447,4862,1
443124,171466,1948,2634,1
443193,117373,2686,4537,1
443209,142025,3937,4905,1
443247,210551,2177,2499,1
443308,253997,482,1815,1
443342,206325,933,2899,1
443655,287136,214,2862,1
443690,218644,2572,4188,1
443946,135208,1490,3609,1
444025,108608,2371,2393,1
444157,127576,2964,4752,1
444169,178869,1392,2356,1
444323,79157,974,3500,1
444369,105096,2796,3987,1
444376,79099,390,3110,1
444377,165563,1333,3097,1
444427,146715,1635,4537,1
444710,198125,4047,4757,1
444753,222777,303,766,1
445039,19949,2212,3588,1
445150,83964,1380,4267,1
445281,106963,1893,3744,1
445413,11475,761,4878,1
445449,71864,4076,6640,2
445499,178604,2264,2688,1
445506,259167,3423,4949,1
445555,289479,2233,2236,1
445579,158710,1860,2404,1
445642,149724,2480,3595,1
445667,170196,2949,3941,1
445673,244647,2636,2941,1
445748,54202,1707,4041,1
445831,74534,540,4081,1
445874,22842,1427,3641,1
446118,34497,464,2206,1
446320,94592,2308,3415,1
446382,151064,4566,4933,1
446400,279949,3752,4297,1
446737,294693,150,1581,1
446862,112484,4158,4343,1
446952,135535,484,2998,1
447012,4375,1547,3642,1
447044,265705,544,556,1
447140,106873,353,1719,1
447160,211826,1709,2721,1
447245,294974,417,461,1
447413,272932,792,2603,1
447633,157913,2524,2850,1
447645,299590,1018,1793,1
447771,273120,1502,2545,1
448069,256919,254,574,1
448143,44153,1772,2616,1
448324,205995,1464,2406,1
448400,14209,3268,4707,1
448442,157566,1102,2968,1
448475,185509,4098,4242,1
448623,215239,811,1515,1
448756,199999,357,3712,1
448982,280396,1785,2832,1
449123,224693,498,2052,1
449166,93064,1944,4146,1
449211,154075,2770,2978,1
449487,144405,3400,4719,1
449545,36827,278,2896,1
449589,284026,520,3231,1
449596,73579,3005,3153,1
450150,180342,495,5812,2
450274,127939,1576,2325,1
450343,263121,3666,4676,1
450428,37993,1193,4937,1
450438,77160,3504,3758,1
450464,115251,762,4565,1
450574,63381,2869,4071,1
450691,129581,974,4360,1
450742,164190,2107,3171,1
450759,28007,324,794,1
450907,135277,1282,4510,1
450999,168164,2696,4875,1
451115,38964,3856,4122,1
451244,154224,2340,4473,1
451275,100155,2836,3899,1
451279,209224,1728,2717,1
451408,15803,1361,2794,1
451437,18160,440,3983,1
451523,185808,2181,3980,1
451686,98027,400,813,1
451909,138916,2967,3885,1
451983,136889,2370,2540,1
452180,238866,3021,4323,1
452253,139648,828,2089,1
452265,228766,3636,3842,1
452358,163498,934,3176,1
452458,111330,534,4254,1
452513,13388,1114,4837,1
452662,120960,2680,4181,1
452865,280359,1616,4017,1
452893,34181,576,3633,1
453038,61152,477,3355,1
453076,224103,3406,4118,1
453256,232603,2212,4850,1
453289,162744,966,1110,1
453380,167107,646,975,1
453399,280812,4088,4890,2
453552,112842,3070,3666,1
453605,120565,725,1130,1
453884,174685,666,733,1
453951,90439,1341,4748,1
454017,166356,4597,4830,1
454019,59510,2929,4246,1
454031,125129,1277,4954,1
454125,118844,4515,4891,1
454171,468,1080,2667,1
454187,63618,1990,2821,1
454208,57715,1443,4121,1
454343,231000,1165,4482,1
454397,34579,772,3715,1
454424,17554,3162,3229,1
454645,221422,1404,4182,1
454725,119600,948,4496,1
454744,290787,483,1743,1
454792,281274,3540,4822,1
454820,85647,1338,4521,1
454849,113182,2447,3747,1
454906,154374,2121,4638,1
454921,53952,1509,4169,1
454927,193511,3633,4573,1
454933,269105,2240,4890,1
455012,79976,1393,4439,1
455146,97691,952,4682,1
455361,16376,1232,2266,1
455366,117587,748,3103,1
455382,227370,1823,3015,1
455560,187919,2160,4908,1
455608,153816,2048,3431,1
455673,196509,3816,4138,1
455776,182548,2162,3020,1
455836,241771,2246,3880,1
456041,296548,960,1702,1
456313,167144,2409,4496,1
456575,51558,1014,4053,1
456644,272521,2910,3307,1
456713,267460,1071,4953,1
456857,271564,3115,3667,1
456940,134708,190,4392,1
457152,255469,1720,3817,1
457400,252513,200,3459,1
457417,210564,3422,4613,1
457425,296921,2038,3902,1
457477,18512,418,3190,1
457489,135844,934,4891,1
457554,156134,839,3619,1
457561,250315,1386,2461,2
457570,69969,2410,4423,1
457640,241146,3948,4985,1
457641,149137,1214,2364,1
457729,294851,1298,4042,1
457805,77,794,2503,1
457918,258626,427,498,1
458014,93637,1230,4369,1
458208,217111,3189,3683,2
458332,258164,797,3157,1
458357,45706,1922,4293,1
458619,34669,2038,2056,1
458672,286832,2773,3224,1
458726,154982,507,730,1
458855,3867,2291,4695,1
458977,161332,4156,4490,1
459130,71611,466,3176,1
459150,42223,443,1592,1
459155,271651,2448,3663,1
459185,255250,379,1424,1
459228,66822,2043,4202,1
459244,217402,2056,3865,1
459285,6877,1544,2290,1
459287,284668,1079,2041,1
459439,271590,1682,3242,2
459568,218819,514,5103,2
459580,198773,1101,4937,1
459597,30350,1839,3001,1
459640,289805,4522,4647,1
459719,257712,226,4324,1
459762,173724,2716,4293,1
459784,90451,618,2381,1
459816,226913,196,3552,1
460053,107051,425,1355,1
460126,179271,1548,4482,1
460145,124981,2622,3565,1
460188,264865,1626,4920,1
460229,252871,2086,3238,1
460249,100793,1722,3907,1
460340,100474,2257,3345,1
460401,78426,2516,3744,1
460437,178843,708,1591,1
460694,27927,2653,3297,1
460991,199908,1272,2226,1
461273,288196,4158,4401,1
461318,46956,3510,4280,1
461321,287631,232,1642,1
461323,163338,311,840,1
461386,294389,2562,4654,1
461537,89347,2243,3331,1
461576,149554,3267,3912,1
461797,230822,1740,2109,1
461875,161183,474,2012,1
461916,183634,1489,4212,1
461918,154120,1817,3034,1
461936,124352,4277,4714,1
461999,210305,3876,4969,1
462151,35860,4110,4300,1
462171,146438,2348,2392,1
462177,73743,616,4441,1
462309,125005,1591,2037,1
462378,140232,1863,3979,1
462479,91564,2516,3651,1
462492,114747,898,2332,1
462563,141825,2988,3698,1
462578,30481,1796,3307,1
462763,198667,1629,2792,1
462939,289683,1108,1618,1
462986,267363,1256,2719,1
463007,124336,2192,4121,1
463053,260700,784,4164,1
463142,281868,320,3780,1
463276,34568,2712,3518,1
463440,100309,1097,3118,1
463446,140168,2887,4323,1
463553,247752,2984,4663,1
463714,282345,1764,4131,1
463757,296540,2097,6824,2
463977,235522,2899,2925,1
464070,81869,856,2377,1
464106,106489,2105,3442,1
464158,4570,1518,7497,2
464497,153826,300,753,1
464556,168253,1040,3190,1
464708,273061,2670,4961,1
464779,11579,1621,3848,1
464823,180212,1659,2296,1
464930,31528,2359,2688,1
465007,296129,3735,8800,2
465107,161832,171,4678,1
465109,180373,1332,3227,1
465136,1169,1332,2017,1
465184,217526,1008,1145,1
465318,255096,780,2257,1
465340,298976,350,601,1
465484,199440,1920,3738,1
465603,12209,693,3906,1
465609,2328,432,2973,1
465635,123049,2624,2782,1
465752,153280,2667,3109,2
465886,82103,918,3679,1
466044,137673,986,2552,1
466310,97920,1392,1536,1
466378,24825,2142,4845,1
466451,101277,3258,4177,1
466476,187670,622,1038,1
466509,137369,712,1054,1
466536,39295,4214,4275,1
466544,72968,1034,2234,1
466836,209128,672,4444,1
466916,59784,1648,3643,1
466941,99037,2700,2716,1
466974,84531,1773,3488,1
467177,115985,951,2879,1
467182,130261,3417,4809,1
467210,36715,250,2302,1
467337,291359,965,1316,1
467400,38810,1662,3336,1
467488,272758,1360,3839,1
467512,97462,663,1255,1
467624,37265,1845,3893,1
467695,35198,3560,4131,1
467756,40730,300,686,1
467787,125517,1856,3149,1
467792,169796,491,2638,1
467809,127498,234,540,1
467817,216782,3076,4079,1
468177,105221,1071,4557,1
468278,148717,611,4521,1
468304,53726,2535,4835,1
468423,1480,2499,3666,1
468446,262779,3657,4269,1
468488,38116,4389,4517,1
468512,29236,2676,4635,1
468526,214746,873,1725,1
468544,286715,1805,4752,1
468582,19303,4401,4624,1
468763,218413,1460,1623,1
468851,85307,2030,3130,1
468878,232956,3850,3891,1
468989,9620,2460,4278,1
469126,277677,462,2203,1
469160,72373,3340,4262,1
469400,151668,848,9921,3
469479,262226,301,3655,1
469538,207784,2148,3885,1
469569,35281,4298,4657,1
469635,192901,3378,3595,1
469645,87142,1656,4276,1
469790,299248,561,4846,1
469794,213652,538,2044,1
469977,225608,3792,4109,1
470034,171985,342,1382,1
470392,273839,3667,4045,1
470414,50391,668,2834,1
470656,95172,3726,4315,2
470860,269888,2513,2537,1
470890,222429,3468,4279,1
471030,166033,3446,3987,1
471052,136381,2604,8276,2
471077,299813,591,2259,1
471102,256403,1044,1982,1
471348,249348,1684,4521,1
471492,278128,1950,4084,1
471520,233727,694,1550,1
471613,191148,1638,4020,1
471692,85652,666,2087,1
471846,206123,3456,4075,1
471900,126641,1860,1864,1
471967,34316,1869,4542,1
472025,289253,464,978,1
472057,142848,939,976,1
472079,110866,3110,4572,1
472146,263876,2237,4430,1
472154,32693,1631,3036,1
472246,126099,2712,3991,1
472275,222165,294,1335,1
472306,204919,2540,4865,1
472506,59075,140,4506,1
472627,257972,2124,2481,1
472628,82267,1359,2600,1
472682,289832,845,1023,1
472887,225519,3428,4640,1
472905,103148,1752,2510,1
472973,211238,1469,4067,1
472992,136824,3284,3854,1
473160,239950,992,4939,1
473396,280051,495,1558,1
473402,38711,1578,3543,1
473416,121230,564,756,1
473700,284779,1750,2269,1
473738,138050,2393,3970,1
473865,128792,2804,8550,2
473872,239013,3062,3271,1
473980,243914,1233,2328,1
473985,280755,1149,3425,1
474008,43452,1651,4506,1
474211,208662,1563,2311,1
474216,187070,2206,2413,1
474253,71034,902,3115,1
474356,180614,3778,5149,2
474428,32309,214,4996,1
474551,297582,1478,2625,1
474562,212764,2490,3950,1
474796,210920,3201,3471,1
474820,182580,2300,2894,1
474825,179635,504,4646,1
474844,232332,2490,4174,1
474972,295248,146,3277,1
474977,6849,1220,2381,1
475040,133225,1523,4090,1
475074,291928,1560,4253,1
475150,273354,1015,4649,1
475168,20631,489,3450,1
475207,212815,594,1011,1
475233,74595,1934,2693,1
475298,122831,3064,4296,1
475340,159023,1794,4583,1
475346,239521,189,3046,1
475481,119497,2925,4849,1
475520,293849,2458,4614,1
475530,196229,702,2565,1
475723,266983,798,1877,1
475821,100046,2686,3495,1
475934,93615,551,1277,1
476076,185972,4430,4797,1
476119,10321,2397,2673,1
476306,212773,4042,4133,1
476312,119672,2646,3289,1
476366,46911,2080,3433,1
476574,15487,1006,4178,1
476596,11722,393,4448,1
476677,158102,736,4416,1
476753,714,2860,4471,1
476837,63896,339,2464,1
476936,2280,1932,4337,1
476976,20419,2612,6375,2
477079,151347,1273,3505,1
477089,80109,1902,2030,1
477108,247897,1730,3082,1
477120,88325,1021,2357,1
477177,34085,3140,4675,1
477197,182823,1032,4866,1
477202,36277,980,3053,1
477358,110035,548,1512,1
477403,260381,327,729,1
477579,214370,1724,1843,1
477700,291535,2427,3812,1
478036,225596,2721,2917,1
478191,237509,924,2625,1
478469,103216,357,4523,1
478696,157450,893,3393,1
478862,19447,820,3639,1
479018,118077,2264,3071,1
479047,184160,3544,4214,1
479272,130608,2776,4322,1
479304,64629,1584,3810,1
479336,260617,1248,2017,1
479372,63967,2284,2978,1
479526,86251,1797,2977,1
479532,131090,1284,3342,1
479577,53238,5912,8241,2
479594,237041,2992,3413,1
479686,276284,225,1289,1
479717,150896,2867,2965,1
479756,180234,1998,2178,1
479809,21181,4232,4817,1
479810,43716,1890,4016,1
479814,283432,652,1224,1
479908,18891,334,842,1
480112,254761,700,4200,1
480306,122846,2214,4298,1
480316,131717,1858,4059,1
480333,154736,1388,4567,1
480356,176088,3068,4822,1
480424,211907,2201,3068,1
480467,65036,1785,2629,1
480810,68551,2357,4015,1
480975,96403,363,2543,1
481005,267419,3381,4108,1
481034,150392,1883,2022,1
481051,129758,5748,7238,2
481203,141788,1749,3968,1
481378,81737,1449,2828,1
481417,202330,1921,2825,1
481437,195558,264,4636,1
481458,298787,252,4771,1
481586,71123,2826,4750,1
481808,49531,3226,4670,1
481826,158713,885,2127,1
481924,261536,4211,4324,1
481926,116336,891,907,1
482035,1074,558,1441,1
482157,143592,1002,1616,1
482166,220206,3908,4016,1
482355,293162,183,3702,1
482399,189324,2847,4983,1
482510,178658,680,4852,1
482520,618,2176,4323,1
482753,80039,3108,4495,1
482782,119581,4712,4763,1
482821,1259,2144,2706,1
482971,14706,3530,4611,1
483052,6721,1100,2189,1
483144,36224,4005,4011,1
483192,58429,1852,2590,1
483235,240771,2952,3851,1
483252,253606,1953,4675,1
483351,191681,4083,4885,1
483480,213040,668,3083,1
483572,288842,3071,4379,1
483607,51551,170,3796,1
483610,214548,206,1530,1
483655,264753,486,1432,1
483683,180587,3275,3580,1
483759,3428,1733,2595,1
483921,35200,1199,2475,1
484024,86824,253,6699,2
484209,125948,2922,4374,1
484220,60996,239,3964,1
484317,250769,2301,3094,1
484318,200200,2200,3587,1
484352,235360,2434,4046,1
484402,107453,2740,3381,1
484469,78647,597,4082,1
484529,262992,3282,3697,1
484747,57803,1708,2187,1
484838,205421,262,3171,1
484857,260513,2160,3784,1
484859,159396,2686,3161,1
484868,230554,2514,4511,1
485116,233653,2868,3303,1
485497,229891,1968,3956,1
485544,100430,1582,4253,1
485593,47339,118,1383,1
485651,290458,569,1596,1
485720,258286,338,3952,1
485751,48627,2685,4368,1
485768,1817,752,794,1
485789,188718,1797,4512,1
485814,138610,800,2512,1
486009,41457,2622,4918,1
486042,52914,4458,4819,1
486163,73784,2587,3057,1
486277,59131,2684,3125,1
486310,253934,4144,4628,1
486481,124449,2325,3413,2
486482,103942,4366,4612,1
486501,140486,1398,2952,1
486607,244021,812,4279,1
486740,98428,396,3903,1
486750,253536,2439,3102,2
486763,90865,1590,1816,1
486889,63349,650,1069,1
487146,131428,814,3254,1
487307,63217,2858,3480,1
487620,190352,3971,4464,1
487846,229316,1016,3588,1
487854,263153,1712,4379,1
488055,246334,548,3218,1
488078,282047,2268,2900,1
488097,239468,1632,2467,1
488236,64727,1300,1334,1
488365,159688,660,1076,1
488439,27461,1503,2183,1
488540,82737,2045,2927,1
488560,159360,2000,3523,1
488628,127940,2124,4369,1
488732,31724,501,4606,1
488745,96109,1618,2800,1
488769,32309,4548,4562,2
488814,275843,884,2076,1
488933,128699,1281,2996,1
488968,76419,738,3282,1
489065,160892,3114,4175,1
489220,107612,1877,2276,1
489230,11189,848,2650,1
489240,206038,1946,3859,1
489262,5001,1290,3302,1
489364,52792,710,4740,1
489395,132283,2682,5020,2
489425,87456,855,3406,1
489500,68032,1399,2743,1
489683,13231,2199,4036,1
489687,222162,798,4385,1
489781,78856,436,1811,1
489854,185630,616,1923,1
489884,100995,2360,2712,1
489934,78974,3990,4312,1
489992,16789,1488,3998,1
489993,114598,1863,4228,1
490022,179077,995,4109,1
490057,89463,744,4254,1
490065,220247,2419,3658,1
490124,254261,1440,3820,1
490362,73115,2688,9664,2
490385,108733,1298,4017,1
490460,211892,2998,4133,1
490612,33938,1064,2651,1
490789,307,1026,3725,1
490811,106072,4181,4639,1
490911,193105,4611,8520,2
491054,259492,4104,4266,1
491109,199976,2613,3237,1
491160,267247,2178,4530,1
491172,232932,576,2121,1
491270,3906,1164,2104,1
491333,100445,1028,4704,1
491473,209081,672,4061,1
491584,203343,1228,3999,1
491699,97872,640,2446,1
491777,175196,930,1213,1
491864,298766,748,3108,2
491884,66217,2013,7190,2
492075,54055,4501,4913,1
492189,3296,2000,2506,1
492215,12055,880,4683,1
492343,151892,572,4631,1
492454,298563,480,3460,1
492518,51313,884,2750,1
492593,51238,1641,2909,1
492597,251755,2086,3125,1
492645,12163,1286,3921,1
492710,87189,1807,2449,1
492798,144999,1548,2685,1
492807,215053,1052,1306,1
492867,16884,465,4074,1
493001,266056,432,3490,1
493220,12706,1072,4794,1
493299,37106,644,3586,1
493448,61079,3410,3412,1
493503,115092,1391,3726,1
493577,142554,964,2240,1
493579,2339,2574,5501,2
493723,131971,1462,3978,1
493730,80544,4004,4486,1
493802,296551,3473,3683,1
493817,242482,1050,2574,1
493907,33722,458,1214,1
493914,118557,777,1537,1
493948,271158,1500,2412,1
493972,290520,339,827,1
494134,244413,445,3686,1
494135,4340,2820,3922,1
494184,249969,382,4979,1
494321,167500,3338,3349,1
494417,4942,1398,1817,1
494425,274348,1834,1887,1
494486,4860,3185,4891,1
494545,88557,2595,3435,1
494635,169985,962,2041,1
494674,110410,2083,3087,1
494763,144796,2601,3885,1
494891,52785,2980,4690,1
494911,296820,672,3789,1
494951,95162,330,4263,1
495101,64439,3970,4285,1
495232,28724,260,340,1
495304,183306,478,3722,1
495323,246490,2696,4810,1
495332,248484,2000,3966,1
495345,133617,2256,4440,1
495348,169497,949,3346,2
495514,268554,2683,3818,1
495588,290148,1750,2530,1
495620,270197,270,744,1
495709,285521,3042,3411,1
495728,58013,1830,2768,1
495762,126418,2120,3673,1
495782,55660,1155,1932,1
495909,50331,1030,3390,1
496233,112259,285,1147,1
496281,23107,3396,3992,1
496339,101597,4216,4784,2
496396,125242,4040,4071,1
496854,9530,1102,2298,1
496884,105601,1548,4866,1
496901,288642,2136,4968,1
496984,22924,2778,2806,1
497037,283075,2325,4532,1
497183,225865,2062,2308,1
497252,194479,1469,1830,1
497406,145939,766,4469,1
497434,156343,2884,3717,1
497745,78689,3380,4526,1
497746,296258,955,3871,1
497896,263624,2508,4723,1
497929,62364,2363,4343,1
498005,195693,3720,4649,1
498083,187361,390,2587,1
498105,15289,3831,4666,1
498156,214721,2690,3418,1
498216,90148,3230,4316,1
498247,256170,486,873,1
498349,186211,3424,4468,2
498411,236116,2418,4995,1
498760,121355,2790,4845,1
498803,159806,2715,4710,1
498864,19073,101,597,1
499001,105337,2552,2779,1
499043,10585,2648,2718,1
499259,33075,1749,2745,1
499372,31342,3752,4523,1
499382,75072,2286,8832,2
499388,251926,1171,1315,1
499442,11587,1247,2722,1
499477,21930,4554,4559,1
499487,67700,3060,4304,1
499540,108894,2027,4904,1
499595,108224,2850,4016,1
499633,283325,1004,2485,1
499658,230197,3727,4425,1
499705,207585,371,729,1
499707,107918,1128,4563,1
499732,43399,426,2092,1
499767,82814,456,1093,1
499819,161374,1056,2104,1
499878,269421,2824,4576,1
499920,224270,2478,3262,1
499929,281926,493,5479,3
500180,125464,2616,4283,1
500318,76827,1671,4995,1
500329,278605,4188,4574,1
500385,39887,2690,4177,1
500398,247583,620,689,1
500412,30957,924,1169,1
500427,165872,604,4815,1
500672,242126,2726,4038,1
500694,153444,1371,3112,1
500732,155157,952,4533,1
500931,191238,3514,3928,1
500991,41398,334,4202,1
501161,54289,957,2337,1
501167,146796,696,1686,1
501184,88817,2306,4013,1
501296,90500,1410,2564,1
501445,122300,2538,3855,1
501485,229050,1542,3837,1
501521,72613,921,4945,1
501596,27426,1338,3939,1
501638,71030,1128,1235,1
501726,266437,425,3186,1
501727,18572,660,1692,1
501798,207613,3645,4647,1
501834,46750,2335,3505,1
501877,243688,2217,4666,1
502008,275308,2375,3681,1
502098,177524,453,717,1
502163,267335,1616,1705,1
502230,17102,2095,2537,1
502379,217382,1892,1922,1
502485,182787,1543,4991,1
502573,281431,3825,4385,1
502832,156234,1102,3989,1
502973,282430,204,1950,1
502995,256859,3024,3222,1
503225,95863,207,3347,1
503249,54336,2182,2449,1
503314,194821,3092,4256,1
503410,198963,2892,4136,1
503414,97060,3389,4833,1
503521,77127,1707,4343,2
503616,57211,1228,3865,1
503651,52804,714,4590,1
503676,265004,1169,3766,1
503713,67227,3696,4283,1
503737,238813,1802,4039,1
503835,145525,2250,2526,1
503856,70450,3030,4381,1
504060,51637,2352,2946,1
504242,159907,1494,2993,1
504284,68989,3372,4394,1
504401,172939,584,3238,1
504600,205198,764,3482,1
504602,196870,1410,2736,1
504624,245580,495,3168,1
504659,155875,944,2464,1
504794,154080,2649,3779,1
504859,244942,2370,2441,1
504901,124382,685,3228,1
505132,132745,2320,4582,1
505195,193688,980,2081,1
505211,106789,777,4809,1
505278,266792,1467,2978,1
505385,111053,1412,3037,1
505393,12948,642,5765,2
505502,28069,1576,3953,1
505578,63580,758,1036,1
505614,8469,280,2461,1
505659,224240,538,2843,2
505686,128637,4230,4790,1
505690,116942,1122,1680,1
505936,255821,520,2534,1
506034,14237,2703,4944,1
506056,127303,728,1885,2
506360,233589,1402,1518,1
506400,229032,1546,4132,1
506523,211909,2730,3347,1
506557,280813,1822,3732,1
506559,30391,1047,2369,1
506573,16560,4354,4785,1
506722,6594,668,3896,1
506939,291604,236,3271,1
506991,176328,4134,4571,1
507063,184673,636,735,1
507103,285099,3052,3675,1
507247,238953,3244,3636,1
507273,120097,831,1688,1
507331,84423,2906,4165,1
507366,244498,2817,3814,1
507692,96506,1282,4937,1
507745,225122,1872,3408,1
507833,243548,452,2251,1
507952,192160,272,2697,1
508105,209380,226,4089,1
508193,262046,3312,4553,1
508256,49485,1932,3962,1
508613,156736,2427,4957,2
508645,271498,2139,2698,1
508676,213464,382,447,1
508704,145831,3272,3519,1
508711,263228,2624,2991,1
508747,58913,1030,1464,1
508752,198387,3608,4596,1
508889,265967,4203,4776,1
509073,193647,1930,2844,1
509121,201365,488,4255,1
509175,188461,1269,4454,1
509217,182956,1060,2000,1
509249,226595,2955,3759,1
509413,57241,722,3397,1
509469,176670,2334,2662,1
509507,249534,996,1211,1
509655,192218,3853,4297,1
509970,125191,2062,4465,1
510029,186783,3524,4001,2
510048,209282,1497,1585,1
510445,220022,3239,4911,1
510482,56489,4509,4797,1
510529,175652,3644,4942,1
510593,18003,499,1147,1
510596,237115,173,297,1
510733,14468,726,2492,2
510758,268887,3519,4049,1
510760,37755,1518,4077,1
510792,205546,3363,4442,1
510804,256180,2679,3609,1
511067,80278,531,2230,1
511090,98284,1158,4880,1
511171,65397,2368,3523,1
511199,184666,1345,2573,1
511252,259452,2524,3271,1
511361,105343,2491,4707,1
511504,90783,1814,2903,1
511535,104296,831,2128,1
511576,123104,183,2120,1
511786,16506,2925,3568,1
511866,72927,1858,5307,2
511872,59098,3128,4041,1
511912,205,3750,4337,1
512030,210761,412,702,1
512049,36148,4167,4329,1
512232,210418,1422,3085,1
512247,68256,2246,3881,1
512255,49563,6872,9305,2
512259,174267,1456,4651,1
512435,139743,854,4651,1
512444,133369,1932,2408,1
512586,280172,2917,3086,1
512656,51350,2280,4799,1
512808,67469,3647,4910,1
512961,181466,1252,3900,1
512969,234254,4875,6429,2
513023,160670,464,1717,1
513072,131837,1044,3028,1
513151,271119,3717,4312,1
513267,273953,4186,4473,1
513329,202084,1833,3241,1
513502,286331,605,1973,1
513744,201862,707,4396,1
513880,62267,1131,1542,1
513999,201310,1564,2376,1
514160,187724,1548,2380,1
514202,140245,4158,4753,1
514217,65113,747,1395,1
514375,190557,1631,2052,1
514428,184701,624,1153,1
514432,283330,1605,2683,1
514449,37608,2414,4022,1
514452,79975,2118,2189,1
514468,120559,2264,2517,1
514648,140517,7443,7832,2
514727,275551,976,4131,1
514890,202640,744,3251,1
514933,271233,513,4262,1
514963,66281,1079,3348,1
515013,258801,3654,3798,1
515109,150288,1748,2402,1
515148,252070,244,1965,1
515277,6743,3032,3496,1
515354,171845,3946,4179,1
515399,122960,1636,4090,1
515442,236044,902,9168,2
515470,1680,1284,1549,1
515478,288311,3164,4059,1
515500,109430,2995,3778,1
515559,295589,1110,3682,1
515650,272049,1209,1641,1
515708,220058,1305,2518,1
515748,18660,2014,4160,1
515799,108819,1160,4156,1
515854,51612,1149,1910,1
515922,152867,1386,2411,1
516053,160627,2716,4678,1
516195,98679,990,1319,1
516263,201509,3656,4777,1
516306,99064,1590,2191,1
516356,228277,4035,4402,1
516479,249331,1101,1234,1
516492,256800,304,1469,1
516593,298026,1623,4601,1
516598,82125,1662,3402,1
516712,97116,3504,3847,1
516727,269378,2766,3505,1
516945,219041,1880,2996,1
516975,177141,641,968,1
516978,269108,1395,3741,1
516994,232358,2428,4752,1
517015,193731,577,4100,1
517020,67748,806,2164,1
517032,68356,3206,6735,2
517099,175652,2804,3825,1
517205,244985,3910,4173,1
517262,222400,1598,2380,1
517282,15364,1182,3786,1
517285,186476,994,4758,1
517305,111023,2359,4992,1
517345,289623,1963,2558,1
517363,70575,2504,4352,1
517459,126238,2646,3257,1
517462,246707,3942,4960,1
517574,26690,2322,2960,1
517617,26361,4472,4913,1
517628,218051,474,2561,1
517649,54442,704,4841,1
517768,244352,123,2616,1
517778,257550,3108,3966,1
517832,125724,825,2953,1
518349,58319,2717,2852,1
518370,217442,2254,3050,1
518426,201150,1252,4515,1
518467,165615,792,2832,2
518579,238866,2545,4455,1
518692,36151,2510,4831,1
518697,113106,2338,3681,1
518708,91982,3534,4290,1
518791,299182,1222,1793,1
518795,146385,1365,2483,1
518851,66686,1982,2654,1
518906,171783,1543,2250,1
519038,64401,867,2220,1
519183,86220,3176,3973,1
519190,229818,2484,3155,1
519350,38732,2162,2338,1
519406,236679,5624,7770,2
519412,157231,832,4446,1
519417,255627,3588,4493,1
519478,264787,1409,3029,1
519495,58815,1140,1767,1
519547,165137,466,857,1
519605,34011,1734,2738,1
519636,159271,1276,2033,1
519772,29556,596,4036,1
519781,26349,3836,4959,1
519787,190924,1125,4443,1
519863,19801,765,2981,1
520077,95135,4156,4342,1
520145,147200,2920,3886,1
520260,146712,1822,2168,1
520432,198477,2035,2398,1
520627,177488,404,783,1
520665,223015,2453,6711,2
520674,92756,520,3128,1
520737,228028,3458,3683,1
520759,263867,684,8091,2
520859,84629,2192,3315,1
520887,279320,1020,1380,1
520890,132710,1496,3819,1
520893,87782,507,3711,1
520944,190450,1249,3551,1
520956,51422,865,4787,1
520980,142607,747,1195,1
521014,102041,2043,3933,2
521038,290583,1268,2483,1
521215,138587,861,3563,1
521225,184699,4451,4688,1
521251,265194,3468,3930,1
521312,105526,936,4318,1
521767,81532,1840,4532,1
521845,23103,572,3092,1
521931,13569,239,3768,1
522029,77080,2703,7707,2
522078,22405,628,3832,1
522166,82439,1225,4566,1
522264,84602,1889,4099,1
522286,171101,1995,4292,1
522297,19238,1536,2390,1
522305,291696,1445,4780,2
522631,270733,929,4637,1
522732,112862,2878,3387,1
523015,227992,2922,3154,1
523119,100627,830,2454,1
523214,2635,3980,4497,1
523287,118877,2735,3245,1
523308,211763,504,1323,1
523576,211003,558,3555,1
523624,191950,194,2334,1
523903,34492,1512,3407,1
523993,189694,3100,3598,1
524012,17888,1903,2189,1
524040,230950,2473,4915,1
524055,74575,620,4226,1
524061,67172,3162,4839,1
524074,139448,4593,5736,2
524310,237361,320,1759,2
524450,222980,1148,1446,1
524473,27096,230,3407,1
524477,120384,928,2111,1
524490,191186,965,3668,1
524524,231200,3253,4185,1
524526,143477,2409,4371,1
524610,279992,1631,4088,1
524644,227605,1272,3108,1
524661,37045,694,3939,1
524698,192940,1117,2591,1
524765,125131,1104,3951,1
524815,134426,463,2186,1
524840,9912,1671,3671,1
524974,51965,3200,4884,1
524985,246041,2964,3778,1
525080,237284,3082,3198,1
525422,100120,1512,3856,1
525771,34446,232,2079,1
525794,174123,2924,3897,1
525836,134951,574,2811,1
525860,211108,814,3560,1
525869,16126,1094,2832,1
525899,201190,3036,4764,2
525974,189910,870,1483,1
526069,194439,3798,4724,1
526077,239629,2292,4223,1
526118,204930,3262,4290,1
526192,54300,3564,4354,1
526309,101546,2260,3713,1
526363,29303,1500,4573,1
526418,63498,4206,4303,1
526469,196792,276,2143,1
526526,30371,2906,3046,1
526529,156404,3466,4544,1
526565,235062,1914,2350,1
526700,196982,3306,4784,1
526711,170056,2587,4755,1
526821,263010,1548,4954,1
526872,205017,4059,4485,1
526958,26268,1576,3793,1
526963,204877,1805,4467,1
527014,116651,1601,4255,1
527048,82100,1513,4843,1
527145,258244,1569,2816,1
527157,79214,2675,4161,1
527193,93919,692,2047,1
527253,295474,1268,1574,1
527338,51872,3534,4255,2
527596,65838,375,4383,1
527669,205337,155,2193,1
527731,108423,205,5217,2
527743,179539,453,1254,1
527884,125528,177,4401,1
527939,61886,2128,2789,1
528014,295151,2816,3115,1
528158,91665,1517,4139,1
528232,244182,2136,2840,1
528248,32565,1422,4686,1
528295,52271,2598,4810,1
528916,23130,813,4939,1
528949,246000,324,3312,1
528992,186965,631,3069,1
529080,50171,1350,3625,1
529359,282097,3638,4132,1
529441,51569,1970,2916,1
529482,239656,2382,4820,1
529774,238419,1992,3808,1
529810,96465,2320,3541,1
529933,91657,1622,4181,1
529958,3334,3642,3727,1
530023,128922,164,1901,1
530263,45062,2140,7347,2
530278,266581,1502,2682,1
530450,278651,3227,3629,1
530488,137936,2004,3220,1
530590,219604,969,4163,1
530814,132173,783,1393,1
530874,143765,548,3925,1
530974,227567,2052,3759,1
530980,99425,940,4101,1
531049,129780,1912,3167,1
531223,33969,872,3193,1
531418,83953,3192,4580,1
531424,28862,1512,3455,1
531497,238395,1655,2150,1
531538,285402,895,1969,1
531589,103806,2364,2887,1
531663,194195,4275,4560,1
531667,23641,3392,4894,1
531679,7182,3840,9777,2
531805,281417,3088,3681,1
531806,178568,798,1949,1
532034,199022,1040,1345,1
532221,288822,925,4167,1
532288,105221,612,3694,1
532339,3304,2612,4419,1
532433,145394,4312,4795,1
532514,217402,2338,6946,2
532550,246237,744,2983,1
532611,82603,2578,4788,1
532633,189531,1112,3488,1
532696,278060,306,1269,1
532736,135005,1974,2974,1
532779,251344,2061,4318,1
532956,292851,565,4011,1
533008,101587,2884,6173,2
533025,113428,658,3016,1
533333,246319,1097,4624,1
533478,135017,900,3606,1
533598,4144,3176,4225,1
533637,284345,2930,3509,1
533648,255607,1554,1586,1
533650,90859,2292,2877,1
533957,197775,834,4118,1
534044,23763,2134,3934,1
534245,166185,2646,3153,1
534278,2472,1046,4810,1
534304,128784,1643,6456,2
534585,243472,1926,3371,1
534602,182076,2469,2531,1
534749,289559,1717,2032,1
534781,280996,4704,4753,1
534815,276103,1012,3681,1
534845,28966,1416,4467,1
535088,54393,4875,5274,2
535141,212564,1056,4414,1
535260,10065,2080,4236,1
535293,200076,1221,3848,1
535338,102292,4408,4894,1
535377,64605,1600,4998,1
535576,72037,2202,4725,1
535601,1047,2394,3448,1
535660,65346,298,2984,1
535681,133850,694,4461,1
535695,24050,3384,4872,1
535698,249610,1378,4905,1
535753,77931,506,1919,1
535756,251617,1884,3068,1
535845,166302,1956,3943,1
535865,237275,3004,4935,1
535937,123010,276,1002,1
536020,160991,1552,1785,1
536189,18431,823,4612,1
536200,222398,2094,3013,1
536344,136139,4328,4622,1
536381,11213,501,3167,1
536395,128863,4854,5430,2
536477,52415,2200,2414,1
536490,88758,2523,3998,1
536604,172111,516,3944,1
536618,239819,1902,2648,1
536653,72448,3364,3686,1
536870,54654,576,3309,1
536881,106816,1724,2205,1
537197,45037,1129,4366,1
537206,242048,2768,2984,1
537356,76891,2283,2558,1
537368,264366,3504,4469,1
537475,142793,2276,3335,1
537489,33218,571,4909,1
537654,193299,4095,6147,2
537746,127358,332,3420,1
537851,251006,885,1500,1
537853,115529,2392,4007,1
537885,137922,2000,4516,1
537892,256081,344,607,1
538022,194266,1542,4851,1
538025,95134,1207,2236,1
538034,242052,2374,2584,1
538056,239140,365,3102,1
538067,156539,1789,2235,1
538093,247472,2762,4628,1
538115,131552,1836,3747,1
538190,125432,4330,4912,1
538325,239350,2040,2871,1
538335,141765,1265,3145,1
538397,181663,3015,4336,1
538535,197394,3544,3759,1
538869,76529,2571,3372,1
538905,250706,2618,4848,1
539016,89621,2406,3192,1
539063,111607,1147,2231,1
539186,159176,1126,4034,1
539245,112237,483,757,1
539350,181926,1347,4565,1
539435,103504,1888,3441,2
539583,114608,1456,1954,1
539880,12236,208,2714,1
540008,84161,321,1219,1
540098,142216,3051,3350,1
540123,11920,3350,3465,1
540204,48467,2463,3611,1
540452,200592,2084,4111,1
540498,250282,1990,2726,1
540524,61738,1244,4576,1
540543,70986,853,2284,1
540797,266022,801,2966,1
541020,218429,3077,3456,1
541303,264333,2154,2524,1
541309,164767,1948,2124,1
541386,238415,4514,4675,1
541508,18331,1492,1621,1
541584,282645,4058,4090,1
541764,29628,1112,3075,1
541846,69859,1362,1759,1
541864,287021,2981,4802,1
541871,277984,1008,3253,1
542043,222153,442,3121,1
542093,57524,734,2068,1
542292,128623,3248,3964,1
542490,182594,1431,2733,1
542522,82974,2316,4444,1
542734,271232,2754,4284,1
542746,241380,2772,4813,1
542768,193407,982,4005,1
542797,169146,666,1789,1
542850,94180,2880,3896,1
542947,299118,1541,4460,1
542960,172173,748,2940,1
543007,37268,4366,4885,1
543022,7411,3658,4914,1
543148,56222,738,1992,1
543157,95585,589,2444,1
543284,42091,846,4470,1
543509,57247,885,4248,1
543534,7191,1232,1844,1
543548,160465,1476,4202,1
543679,277935,444,4565,1
543843,124050,2747,4320,1
543860,286349,1560,3914,1
543922,94987,2001,2263,1
543931,267760,1275,4286,1
544000,189432,1824,4200,1
544023,169000,704,2583,1
544033,128374,1566,3639,1
544186,70610,181,4145,1
544300,171056,3878,4028,1
544316,189736,1562,4076,1
544353,258237,3870,4788,1
544566,53033,1065,5667,2
544739,21434,1035,1908,1
544762,185852,7617,8598,2
544810,92799,492,3357,1
544835,108840,3483,4466,1
544898,181630,2067,3395,1
544979,252848,3157,4516,1
545106,288887,2483,4149,1
545168,196475,766,4837,1
545175,274700,2615,4369,1
545183,153612,1170,4744,1
545211,185650,3276,4871,1
545364,22210,747,3078,1
545381,58952,1275,3943,1
545455,20800,434,2485,1
545715,15933,1352,2677,1
545751,4797,1431,4243,1
545809,109900,1808,3457,1
545853,186149,3258,4267,1
545891,194241,800,1714,1
545975,232621,2849,4124,1
546003,272417,666,4796,1
546138,52075,4183,4419,1
546320,29039,3278,4834,1
546491,131933,2467,4735,1
546655,176852,3008,4721,1
546695,126539,232,3669,1
546744,240954,692,1327,1
547156,164314,961,1844,1
547159,234880,1058,2994,1
547212,272354,1242,2641,1
547750,271927,2797,4445,1
547787,30357,4296,4526,1
547803,41264,536,3133,1
547853,93599,1759,1886,1
547961,225733,3392,5081,2
548482,128099,412,1506,1
548586,35922,1041,1439,1
548654,26891,3796,4717,1
548672,42976,3012,3601,1
548725,126136,408,1723,1
548743,36216,2172,3162,1
548824,150407,1845,4874,1
548838,84712,3000,4932,2
548840,174220,2562,4435,1
548899,110476,1802,2932,1
549190,183493,4527,4991,2
549418,127451,215,3691,1
549507,81836,628,2160,1
549935,240285,297,3493,1
550053,215136,947,2936,1
550056,193976,448,2622,1
550069,201662,1176,3773,1
550079,181551,494,3146,1
550372,65756,381,2658,2
550450,133573,2834,3242,1
550536,102121,368,4164,1
550540,93876,1280,2978,1
550577,232086,2001,4800,1
550609,134887,2780,4357,1
550617,173628,1390,3880,1
550642,260139,876,2276,1
550761,237578,4156,4187,1
550772,155901,1197,2285,1
551013,96112,1720,1766,1
551131,199547,2010,4048,1
551163,220923,170,2282,1
551201,184396,621,1519,1
551248,85597,3796,3877,1
551261,212351,815,4377,1
551264,135814,3991,4681,1
551265,263330,4620,4738,1
551303,247789,1222,1609,1
551401,248280,740,4328,1
551452,145295,805,2015,1
551489,107006,3552,4906,1
551520,94505,841,3653,1
551553,209830,224,1005,1
551554,25411,3696,3974,1
551597,90144,1174,4909,1
551628,54805,657,751,1
551718,22524,4254,4404,1
551756,108770,2638,2858,1
551829,76807,448,878,1
551841,40356,674,3427,1
552008,202619,1370,4876,1
552197,151945,1230,2359,1
552370,162380,868,4627,1
552385,97599,1180,1767,1
552480,216115,3292,4086,1
552528,67459,1935,3283,1
552667,235948,3373,4439,1
552696,133667,3798,4672,1
552914,228111,1095,1642,1
552939,245544,1109,4259,1
553151,93290,2673,3513,1
553209,218168,2404,4735,1
553327,244624,3482,4407,1
553441,259029,3048,3888,1
553459,87637,1396,1489,1
553507,7623,2583,3101,1
553623,205806,1070,1838,1
553644,202589,2496,6807,3
553705,288496,3845,4116,1
553775,91352,1285,1567,1
553780,163149,2434,2595,1
553922,145517,850,3455,1
553968,59308,242,2419,1
553990,203741,2333,3690,1
554167,206578,1624,2088,1
554486,24441,1710,4540,1
554548,124198,747,3968,1
554809,207221,629,1552,1
555023,93526,936,3435,1
555061,34826,1288,3536,1
555114,175820,374,1136,1
555281,122065,2233,2316,1
555287,289609,894,1629,1
555325,2466,315,1712,1
555365,142474,2684,2967,1
555533,11001,2052,3306,1
555636,31971,4251,4765,1
555725,160850,3950,4968,1
555797,4389,1076,1444,1
555831,127713,2102,4448,1
556005,183026,1248,4247,1
556134,226484,2466,3739,1
556254,218413,1064,3048,1
556329,181284,1744,1859,1
556528,268343,1436,2212,1
556537,282250,365,4802,1
556564,17017,175,2116,1
556615,159215,1707,4133,1
556676,149320,1224,2730,1
556703,298514,1060,4288,1
556704,96102,2144,2830,1
556792,83830,161,4111,1
556819,5737,1704,1846,1
556947,3502,1908,3393,1
557032,63053,3186,3614,1
557064,191269,2793,4594,1
557065,34598,783,3028,1
557120,218944,2324,3070,1
557121,47625,1070,3108,1
557124,262374,760,1652,1
557216,276150,197,3222,1
557273,19856,226,3410,1
557274,149986,695,2796,1
557304,267458,1420,4584,1
557329,38518,1621,4736,2
557462,117209,541,2711,1
557638,122947,3408,4192,1
557648,63538,1175,2424,1
557735,11795,775,1714,1
557799,132762,3607,4871,1
557896,246215,1563,1567,1
557976,168753,2793,4991,1
558050,86908,1530,2103,1
558107,285997,564,3633,1
558206,5647,1368,1466,1
558334,52495,386,4151,1
558362,224664,3746,3993,1
558418,256194,1936,2807,1
558476,142061,1848,4260,1
558480,5726,1970,4286,1
558516,240144,175,757,1
558555,43471,397,1019,1
558596,81516,1623,2419,1
558648,268115,2408,3407,1
558715,21371,213,4527,1
558841,256018,1044,2899,1
558855,274873,938,1841,1
558906,90590,3222,3567,1
558930,285243,920,4085,1
558956,288501,366,2790,1
558992,17281,389,3136,1
558997,5694,1560,4678,1
559039,237809,846,3678,1
559055,278928,738,4022,1
559086,66380,1059,2827,1
559229,92654,3916,4120,1
559264,111440,4128,4678,1
559268,75258,1560,2115,1
559458,173575,1388,4724,1
559502,157676,1735,2123,1
559631,243396,567,3578,1
559658,209722,4828,4965,1
559691,144788,752,3685,1
559727,228900,1407,2686,1
559729,153476,4228,4956,1
559803,159787,2880,4820,1
559843,246132,992,1500,1
560098,200712,2550,3723,1
560114,176968,3094,3444,1
560134,50937,2195,3319,1
560197,25291,302,990,1
560216,193008,180,4101,1
560255,87005,2088,5568,2
560329,61598,1424,4312,1
560387,211003,2153,4581,1
560400,62872,3804,4375,1
560452,46471,3264,4696,1
560454,231981,1393,1813,1
560459,153132,716,722,1
560678,28899,1774,4585,1
560683,132274,3554,4488,1
560847,23487,1188,2453,1
560899,289331,2956,4283,1
560922,178152,2529,4136,1
561087,209363,247,2215,1
561136,242382,720,2379,1
561232,188786,249,1846,1
561326,156852,2163,3040,1
561383,170128,1869,4031,1
561402,225938,3195,6251,2
561409,47994,1224,1667,1
561470,202893,2044,3557,1
561524,62272,1364,1378,1
561583,183511,2962,3338,1
561691,48196,1162,3149,1
561762,98768,1210,4407,1
561790,85819,2450,2725,1
561807,53498,599,2582,1
561860,257481,352,1154,1
561874,213296,4064,4532,1
561920,74892,837,2509,1
561929,3986,2367,4698,1
561960,267283,1318,3594,1
562204,63426,256,4759,1
562366,199344,2422,4591,1
562918,105654,952,3514,1
562931,168181,172,699,1
563044,210389,326,3719,1
563117,213537,4687,4998,1
563414,266550,2770,4390,1
563420,35758,3013,4028,1
563492,285587,1367,2768,1
563551,267958,345,1228,1
563713,15056,4077,4751,1
563817,42320,1020,2964,1
563957,47708,1044,2035,1
564009,88240,2252,4985,1
564031,88145,3327,4322,1
564082,85262,1838,3840,1
564379,286743,3030,4816,1
564437,202847,3314,3735,1
564548,191357,3152,4803,1
564759,130140,4582,4899,1
564799,87476,641,955,1
564809,289632,3530,3680,2
565078,254782,804,1070,1
565185,38200,2624,4496,1
565224,108591,2080,3852,1
565255,81952,3003,4269,1
565282,245539,1198,1201,1
565318,298922,1694,4753,1
565428,20190,584,4412,1
565871,72969,767,4532,1
566047,13716,708,4977,1
566096,58619,2758,4689,1
566117,112896,1576,2515,1
566138,262898,5472,9900,2
566172,68588,618,4899,1
566214,222371,3212,5283,2
566216,127858,3300,3328,1
566257,63744,3010,3534,1
566260,290186,4318,4988,1
566276,263632,1313,4456,1
566484,141013,1931,3238,1
566491,195252,2772,2969,1
566548,220709,2420,4393,2
566561,207539,3532,3848,1
566589,49382,4318,4585,1
566653,141422,817,2351,1
566785,292365,843,2411,1
566834,53805,2969,4603,1
566862,218249,3491,3906,1
566911,13748,975,3605,1
566957,239110,2312,3896,1
566962,257243,1312,2858,1
567058,248355,4421,4718,1
567072,203352,1488,3976,1
567177,285728,3503,3873,1
567211,33062,2247,2628,1
567232,2289,644,684,1
567327,143155,3432,3672,1
567388,268266,825,3655,1
567447,273212,1146,3555,1
567510,4151,1412,3471,1
567536,280591,1992,4099,1
567572,191051,735,964,1
567731,71748,946,1057,1
567899,47146,2202,2280,1
567998,123891,643,4166,1
568062,88087,1464,3434,1
568084,46171,173,4645,1
568097,180186,3961,4354,1
568155,158803,4351,4574,1
568208,70449,1089,2320,1
568239,148825,1104,3184,1
568396,164921,673,3926,1
568398,40243,3507,4729,1
568452,243251,4576,4933,1
568479,254291,3282,4827,1
568511,52722,720,1964,1
568568,122464,912,2219,1
568874,105160,2321,6253,2
568946,135452,530,4447,1
568987,199745,702,873,1
569382,136361,1516,4139,1
569383,109733,1643,2994,1
569491,174089,2221,4240,1
569613,239810,613,3573,1
569728,38656,2678,3253,1
569813,266699,1532,2133,1
569821,19008,952,2395,1
569891,12847,1545,3147,1
569912,30388,1699,4666,1
570008,194212,1490,4301,1
570106,177831,426,4710,1
570213,85442,351,4855,1
570324,42955,528,2580,1
570425,266743,1852,7048,2
570488,63362,2352,2802,1
570536,271821,2408,3226,1
570661,289012,703,1950,1
570680,204887,792,5430,2
570739,271851,1086,3331,1
570809,181675,1033,1456,1
571000,88590,728,4925,1
571018,151173,2656,4506,1
571246,187956,1140,1964,1
571350,113147,3786,4623,1
571410,78631,3413,4904,1
571436,237294,1374,2407,1
571544,37632,220,4324,1
571570,217776,1676,2182,1
571684,236273,154,549,1
571728,273787,3456,4055,1
571740,930,1234,3277,1
571869,207854,3258,3996,1
572109,171166,2654,3443,1
572116,225333,1530,3358,1
572264,204768,587,2573,1
572440,283105,1706,1823,1
572509,296414,448,3150,1
572631,40925,1860,4331,1
572833,293419,3194,3925,1
573011,178691,1482,3602,1
573137,237953,2673,5632,2
573150,125580,247,408,1
573227,258866,560,3739,1
573289,156568,4126,4178,1
573348,29467,2876,2935,1
573378,175984,2218,2939,1
573654,228655,805,1307,1
573735,144422,1761,4802,2
574022,200330,2099,3073,1
574037,279558,430,4055,1
574093,57894,305,1134,1
574201,93068,804,1441,1
574227,12855,465,4251,1
574243,248843,1254,3217,1
574302,140031,2424,2880,1
574311,287526,3944,3989,1
574356,166790,902,1586,1
574419,255882,820,1879,1
574506,180297,444,2823,1
574643,78953,1708,3132,1
574682,19790,626,2839,1
574734,248224,2000,2730,1
574799,249824,3554,8110,2
574846,93186,3275,4290,1
574851,83255,1059,3612,1
574865,17854,824,2707,1
574870,39324,1836,3814,1
574953,128169,1534,4397,1
575266,299060,1512,3040,1
575342,67664,2420,4198,1
575508,158716,1719,4769,1
575920,45406,1420,2629,1
575992,127072,1468,4495,1
576064,87277,1065,2265,1
576092,129650,368,1291,1
576244,179406,637,2403,1
576369,203511,334,781,1
576497,185003,715,1104,1
576721,35636,3852,4726,1
576727,155364,290,2802,1
576978,31892,3500,4955,1
577073,270270,1875,3547,1
577191,258565,686,4979,1
577259,44719,550,4380,1
577360,292951,349,3616,1
577453,53680,4136,4413,1
577479,86812,2324,3321,1
577487,244456,3516,4924,1
577616,244808,1759,2036,1
577619,142832,3015,3580,1
577745,148048,378,1826,1
577771,59760,2513,2871,1
577821,92310,2998,3307,1
578041,204739,1636,2301,1
578179,172621,1433,3847,1
578240,198924,608,1605,1
578281,141272,408,3193,1
578420,197207,585,1718,1
578460,33891,1527,4778,1
578625,181942,362,4781,1
578725,132521,181,3004,1
578747,154651,1642,4091,1
578787,289474,3406,4897,1
578924,109907,2887,3461,1
578937,280364,3012,3250,1
578973,158322,1300,4451,1
579023,242222,3902,4856,1
579111,21230,272,456,1
579173,283372,981,3014,1
579217,46625,718,1911,1
579221,219835,2374,5127,2
579255,262304,2652,4677,1
579267,43707,2260,3535,1
579340,23051,1230,3951,1
579366,259590,1292,2171,1
579381,109490,1831,2339,1
579413,263436,804,2744,1
579522,266447,829,4677,1
579543,55852,1230,2396,1
579578,209020,1777,4328,1
579705,295350,738,3521,1
579740,23006,2051,3919,1
579770,38765,3315,3639,1
579867,16625,763,1023,1
579924,37783,1499,4431,1
580085,124207,1332,3847,1
580135,221213,378,2493,1
580230,124237,2846,3957,1
580262,226496,831,4462,1
580263,200414,1377,2967,2
580584,129502,2925,2931,1
580619,176422,1476,1738,1
580689,295769,2249,3964,1
580730,32710,284,2958,1
580854,189245,501,2150,1
580902,254820,3336,4682,1
580950,238702,2706,3891,1
581032,137136,1142,4588,1
581083,169644,1343,1996,1
581220,11509,929,3815,1
581410,40014,465,715,1
581455,234033,2713,3755,1
581464,5156,3652,4287,1
581607,233164,922,4532,1
581771,47333,253,3063,1
581795,106608,2231,4098,1
581806,251391,2052,2656,1
581814,93424,2682,4281,1
581944,211587,507,872,1
582082,151620,4084,4603,1
582230,247055,2032,4755,1
582486,158288,2190,4531,1
582554,135439,618,2298,1
582639,267412,3696,4673,1
582832,69405,2462,4673,1
582853,280632,1556,4763,1
582873,136782,436,2222,1
582874,213632,1376,1550,1
583014,127287,3324,4945,1
583080,182148,1247,2875,1
583214,298989,866,4305,1
583247,159837,346,857,1
583252,293004,1694,3936,1
583275,223946,1274,3144,1
583468,284549,2852,3663,1
583478,43155,610,3859,1
583494,94468,2550,2653,1
583586,218832,494,1478,1
583621,15827,1256,4453,1
583687,11348,3126,3192,1
583691,93950,1641,3152,1
584378,117555,761,3997,1
584528,254613,3754,4542,1
584559,282745,610,1391,1
584636,95097,1164,3903,1
584668,245859,2415,2494,1
584678,158856,1377,1784,1
584729,74070,2404,3030,1
584792,46777,383,4834,1
584821,111994,518,3011,1
584885,178452,1008,4244,2
584919,192313,2477,4518,1
584935,53212,196,3926,1
584951,111206,2427,3862,1
584988,185415,2370,3127,1
585165,241890,1303,2763,1
585187,29753,2420,2959,1
585230,299841,1620,3597,1
585238,19319,4252,4338,1
585309,8488,1641,4845,1
585330,170258,3040,4793,1
585356,199841,1898,2069,1
585467,149207,2668,3145,1
585536,290628,882,1661,1
585748,12129,2144,4278,1
585756,125243,664,1791,1
585799,192362,935,2884,1
585832,22115,882,1999,1
585913,154783,3073,4351,1
585965,65802,1737,3834,1
586062,100847,3383,3705,1
586063,162998,1266,1818,1
586093,200142,1167,1714,1
586158,127543,4188,4885,1
586256,113049,546,3385,1
586422,293736,502,532,1
586447,207120,906,2250,1
586469,51622,342,2058,1
586514,68850,1410,3794,1
586610,247358,1314,1410,1
586629,112811,1416,2534,1
586646,203993,867,4808,1
586673,451,317,6786,2
586712,7243,2836,4598,1
586733,142453,744,1652,1
586839,168138,4472,4973,1
586944,224162,3393,8985,2
587009,33697,3320,4717,1
587036,262098,3433,4770,1
587217,100360,1444,2749,1
587245,280451,2379,4708,1
587329,25280,3690,4213,1
587458,174048,2954,3853,1
587484,176344,1576,2111,1
587495,174035,3465,4029,1
587579,119417,724,2213,1
587697,177308,252,1320,1
587886,254026,2207,2331,1
587920,124939,405,4999,1
588033,118104,1428,1759,1
588072,37085,624,2962,1
588163,68741,1107,4798,2
588260,254073,1848,2873,1
588424,86670,1337,2445,1
588473,56078,768,4203,1
588554,95658,3804,4648,1
588630,15470,436,904,1
588680,57440,2294,4351,1
588759,179885,2586,3959,1
588795,49925,274,4279,1
588827,252581,352,1164,1
588915,15404,2421,2873,1
588941,97085,1522,2984,1
589204,41513,3404,4543,1
589237,281377,1646,3703,1
589310,281331,2225,2787,1
589409,68721,288,2478,1
589486,216552,896,3354,1
589559,200749,1656,2804,1
589584,173811,1654,2100,1
589772,77904,504,4738,1
589840,152720,3224,3532,1
589851,127138,1102,2039,1
589940,245256,1244,2821,1
590009,102288,314,1215,1
590099,60390,3433,3882,1
590105,46224,1436,3032,1
590190,291330,1125,2321,1
590385,36838,207,1999,1
590605,137423,366,4562,1
590649,217915,4565,4853,1
590653,42180,536,1923,1
590669,290828,283,2326,1
590749,43223,2262,4843,1
590818,208004,3079,4705,1
590940,137116,2671,3198,1
590962,76536,290,1252,1
591179,198457,1225,3467,1
591201,252648,1241,3647,1
591335,207857,2154,3854,1
591372,48203,3448,3811,1
591389,143662,1393,4977,1
591514,260715,362,1409,1
591565,228694,2140,2589,1
591598,110802,350,2819,1
591602,170774,2716,4100,1
591645,210909,1620,2291,1
591688,298959,3296,4889,1
591690,166457,2650,4685,1
591921,89764,1872,2003,1
592055,138300,443,720,1
592059,194186,3046,3387,1
592070,287394,1428,4455,1
592085,115766,2241,2282,1
592110,188252,795,3992,1
592234,122313,3573,4621,1
592271,223642,1238,1387,1
592353,107003,548,2099,1
592563,265750,3619,3731,1
592891,172200,3260,3540,1
592904,213694,1021,1529,1
593021,14678,4371,4667,2
593059,33983,663,3850,1
593113,54225,275,4912,1
593159,84214,584,2627,1
593296,51553,984,1313,1
593297,220480,2660,3106,1
593395,208240,6832,8727,2
593473,33878,2466,4965,1
593488,7649,3735,4957,1
593491,93319,4245,4277,1
593512,115170,986,4930,1
593560,222013,353,4866,1
593821,35724,3357,4081,1
593984,85402,1490,4004,1
593987,126131,1750,3961,1
594089,117849,967,4626,1
594170,266922,458,2777,1
594237,185260,434,2903,1
594294,199613,2347,2536,1
594378,104291,3093,4557,1
594383,95547,1017,2614,1
594400,62057,506,2447,1
594401,276487,704,3172,1
594419,112743,566,2983,1
594597,257486,744,3608,1
594644,65451,1254,2888,1
594779,42974,3900,4567,1
594837,188191,3382,4488,1
594998,81127,3146,3920,1
595026,81873,1156,2583,1
595097,247174,2356,4328,1
595203,244617,694,2747,1
595318,216821,268,4604,1
595340,293896,4126,4157,1
595459,7856,1512,5266,2
595509,1476,1176,5254,2
595736,26914,1530,4632,1
595807,97078,2690,7654,2
595881,172996,2466,4507,1
595945,109878,3184,3510,1
596030,52840,3876,5085,2
596226,252991,1716,4115,1
596329,118582,1179,2461,1
596447,21282,1080,1639,1
596478,286022,878,1962,1
596550,85238,820,3446,1
596585,161568,4428,4600,1
596694,113893,642,2828,1
596700,295108,742,2312,1
596731,98924,214,908,1
596841,285846,3032,3914,1
596913,114226,4074,4134,1
597026,171437,2301,3954,1
597171,184696,1144,4810,1
597293,205128,840,2565,1
597414,53586,652,1111,1
597432,199501,1636,2180,1
597459,123908,619,3272,1
597552,91971,3048,3142,1
597583,133239,2068,4530,1
597606,81200,1519,4273,1
597616,52245,1408,2955,1
597761,281123,1409,2220,1
597901,9578,143,284,1
598102,90109,1082,1918,1
598135,89442,786,3545,1
598243,121764,693,4006,1
598269,49816,1032,8239,2
598293,223399,2082,4331,1
598311,30107,1208,2919,1
598328,256659,1788,4849,1
598394,28860,2448,3380,1
598438,161096,546,1580,1
598674,195855,142,3122,1
598725,107495,3462,4704,1
598814,34906,1441,3416,1
598862,291794,772,1207,1
598868,222633,1649,3454,1
599011,33350,123,2210,1
599018,224237,2714,3601,1
599079,123486,2525,2821,1
599156,220084,2211,3849,1
599190,184793,1710,2278,1
599200,165028,3126,3589,1
599325,280349,4319,4469,1
599492,233466,3222,3442,1
599561,290213,1577,5886,2
599697,36648,3851,6408,2
599714,77560,1756,4126,1
599720,116964,807,2849,1
599828,70165,250,1408,1
